date,DBC,EEM,EFA,FXE,FXY,GLD,IEF,IWM,QQQ,SHY,SPY,TLT,UUP
2007-03-01,0.0,0.0,0.0,0.0,0.0,0.0,0.0,0.0,0.0,0.0,0.0,0.0,0.0
2007-03-02,0.0,0.0,0.0,0.0,0.0,0.0,0.0,0.0,0.0,0.0,0.0,0.0,0.0
2007-03-05,0.0,0.0,0.0,0.0,0.0,0.0,0.0,0.0,0.0,0.0,0.0,0.0,0.0
2007-03-06,0.0,0.0,0.0,0.0,0.0,0.0,0.0,0.0,0.0,0.0,0.0,0.0,0.0
2007-03-07,0.0,0.0,0.0,0.0,0.0,0.0,0.0,0.0,0.0,0.0,0.0,0.0,0.0
2007-03-08,0.0,0.0,0.0,0.0,0.0,0.0,0.0,0.0,0.0,0.0,0.0,0.0,0.0
2007-03-09,0.0,0.0,0.0,0.0,0.0,0.0,0.0,0.0,0.0,0.0,0.0,0.0,0.0
2007-03-12,0.0,0.0,0.0,0.0,0.0,0.0,0.0,0.0,0.0,0.0,0.0,0.0,0.0
2007-03-13,0.0,0.0,0.0,0.0,0.0,0.0,0.0,0.0,0.0,0.0,0.0,0.0,0.0
2007-03-14,0.0,0.0,0.0,0.0,0.0,0.0,0.0,0.0,0.0,0.0,0.0,0.0,0.0
2007-03-15,0.0,0.0,0.0,0.0,0.0,0.0,0.0,0.0,0.0,0.0,0.0,0.0,0.0
2007-03-16,0.0,0.0,0.0,0.0,0.0,0.0,0.0,0.0,0.0,0.0,0.0,0.0,0.0
2007-03-19,0.0,0.0,0.0,0.0,0.0,0.0,0.0,0.0,0.0,0.0,0.0,0.0,0.0
2007-03-20,0.0,0.0,0.0,0.0,0.0,0.0,0.0,0.0,0.0,0.0,0.0,0.0,0.0
2007-03-21,0.0,0.0,0.0,0.0,0.0,0.0,0.0,0.0,0.0,0.0,0.0,0.0,0.0
2007-03-22,0.0,0.0,0.0,0.0,0.0,0.0,0.0,0.0,0.0,0.0,0.0,0.0,0.0
2007-03-23,0.0,0.0,0.0,0.0,0.0,0.0,0.0,0.0,0.0,0.0,0.0,0.0,0.0
2007-03-26,0.0,0.0,0.0,0.0,0.0,0.0,0.0,0.0,0.0,0.0,0.0,0.0,0.0
2007-03-27,0.0,0.0,0.0,0.0,0.0,0.0,0.0,0.0,0.0,0.0,0.0,0.0,0.0
2007-03-28,0.0,0.0,0.0,0.0,0.0,0.0,0.0,0.0,0.0,0.0,0.0,0.0,0.0
2007-03-29,0.0,0.0,0.0,0.0,0.0,0.0,0.0,0.0,0.0,0.0,0.0,0.0,0.0
2007-03-30,0.0,0.0,0.0,0.0,0.0,0.0,0.0,0.0,0.0,0.0,0.0,0.0,0.0
2007-04-02,0.0,0.0,0.0,0.0,0.0,0.0,0.0,0.0,0.0,0.0,0.0,0.0,0.0
2007-04-03,0.0,0.0,0.0,0.0,0.0,0.0,0.0,0.0,0.0,0.0,0.0,0.0,0.0
2007-04-04,0.0,0.0,0.0,0.0,0.0,0.0,0.0,0.0,0.0,0.0,0.0,0.0,0.0
2007-04-05,0.0,0.0,0.0,0.0,0.0,0.0,0.0,0.0,0.0,0.0,0.0,0.0,0.0
2007-04-09,0.0,0.0,0.0,0.0,0.0,0.0,0.0,0.0,0.0,0.0,0.0,0.0,0.0
2007-04-10,0.0,0.0,0.0,0.0,0.0,0.0,0.0,0.0,0.0,0.0,0.0,0.0,0.0
2007-04-11,0.0,0.0,0.0,0.0,0.0,0.0,0.0,0.0,0.0,0.0,0.0,0.0,0.0
2007-04-12,0.0,0.0,0.0,0.0,0.0,0.0,0.0,0.0,0.0,0.0,0.0,0.0,0.0
2007-04-13,0.0,0.0,0.0,0.0,0.0,0.0,0.0,0.0,0.0,0.0,0.0,0.0,0.0
2007-04-16,0.0,0.0,0.0,0.0,0.0,0.0,0.0,0.0,0.0,0.0,0.0,0.0,0.0
2007-04-17,0.0,0.0,0.0,0.0,0.0,0.0,0.0,0.0,0.0,0.0,0.0,0.0,0.0
2007-04-18,0.0,0.0,0.0,0.0,0.0,0.0,0.0,0.0,0.0,0.0,0.0,0.0,0.0
2007-04-19,0.0,0.0,0.0,0.0,0.0,0.0,0.0,0.0,0.0,0.0,0.0,0.0,0.0
2007-04-20,0.0,0.0,0.0,0.0,0.0,0.0,0.0,0.0,0.0,0.0,0.0,0.0,0.0
2007-04-23,0.0,0.0,0.0,0.0,0.0,0.0,0.0,0.0,0.0,0.0,0.0,0.0,0.0
2007-04-24,0.0,0.0,0.0,0.0,0.0,0.0,0.0,0.0,0.0,0.0,0.0,0.0,0.0
2007-04-25,0.0,0.0,0.0,0.0,0.0,0.0,0.0,0.0,0.0,0.0,0.0,0.0,0.0
2007-04-26,0.0,0.0,0.0,0.0,0.0,0.0,0.0,0.0,0.0,0.0,0.0,0.0,0.0
2007-04-27,0.0,0.0,0.0,0.0,0.0,0.0,0.0,0.0,0.0,0.0,0.0,0.0,0.0
2007-04-30,0.0,0.0,0.0,0.0,0.0,0.0,0.0,0.0,0.0,0.0,0.0,0.0,0.0
2007-05-01,0.0,0.0,0.0,0.0,0.0,0.0,0.0,0.0,0.0,0.0,0.0,0.0,0.0
2007-05-02,0.0,0.0,0.0,0.0,0.0,0.0,0.0,0.0,0.0,0.0,0.0,0.0,0.0
2007-05-03,0.0,0.0,0.0,0.0,0.0,0.0,0.0,0.0,0.0,0.0,0.0,0.0,0.0
2007-05-04,0.0,0.0,0.0,0.0,0.0,0.0,0.0,0.0,0.0,0.0,0.0,0.0,0.0
2007-05-07,0.0,0.0,0.0,0.0,0.0,0.0,0.0,0.0,0.0,0.0,0.0,0.0,0.0
2007-05-08,0.0,0.0,0.0,0.0,0.0,0.0,0.0,0.0,0.0,0.0,0.0,0.0,0.0
2007-05-09,0.0,0.0,0.0,0.0,0.0,0.0,0.0,0.0,0.0,0.0,0.0,0.0,0.0
2007-05-10,0.0,0.0,0.0,0.0,0.0,0.0,0.0,0.0,0.0,0.0,0.0,0.0,0.0
2007-05-11,0.0,0.0,0.0,0.0,0.0,0.0,0.0,0.0,0.0,0.0,0.0,0.0,0.0
2007-05-14,0.0,0.0,0.0,0.0,0.0,0.0,0.0,0.0,0.0,0.0,0.0,0.0,0.0
2007-05-15,0.0,0.0,0.0,0.0,0.0,0.0,0.0,0.0,0.0,0.0,0.0,0.0,0.0
2007-05-16,0.0,0.0,0.0,0.0,0.0,0.0,0.0,0.0,0.0,0.0,0.0,0.0,0.0
2007-05-17,0.0,0.0,0.0,0.0,0.0,0.0,0.0,0.0,0.0,0.0,0.0,0.0,0.0
2007-05-18,0.0,0.0,0.0,0.0,0.0,0.0,0.0,0.0,0.0,0.0,0.0,0.0,0.0
2007-05-21,0.0,0.0,0.0,0.0,0.0,0.0,0.0,0.0,0.0,0.0,0.0,0.0,0.0
2007-05-22,0.0,0.0,0.0,0.0,0.0,0.0,0.0,0.0,0.0,0.0,0.0,0.0,0.0
2007-05-23,0.0,0.0,0.0,0.0,0.0,0.0,0.0,0.0,0.0,0.0,0.0,0.0,0.0
2007-05-24,0.0,0.0,0.0,0.0,0.0,0.0,0.0,0.0,0.0,0.0,0.0,0.0,0.0
2007-05-25,0.0,0.0,0.0,0.0,0.0,0.0,0.0,0.0,0.0,0.0,0.0,0.0,0.0
2007-05-29,0.0,0.0,0.0,0.0,0.0,0.0,0.0,0.0,0.0,0.0,0.0,0.0,0.0
2007-05-30,0.0,0.0,0.0,0.0,0.0,0.0,0.0,0.0,0.0,0.0,0.0,0.0,0.0
2007-05-31,0.0,0.0,0.0,0.0,0.0,0.0,0.0,0.0,0.0,0.0,0.0,0.0,0.0
2007-06-01,0.0,0.0,0.0,0.0,0.0,0.0,0.0,0.0,0.0,0.0,0.0,0.0,0.0
2007-06-04,0.0,0.0,0.0,0.0,0.0,0.0,0.0,0.0,0.0,0.0,0.0,0.0,0.0
2007-06-05,0.0,0.0,0.0,0.0,0.0,0.0,0.0,0.0,0.0,0.0,0.0,0.0,0.0
2007-06-06,0.0,0.0,0.0,0.0,0.0,0.0,0.0,0.0,0.0,0.0,0.0,0.0,0.0
2007-06-07,0.0,0.0,0.0,0.0,0.0,0.0,0.0,0.0,0.0,0.0,0.0,0.0,0.0
2007-06-08,0.0,0.0,0.0,0.0,0.0,0.0,0.0,0.0,0.0,0.0,0.0,0.0,0.0
2007-06-11,0.0,0.0,0.0,0.0,0.0,0.0,0.0,0.0,0.0,0.0,0.0,0.0,0.0
2007-06-12,0.0,0.0,0.0,0.0,0.0,0.0,0.0,0.0,0.0,0.0,0.0,0.0,0.0
2007-06-13,0.0,0.0,0.0,0.0,0.0,0.0,0.0,0.0,0.0,0.0,0.0,0.0,0.0
2007-06-14,0.0,0.0,0.0,0.0,0.0,0.0,0.0,0.0,0.0,0.0,0.0,0.0,0.0
2007-06-15,0.0,0.0,0.0,0.0,0.0,0.0,0.0,0.0,0.0,0.0,0.0,0.0,0.0
2007-06-18,0.0,0.0,0.0,0.0,0.0,0.0,0.0,0.0,0.0,0.0,0.0,0.0,0.0
2007-06-19,0.0,0.0,0.0,0.0,0.0,0.0,0.0,0.0,0.0,0.0,0.0,0.0,0.0
2007-06-20,0.0,0.0,0.0,0.0,0.0,0.0,0.0,0.0,0.0,0.0,0.0,0.0,0.0
2007-06-21,0.0,0.0,0.0,0.0,0.0,0.0,0.0,0.0,0.0,0.0,0.0,0.0,0.0
2007-06-22,0.0,0.0,0.0,0.0,0.0,0.0,0.0,0.0,0.0,0.0,0.0,0.0,0.0
2007-06-25,0.0,0.0,0.0,0.0,0.0,0.0,0.0,0.0,0.0,0.0,0.0,0.0,0.0
2007-06-26,0.0,0.0,0.0,0.0,0.0,0.0,0.0,0.0,0.0,0.0,0.0,0.0,0.0
2007-06-27,0.0,0.0,0.0,0.0,0.0,0.0,0.0,0.0,0.0,0.0,0.0,0.0,0.0
2007-06-28,0.0,0.0,0.0,0.0,0.0,0.0,0.0,0.0,0.0,0.0,0.0,0.0,0.0
2007-06-29,0.0,0.0,0.0,0.0,0.0,0.0,0.0,0.0,0.0,0.0,0.0,0.0,0.0
2007-07-02,0.0,0.0,0.0,0.0,0.0,0.0,0.0,0.0,0.0,0.0,0.0,0.0,0.0
2007-07-03,0.0,0.0,0.0,0.0,0.0,0.0,0.0,0.0,0.0,0.0,0.0,0.0,0.0
2007-07-05,0.0,0.0,0.0,0.0,0.0,0.0,0.0,0.0,0.0,0.0,0.0,0.0,0.0
2007-07-06,0.0,0.0,0.0,0.0,0.0,0.0,0.0,0.0,0.0,0.0,0.0,0.0,0.0
2007-07-09,0.0,0.0,0.0,0.0,0.0,0.0,0.0,0.0,0.0,0.0,0.0,0.0,0.0
2007-07-10,0.0,0.0,0.0,0.0,0.0,0.0,0.0,0.0,0.0,0.0,0.0,0.0,0.0
2007-07-11,0.0,0.0,0.0,0.0,0.0,0.0,0.0,0.0,0.0,0.0,0.0,0.0,0.0
2007-07-12,0.0,0.0,0.0,0.0,0.0,0.0,0.0,0.0,0.0,0.0,0.0,0.0,0.0
2007-07-13,0.0,0.0,0.0,0.0,0.0,0.0,0.0,0.0,0.0,0.0,0.0,0.0,0.0
2007-07-16,0.0,0.0,0.0,0.0,0.0,0.0,0.0,0.0,0.0,0.0,0.0,0.0,0.0
2007-07-17,0.0,0.0,0.0,0.0,0.0,0.0,0.0,0.0,0.0,0.0,0.0,0.0,0.0
2007-07-18,0.0,0.0,0.0,0.0,0.0,0.0,0.0,0.0,0.0,0.0,0.0,0.0,0.0
2007-07-19,0.0,0.0,0.0,0.0,0.0,0.0,0.0,0.0,0.0,0.0,0.0,0.0,0.0
2007-07-20,0.0,0.0,0.0,0.0,0.0,0.0,0.0,0.0,0.0,0.0,0.0,0.0,0.0
2007-07-23,0.0,0.0,0.0,0.0,0.0,0.0,0.0,0.0,0.0,0.0,0.0,0.0,0.0
2007-07-24,0.0,0.0,0.0,0.0,0.0,0.0,0.0,0.0,0.0,0.0,0.0,0.0,0.0
2007-07-25,0.0,0.0,0.0,0.0,0.0,0.0,0.0,0.0,0.0,0.0,0.0,0.0,0.0
2007-07-26,0.0,0.0,0.0,0.0,0.0,0.0,0.0,0.0,0.0,0.0,0.0,0.0,0.0
2007-07-27,0.0,0.0,0.0,0.0,0.0,0.0,0.0,0.0,0.0,0.0,0.0,0.0,0.0
2007-07-30,0.0,0.0,0.0,0.0,0.0,0.0,0.0,0.0,0.0,0.0,0.0,0.0,0.0
2007-07-31,0.0,0.0,0.0,0.0,0.0,0.0,0.0,0.0,0.0,0.0,0.0,0.0,0.0
2007-08-01,0.0,0.0,0.0,0.0,0.0,0.0,0.0,0.0,0.0,0.0,0.0,0.0,0.0
2007-08-02,0.0,0.0,0.0,0.0,0.0,0.0,0.0,0.0,0.0,0.0,0.0,0.0,0.0
2007-08-03,0.0,0.0,0.0,0.0,0.0,0.0,0.0,0.0,0.0,0.0,0.0,0.0,0.0
2007-08-06,0.0,0.0,0.0,0.0,0.0,0.0,0.0,0.0,0.0,0.0,0.0,0.0,0.0
2007-08-07,0.0,0.0,0.0,0.0,0.0,0.0,0.0,0.0,0.0,0.0,0.0,0.0,0.0
2007-08-08,0.0,0.0,0.0,0.0,0.0,0.0,0.0,0.0,0.0,0.0,0.0,0.0,0.0
2007-08-09,0.0,0.0,0.0,0.0,0.0,0.0,0.0,0.0,0.0,0.0,0.0,0.0,0.0
2007-08-10,0.0,0.0,0.0,0.0,0.0,0.0,0.0,0.0,0.0,0.0,0.0,0.0,0.0
2007-08-13,0.0,0.0,0.0,0.0,0.0,0.0,0.0,0.0,0.0,0.0,0.0,0.0,0.0
2007-08-14,0.0,0.0,0.0,0.0,0.0,0.0,0.0,0.0,0.0,0.0,0.0,0.0,0.0
2007-08-15,0.0,0.0,0.0,0.0,0.0,0.0,0.0,0.0,0.0,0.0,0.0,0.0,0.0
2007-08-16,0.0,0.0,0.0,0.0,0.0,0.0,0.0,0.0,0.0,0.0,0.0,0.0,0.0
2007-08-17,0.0,0.0,0.0,0.0,0.0,0.0,0.0,0.0,0.0,0.0,0.0,0.0,0.0
2007-08-20,0.0,0.0,0.0,0.0,0.0,0.0,0.0,0.0,0.0,0.0,0.0,0.0,0.0
2007-08-21,0.0,0.0,0.0,0.0,0.0,0.0,0.0,0.0,0.0,0.0,0.0,0.0,0.0
2007-08-22,0.0,0.0,0.0,0.0,0.0,0.0,0.0,0.0,0.0,0.0,0.0,0.0,0.0
2007-08-23,0.0,0.0,0.0,0.0,0.0,0.0,0.0,0.0,0.0,0.0,0.0,0.0,0.0
2007-08-24,0.0,0.0,0.0,0.0,0.0,0.0,0.0,0.0,0.0,0.0,0.0,0.0,0.0
2007-08-27,0.0,0.0,0.0,0.0,0.0,0.0,0.0,0.0,0.0,0.0,0.0,0.0,0.0
2007-08-28,0.0,0.0,0.0,0.0,0.0,0.0,0.0,0.0,0.0,0.0,0.0,0.0,0.0
2007-08-29,0.0,0.0,0.0,0.0,0.0,0.0,0.0,0.0,0.0,0.0,0.0,0.0,0.0
2007-08-30,0.0,0.0,0.0,0.0,0.0,0.0,0.0,0.0,0.0,0.0,0.0,0.0,0.0
2007-08-31,0.0,0.0,0.0,0.0,0.0,0.0,0.0,0.0,0.0,0.0,0.0,0.0,0.0
2007-09-04,0.0,0.0,0.0,0.0,0.0,0.0,0.0,0.0,0.0,0.0,0.0,0.0,0.0
2007-09-05,0.0,0.0,0.0,0.0,0.0,0.0,0.0,0.0,0.0,0.0,0.0,0.0,0.0
2007-09-06,0.0,0.0,0.0,0.0,0.0,0.0,0.0,0.0,0.0,0.0,0.0,0.0,0.0
2007-09-07,0.0,0.0,0.0,0.0,0.0,0.0,0.0,0.0,0.0,0.0,0.0,0.0,0.0
2007-09-10,0.0,0.0,0.0,0.0,0.0,0.0,0.0,0.0,0.0,0.0,0.0,0.0,0.0
2007-09-11,0.0,0.0,0.0,0.0,0.0,0.0,0.0,0.0,0.0,0.0,0.0,0.0,0.0
2007-09-12,0.0,0.0,0.0,0.0,0.0,0.0,0.0,0.0,0.0,0.0,0.0,0.0,0.0
2007-09-13,0.0,0.0,0.0,0.0,0.0,0.0,0.0,0.0,0.0,0.0,0.0,0.0,0.0
2007-09-14,0.0,0.0,0.0,0.0,0.0,0.0,0.0,0.0,0.0,0.0,0.0,0.0,0.0
2007-09-17,0.0,0.0,0.0,0.0,0.0,0.0,0.0,0.0,0.0,0.0,0.0,0.0,0.0
2007-09-18,0.0,0.0,0.0,0.0,0.0,0.0,0.0,0.0,0.0,0.0,0.0,0.0,0.0
2007-09-19,0.0,0.0,0.0,0.0,0.0,0.0,0.0,0.0,0.0,0.0,0.0,0.0,0.0
2007-09-20,0.0,0.0,0.0,0.0,0.0,0.0,0.0,0.0,0.0,0.0,0.0,0.0,0.0
2007-09-21,0.0,0.0,0.0,0.0,0.0,0.0,0.0,0.0,0.0,0.0,0.0,0.0,0.0
2007-09-24,0.0,0.0,0.0,0.0,0.0,0.0,0.0,0.0,0.0,0.0,0.0,0.0,0.0
2007-09-25,0.0,0.0,0.0,0.0,0.0,0.0,0.0,0.0,0.0,0.0,0.0,0.0,0.0
2007-09-26,0.0,0.0,0.0,0.0,0.0,0.0,0.0,0.0,0.0,0.0,0.0,0.0,0.0
2007-09-27,0.0,0.0,0.0,0.0,0.0,0.0,0.0,0.0,0.0,0.0,0.0,0.0,0.0
2007-09-28,0.0,0.0,0.0,0.0,0.0,0.0,0.0,0.0,0.0,0.0,0.0,0.0,0.0
2007-10-01,0.0,0.0,0.0,0.0,0.0,0.0,0.0,0.0,0.0,0.0,0.0,0.0,0.0
2007-10-02,0.0,0.0,0.0,0.0,0.0,0.0,0.0,0.0,0.0,0.0,0.0,0.0,0.0
2007-10-03,0.0,0.0,0.0,0.0,0.0,0.0,0.0,0.0,0.0,0.0,0.0,0.0,0.0
2007-10-04,0.0,0.0,0.0,0.0,0.0,0.0,0.0,0.0,0.0,0.0,0.0,0.0,0.0
2007-10-05,0.0,0.0,0.0,0.0,0.0,0.0,0.0,0.0,0.0,0.0,0.0,0.0,0.0
2007-10-08,0.0,0.0,0.0,0.0,0.0,0.0,0.0,0.0,0.0,0.0,0.0,0.0,0.0
2007-10-09,0.0,0.0,0.0,0.0,0.0,0.0,0.0,0.0,0.0,0.0,0.0,0.0,0.0
2007-10-10,0.0,0.0,0.0,0.0,0.0,0.0,0.0,0.0,0.0,0.0,0.0,0.0,0.0
2007-10-11,0.0,0.0,0.0,0.0,0.0,0.0,0.0,0.0,0.0,0.0,0.0,0.0,0.0
2007-10-12,0.0,0.0,0.0,0.0,0.0,0.0,0.0,0.0,0.0,0.0,0.0,0.0,0.0
2007-10-15,0.0,0.0,0.0,0.0,0.0,0.0,0.0,0.0,0.0,0.0,0.0,0.0,0.0
2007-10-16,0.0,0.0,0.0,0.0,0.0,0.0,0.0,0.0,0.0,0.0,0.0,0.0,0.0
2007-10-17,0.0,0.0,0.0,0.0,0.0,0.0,0.0,0.0,0.0,0.0,0.0,0.0,0.0
2007-10-18,0.0,0.0,0.0,0.0,0.0,0.0,0.0,0.0,0.0,0.0,0.0,0.0,0.0
2007-10-19,0.0,0.0,0.0,0.0,0.0,0.0,0.0,0.0,0.0,0.0,0.0,0.0,0.0
2007-10-22,0.0,0.0,0.0,0.0,0.0,0.0,0.0,0.0,0.0,0.0,0.0,0.0,0.0
2007-10-23,0.0,0.0,0.0,0.0,0.0,0.0,0.0,0.0,0.0,0.0,0.0,0.0,0.0
2007-10-24,0.0,0.0,0.0,0.0,0.0,0.0,0.0,0.0,0.0,0.0,0.0,0.0,0.0
2007-10-25,0.0,0.0,0.0,0.0,0.0,0.0,0.0,0.0,0.0,0.0,0.0,0.0,0.0
2007-10-26,0.0,0.0,0.0,0.0,0.0,0.0,0.0,0.0,0.0,0.0,0.0,0.0,0.0
2007-10-29,0.0,0.0,0.0,0.0,0.0,0.0,0.0,0.0,0.0,0.0,0.0,0.0,0.0
2007-10-30,0.0,0.0,0.0,0.0,0.0,0.0,0.0,0.0,0.0,0.0,0.0,0.0,0.0
2007-10-31,0.0,0.0,0.0,0.0,0.0,0.0,0.0,0.0,0.0,0.0,0.0,0.0,0.0
2007-11-01,0.0,0.0,0.0,0.0,0.0,0.0,0.0,0.0,0.0,0.0,0.0,0.0,0.0
2007-11-02,0.0,0.0,0.0,0.0,0.0,0.0,0.0,0.0,0.0,0.0,0.0,0.0,0.0
2007-11-05,0.0,0.0,0.0,0.0,0.0,0.0,0.0,0.0,0.0,0.0,0.0,0.0,0.0
2007-11-06,0.0,0.0,0.0,0.0,0.0,0.0,0.0,0.0,0.0,0.0,0.0,0.0,0.0
2007-11-07,0.0,0.0,0.0,0.0,0.0,0.0,0.0,0.0,0.0,0.0,0.0,0.0,0.0
2007-11-08,0.0,0.0,0.0,0.0,0.0,0.0,0.0,0.0,0.0,0.0,0.0,0.0,0.0
2007-11-09,0.0,0.0,0.0,0.0,0.0,0.0,0.0,0.0,0.0,0.0,0.0,0.0,0.0
2007-11-12,0.0,0.0,0.0,0.0,0.0,0.0,0.0,0.0,0.0,0.0,0.0,0.0,0.0
2007-11-13,0.0,0.0,0.0,0.0,0.0,0.0,0.0,0.0,0.0,0.0,0.0,0.0,0.0
2007-11-14,0.0,0.0,0.0,0.0,0.0,0.0,0.0,0.0,0.0,0.0,0.0,0.0,0.0
2007-11-15,0.0,0.0,0.0,0.0,0.0,0.0,0.0,0.0,0.0,0.0,0.0,0.0,0.0
2007-11-16,0.0,0.0,0.0,0.0,0.0,0.0,0.0,0.0,0.0,0.0,0.0,0.0,0.0
2007-11-19,0.0,0.0,0.0,0.0,0.0,0.0,0.0,0.0,0.0,0.0,0.0,0.0,0.0
2007-11-20,0.0,0.0,0.0,0.0,0.0,0.0,0.0,0.0,0.0,0.0,0.0,0.0,0.0
2007-11-21,0.0,0.0,0.0,0.0,0.0,0.0,0.0,0.0,0.0,0.0,0.0,0.0,0.0
2007-11-23,0.0,0.0,0.0,0.0,0.0,0.0,0.0,0.0,0.0,0.0,0.0,0.0,0.0
2007-11-26,0.0,0.0,0.0,0.0,0.0,0.0,0.0,0.0,0.0,0.0,0.0,0.0,0.0
2007-11-27,0.0,0.0,0.0,0.0,0.0,0.0,0.0,0.0,0.0,0.0,0.0,0.0,0.0
2007-11-28,0.0,0.0,0.0,0.0,0.0,0.0,0.0,0.0,0.0,0.0,0.0,0.0,0.0
2007-11-29,0.0,0.0,0.0,0.0,0.0,0.0,0.0,0.0,0.0,0.0,0.0,0.0,0.0
2007-11-30,0.0,0.0,0.0,0.0,0.0,0.0,0.0,0.0,0.0,0.0,0.0,0.0,0.0
2007-12-03,0.0,0.0,0.0,0.0,0.0,0.0,0.0,0.0,0.0,0.0,0.0,0.0,0.0
2007-12-04,0.0,0.0,0.0,0.0,0.0,0.0,0.0,0.0,0.0,0.0,0.0,0.0,0.0
2007-12-05,0.0,0.0,0.0,0.0,0.0,0.0,0.0,0.0,0.0,0.0,0.0,0.0,0.0
2007-12-06,0.0,0.0,0.0,0.0,0.0,0.0,0.0,0.0,0.0,0.0,0.0,0.0,0.0
2007-12-07,0.0,0.0,0.0,0.0,0.0,0.0,0.0,0.0,0.0,0.0,0.0,0.0,0.0
2007-12-10,0.0,0.0,0.0,0.0,0.0,0.0,0.0,0.0,0.0,0.0,0.0,0.0,0.0
2007-12-11,0.0,0.0,0.0,0.0,0.0,0.0,0.0,0.0,0.0,0.0,0.0,0.0,0.0
2007-12-12,0.0,0.0,0.0,0.0,0.0,0.0,0.0,0.0,0.0,0.0,0.0,0.0,0.0
2007-12-13,0.0,0.0,0.0,0.0,0.0,0.0,0.0,0.0,0.0,0.0,0.0,0.0,0.0
2007-12-14,0.0,0.0,0.0,0.0,0.0,0.0,0.0,0.0,0.0,0.0,0.0,0.0,0.0
2007-12-17,0.0,0.0,0.0,0.0,0.0,0.0,0.0,0.0,0.0,0.0,0.0,0.0,0.0
2007-12-18,0.0,0.0,0.0,0.0,0.0,0.0,0.0,0.0,0.0,0.0,0.0,0.0,0.0
2007-12-19,0.0,0.0,0.0,0.0,0.0,0.0,0.0,0.0,0.0,0.0,0.0,0.0,0.0
2007-12-20,0.0,0.0,0.0,0.0,0.0,0.0,0.0,0.0,0.0,0.0,0.0,0.0,0.0
2007-12-21,0.0,0.0,0.0,0.0,0.0,0.0,0.0,0.0,0.0,0.0,0.0,0.0,0.0
2007-12-24,0.0,0.0,0.0,0.0,0.0,0.0,0.0,0.0,0.0,0.0,0.0,0.0,0.0
2007-12-26,0.0,0.0,0.0,0.0,0.0,0.0,0.0,0.0,0.0,0.0,0.0,0.0,0.0
2007-12-27,0.0,0.0,0.0,0.0,0.0,0.0,0.0,0.0,0.0,0.0,0.0,0.0,0.0
2007-12-28,0.0,0.0,0.0,0.0,0.0,0.0,0.0,0.0,0.0,0.0,0.0,0.0,0.0
2007-12-31,0.0,0.0,0.0,0.0,0.0,0.0,0.0,0.0,0.0,0.0,0.0,0.0,0.0
2008-01-02,0.0,0.0,0.0,0.0,0.0,0.0,0.0,0.0,0.0,0.0,0.0,0.0,0.0
2008-01-03,0.0,0.0,0.0,0.0,0.0,0.0,0.0,0.0,0.0,0.0,0.0,0.0,0.0
2008-01-04,0.0,0.0,0.0,0.0,0.0,0.0,0.0,0.0,0.0,0.0,0.0,0.0,0.0
2008-01-07,0.0,0.0,0.0,0.0,0.0,0.0,0.0,0.0,0.0,0.0,0.0,0.0,0.0
2008-01-08,0.0,0.0,0.0,0.0,0.0,0.0,0.0,0.0,0.0,0.0,0.0,0.0,0.0
2008-01-09,0.0,0.0,0.0,0.0,0.0,0.0,0.0,0.0,0.0,0.0,0.0,0.0,0.0
2008-01-10,0.0,0.0,0.0,0.0,0.0,0.0,0.0,0.0,0.0,0.0,0.0,0.0,0.0
2008-01-11,0.0,0.0,0.0,0.0,0.0,0.0,0.0,0.0,0.0,0.0,0.0,0.0,0.0
2008-01-14,0.0,0.0,0.0,0.0,0.0,0.0,0.0,0.0,0.0,0.0,0.0,0.0,0.0
2008-01-15,0.0,0.0,0.0,0.0,0.0,0.0,0.0,0.0,0.0,0.0,0.0,0.0,0.0
2008-01-16,0.0,0.0,0.0,0.0,0.0,0.0,0.0,0.0,0.0,0.0,0.0,0.0,0.0
2008-01-17,0.0,0.0,0.0,0.0,0.0,0.0,0.0,0.0,0.0,0.0,0.0,0.0,0.0
2008-01-18,0.0,0.0,0.0,0.0,0.0,0.0,0.0,0.0,0.0,0.0,0.0,0.0,0.0
2008-01-22,0.0,0.0,0.0,0.0,0.0,0.0,0.0,0.0,0.0,0.0,0.0,0.0,0.0
2008-01-23,0.0,0.0,0.0,0.0,0.0,0.0,0.0,0.0,0.0,0.0,0.0,0.0,0.0
2008-01-24,0.0,0.0,0.0,0.0,0.0,0.0,0.0,0.0,0.0,0.0,0.0,0.0,0.0
2008-01-25,0.0,0.0,0.0,0.0,0.0,0.0,0.0,0.0,0.0,0.0,0.0,0.0,0.0
2008-01-28,0.0,0.0,0.0,0.0,0.0,0.0,0.0,0.0,0.0,0.0,0.0,0.0,0.0
2008-01-29,0.0,0.0,0.0,0.0,0.0,0.0,0.0,0.0,0.0,0.0,0.0,0.0,0.0
2008-01-30,0.0,0.0,0.0,0.0,0.0,0.0,0.0,0.0,0.0,0.0,0.0,0.0,0.0
2008-01-31,0.0,0.0,0.0,0.0,0.0,0.0,0.0,0.0,0.0,0.0,0.0,0.0,0.0
2008-02-01,0.0,0.0,0.0,0.0,0.0,0.0,0.0,0.0,0.0,0.0,0.0,0.0,0.0
2008-02-04,0.0,0.0,0.0,0.0,0.0,0.0,0.0,0.0,0.0,0.0,0.0,0.0,0.0
2008-02-05,0.0,0.0,0.0,0.0,0.0,0.0,0.0,0.0,0.0,0.0,0.0,0.0,0.0
2008-02-06,0.0,0.0,0.0,0.0,0.0,0.0,0.0,0.0,0.0,0.0,0.0,0.0,0.0
2008-02-07,0.0,0.0,0.0,0.0,0.0,0.0,0.0,0.0,0.0,0.0,0.0,0.0,0.0
2008-02-08,0.0,0.0,0.0,0.0,0.0,0.0,0.0,0.0,0.0,0.0,0.0,0.0,0.0
2008-02-11,0.0,0.0,0.0,0.0,0.0,0.0,0.0,0.0,0.0,0.0,0.0,0.0,0.0
2008-02-12,0.0,0.0,0.0,0.0,0.0,0.0,0.0,0.0,0.0,0.0,0.0,0.0,0.0
2008-02-13,0.0,0.0,0.0,0.0,0.0,0.0,0.0,0.0,0.0,0.0,0.0,0.0,0.0
2008-02-14,0.0,0.0,0.0,0.0,0.0,0.0,0.0,0.0,0.0,0.0,0.0,0.0,0.0
2008-02-15,0.0,0.0,0.0,0.0,0.0,0.0,0.0,0.0,0.0,0.0,0.0,0.0,0.0
2008-02-19,0.0,0.0,0.0,0.0,0.0,0.0,0.0,0.0,0.0,0.0,0.0,0.0,0.0
2008-02-20,0.0,0.0,0.0,0.0,0.0,0.0,0.0,0.0,0.0,0.0,0.0,0.0,0.0
2008-02-21,0.0,0.0,0.0,0.0,0.0,0.0,0.0,0.0,0.0,0.0,0.0,0.0,0.0
2008-02-22,0.0,0.0,0.0,0.0,0.0,0.0,0.0,0.0,0.0,0.0,0.0,0.0,0.0
2008-02-25,0.0,0.0,0.0,0.0,0.0,0.0,0.0,0.0,0.0,0.0,0.0,0.0,0.0
2008-02-26,0.0,0.0,0.0,0.0,0.0,0.0,0.0,0.0,0.0,0.0,0.0,0.0,0.0
2008-02-27,0.0,0.0,0.0,0.0,0.0,0.0,0.0,0.0,0.0,0.0,0.0,0.0,0.0
2008-02-28,0.0,0.0,0.0,0.0,0.0,0.0,0.0,0.0,0.0,0.0,0.0,0.0,0.0
2008-02-29,0.0,0.0,0.0,0.0,0.0,0.0,0.0,0.0,0.0,0.0,0.0,0.0,0.0
2008-03-03,0.0,0.0,0.0,0.0,0.0,0.0,0.0,0.0,0.0,0.0,0.0,0.0,0.0
2008-03-04,0.0,0.0,0.0,0.0,0.0,0.0,0.0,0.0,0.0,0.0,0.0,0.0,0.0
2008-03-05,0.0,0.0,0.0,0.0,0.0,0.0,0.0,0.0,0.0,0.0,0.0,0.0,0.0
2008-03-06,0.0,0.0,0.0,0.0,0.0,0.0,0.0,0.0,0.0,0.0,0.0,0.0,0.0
2008-03-07,0.0,0.0,0.0,0.0,0.0,0.0,0.0,0.0,0.0,0.0,0.0,0.0,0.0
2008-03-10,0.0,0.0,0.0,0.0,0.0,0.0,0.0,0.0,0.0,0.0,0.0,0.0,0.0
2008-03-11,0.0,0.0,0.0,0.0,0.0,0.0,0.0,0.0,0.0,0.0,0.0,0.0,0.0
2008-03-12,0.0,0.0,0.0,0.0,0.0,0.0,0.0,0.0,0.0,0.0,0.0,0.0,0.0
2008-03-13,0.0,0.0,0.0,0.0,0.0,0.0,0.0,0.0,0.0,0.0,0.0,0.0,0.0
2008-03-14,0.0,0.0,0.0,0.0,0.0,0.0,0.0,0.0,0.0,0.0,0.0,0.0,0.0
2008-03-17,0.0,0.0,0.0,0.0,0.0,0.0,0.0,0.0,0.0,0.0,0.0,0.0,0.0
2008-03-18,0.0,0.0,0.0,0.0,0.0,0.0,0.0,0.0,0.0,0.0,0.0,0.0,0.0
2008-03-19,0.0,0.0,0.0,0.0,0.0,0.0,0.0,0.0,0.0,0.0,0.0,0.0,0.0
2008-03-20,0.0,0.0,0.0,0.0,0.0,0.0,0.0,0.0,0.0,0.0,0.0,0.0,0.0
2008-03-24,0.0,0.0,0.0,0.0,0.0,0.0,0.0,0.0,0.0,0.0,0.0,0.0,0.0
2008-03-25,0.0,0.0,0.0,0.0,0.0,0.0,0.0,0.0,0.0,0.0,0.0,0.0,0.0
2008-03-26,0.0,0.0,0.0,0.0,0.0,0.0,0.0,0.0,0.0,0.0,0.0,0.0,0.0
2008-03-27,0.0,0.0,0.0,0.0,0.0,0.0,0.0,0.0,0.0,0.0,0.0,0.0,0.0
2008-03-28,0.0,0.0,0.0,0.0,0.0,0.0,0.0,0.0,0.0,0.0,0.0,0.0,0.0
2008-03-31,0.0,0.0,0.0,0.0,0.0,0.0,0.0,0.0,0.0,0.0,0.0,0.0,0.0
2008-04-01,0.0,0.0,0.0,0.0,0.0,0.0,0.0,0.0,0.0,0.0,0.0,0.0,0.0
2008-04-02,0.0,0.0,0.0,0.0,0.0,0.0,0.0,0.0,0.0,0.0,0.0,0.0,0.0
2008-04-03,0.0,0.0,0.0,0.0,0.0,0.0,0.0,0.0,0.0,0.0,0.0,0.0,0.0
2008-04-04,0.0,0.0,0.0,0.0,0.0,0.0,0.0,0.0,0.0,0.0,0.0,0.0,0.0
2008-04-07,0.0,0.0,0.0,0.0,0.0,0.0,0.0,0.0,0.0,0.0,0.0,0.0,0.0
2008-04-08,0.0,0.0,0.0,0.0,0.0,0.0,0.0,0.0,0.0,0.0,0.0,0.0,0.0
2008-04-09,0.0,0.0,0.0,0.0,0.0,0.0,0.0,0.0,0.0,0.0,0.0,0.0,0.0
2008-04-10,0.0,0.0,0.0,0.0,0.0,0.0,0.0,0.0,0.0,0.0,0.0,0.0,0.0
2008-04-11,0.0,0.0,0.0,0.0,0.0,0.0,0.0,0.0,0.0,0.0,0.0,0.0,0.0
2008-04-14,0.0,0.0,0.0,0.0,0.0,0.0,0.0,0.0,0.0,0.0,0.0,0.0,0.0
2008-04-15,0.0,0.0,0.0,0.0,0.0,0.0,0.0,0.0,0.0,0.0,0.0,0.0,0.0
2008-04-16,0.0,0.0,0.0,0.0,0.0,0.0,0.0,0.0,0.0,0.0,0.0,0.0,0.0
2008-04-17,0.0,0.0,0.0,0.0,0.0,0.0,0.0,0.0,0.0,0.0,0.0,0.0,0.0
2008-04-18,0.0,0.0,0.0,0.0,0.0,0.0,0.0,0.0,0.0,0.0,0.0,0.0,0.0
2008-04-21,0.0,0.0,0.0,0.0,0.0,0.0,0.0,0.0,0.0,0.0,0.0,0.0,0.0
2008-04-22,0.0,0.0,0.0,0.0,0.0,0.0,0.0,0.0,0.0,0.0,0.0,0.0,0.0
2008-04-23,0.0,0.0,0.0,0.0,0.0,0.0,0.0,0.0,0.0,0.0,0.0,0.0,0.0
2008-04-24,0.0,0.0,0.0,0.0,0.0,0.0,0.0,0.0,0.0,0.0,0.0,0.0,0.0
2008-04-25,0.0,0.0,0.0,0.0,0.0,0.0,0.0,0.0,0.0,0.0,0.0,0.0,0.0
2008-04-28,0.0,0.0,0.0,0.0,0.0,0.0,0.0,0.0,0.0,0.0,0.0,0.0,0.0
2008-04-29,0.0,0.0,0.0,0.0,0.0,0.0,0.0,0.0,0.0,0.0,0.0,0.0,0.0
2008-04-30,0.0,0.0,0.0,0.0,0.0,0.0,0.0,0.0,0.0,0.0,0.0,0.0,0.0
2008-05-01,0.0,0.0,0.0,0.0,0.0,0.0,0.0,0.0,0.0,0.0,0.0,0.0,0.0
2008-05-02,0.0,0.0,0.0,0.0,0.0,0.0,0.0,0.0,0.0,0.0,0.0,0.0,0.0
2008-05-05,0.0,0.0,0.0,0.0,0.0,0.0,0.0,0.0,0.0,0.0,0.0,0.0,0.0
2008-05-06,0.0,0.0,0.0,0.0,0.0,0.0,0.0,0.0,0.0,0.0,0.0,0.0,0.0
2008-05-07,0.0,0.0,0.0,0.0,0.0,0.0,0.0,0.0,0.0,0.0,0.0,0.0,0.0
2008-05-08,0.0,0.0,0.0,0.0,0.0,0.0,0.0,0.0,0.0,0.0,0.0,0.0,0.0
2008-05-09,0.0,0.0,0.0,0.0,0.0,0.0,0.0,0.0,0.0,0.0,0.0,0.0,0.0
2008-05-12,0.0,0.0,0.0,0.0,0.0,0.0,0.0,0.0,0.0,0.0,0.0,0.0,0.0
2008-05-13,0.0,0.0,0.0,0.0,0.0,0.0,0.0,0.0,0.0,0.0,0.0,0.0,0.0
2008-05-14,0.0,0.0,0.0,0.0,0.0,0.0,0.0,0.0,0.0,0.0,0.0,0.0,0.0
2008-05-15,0.0,0.0,0.0,0.0,0.0,0.0,0.0,0.0,0.0,0.0,0.0,0.0,0.0
2008-05-16,0.0,0.0,0.0,0.0,0.0,0.0,0.0,0.0,0.0,0.0,0.0,0.0,0.0
2008-05-19,0.0,0.0,0.0,0.0,0.0,0.0,0.0,0.0,0.0,0.0,0.0,0.0,0.0
2008-05-20,0.0,0.0,0.0,0.0,0.0,0.0,0.0,0.0,0.0,0.0,0.0,0.0,0.0
2008-05-21,0.0,0.0,0.0,0.0,0.0,0.0,0.0,0.0,0.0,0.0,0.0,0.0,0.0
2008-05-22,0.0,0.0,0.0,0.0,0.0,0.0,0.0,0.0,0.0,0.0,0.0,0.0,0.0
2008-05-23,0.0,0.0,0.0,0.0,0.0,0.0,0.0,0.0,0.0,0.0,0.0,0.0,0.0
2008-05-27,0.0,0.0,0.0,0.0,0.0,0.0,0.0,0.0,0.0,0.0,0.0,0.0,0.0
2008-05-28,0.0,0.0,0.0,0.0,0.0,0.0,0.0,0.0,0.0,0.0,0.0,0.0,0.0
2008-05-29,0.0,0.0,0.0,0.0,0.0,0.0,0.0,0.0,0.0,0.0,0.0,0.0,0.0
2008-05-30,0.0,0.0,0.0,0.0,0.0,0.0,0.0,0.0,0.0,0.0,0.0,0.0,0.0
2008-06-02,0.0,0.0,0.0,0.0,0.0,0.0,0.0,0.0,0.0,0.0,0.0,0.0,0.0
2008-06-03,0.0,0.0,0.0,0.0,0.0,0.0,0.0,0.0,0.0,0.0,0.0,0.0,0.0
2008-06-04,0.0,0.0,0.0,0.0,0.0,0.0,0.0,0.0,0.0,0.0,0.0,0.0,0.0
2008-06-05,0.0,0.0,0.0,0.0,0.0,0.0,0.0,0.0,0.0,0.0,0.0,0.0,0.0
2008-06-06,0.0,0.0,0.0,0.0,0.0,0.0,0.0,0.0,0.0,0.0,0.0,0.0,0.0
2008-06-09,0.0,0.0,0.0,0.0,0.0,0.0,0.0,0.0,0.0,0.0,0.0,0.0,0.0
2008-06-10,0.0,0.0,0.0,0.0,0.0,0.0,0.0,0.0,0.0,0.0,0.0,0.0,0.0
2008-06-11,0.0,0.0,0.0,0.0,0.0,0.0,0.0,0.0,0.0,0.0,0.0,0.0,0.0
2008-06-12,0.0,0.0,0.0,0.0,0.0,0.0,0.0,0.0,0.0,0.0,0.0,0.0,0.0
2008-06-13,0.0,0.0,0.0,0.0,0.0,0.0,0.0,0.0,0.0,0.0,0.0,0.0,0.0
2008-06-16,0.0,0.0,0.0,0.0,0.0,0.0,0.0,0.0,0.0,0.0,0.0,0.0,0.0
2008-06-17,0.0,0.0,0.0,0.0,0.0,0.0,0.0,0.0,0.0,0.0,0.0,0.0,0.0
2008-06-18,0.0,0.0,0.0,0.0,0.0,0.0,0.0,0.0,0.0,0.0,0.0,0.0,0.0
2008-06-19,0.0,0.0,0.0,0.0,0.0,0.0,0.0,0.0,0.0,0.0,0.0,0.0,0.0
2008-06-20,0.0,0.0,0.0,0.0,0.0,0.0,0.0,0.0,0.0,0.0,0.0,0.0,0.0
2008-06-23,0.0,0.0,0.0,0.0,0.0,0.0,0.0,0.0,0.0,0.0,0.0,0.0,0.0
2008-06-24,0.0,0.0,0.0,0.0,0.0,0.0,0.0,0.0,0.0,0.0,0.0,0.0,0.0
2008-06-25,0.0,0.0,0.0,0.0,0.0,0.0,0.0,0.0,0.0,0.0,0.0,0.0,0.0
2008-06-26,0.0,0.0,0.0,0.0,0.0,0.0,0.0,0.0,0.0,0.0,0.0,0.0,0.0
2008-06-27,0.0,0.0,0.0,0.0,0.0,0.0,0.0,0.0,0.0,0.0,0.0,0.0,0.0
2008-06-30,0.0,0.0,0.0,0.0,0.0,0.0,0.0,0.0,0.0,0.0,0.0,0.0,0.0
2008-07-01,0.0,0.0,0.0,0.0,0.0,0.0,0.0,0.0,0.0,0.0,0.0,0.0,0.0
2008-07-02,0.0,0.0,0.0,0.0,0.0,0.0,0.0,0.0,0.0,0.0,0.0,0.0,0.0
2008-07-03,0.0,0.0,0.0,0.0,0.0,0.0,0.0,0.0,0.0,0.0,0.0,0.0,0.0
2008-07-07,0.0,0.0,0.0,0.0,0.0,0.0,0.0,0.0,0.0,0.0,0.0,0.0,0.0
2008-07-08,0.0,0.0,0.0,0.0,0.0,0.0,0.0,0.0,0.0,0.0,0.0,0.0,0.0
2008-07-09,0.0,0.0,0.0,0.0,0.0,0.0,0.0,0.0,0.0,0.0,0.0,0.0,0.0
2008-07-10,0.0,0.0,0.0,0.0,0.0,0.0,0.0,0.0,0.0,0.0,0.0,0.0,0.0
2008-07-11,0.0,0.0,0.0,0.0,0.0,0.0,0.0,0.0,0.0,0.0,0.0,0.0,0.0
2008-07-14,0.0,0.0,0.0,0.0,0.0,0.0,0.0,0.0,0.0,0.0,0.0,0.0,0.0
2008-07-15,0.0,0.0,0.0,0.0,0.0,0.0,0.0,0.0,0.0,0.0,0.0,0.0,0.0
2008-07-16,0.0,0.0,0.0,0.0,0.0,0.0,0.0,0.0,0.0,0.0,0.0,0.0,0.0
2008-07-17,0.0,0.0,0.0,0.0,0.0,0.0,0.0,0.0,0.0,0.0,0.0,0.0,0.0
2008-07-18,0.0,0.0,0.0,0.0,0.0,0.0,0.0,0.0,0.0,0.0,0.0,0.0,0.0
2008-07-21,0.0,0.0,0.0,0.0,0.0,0.0,0.0,0.0,0.0,0.0,0.0,0.0,0.0
2008-07-22,0.0,0.0,0.0,0.0,0.0,0.0,0.0,0.0,0.0,0.0,0.0,0.0,0.0
2008-07-23,0.0,0.0,0.0,0.0,0.0,0.0,0.0,0.0,0.0,0.0,0.0,0.0,0.0
2008-07-24,0.0,0.0,0.0,0.0,0.0,0.0,0.0,0.0,0.0,0.0,0.0,0.0,0.0
2008-07-25,0.0,0.0,0.0,0.0,0.0,0.0,0.0,0.0,0.0,0.0,0.0,0.0,0.0
2008-07-28,0.0,0.0,0.0,0.0,0.0,0.0,0.0,0.0,0.0,0.0,0.0,0.0,0.0
2008-07-29,0.0,0.0,0.0,0.0,0.0,0.0,0.0,0.0,0.0,0.0,0.0,0.0,0.0
2008-07-30,0.0,0.0,0.0,0.0,0.0,0.0,0.0,0.0,0.0,0.0,0.0,0.0,0.0
2008-07-31,0.0,0.0,0.0,0.0,0.0,0.0,0.0,0.0,0.0,0.0,0.0,0.0,0.0
2008-08-01,0.0,0.0,0.0,0.0,0.0,0.0,0.0,0.0,0.0,0.0,0.0,0.0,0.0
2008-08-04,0.0,0.0,0.0,0.0,0.0,0.0,0.0,0.0,0.0,0.0,0.0,0.0,0.0
2008-08-05,0.0,0.0,0.0,0.0,0.0,0.0,0.0,0.0,0.0,0.0,0.0,0.0,0.0
2008-08-06,0.0,0.0,0.0,0.0,0.0,0.0,0.0,0.0,0.0,0.0,0.0,0.0,0.0
2008-08-07,0.0,0.0,0.0,0.0,0.0,0.0,0.0,0.0,0.0,0.0,0.0,0.0,0.0
2008-08-08,0.0,0.0,0.0,0.0,0.0,0.0,0.0,0.0,0.0,0.0,0.0,0.0,0.0
2008-08-11,0.0,0.0,0.0,0.0,0.0,0.0,0.0,0.0,0.0,0.0,0.0,0.0,0.0
2008-08-12,0.0,0.0,0.0,0.0,0.0,0.0,0.0,0.0,0.0,0.0,0.0,0.0,0.0
2008-08-13,0.0,0.0,0.0,0.0,0.0,0.0,0.0,0.0,0.0,0.0,0.0,0.0,0.0
2008-08-14,0.0,0.0,0.0,0.0,0.0,0.0,0.0,0.0,0.0,0.0,0.0,0.0,0.0
2008-08-15,0.0,0.0,0.0,0.0,0.0,0.0,0.0,0.0,0.0,0.0,0.0,0.0,0.0
2008-08-18,0.0,0.0,0.0,0.0,0.0,0.0,0.0,0.0,0.0,0.0,0.0,0.0,0.0
2008-08-19,0.0,0.0,0.0,0.0,0.0,0.0,0.0,0.0,0.0,0.0,0.0,0.0,0.0
2008-08-20,0.0,0.0,0.0,0.0,0.0,0.0,0.0,0.0,0.0,0.0,0.0,0.0,0.0
2008-08-21,0.0,0.0,0.0,0.0,0.0,0.0,0.0,0.0,0.0,0.0,0.0,0.0,0.0
2008-08-22,0.0,0.0,0.0,0.0,0.0,0.0,0.0,0.0,0.0,0.0,0.0,0.0,0.0
2008-08-25,0.0,0.0,0.0,0.0,0.0,0.0,0.0,0.0,0.0,0.0,0.0,0.0,0.0
2008-08-26,0.0,0.0,0.0,0.0,0.0,0.0,0.0,0.0,0.0,0.0,0.0,0.0,0.0
2008-08-27,0.0,0.0,0.0,0.0,0.0,0.0,0.0,0.0,0.0,0.0,0.0,0.0,0.0
2008-08-28,0.0,0.0,0.0,0.0,0.0,0.0,0.0,0.0,0.0,0.0,0.0,0.0,0.0
2008-08-29,0.0,0.0,0.0,0.0,0.0,0.0,0.0,0.0,0.0,0.0,0.0,0.0,0.0
2008-09-02,0.0,0.0,0.0,0.0,0.0,0.0,0.0,0.0,0.0,0.0,0.0,0.0,0.0
2008-09-03,0.0,0.0,0.0,0.0,0.0,0.0,0.0,0.0,0.0,0.0,0.0,0.0,0.0
2008-09-04,0.0,0.0,0.0,0.0,0.0,0.0,0.0,0.0,0.0,0.0,0.0,0.0,0.0
2008-09-05,0.0,0.0,0.0,0.0,0.0,0.0,0.0,0.0,0.0,0.0,0.0,0.0,0.0
2008-09-08,0.0,0.0,0.0,0.0,0.0,0.0,0.0,0.0,0.0,0.0,0.0,0.0,0.0
2008-09-09,0.0,0.0,0.0,0.0,0.0,0.0,0.0,0.0,0.0,0.0,0.0,0.0,0.0
2008-09-10,0.0,0.0,0.0,0.0,0.0,0.0,0.0,0.0,0.0,0.0,0.0,0.0,0.0
2008-09-11,0.0,0.0,0.0,0.0,0.0,0.0,0.0,0.0,0.0,0.0,0.0,0.0,0.0
2008-09-12,0.0,0.0,0.0,0.0,0.0,0.0,0.0,0.0,0.0,0.0,0.0,0.0,0.0
2008-09-15,0.0,0.0,0.0,0.0,0.0,0.0,0.0,0.0,0.0,0.0,0.0,0.0,0.0
2008-09-16,0.0,0.0,0.0,0.0,0.0,0.0,0.0,0.0,0.0,0.0,0.0,0.0,0.0
2008-09-17,0.0,0.0,0.0,0.0,0.0,0.0,0.0,0.0,0.0,0.0,0.0,0.0,0.0
2008-09-18,0.0,0.0,0.0,0.0,0.0,0.0,0.0,0.0,0.0,0.0,0.0,0.0,0.0
2008-09-19,0.0,0.0,0.0,0.0,0.0,0.0,0.0,0.0,0.0,0.0,0.0,0.0,0.0
2008-09-22,0.0,0.0,0.0,0.0,0.0,0.0,0.0,0.0,0.0,0.0,0.0,0.0,0.0
2008-09-23,0.0,0.0,0.0,0.0,0.0,0.0,0.0,0.0,0.0,0.0,0.0,0.0,0.0
2008-09-24,0.0,0.0,0.0,0.0,0.0,0.0,0.0,0.0,0.0,0.0,0.0,0.0,0.0
2008-09-25,0.0,0.0,0.0,0.0,0.0,0.0,0.0,0.0,0.0,0.0,0.0,0.0,0.0
2008-09-26,0.0,0.0,0.0,0.0,0.0,0.0,0.0,0.0,0.0,0.0,0.0,0.0,0.0
2008-09-29,0.0,0.0,0.0,0.0,0.0,0.0,0.0,0.0,0.0,0.0,0.0,0.0,0.0
2008-09-30,0.0,-0.008377217765318606,-0.014551563442281763,0.0,0.011173034607201681,0.004488706056528977,0.02334480875972094,-0.004111645328381074,-0.012187373545257368,0.02334480875972094,-0.016562232581875277,0.01956484275621819,0.012293766397495158
2008-10-01,0.0,-0.016754435530637213,-0.029103126884563527,0.0,0.02234606921440336,0.008977412113057954,0.04668961751944188,-0.008223290656762148,-0.024374747090514737,0.04668961751944188,-0.033124465163750554,0.03912968551243638,0.024587532794990312
2008-10-02,0.0,-0.02513165329595582,-0.04365469032684529,0.0,0.03351910382160504,0.01346611816958693,0.07003442627916283,-0.012334935985143222,-0.036562120635772105,0.07003442627916283,-0.049686697745625834,0.058694528268654574,0.03688129919248547
2008-10-03,0.0,-0.033508871061274426,-0.05820625376912705,0.0,0.044692138428806726,0.01795482422611591,0.09337923503888378,-0.016446581313524295,-0.048749494181029474,0.09337923503888378,-0.06624893032750112,0.07825937102487276,0.04917506558998063
2008-10-06,0.0,-0.04188608882659303,-0.07275781721140882,0.0,0.05586517303600841,0.02244353028264489,0.11672404379860472,-0.02055822664190537,-0.06093686772628685,0.11672404379860472,-0.0828111629093764,0.09782421378109096,0.0614688319874758
2008-10-07,0.0,-0.04557714086793395,-0.0791693227318569,0.0,0.06078807862951198,0.0244212809054736,0.12700990557768002,-0.022369842062172962,-0.06630669709720755,0.12700990557768002,-0.09010858122809057,0.10644460002589173,0.06688553868275854
2008-10-08,0.0,-0.04557714086793395,-0.0791693227318569,0.0,0.06078807862951198,0.0244212809054736,0.12700990557768002,-0.022369842062172962,-0.06630669709720755,0.12700990557768002,-0.09010858122809057,0.10644460002589173,0.06688553868275854
2008-10-09,0.0,-0.04557714086793395,-0.0791693227318569,0.0,0.06078807862951198,0.0244212809054736,0.12700990557768002,-0.022369842062172962,-0.06630669709720755,0.12700990557768002,-0.09010858122809057,0.10644460002589173,0.06688553868275854
2008-10-10,0.0,-0.04557714086793395,-0.0791693227318569,0.0,0.06078807862951198,0.0244212809054736,0.12700990557768002,-0.022369842062172962,-0.06630669709720755,0.12700990557768002,-0.09010858122809057,0.10644460002589173,0.06688553868275854
2008-10-13,0.0,-0.04557714086793395,-0.0791693227318569,0.0,0.06078807862951198,0.0244212809054736,0.12700990557768002,-0.022369842062172962,-0.06630669709720755,0.12700990557768002,-0.09010858122809057,0.10644460002589173,0.06688553868275854
2008-10-14,0.0,-0.04557714086793395,-0.0791693227318569,0.0,0.06078807862951198,0.0244212809054736,0.12700990557768002,-0.022369842062172962,-0.06630669709720755,0.12700990557768002,-0.09010858122809057,0.10644460002589173,0.06688553868275854
2008-10-15,0.0,-0.04557714086793395,-0.0791693227318569,0.0,0.06078807862951198,0.0244212809054736,0.12700990557768002,-0.022369842062172962,-0.06630669709720755,0.12700990557768002,-0.09010858122809057,0.10644460002589173,0.06688553868275854
2008-10-16,0.0,-0.04557714086793395,-0.0791693227318569,0.0,0.06078807862951198,0.0244212809054736,0.12700990557768002,-0.022369842062172962,-0.06630669709720755,0.12700990557768002,-0.09010858122809057,0.10644460002589173,0.06688553868275854
2008-10-17,0.0,-0.04557714086793395,-0.0791693227318569,0.0,0.06078807862951198,0.0244212809054736,0.12700990557768002,-0.022369842062172962,-0.06630669709720755,0.12700990557768002,-0.09010858122809057,0.10644460002589173,0.06688553868275854
2008-10-20,0.0,-0.04557714086793395,-0.0791693227318569,0.0,0.06078807862951198,0.0244212809054736,0.12700990557768002,-0.022369842062172962,-0.06630669709720755,0.12700990557768002,-0.09010858122809057,0.10644460002589173,0.06688553868275854
2008-10-21,0.0,-0.04557714086793395,-0.0791693227318569,0.0,0.06078807862951198,0.0244212809054736,0.12700990557768002,-0.022369842062172962,-0.06630669709720755,0.12700990557768002,-0.09010858122809057,0.10644460002589173,0.06688553868275854
2008-10-22,0.0,-0.04557714086793395,-0.0791693227318569,0.0,0.06078807862951198,0.0244212809054736,0.12700990557768002,-0.022369842062172962,-0.06630669709720755,0.12700990557768002,-0.09010858122809057,0.10644460002589173,0.06688553868275854
2008-10-23,0.0,-0.04557714086793395,-0.0791693227318569,0.0,0.06078807862951198,0.0244212809054736,0.12700990557768002,-0.022369842062172962,-0.06630669709720755,0.12700990557768002,-0.09010858122809057,0.10644460002589173,0.06688553868275854
2008-10-24,0.0,-0.04557714086793395,-0.0791693227318569,0.0,0.06078807862951198,0.0244212809054736,0.12700990557768002,-0.022369842062172962,-0.06630669709720755,0.12700990557768002,-0.09010858122809057,0.10644460002589173,0.06688553868275854
2008-10-27,0.0,-0.04557714086793395,-0.0791693227318569,0.0,0.06078807862951198,0.0244212809054736,0.12700990557768002,-0.022369842062172962,-0.06630669709720755,0.12700990557768002,-0.09010858122809057,0.10644460002589173,0.06688553868275854
2008-10-28,0.0,-0.04557714086793395,-0.0791693227318569,0.0,0.06078807862951198,0.0244212809054736,0.12700990557768002,-0.022369842062172962,-0.06630669709720755,0.12700990557768002,-0.09010858122809057,0.10644460002589173,0.06688553868275854
2008-10-29,0.0,-0.04557714086793395,-0.0791693227318569,0.0,0.06078807862951198,0.0244212809054736,0.12700990557768002,-0.022369842062172962,-0.06630669709720755,0.12700990557768002,-0.09010858122809057,0.10644460002589173,0.06688553868275854
2008-10-30,0.0,-0.04557714086793395,-0.0791693227318569,0.0,0.06078807862951198,0.0244212809054736,0.12700990557768002,-0.022369842062172962,-0.06630669709720755,0.12700990557768002,-0.09010858122809057,0.10644460002589173,0.06688553868275854
2008-10-31,-0.00782918941203997,-0.0377901090624207,-0.062228000630904154,-0.016998764669666582,0.060113554039512095,0.012271829126172416,0.107082304901963,-0.023260073539530985,-0.054888213871584476,0.107082304901963,-0.07104858184616797,0.0924960762008407,0.06443826230162093
2008-11-03,-0.015658378824079944,-0.030003077256907457,-0.045286678529951406,-0.03399752933933317,0.05943902944951221,0.0001223773468712313,0.08715470422624597,-0.024150305016889008,-0.04346973064596141,0.08715470422624597,-0.05198858246424537,0.07854755237578967,0.06199098592048333
2008-11-04,-0.023487568236119916,-0.02221604545139421,-0.02834535642899866,-0.05099629400899976,0.05876450485951232,-0.01202707443242995,0.06722710355052895,-0.025040536494247027,-0.03205124742033834,0.06722710355052895,-0.03292858308232277,0.06459902855073864,0.05954370953934572
2008-11-05,-0.026928851477045875,-0.01879329238737199,-0.020898878287151448,-0.05846802076071284,0.05846802076071284,-0.017367308598977383,0.05846802076071284,-0.025431833536935216,-0.02703230703032772,0.05846802076071284,-0.024550850344856778,0.05846802076071284,0.05846802076071284
2008-11-06,-0.026928851477045875,-0.01879329238737199,-0.020898878287151448,-0.05846802076071284,0.05846802076071284,-0.017367308598977383,0.05846802076071284,-0.025431833536935216,-0.02703230703032772,0.05846802076071284,-0.024550850344856778,0.05846802076071284,0.05846802076071284
2008-11-07,-0.026928851477045875,-0.01879329238737199,-0.020898878287151448,-0.05846802076071284,0.05846802076071284,-0.017367308598977383,0.05846802076071284,-0.025431833536935216,-0.02703230703032772,0.05846802076071284,-0.024550850344856778,0.05846802076071284,0.05846802076071284
2008-11-10,-0.026928851477045875,-0.01879329238737199,-0.020898878287151448,-0.05846802076071284,0.05846802076071284,-0.017367308598977383,0.05846802076071284,-0.025431833536935216,-0.02703230703032772,0.05846802076071284,-0.024550850344856778,0.05846802076071284,0.05846802076071284
2008-11-11,-0.026928851477045875,-0.01879329238737199,-0.020898878287151448,-0.05846802076071284,0.05846802076071284,-0.017367308598977383,0.05846802076071284,-0.025431833536935216,-0.02703230703032772,0.05846802076071284,-0.024550850344856778,0.05846802076071284,0.05846802076071284
2008-11-12,-0.026928851477045875,-0.01879329238737199,-0.020898878287151448,-0.05846802076071284,0.05846802076071284,-0.017367308598977383,0.05846802076071284,-0.025431833536935216,-0.02703230703032772,0.05846802076071284,-0.024550850344856778,0.05846802076071284,0.05846802076071284
2008-11-13,-0.026928851477045875,-0.01879329238737199,-0.020898878287151448,-0.05846802076071284,0.05846802076071284,-0.017367308598977383,0.05846802076071284,-0.025431833536935216,-0.02703230703032772,0.05846802076071284,-0.024550850344856778,0.05846802076071284,0.05846802076071284
2008-11-14,-0.026928851477045875,-0.01879329238737199,-0.020898878287151448,-0.05846802076071284,0.05846802076071284,-0.017367308598977383,0.05846802076071284,-0.025431833536935216,-0.02703230703032772,0.05846802076071284,-0.024550850344856778,0.05846802076071284,0.05846802076071284
2008-11-17,-0.026928851477045875,-0.01879329238737199,-0.020898878287151448,-0.05846802076071284,0.05846802076071284,-0.017367308598977383,0.05846802076071284,-0.025431833536935216,-0.02703230703032772,0.05846802076071284,-0.024550850344856778,0.05846802076071284,0.05846802076071284
2008-11-18,-0.026928851477045875,-0.01879329238737199,-0.020898878287151448,-0.05846802076071284,0.05846802076071284,-0.017367308598977383,0.05846802076071284,-0.025431833536935216,-0.02703230703032772,0.05846802076071284,-0.024550850344856778,0.05846802076071284,0.05846802076071284
2008-11-19,-0.026928851477045875,-0.01879329238737199,-0.020898878287151448,-0.05846802076071284,0.05846802076071284,-0.017367308598977383,0.05846802076071284,-0.025431833536935216,-0.02703230703032772,0.05846802076071284,-0.024550850344856778,0.05846802076071284,0.05846802076071284
2008-11-20,-0.026928851477045875,-0.01879329238737199,-0.020898878287151448,-0.05846802076071284,0.05846802076071284,-0.017367308598977383,0.05846802076071284,-0.025431833536935216,-0.02703230703032772,0.05846802076071284,-0.024550850344856778,0.05846802076071284,0.05846802076071284
2008-11-21,-0.026928851477045875,-0.01879329238737199,-0.020898878287151448,-0.05846802076071284,0.05846802076071284,-0.017367308598977383,0.05846802076071284,-0.025431833536935216,-0.02703230703032772,0.05846802076071284,-0.024550850344856778,0.05846802076071284,0.05846802076071284
2008-11-24,-0.026928851477045875,-0.01879329238737199,-0.020898878287151448,-0.05846802076071284,0.05846802076071284,-0.017367308598977383,0.05846802076071284,-0.025431833536935216,-0.02703230703032772,0.05846802076071284,-0.024550850344856778,0.05846802076071284,0.05846802076071284
2008-11-25,-0.026928851477045875,-0.01879329238737199,-0.020898878287151448,-0.05846802076071284,0.05846802076071284,-0.017367308598977383,0.05846802076071284,-0.025431833536935216,-0.02703230703032772,0.05846802076071284,-0.024550850344856778,0.05846802076071284,0.05846802076071284
2008-11-26,-0.026928851477045875,-0.01879329238737199,-0.020898878287151448,-0.05846802076071284,0.05846802076071284,-0.017367308598977383,0.05846802076071284,-0.025431833536935216,-0.02703230703032772,0.05846802076071284,-0.024550850344856778,0.05846802076071284,0.05846802076071284
2008-11-28,-0.026928851477045875,-0.01879329238737199,-0.020898878287151448,-0.05846802076071284,0.05846802076071284,-0.017367308598977383,0.05846802076071284,-0.025431833536935216,-0.02703230703032772,0.05846802076071284,-0.024550850344856778,0.05846802076071284,0.05846802076071284
2008-12-01,-0.026928851477045875,-0.01879329238737199,-0.020898878287151448,-0.05846802076071284,0.05846802076071284,-0.017367308598977383,0.05846802076071284,-0.025431833536935216,-0.02703230703032772,0.05846802076071284,-0.024550850344856778,0.05846802076071284,0.05846802076071284
2008-12-02,-0.026928851477045875,-0.01879329238737199,-0.020898878287151448,-0.05846802076071284,0.05846802076071284,-0.017367308598977383,0.05846802076071284,-0.025431833536935216,-0.02703230703032772,0.05846802076071284,-0.024550850344856778,0.05846802076071284,0.05846802076071284
2008-12-03,-0.026928851477045875,-0.01879329238737199,-0.020898878287151448,-0.05846802076071284,0.05846802076071284,-0.017367308598977383,0.05846802076071284,-0.025431833536935216,-0.02703230703032772,0.05846802076071284,-0.024550850344856778,0.05846802076071284,0.05846802076071284
2008-12-04,-0.026928851477045875,-0.01879329238737199,-0.020898878287151448,-0.05846802076071284,0.05846802076071284,-0.017367308598977383,0.05846802076071284,-0.025431833536935216,-0.02703230703032772,0.05846802076071284,-0.024550850344856778,0.05846802076071284,0.05846802076071284
2008-12-05,-0.026928851477045875,-0.01879329238737199,-0.020898878287151448,-0.05846802076071284,0.05846802076071284,-0.017367308598977383,0.05846802076071284,-0.025431833536935216,-0.02703230703032772,0.05846802076071284,-0.024550850344856778,0.05846802076071284,0.05846802076071284
2008-12-08,-0.026928851477045875,-0.01879329238737199,-0.020898878287151448,-0.05846802076071284,0.05846802076071284,-0.017367308598977383,0.05846802076071284,-0.025431833536935216,-0.02703230703032772,0.05846802076071284,-0.024550850344856778,0.05846802076071284,0.05846802076071284
2008-12-09,-0.026928851477045875,-0.01879329238737199,-0.020898878287151448,-0.05846802076071284,0.05846802076071284,-0.017367308598977383,0.05846802076071284,-0.025431833536935216,-0.02703230703032772,0.05846802076071284,-0.024550850344856778,0.05846802076071284,0.05846802076071284
2008-12-10,-0.026928851477045875,-0.01879329238737199,-0.020898878287151448,-0.05846802076071284,0.05846802076071284,-0.017367308598977383,0.05846802076071284,-0.025431833536935216,-0.02703230703032772,0.05846802076071284,-0.024550850344856778,0.05846802076071284,0.05846802076071284
2008-12-11,-0.026928851477045875,-0.01879329238737199,-0.020898878287151448,-0.05846802076071284,0.05846802076071284,-0.017367308598977383,0.05846802076071284,-0.025431833536935216,-0.02703230703032772,0.05846802076071284,-0.024550850344856778,0.05846802076071284,0.05846802076071284
2008-12-12,-0.026928851477045875,-0.01879329238737199,-0.020898878287151448,-0.05846802076071284,0.05846802076071284,-0.017367308598977383,0.05846802076071284,-0.025431833536935216,-0.02703230703032772,0.05846802076071284,-0.024550850344856778,0.05846802076071284,0.05846802076071284
2008-12-15,-0.026928851477045875,-0.01879329238737199,-0.020898878287151448,-0.05846802076071284,0.05846802076071284,-0.017367308598977383,0.05846802076071284,-0.025431833536935216,-0.02703230703032772,0.05846802076071284,-0.024550850344856778,0.05846802076071284,0.05846802076071284
2008-12-16,-0.026928851477045875,-0.01879329238737199,-0.020898878287151448,-0.05846802076071284,0.05846802076071284,-0.017367308598977383,0.05846802076071284,-0.025431833536935216,-0.02703230703032772,0.05846802076071284,-0.024550850344856778,0.05846802076071284,0.05846802076071284
2008-12-17,-0.026928851477045875,-0.01879329238737199,-0.020898878287151448,-0.05846802076071284,0.05846802076071284,-0.017367308598977383,0.05846802076071284,-0.025431833536935216,-0.02703230703032772,0.05846802076071284,-0.024550850344856778,0.05846802076071284,0.05846802076071284
2008-12-18,-0.026928851477045875,-0.01879329238737199,-0.020898878287151448,-0.05846802076071284,0.05846802076071284,-0.017367308598977383,0.05846802076071284,-0.025431833536935216,-0.02703230703032772,0.05846802076071284,-0.024550850344856778,0.05846802076071284,0.05846802076071284
2008-12-19,-0.026928851477045875,-0.01879329238737199,-0.020898878287151448,-0.05846802076071284,0.05846802076071284,-0.017367308598977383,0.05846802076071284,-0.025431833536935216,-0.02703230703032772,0.05846802076071284,-0.024550850344856778,0.05846802076071284,0.05846802076071284
2008-12-22,-0.026928851477045875,-0.01879329238737199,-0.020898878287151448,-0.05846802076071284,0.05846802076071284,-0.017367308598977383,0.05846802076071284,-0.025431833536935216,-0.02703230703032772,0.05846802076071284,-0.024550850344856778,0.05846802076071284,0.05846802076071284
2008-12-23,-0.026928851477045875,-0.01879329238737199,-0.020898878287151448,-0.05846802076071284,0.05846802076071284,-0.017367308598977383,0.05846802076071284,-0.025431833536935216,-0.02703230703032772,0.05846802076071284,-0.024550850344856778,0.05846802076071284,0.05846802076071284
2008-12-24,-0.026928851477045875,-0.01879329238737199,-0.020898878287151448,-0.05846802076071284,0.05846802076071284,-0.017367308598977383,0.05846802076071284,-0.025431833536935216,-0.02703230703032772,0.05846802076071284,-0.024550850344856778,0.05846802076071284,0.05846802076071284
2008-12-26,-0.026928851477045875,-0.01879329238737199,-0.020898878287151448,-0.05846802076071284,0.05846802076071284,-0.017367308598977383,0.05846802076071284,-0.025431833536935216,-0.02703230703032772,0.05846802076071284,-0.024550850344856778,0.05846802076071284,0.05846802076071284
2008-12-29,-0.026928851477045875,-0.01879329238737199,-0.020898878287151448,-0.05846802076071284,0.05846802076071284,-0.017367308598977383,0.05846802076071284,-0.025431833536935216,-0.02703230703032772,0.05846802076071284,-0.024550850344856778,0.05846802076071284,0.05846802076071284
2008-12-30,-0.026928851477045875,-0.01879329238737199,-0.020898878287151448,-0.05846802076071284,0.05846802076071284,-0.017367308598977383,0.05846802076071284,-0.025431833536935216,-0.02703230703032772,0.05846802076071284,-0.024550850344856778,0.05846802076071284,0.05846802076071284
2008-12-31,-0.020898439799263233,-0.015722725241102832,-0.016967282334891042,-0.0021153397428059426,0.056152582418737315,-0.0006283393490493852,0.05255009957367522,-0.018093497626450062,-0.02102844806434649,0.05255009957367522,-0.01913787383176109,0.05255009957367522,0.033416619097510425
2009-01-02,-0.020672073116133442,-0.015607463773500368,-0.01681969998352379,0.0,0.056065666611745966,0.0,0.05232795550429623,-0.01781803471471075,-0.020803078104097286,0.05232795550429623,-0.018934684131853327,0.05232795550429623,0.032476251672323896
2009-01-05,-0.020672073116133442,-0.015607463773500368,-0.01681969998352379,0.0,0.056065666611745966,0.0,0.05232795550429623,-0.01781803471471075,-0.020803078104097286,0.05232795550429623,-0.018934684131853327,0.05232795550429623,0.032476251672323896
2009-01-06,-0.020672073116133442,-0.015607463773500368,-0.01681969998352379,0.0,0.056065666611745966,0.0,0.05232795550429623,-0.01781803471471075,-0.020803078104097286,0.05232795550429623,-0.018934684131853327,0.05232795550429623,0.032476251672323896
2009-01-07,-0.020672073116133442,-0.015607463773500368,-0.01681969998352379,0.0,0.056065666611745966,0.0,0.05232795550429623,-0.01781803471471075,-0.020803078104097286,0.05232795550429623,-0.018934684131853327,0.05232795550429623,0.032476251672323896
2009-01-08,-0.020672073116133442,-0.015607463773500368,-0.01681969998352379,0.0,0.056065666611745966,0.0,0.05232795550429623,-0.01781803471471075,-0.020803078104097286,0.05232795550429623,-0.018934684131853327,0.05232795550429623,0.032476251672323896
2009-01-09,-0.020672073116133442,-0.015607463773500368,-0.01681969998352379,0.0,0.056065666611745966,0.0,0.05232795550429623,-0.01781803471471075,-0.020803078104097286,0.05232795550429623,-0.018934684131853327,0.05232795550429623,0.032476251672323896
2009-01-12,-0.020672073116133442,-0.015607463773500368,-0.01681969998352379,0.0,0.056065666611745966,0.0,0.05232795550429623,-0.01781803471471075,-0.020803078104097286,0.05232795550429623,-0.018934684131853327,0.05232795550429623,0.032476251672323896
2009-01-13,-0.020672073116133442,-0.015607463773500368,-0.01681969998352379,0.0,0.056065666611745966,0.0,0.05232795550429623,-0.01781803471471075,-0.020803078104097286,0.05232795550429623,-0.018934684131853327,0.05232795550429623,0.032476251672323896
2009-01-14,-0.020672073116133442,-0.015607463773500368,-0.01681969998352379,0.0,0.056065666611745966,0.0,0.05232795550429623,-0.01781803471471075,-0.020803078104097286,0.05232795550429623,-0.018934684131853327,0.05232795550429623,0.032476251672323896
2009-01-15,-0.020672073116133442,-0.015607463773500368,-0.01681969998352379,0.0,0.056065666611745966,0.0,0.05232795550429623,-0.01781803471471075,-0.020803078104097286,0.05232795550429623,-0.018934684131853327,0.05232795550429623,0.032476251672323896
2009-01-16,-0.020672073116133442,-0.015607463773500368,-0.01681969998352379,0.0,0.056065666611745966,0.0,0.05232795550429623,-0.01781803471471075,-0.020803078104097286,0.05232795550429623,-0.018934684131853327,0.05232795550429623,0.032476251672323896
2009-01-20,-0.020672073116133442,-0.015607463773500368,-0.01681969998352379,0.0,0.056065666611745966,0.0,0.05232795550429623,-0.01781803471471075,-0.020803078104097286,0.05232795550429623,-0.018934684131853327,0.05232795550429623,0.032476251672323896
2009-01-21,-0.020672073116133442,-0.015607463773500368,-0.01681969998352379,0.0,0.056065666611745966,0.0,0.05232795550429623,-0.01781803471471075,-0.020803078104097286,0.05232795550429623,-0.018934684131853327,0.05232795550429623,0.032476251672323896
2009-01-22,-0.020672073116133442,-0.015607463773500368,-0.01681969998352379,0.0,0.056065666611745966,0.0,0.05232795550429623,-0.01781803471471075,-0.020803078104097286,0.05232795550429623,-0.018934684131853327,0.05232795550429623,0.032476251672323896
2009-01-23,-0.020672073116133442,-0.015607463773500368,-0.01681969998352379,0.0,0.056065666611745966,0.0,0.05232795550429623,-0.01781803471471075,-0.020803078104097286,0.05232795550429623,-0.018934684131853327,0.05232795550429623,0.032476251672323896
2009-01-26,-0.020672073116133442,-0.015607463773500368,-0.01681969998352379,0.0,0.056065666611745966,0.0,0.05232795550429623,-0.01781803471471075,-0.020803078104097286,0.05232795550429623,-0.018934684131853327,0.05232795550429623,0.032476251672323896
2009-01-27,-0.020672073116133442,-0.015607463773500368,-0.01681969998352379,0.0,0.056065666611745966,0.0,0.05232795550429623,-0.01781803471471075,-0.020803078104097286,0.05232795550429623,-0.018934684131853327,0.05232795550429623,0.032476251672323896
2009-01-28,-0.020672073116133442,-0.015607463773500368,-0.01681969998352379,0.0,0.056065666611745966,0.0,0.05232795550429623,-0.01781803471471075,-0.020803078104097286,0.05232795550429623,-0.018934684131853327,0.05232795550429623,0.032476251672323896
2009-01-29,-0.020672073116133442,-0.015607463773500368,-0.01681969998352379,0.0,0.056065666611745966,0.0,0.05232795550429623,-0.01781803471471075,-0.020803078104097286,0.05232795550429623,-0.018934684131853327,0.05232795550429623,0.032476251672323896
2009-01-30,-0.020672073116133442,-0.015607463773500368,-0.01681969998352379,0.0,0.056065666611745966,0.0,0.05232795550429623,-0.01781803471471075,-0.020803078104097286,0.05232795550429623,-0.018934684131853327,0.05232795550429623,0.032476251672323896
2009-02-02,-0.020672073116133442,-0.015607463773500368,-0.01681969998352379,0.0,0.056065666611745966,0.0,0.05232795550429623,-0.01781803471471075,-0.020803078104097286,0.05232795550429623,-0.018934684131853327,0.05232795550429623,0.032476251672323896
2009-02-03,-0.020672073116133442,-0.015607463773500368,-0.01681969998352379,0.0,0.056065666611745966,0.0,0.05232795550429623,-0.01781803471471075,-0.020803078104097286,0.05232795550429623,-0.018934684131853327,0.05232795550429623,0.032476251672323896
2009-02-04,-0.020672073116133442,-0.015607463773500368,-0.01681969998352379,0.0,0.056065666611745966,0.0,0.05232795550429623,-0.01781803471471075,-0.020803078104097286,0.05232795550429623,-0.018934684131853327,0.05232795550429623,0.032476251672323896
2009-02-05,-0.020672073116133442,-0.015607463773500368,-0.01681969998352379,0.0,0.056065666611745966,0.0,0.05232795550429623,-0.01781803471471075,-0.020803078104097286,0.05232795550429623,-0.018934684131853327,0.05232795550429623,0.032476251672323896
2009-02-06,-0.020672073116133442,-0.015607463773500368,-0.01681969998352379,0.0,0.056065666611745966,0.0,0.05232795550429623,-0.01781803471471075,-0.020803078104097286,0.05232795550429623,-0.018934684131853327,0.05232795550429623,0.032476251672323896
2009-02-09,-0.020672073116133442,-0.015607463773500368,-0.01681969998352379,0.0,0.056065666611745966,0.0,0.05232795550429623,-0.01781803471471075,-0.020803078104097286,0.05232795550429623,-0.018934684131853327,0.05232795550429623,0.032476251672323896
2009-02-10,-0.020672073116133442,-0.015607463773500368,-0.01681969998352379,0.0,0.056065666611745966,0.0,0.05232795550429623,-0.01781803471471075,-0.020803078104097286,0.05232795550429623,-0.018934684131853327,0.05232795550429623,0.032476251672323896
2009-02-11,-0.020672073116133442,-0.015607463773500368,-0.01681969998352379,0.0,0.056065666611745966,0.0,0.05232795550429623,-0.01781803471471075,-0.020803078104097286,0.05232795550429623,-0.018934684131853327,0.05232795550429623,0.032476251672323896
2009-02-12,-0.020672073116133442,-0.015607463773500368,-0.01681969998352379,0.0,0.056065666611745966,0.0,0.05232795550429623,-0.01781803471471075,-0.020803078104097286,0.05232795550429623,-0.018934684131853327,0.05232795550429623,0.032476251672323896
2009-02-13,-0.020672073116133442,-0.015607463773500368,-0.01681969998352379,0.0,0.056065666611745966,0.0,0.05232795550429623,-0.01781803471471075,-0.020803078104097286,0.05232795550429623,-0.018934684131853327,0.05232795550429623,0.032476251672323896
2009-02-17,-0.020672073116133442,-0.015607463773500368,-0.01681969998352379,0.0,0.056065666611745966,0.0,0.05232795550429623,-0.01781803471471075,-0.020803078104097286,0.05232795550429623,-0.018934684131853327,0.05232795550429623,0.032476251672323896
2009-02-18,-0.020672073116133442,-0.015607463773500368,-0.01681969998352379,0.0,0.056065666611745966,0.0,0.05232795550429623,-0.01781803471471075,-0.020803078104097286,0.05232795550429623,-0.018934684131853327,0.05232795550429623,0.032476251672323896
2009-02-19,-0.020672073116133442,-0.015607463773500368,-0.01681969998352379,0.0,0.056065666611745966,0.0,0.05232795550429623,-0.01781803471471075,-0.020803078104097286,0.05232795550429623,-0.018934684131853327,0.05232795550429623,0.032476251672323896
2009-02-20,-0.020672073116133442,-0.015607463773500368,-0.01681969998352379,0.0,0.056065666611745966,0.0,0.05232795550429623,-0.01781803471471075,-0.020803078104097286,0.05232795550429623,-0.018934684131853327,0.05232795550429623,0.032476251672323896
2009-02-23,-0.020672073116133442,-0.015607463773500368,-0.01681969998352379,0.0,0.056065666611745966,0.0,0.05232795550429623,-0.01781803471471075,-0.020803078104097286,0.05232795550429623,-0.018934684131853327,0.05232795550429623,0.032476251672323896
2009-02-24,-0.020672073116133442,-0.015607463773500368,-0.01681969998352379,0.0,0.056065666611745966,0.0,0.05232795550429623,-0.01781803471471075,-0.020803078104097286,0.05232795550429623,-0.018934684131853327,0.05232795550429623,0.032476251672323896
2009-02-25,-0.020672073116133442,-0.015607463773500368,-0.01681969998352379,0.0,0.056065666611745966,0.0,0.05232795550429623,-0.01781803471471075,-0.020803078104097286,0.05232795550429623,-0.018934684131853327,0.05232795550429623,0.032476251672323896
2009-02-26,-0.020672073116133442,-0.015607463773500368,-0.01681969998352379,0.0,0.056065666611745966,0.0,0.05232795550429623,-0.01781803471471075,-0.020803078104097286,0.05232795550429623,-0.018934684131853327,0.05232795550429623,0.032476251672323896
2009-02-27,-0.020672073116133442,-0.015607463773500368,-0.01681969998352379,0.0,0.056065666611745966,0.0,0.05232795550429623,-0.01781803471471075,-0.020803078104097286,0.05232795550429623,-0.018934684131853327,0.05232795550429623,0.032476251672323896
2009-03-02,-0.020672073116133442,-0.015607463773500368,-0.01681969998352379,0.0,0.056065666611745966,0.0,0.05232795550429623,-0.01781803471471075,-0.020803078104097286,0.05232795550429623,-0.018934684131853327,0.05232795550429623,0.032476251672323896
2009-03-03,-0.020672073116133442,-0.015607463773500368,-0.01681969998352379,0.0,0.056065666611745966,0.0,0.05232795550429623,-0.01781803471471075,-0.020803078104097286,0.05232795550429623,-0.018934684131853327,0.05232795550429623,0.032476251672323896
2009-03-04,-0.020672073116133442,-0.015607463773500368,-0.01681969998352379,0.0,0.056065666611745966,0.0,0.05232795550429623,-0.01781803471471075,-0.020803078104097286,0.05232795550429623,-0.018934684131853327,0.05232795550429623,0.032476251672323896
2009-03-05,-0.020672073116133442,-0.015607463773500368,-0.01681969998352379,0.0,0.056065666611745966,0.0,0.05232795550429623,-0.01781803471471075,-0.020803078104097286,0.05232795550429623,-0.018934684131853327,0.05232795550429623,0.032476251672323896
2009-03-06,-0.020672073116133442,-0.015607463773500368,-0.01681969998352379,0.0,0.056065666611745966,0.0,0.05232795550429623,-0.01781803471471075,-0.020803078104097286,0.05232795550429623,-0.018934684131853327,0.05232795550429623,0.032476251672323896
2009-03-09,-0.020672073116133442,-0.015607463773500368,-0.01681969998352379,0.0,0.056065666611745966,0.0,0.05232795550429623,-0.01781803471471075,-0.020803078104097286,0.05232795550429623,-0.018934684131853327,0.05232795550429623,0.032476251672323896
2009-03-10,-0.020672073116133442,-0.015607463773500368,-0.01681969998352379,0.0,0.056065666611745966,0.0,0.05232795550429623,-0.01781803471471075,-0.020803078104097286,0.05232795550429623,-0.018934684131853327,0.05232795550429623,0.032476251672323896
2009-03-11,-0.020672073116133442,-0.015607463773500368,-0.01681969998352379,0.0,0.056065666611745966,0.0,0.05232795550429623,-0.01781803471471075,-0.020803078104097286,0.05232795550429623,-0.018934684131853327,0.05232795550429623,0.032476251672323896
2009-03-12,-0.020672073116133442,-0.015607463773500368,-0.01681969998352379,0.0,0.056065666611745966,0.0,0.05232795550429623,-0.01781803471471075,-0.020803078104097286,0.05232795550429623,-0.018934684131853327,0.05232795550429623,0.032476251672323896
2009-03-13,-0.020672073116133442,-0.015607463773500368,-0.01681969998352379,0.0,0.056065666611745966,0.0,0.05232795550429623,-0.01781803471471075,-0.020803078104097286,0.05232795550429623,-0.018934684131853327,0.05232795550429623,0.032476251672323896
2009-03-16,-0.020672073116133442,-0.015607463773500368,-0.01681969998352379,0.0,0.056065666611745966,0.0,0.05232795550429623,-0.01781803471471075,-0.020803078104097286,0.05232795550429623,-0.018934684131853327,0.05232795550429623,0.032476251672323896
2009-03-17,-0.020672073116133442,-0.015607463773500368,-0.01681969998352379,0.0,0.056065666611745966,0.0,0.05232795550429623,-0.01781803471471075,-0.020803078104097286,0.05232795550429623,-0.018934684131853327,0.05232795550429623,0.032476251672323896
2009-03-18,-0.020672073116133442,-0.015607463773500368,-0.01681969998352379,0.0,0.056065666611745966,0.0,0.05232795550429623,-0.01781803471471075,-0.020803078104097286,0.05232795550429623,-0.018934684131853327,0.05232795550429623,0.032476251672323896
2009-03-19,-0.020672073116133442,-0.015607463773500368,-0.01681969998352379,0.0,0.056065666611745966,0.0,0.05232795550429623,-0.01781803471471075,-0.020803078104097286,0.05232795550429623,-0.018934684131853327,0.05232795550429623,0.032476251672323896
2009-03-20,-0.020672073116133442,-0.015607463773500368,-0.01681969998352379,0.0,0.056065666611745966,0.0,0.05232795550429623,-0.01781803471471075,-0.020803078104097286,0.05232795550429623,-0.018934684131853327,0.05232795550429623,0.032476251672323896
2009-03-23,-0.020672073116133442,-0.015607463773500368,-0.01681969998352379,0.0,0.056065666611745966,0.0,0.05232795550429623,-0.01781803471471075,-0.020803078104097286,0.05232795550429623,-0.018934684131853327,0.05232795550429623,0.032476251672323896
2009-03-24,-0.020672073116133442,-0.015607463773500368,-0.01681969998352379,0.0,0.056065666611745966,0.0,0.05232795550429623,-0.01781803471471075,-0.020803078104097286,0.05232795550429623,-0.018934684131853327,0.05232795550429623,0.032476251672323896
2009-03-25,-0.020672073116133442,-0.015607463773500368,-0.01681969998352379,0.0,0.056065666611745966,0.0,0.05232795550429623,-0.01781803471471075,-0.020803078104097286,0.05232795550429623,-0.018934684131853327,0.05232795550429623,0.032476251672323896
2009-03-26,-0.020672073116133442,-0.015607463773500368,-0.01681969998352379,0.0,0.056065666611745966,0.0,0.05232795550429623,-0.01781803471471075,-0.020803078104097286,0.05232795550429623,-0.018934684131853327,0.05232795550429623,0.032476251672323896
2009-03-27,-0.020672073116133442,-0.015607463773500368,-0.01681969998352379,0.0,0.056065666611745966,0.0,0.05232795550429623,-0.01781803471471075,-0.020803078104097286,0.05232795550429623,-0.018934684131853327,0.05232795550429623,0.032476251672323896
2009-03-30,-0.020672073116133442,-0.015607463773500368,-0.01681969998352379,0.0,0.056065666611745966,0.0,0.05232795550429623,-0.01781803471471075,-0.020803078104097286,0.05232795550429623,-0.018934684131853327,0.05232795550429623,0.032476251672323896
2009-03-31,-0.02087849358092957,-0.01771540101055776,-0.027301387647598853,-0.01925429004855536,0.03384789377879892,0.0,0.07311803077313048,-0.02701375769336458,-0.025852342973388082,0.07311803077313048,-0.030645554485840956,0.043121732516958666,0.0514659116979546
2009-04-01,-0.021084914045725697,-0.019823338247615157,-0.037783075311673915,-0.03850858009711072,0.011630120945851866,0.0,0.09390810604196471,-0.03620948067201841,-0.030901607842678883,0.09390810604196471,-0.042356424839828585,0.03391550952962109,0.0704555717235853
2009-04-02,-0.02119296695405852,-0.020926759603012574,-0.04326982216818441,-0.04858743560053644,0.0,0.0,0.10479088406242185,-0.041023076131402145,-0.03354469729899067,0.10479088406242185,-0.04848659997583934,0.029096417733055293,0.08039590392876425
2009-04-03,-0.02119296695405852,-0.020926759603012574,-0.04326982216818441,-0.04858743560053644,0.0,0.0,0.10479088406242185,-0.041023076131402145,-0.03354469729899067,0.10479088406242185,-0.04848659997583934,0.029096417733055293,0.08039590392876425
2009-04-06,-0.02119296695405852,-0.020926759603012574,-0.04326982216818441,-0.04858743560053644,0.0,0.0,0.10479088406242185,-0.041023076131402145,-0.03354469729899067,0.10479088406242185,-0.04848659997583934,0.029096417733055293,0.08039590392876425
2009-04-07,-0.02119296695405852,-0.020926759603012574,-0.04326982216818441,-0.04858743560053644,0.0,0.0,0.10479088406242185,-0.041023076131402145,-0.03354469729899067,0.10479088406242185,-0.04848659997583934,0.029096417733055293,0.08039590392876425
2009-04-08,-0.02119296695405852,-0.020926759603012574,-0.04326982216818441,-0.04858743560053644,0.0,0.0,0.10479088406242185,-0.041023076131402145,-0.03354469729899067,0.10479088406242185,-0.04848659997583934,0.029096417733055293,0.08039590392876425
2009-04-09,-0.02119296695405852,-0.020926759603012574,-0.04326982216818441,-0.04858743560053644,0.0,0.0,0.10479088406242185,-0.041023076131402145,-0.03354469729899067,0.10479088406242185,-0.04848659997583934,0.029096417733055293,0.08039590392876425
2009-04-13,-0.02119296695405852,-0.020926759603012574,-0.04326982216818441,-0.04858743560053644,0.0,0.0,0.10479088406242185,-0.041023076131402145,-0.03354469729899067,0.10479088406242185,-0.04848659997583934,0.029096417733055293,0.08039590392876425
2009-04-14,-0.02119296695405852,-0.020926759603012574,-0.04326982216818441,-0.04858743560053644,0.0,0.0,0.10479088406242185,-0.041023076131402145,-0.03354469729899067,0.10479088406242185,-0.04848659997583934,0.029096417733055293,0.08039590392876425
2009-04-15,-0.02119296695405852,-0.020926759603012574,-0.04326982216818441,-0.04858743560053644,0.0,0.0,0.10479088406242185,-0.041023076131402145,-0.03354469729899067,0.10479088406242185,-0.04848659997583934,0.029096417733055293,0.08039590392876425
2009-04-16,-0.02119296695405852,-0.020926759603012574,-0.04326982216818441,-0.04858743560053644,0.0,0.0,0.10479088406242185,-0.041023076131402145,-0.03354469729899067,0.10479088406242185,-0.04848659997583934,0.029096417733055293,0.08039590392876425
2009-04-17,-0.02119296695405852,-0.020926759603012574,-0.04326982216818441,-0.04858743560053644,0.0,0.0,0.10479088406242185,-0.041023076131402145,-0.03354469729899067,0.10479088406242185,-0.04848659997583934,0.029096417733055293,0.08039590392876425
2009-04-20,-0.02119296695405852,-0.020926759603012574,-0.04326982216818441,-0.04858743560053644,0.0,0.0,0.10479088406242185,-0.041023076131402145,-0.03354469729899067,0.10479088406242185,-0.04848659997583934,0.029096417733055293,0.08039590392876425
2009-04-21,-0.02119296695405852,-0.020926759603012574,-0.04326982216818441,-0.04858743560053644,0.0,0.0,0.10479088406242185,-0.041023076131402145,-0.03354469729899067,0.10479088406242185,-0.04848659997583934,0.029096417733055293,0.08039590392876425
2009-04-22,-0.02119296695405852,-0.020926759603012574,-0.04326982216818441,-0.04858743560053644,0.0,0.0,0.10479088406242185,-0.041023076131402145,-0.03354469729899067,0.10479088406242185,-0.04848659997583934,0.029096417733055293,0.08039590392876425
2009-04-23,-0.02119296695405852,-0.020926759603012574,-0.04326982216818441,-0.04858743560053644,0.0,0.0,0.10479088406242185,-0.041023076131402145,-0.03354469729899067,0.10479088406242185,-0.04848659997583934,0.029096417733055293,0.08039590392876425
2009-04-24,-0.02119296695405852,-0.020926759603012574,-0.04326982216818441,-0.04858743560053644,0.0,0.0,0.10479088406242185,-0.041023076131402145,-0.03354469729899067,0.10479088406242185,-0.04848659997583934,0.029096417733055293,0.08039590392876425
2009-04-27,-0.02119296695405852,-0.020926759603012574,-0.04326982216818441,-0.04858743560053644,0.0,0.0,0.10479088406242185,-0.041023076131402145,-0.03354469729899067,0.10479088406242185,-0.04848659997583934,0.029096417733055293,0.08039590392876425
2009-04-28,-0.02119296695405852,-0.020926759603012574,-0.04326982216818441,-0.04858743560053644,0.0,0.0,0.10479088406242185,-0.041023076131402145,-0.03354469729899067,0.10479088406242185,-0.04848659997583934,0.029096417733055293,0.08039590392876425
2009-04-29,-0.02119296695405852,-0.020926759603012574,-0.04326982216818441,-0.04858743560053644,0.0,0.0,0.10479088406242185,-0.041023076131402145,-0.03354469729899067,0.10479088406242185,-0.04848659997583934,0.029096417733055293,0.08039590392876425
2009-04-30,-0.02262932535385859,-0.011289690694278867,-0.03309237260570295,-0.026212233999155975,0.0,0.015143690767652998,0.10960483810980493,-0.031425881266361436,-0.01809688953870805,0.10960483810980493,-0.0388529673564032,0.03899665380031969,0.043372452575603
2009-05-01,-0.02406568375365866,-0.0016526217855451619,-0.022914923043221486,-0.003837032397775511,0.0,0.030287381535305996,0.114418792157188,-0.02182868640132072,-0.002649081778425426,0.114418792157188,-0.02921933473696707,0.048896889867584094,0.006349001222441759
2009-05-04,-0.024311999018791726,0.0,-0.021169633575279515,0.0,0.0,0.03288431152648844,0.11524431757458008,-0.020182902453494567,0.0,0.11524431757458008,-0.027567302226709695,0.05059464111972814,0.0
2009-05-05,-0.024311999018791726,0.0,-0.021169633575279515,0.0,0.0,0.03288431152648844,0.11524431757458008,-0.020182902453494567,0.0,0.11524431757458008,-0.027567302226709695,0.05059464111972814,0.0
2009-05-06,-0.024311999018791726,0.0,-0.021169633575279515,0.0,0.0,0.03288431152648844,0.11524431757458008,-0.020182902453494567,0.0,0.11524431757458008,-0.027567302226709695,0.05059464111972814,0.0
2009-05-07,-0.024311999018791726,0.0,-0.021169633575279515,0.0,0.0,0.03288431152648844,0.11524431757458008,-0.020182902453494567,0.0,0.11524431757458008,-0.027567302226709695,0.05059464111972814,0.0
2009-05-08,-0.024311999018791726,0.0,-0.021169633575279515,0.0,0.0,0.03288431152648844,0.11524431757458008,-0.020182902453494567,0.0,0.11524431757458008,-0.027567302226709695,0.05059464111972814,0.0
2009-05-11,-0.024311999018791726,0.0,-0.021169633575279515,0.0,0.0,0.03288431152648844,0.11524431757458008,-0.020182902453494567,0.0,0.11524431757458008,-0.027567302226709695,0.05059464111972814,0.0
2009-05-12,-0.024311999018791726,0.0,-0.021169633575279515,0.0,0.0,0.03288431152648844,0.11524431757458008,-0.020182902453494567,0.0,0.11524431757458008,-0.027567302226709695,0.05059464111972814,0.0
2009-05-13,-0.024311999018791726,0.0,-0.021169633575279515,0.0,0.0,0.03288431152648844,0.11524431757458008,-0.020182902453494567,0.0,0.11524431757458008,-0.027567302226709695,0.05059464111972814,0.0
2009-05-14,-0.024311999018791726,0.0,-0.021169633575279515,0.0,0.0,0.03288431152648844,0.11524431757458008,-0.020182902453494567,0.0,0.11524431757458008,-0.027567302226709695,0.05059464111972814,0.0
2009-05-15,-0.024311999018791726,0.0,-0.021169633575279515,0.0,0.0,0.03288431152648844,0.11524431757458008,-0.020182902453494567,0.0,0.11524431757458008,-0.027567302226709695,0.05059464111972814,0.0
2009-05-18,-0.024311999018791726,0.0,-0.021169633575279515,0.0,0.0,0.03288431152648844,0.11524431757458008,-0.020182902453494567,0.0,0.11524431757458008,-0.027567302226709695,0.05059464111972814,0.0
2009-05-19,-0.024311999018791726,0.0,-0.021169633575279515,0.0,0.0,0.03288431152648844,0.11524431757458008,-0.020182902453494567,0.0,0.11524431757458008,-0.027567302226709695,0.05059464111972814,0.0
2009-05-20,-0.024311999018791726,0.0,-0.021169633575279515,0.0,0.0,0.03288431152648844,0.11524431757458008,-0.020182902453494567,0.0,0.11524431757458008,-0.027567302226709695,0.05059464111972814,0.0
2009-05-21,-0.024311999018791726,0.0,-0.021169633575279515,0.0,0.0,0.03288431152648844,0.11524431757458008,-0.020182902453494567,0.0,0.11524431757458008,-0.027567302226709695,0.05059464111972814,0.0
2009-05-22,-0.024311999018791726,0.0,-0.021169633575279515,0.0,0.0,0.03288431152648844,0.11524431757458008,-0.020182902453494567,0.0,0.11524431757458008,-0.027567302226709695,0.05059464111972814,0.0
2009-05-26,-0.024311999018791726,0.0,-0.021169633575279515,0.0,0.0,0.03288431152648844,0.11524431757458008,-0.020182902453494567,0.0,0.11524431757458008,-0.027567302226709695,0.05059464111972814,0.0
2009-05-27,-0.024311999018791726,0.0,-0.021169633575279515,0.0,0.0,0.03288431152648844,0.11524431757458008,-0.020182902453494567,0.0,0.11524431757458008,-0.027567302226709695,0.05059464111972814,0.0
2009-05-28,-0.024311999018791726,0.0,-0.021169633575279515,0.0,0.0,0.03288431152648844,0.11524431757458008,-0.020182902453494567,0.0,0.11524431757458008,-0.027567302226709695,0.05059464111972814,0.0
2009-05-29,-0.024311999018791726,0.0,-0.021169633575279515,0.0,0.0,0.03288431152648844,0.11524431757458008,-0.020182902453494567,0.0,0.11524431757458008,-0.027567302226709695,0.05059464111972814,0.0
2009-06-01,-0.024311999018791726,0.0,-0.021169633575279515,0.0,0.0,0.03288431152648844,0.11524431757458008,-0.020182902453494567,0.0,0.11524431757458008,-0.027567302226709695,0.05059464111972814,0.0
2009-06-02,-0.024311999018791726,0.0,-0.021169633575279515,0.0,0.0,0.03288431152648844,0.11524431757458008,-0.020182902453494567,0.0,0.11524431757458008,-0.027567302226709695,0.05059464111972814,0.0
2009-06-03,-0.024311999018791726,0.0,-0.021169633575279515,0.0,0.0,0.03288431152648844,0.11524431757458008,-0.020182902453494567,0.0,0.11524431757458008,-0.027567302226709695,0.05059464111972814,0.0
2009-06-04,-0.024311999018791726,0.0,-0.021169633575279515,0.0,0.0,0.03288431152648844,0.11524431757458008,-0.020182902453494567,0.0,0.11524431757458008,-0.027567302226709695,0.05059464111972814,0.0
2009-06-05,-0.024311999018791726,0.0,-0.021169633575279515,0.0,0.0,0.03288431152648844,0.11524431757458008,-0.020182902453494567,0.0,0.11524431757458008,-0.027567302226709695,0.05059464111972814,0.0
2009-06-08,-0.024311999018791726,0.0,-0.021169633575279515,0.0,0.0,0.03288431152648844,0.11524431757458008,-0.020182902453494567,0.0,0.11524431757458008,-0.027567302226709695,0.05059464111972814,0.0
2009-06-09,-0.024311999018791726,0.0,-0.021169633575279515,0.0,0.0,0.03288431152648844,0.11524431757458008,-0.020182902453494567,0.0,0.11524431757458008,-0.027567302226709695,0.05059464111972814,0.0
2009-06-10,-0.024311999018791726,0.0,-0.021169633575279515,0.0,0.0,0.03288431152648844,0.11524431757458008,-0.020182902453494567,0.0,0.11524431757458008,-0.027567302226709695,0.05059464111972814,0.0
2009-06-11,-0.024311999018791726,0.0,-0.021169633575279515,0.0,0.0,0.03288431152648844,0.11524431757458008,-0.020182902453494567,0.0,0.11524431757458008,-0.027567302226709695,0.05059464111972814,0.0
2009-06-12,-0.024311999018791726,0.0,-0.021169633575279515,0.0,0.0,0.03288431152648844,0.11524431757458008,-0.020182902453494567,0.0,0.11524431757458008,-0.027567302226709695,0.05059464111972814,0.0
2009-06-15,-0.024311999018791726,0.0,-0.021169633575279515,0.0,0.0,0.03288431152648844,0.11524431757458008,-0.020182902453494567,0.0,0.11524431757458008,-0.027567302226709695,0.05059464111972814,0.0
2009-06-16,-0.024311999018791726,0.0,-0.021169633575279515,0.0,0.0,0.03288431152648844,0.11524431757458008,-0.020182902453494567,0.0,0.11524431757458008,-0.027567302226709695,0.05059464111972814,0.0
2009-06-17,-0.024311999018791726,0.0,-0.021169633575279515,0.0,0.0,0.03288431152648844,0.11524431757458008,-0.020182902453494567,0.0,0.11524431757458008,-0.027567302226709695,0.05059464111972814,0.0
2009-06-18,-0.024311999018791726,0.0,-0.021169633575279515,0.0,0.0,0.03288431152648844,0.11524431757458008,-0.020182902453494567,0.0,0.11524431757458008,-0.027567302226709695,0.05059464111972814,0.0
2009-06-19,-0.024311999018791726,0.0,-0.021169633575279515,0.0,0.0,0.03288431152648844,0.11524431757458008,-0.020182902453494567,0.0,0.11524431757458008,-0.027567302226709695,0.05059464111972814,0.0
2009-06-22,-0.024311999018791726,0.0,-0.021169633575279515,0.0,0.0,0.03288431152648844,0.11524431757458008,-0.020182902453494567,0.0,0.11524431757458008,-0.027567302226709695,0.05059464111972814,0.0
2009-06-23,-0.024311999018791726,0.0,-0.021169633575279515,0.0,0.0,0.03288431152648844,0.11524431757458008,-0.020182902453494567,0.0,0.11524431757458008,-0.027567302226709695,0.05059464111972814,0.0
2009-06-24,-0.024311999018791726,0.0,-0.021169633575279515,0.0,0.0,0.03288431152648844,0.11524431757458008,-0.020182902453494567,0.0,0.11524431757458008,-0.027567302226709695,0.05059464111972814,0.0
2009-06-25,-0.024311999018791726,0.0,-0.021169633575279515,0.0,0.0,0.03288431152648844,0.11524431757458008,-0.020182902453494567,0.0,0.11524431757458008,-0.027567302226709695,0.05059464111972814,0.0
2009-06-26,-0.024311999018791726,0.0,-0.021169633575279515,0.0,0.0,0.03288431152648844,0.11524431757458008,-0.020182902453494567,0.0,0.11524431757458008,-0.027567302226709695,0.05059464111972814,0.0
2009-06-29,-0.024311999018791726,0.0,-0.021169633575279515,0.0,0.0,0.03288431152648844,0.11524431757458008,-0.020182902453494567,0.0,0.11524431757458008,-0.027567302226709695,0.05059464111972814,0.0
2009-06-30,-0.018602428240685545,0.0,-0.016198034113170025,0.0,0.02877136170078497,0.02516156918824406,0.08817967400257189,-0.015443032647775596,0.0,0.14689112316902075,-0.0210932371733513,0.017695299424499406,0.0
2009-07-01,-0.012892857462579364,0.0,-0.011226434651060536,0.0,0.057542723401569934,0.017438826849999683,0.0611150304305637,-0.010703162842056626,0.0,0.17853792876346142,-0.014619172119992904,-0.015204042270729322,0.0
2009-07-02,-0.0071832866844731835,0.0,-0.006254835188951045,0.0,0.0863140851023549,0.009716084511755305,0.0340503868585555,-0.0059632930363376566,0.0,0.2101847343579021,-0.008145107066634507,-0.048103383965958056,0.0
2009-07-06,-0.0014737159063670027,0.0,-0.0012832357268415555,0.0,0.11508544680313987,0.0019933421735109256,0.006985743286547306,-0.0012234232306186877,0.0,0.2418315399523428,-0.0016710420132761113,-0.08100272566118678,0.0
2009-07-07,0.0,0.0,0.0,0.0,0.12251171666371759,0.0,0.0,0.0,0.0,0.25,0.0,-0.08949448188061727,0.0
2009-07-08,0.0,0.0,0.0,0.0,0.12251171666371759,0.0,0.0,0.0,0.0,0.25,0.0,-0.08949448188061727,0.0
2009-07-09,0.0,0.0,0.0,0.0,0.12251171666371759,0.0,0.0,0.0,0.0,0.25,0.0,-0.08949448188061727,0.0
2009-07-10,0.0,0.0,0.0,0.0,0.12251171666371759,0.0,0.0,0.0,0.0,0.25,0.0,-0.08949448188061727,0.0
2009-07-13,0.0,0.0,0.0,0.0,0.12251171666371759,0.0,0.0,0.0,0.0,0.25,0.0,-0.08949448188061727,0.0
2009-07-14,0.0,0.0,0.0,0.0,0.12251171666371759,0.0,0.0,0.0,0.0,0.25,0.0,-0.08949448188061727,0.0
2009-07-15,0.0,0.0,0.0,0.0,0.12251171666371759,0.0,0.0,0.0,0.0,0.25,0.0,-0.08949448188061727,0.0
2009-07-16,0.0,0.0,0.0,0.0,0.12251171666371759,0.0,0.0,0.0,0.0,0.25,0.0,-0.08949448188061727,0.0
2009-07-17,0.0,0.0,0.0,0.0,0.12251171666371759,0.0,0.0,0.0,0.0,0.25,0.0,-0.08949448188061727,0.0
2009-07-20,0.0,0.0,0.0,0.0,0.12251171666371759,0.0,0.0,0.0,0.0,0.25,0.0,-0.08949448188061727,0.0
2009-07-21,0.0,0.0,0.0,0.0,0.12251171666371759,0.0,0.0,0.0,0.0,0.25,0.0,-0.08949448188061727,0.0
2009-07-22,0.0,0.0,0.0,0.0,0.12251171666371759,0.0,0.0,0.0,0.0,0.25,0.0,-0.08949448188061727,0.0
2009-07-23,0.0,0.0,0.0,0.0,0.12251171666371759,0.0,0.0,0.0,0.0,0.25,0.0,-0.08949448188061727,0.0
2009-07-24,0.0,0.0,0.0,0.0,0.12251171666371759,0.0,0.0,0.0,0.0,0.25,0.0,-0.08949448188061727,0.0
2009-07-27,0.0,0.0,0.0,0.0,0.12251171666371759,0.0,0.0,0.0,0.0,0.25,0.0,-0.08949448188061727,0.0
2009-07-28,0.0,0.0,0.0,0.0,0.12251171666371759,0.0,0.0,0.0,0.0,0.25,0.0,-0.08949448188061727,0.0
2009-07-29,0.0,0.0,0.0,0.0,0.12251171666371759,0.0,0.0,0.0,0.0,0.25,0.0,-0.08949448188061727,0.0
2009-07-30,0.0,0.0,0.0,0.0,0.12251171666371759,0.0,0.0,0.0,0.0,0.25,0.0,-0.08949448188061727,0.0
2009-07-31,0.0,0.050756848084307596,0.0,0.0,0.17564400501517197,0.0,0.0,0.0,0.0,0.25,0.0,-0.043383618316379276,0.0
2009-08-03,0.0,0.09851166233029052,0.0,0.0,0.22563376317496137,0.0,0.0,0.0,0.0,0.25,0.0,0.0,0.0
2009-08-04,0.0,0.09851166233029052,0.0,0.0,0.22563376317496137,0.0,0.0,0.0,0.0,0.25,0.0,0.0,0.0
2009-08-05,0.0,0.09851166233029052,0.0,0.0,0.22563376317496137,0.0,0.0,0.0,0.0,0.25,0.0,0.0,0.0
2009-08-06,0.0,0.09851166233029052,0.0,0.0,0.22563376317496137,0.0,0.0,0.0,0.0,0.25,0.0,0.0,0.0
2009-08-07,0.0,0.09851166233029052,0.0,0.0,0.22563376317496137,0.0,0.0,0.0,0.0,0.25,0.0,0.0,0.0
2009-08-10,0.0,0.09851166233029052,0.0,0.0,0.22563376317496137,0.0,0.0,0.0,0.0,0.25,0.0,0.0,0.0
2009-08-11,0.0,0.09851166233029052,0.0,0.0,0.22563376317496137,0.0,0.0,0.0,0.0,0.25,0.0,0.0,0.0
2009-08-12,0.0,0.09851166233029052,0.0,0.0,0.22563376317496137,0.0,0.0,0.0,0.0,0.25,0.0,0.0,0.0
2009-08-13,0.0,0.09851166233029052,0.0,0.0,0.22563376317496137,0.0,0.0,0.0,0.0,0.25,0.0,0.0,0.0
2009-08-14,0.0,0.09851166233029052,0.0,0.0,0.22563376317496137,0.0,0.0,0.0,0.0,0.25,0.0,0.0,0.0
2009-08-17,0.0,0.09851166233029052,0.0,0.0,0.22563376317496137,0.0,0.0,0.0,0.0,0.25,0.0,0.0,0.0
2009-08-18,0.0,0.09851166233029052,0.0,0.0,0.22563376317496137,0.0,0.0,0.0,0.0,0.25,0.0,0.0,0.0
2009-08-19,0.0,0.09851166233029052,0.0,0.0,0.22563376317496137,0.0,0.0,0.0,0.0,0.25,0.0,0.0,0.0
2009-08-20,0.0,0.09851166233029052,0.0,0.0,0.22563376317496137,0.0,0.0,0.0,0.0,0.25,0.0,0.0,0.0
2009-08-21,0.0,0.09851166233029052,0.0,0.0,0.22563376317496137,0.0,0.0,0.0,0.0,0.25,0.0,0.0,0.0
2009-08-24,0.0,0.09851166233029052,0.0,0.0,0.22563376317496137,0.0,0.0,0.0,0.0,0.25,0.0,0.0,0.0
2009-08-25,0.0,0.09851166233029052,0.0,0.0,0.22563376317496137,0.0,0.0,0.0,0.0,0.25,0.0,0.0,0.0
2009-08-26,0.0,0.09851166233029052,0.0,0.0,0.22563376317496137,0.0,0.0,0.0,0.0,0.25,0.0,0.0,0.0
2009-08-27,0.0,0.09851166233029052,0.0,0.0,0.22563376317496137,0.0,0.0,0.0,0.0,0.25,0.0,0.0,0.0
2009-08-28,0.0,0.09851166233029052,0.0,0.0,0.22563376317496137,0.0,0.0,0.0,0.0,0.25,0.0,0.0,0.0
2009-08-31,0.0,0.10129989668479447,0.0,0.0,0.23247439572001038,0.0,0.07018556655022352,0.0,0.0,0.25,0.0,0.0,-0.07018556655022352
2009-09-01,0.0,0.10408813103929843,0.0,0.0,0.2393150282650594,0.0,0.14037113310044702,0.0,0.0,0.25,0.0,0.0,-0.14037113310044702
2009-09-02,0.0,0.10687636539380238,0.0,0.0,0.24615566081010842,0.0,0.21055669965067053,0.0,0.0,0.25,0.0,0.0,-0.21055669965067053
2009-09-03,0.0,0.10844331384908514,0.0,0.0,0.25,0.0,0.25,0.0,0.0,0.25,0.0,0.0,-0.25
2009-09-04,0.0,0.10844331384908514,0.0,0.0,0.25,0.0,0.25,0.0,0.0,0.25,0.0,0.0,-0.25
2009-09-08,0.0,0.10844331384908514,0.0,0.0,0.25,0.0,0.25,0.0,0.0,0.25,0.0,0.0,-0.25
2009-09-09,0.0,0.10844331384908514,0.0,0.0,0.25,0.0,0.25,0.0,0.0,0.25,0.0,0.0,-0.25
2009-09-10,0.0,0.10844331384908514,0.0,0.0,0.25,0.0,0.25,0.0,0.0,0.25,0.0,0.0,-0.25
2009-09-11,0.0,0.10844331384908514,0.0,0.0,0.25,0.0,0.25,0.0,0.0,0.25,0.0,0.0,-0.25
2009-09-14,0.0,0.10844331384908514,0.0,0.0,0.25,0.0,0.25,0.0,0.0,0.25,0.0,0.0,-0.25
2009-09-15,0.0,0.10844331384908514,0.0,0.0,0.25,0.0,0.25,0.0,0.0,0.25,0.0,0.0,-0.25
2009-09-16,0.0,0.10844331384908514,0.0,0.0,0.25,0.0,0.25,0.0,0.0,0.25,0.0,0.0,-0.25
2009-09-17,0.0,0.10844331384908514,0.0,0.0,0.25,0.0,0.25,0.0,0.0,0.25,0.0,0.0,-0.25
2009-09-18,0.0,0.10844331384908514,0.0,0.0,0.25,0.0,0.25,0.0,0.0,0.25,0.0,0.0,-0.25
2009-09-21,0.0,0.10844331384908514,0.0,0.0,0.25,0.0,0.25,0.0,0.0,0.25,0.0,0.0,-0.25
2009-09-22,0.0,0.10844331384908514,0.0,0.0,0.25,0.0,0.25,0.0,0.0,0.25,0.0,0.0,-0.25
2009-09-23,0.0,0.10844331384908514,0.0,0.0,0.25,0.0,0.25,0.0,0.0,0.25,0.0,0.0,-0.25
2009-09-24,0.0,0.10844331384908514,0.0,0.0,0.25,0.0,0.25,0.0,0.0,0.25,0.0,0.0,-0.25
2009-09-25,0.0,0.10844331384908514,0.0,0.0,0.25,0.0,0.25,0.0,0.0,0.25,0.0,0.0,-0.25
2009-09-28,0.0,0.10844331384908514,0.0,0.0,0.25,0.0,0.25,0.0,0.0,0.25,0.0,0.0,-0.25
2009-09-29,0.0,0.10844331384908514,0.0,0.0,0.25,0.0,0.25,0.0,0.0,0.25,0.0,0.0,-0.25
2009-09-30,-0.019017495417883945,0.1169598773905953,0.022503775855448088,0.025777197743447527,0.2443423570112962,0.027618426153693785,0.24618358542154245,0.0,0.027618426153693785,0.24618358542154245,0.0,0.0,-0.2443423570112962
2009-10-01,-0.03803499083576789,0.12547644093210544,0.04500755171089617,0.05155439548689505,0.2386847140225924,0.05523685230738756,0.2423671708430849,0.0,0.05523685230738756,0.2423671708430849,0.0,0.0,-0.2386847140225924
2009-10-02,-0.057052486253651835,0.1339930044736156,0.06751132756634426,0.07733159323034257,0.2330270710338886,0.08285527846108134,0.23855075626462735,0.0,0.08285527846108134,0.23855075626462735,0.0,0.0,-0.2330270710338886
2009-10-05,-0.07606998167153578,0.14250956801512574,0.09001510342179234,0.1031087909737901,0.22736942804518478,0.11047370461477513,0.2347343416861698,0.0,0.11047370461477513,0.2347343416861698,0.0,0.0,-0.22736942804518478
2009-10-06,-0.09508747708941973,0.1510261315566359,0.11251887927724041,0.1288859887172376,0.22171178505648098,0.1380921307684689,0.23091792710771225,0.0,0.1380921307684689,0.23091792710771225,0.0,0.0,-0.22171178505648098
2009-10-07,-0.11410497250730366,0.15954269509814606,0.1350226551326885,0.15466318646068514,0.21605414206777715,0.1657105569221627,0.2271015125292547,0.0,0.1657105569221627,0.2271015125292547,0.0,0.0,-0.21605414206777715
2009-10-08,-0.1331224679251876,0.1680592586396562,0.15752643098813657,0.18044038420413266,0.21039649907907335,0.19332898307585647,0.22328509795079712,0.0,0.19332898307585647,0.22328509795079712,0.0,0.0,-0.21039649907907335
2009-10-09,-0.15124536163494048,0.1761751946471917,0.17897160707125342,0.20500499718679016,0.20500499718679016,0.21964821127156092,0.21964821127156092,0.0,0.21964821127156092,0.21964821127156092,0.0,0.0,-0.20500499718679016
2009-10-12,-0.15124536163494048,0.1761751946471917,0.17897160707125342,0.20500499718679016,0.20500499718679016,0.21964821127156092,0.21964821127156092,0.0,0.21964821127156092,0.21964821127156092,0.0,0.0,-0.20500499718679016
2009-10-13,-0.15124536163494048,0.1761751946471917,0.17897160707125342,0.20500499718679016,0.20500499718679016,0.21964821127156092,0.21964821127156092,0.0,0.21964821127156092,0.21964821127156092,0.0,0.0,-0.20500499718679016
2009-10-14,-0.15124536163494048,0.1761751946471917,0.17897160707125342,0.20500499718679016,0.20500499718679016,0.21964821127156092,0.21964821127156092,0.0,0.21964821127156092,0.21964821127156092,0.0,0.0,-0.20500499718679016
2009-10-15,-0.15124536163494048,0.1761751946471917,0.17897160707125342,0.20500499718679016,0.20500499718679016,0.21964821127156092,0.21964821127156092,0.0,0.21964821127156092,0.21964821127156092,0.0,0.0,-0.20500499718679016
2009-10-16,-0.15124536163494048,0.1761751946471917,0.17897160707125342,0.20500499718679016,0.20500499718679016,0.21964821127156092,0.21964821127156092,0.0,0.21964821127156092,0.21964821127156092,0.0,0.0,-0.20500499718679016
2009-10-19,-0.15124536163494048,0.1761751946471917,0.17897160707125342,0.20500499718679016,0.20500499718679016,0.21964821127156092,0.21964821127156092,0.0,0.21964821127156092,0.21964821127156092,0.0,0.0,-0.20500499718679016
2009-10-20,-0.15124536163494048,0.1761751946471917,0.17897160707125342,0.20500499718679016,0.20500499718679016,0.21964821127156092,0.21964821127156092,0.0,0.21964821127156092,0.21964821127156092,0.0,0.0,-0.20500499718679016
2009-10-21,-0.15124536163494048,0.1761751946471917,0.17897160707125342,0.20500499718679016,0.20500499718679016,0.21964821127156092,0.21964821127156092,0.0,0.21964821127156092,0.21964821127156092,0.0,0.0,-0.20500499718679016
2009-10-22,-0.15124536163494048,0.1761751946471917,0.17897160707125342,0.20500499718679016,0.20500499718679016,0.21964821127156092,0.21964821127156092,0.0,0.21964821127156092,0.21964821127156092,0.0,0.0,-0.20500499718679016
2009-10-23,-0.15124536163494048,0.1761751946471917,0.17897160707125342,0.20500499718679016,0.20500499718679016,0.21964821127156092,0.21964821127156092,0.0,0.21964821127156092,0.21964821127156092,0.0,0.0,-0.20500499718679016
2009-10-26,-0.15124536163494048,0.1761751946471917,0.17897160707125342,0.20500499718679016,0.20500499718679016,0.21964821127156092,0.21964821127156092,0.0,0.21964821127156092,0.21964821127156092,0.0,0.0,-0.20500499718679016
2009-10-27,-0.15124536163494048,0.1761751946471917,0.17897160707125342,0.20500499718679016,0.20500499718679016,0.21964821127156092,0.21964821127156092,0.0,0.21964821127156092,0.21964821127156092,0.0,0.0,-0.20500499718679016
2009-10-28,-0.15124536163494048,0.1761751946471917,0.17897160707125342,0.20500499718679016,0.20500499718679016,0.21964821127156092,0.21964821127156092,0.0,0.21964821127156092,0.21964821127156092,0.0,0.0,-0.20500499718679016
2009-10-29,-0.15124536163494048,0.1761751946471917,0.17897160707125342,0.20500499718679016,0.20500499718679016,0.21964821127156092,0.21964821127156092,0.0,0.21964821127156092,0.21964821127156092,0.0,0.0,-0.20500499718679016
2009-10-30,-0.15124536163494048,0.1761751946471917,0.17897160707125342,0.20500499718679016,0.20500499718679016,0.21964821127156092,0.21964821127156092,0.0,0.21964821127156092,0.21964821127156092,0.0,0.0,-0.20500499718679016
2009-11-02,-0.15124536163494048,0.1761751946471917,0.17897160707125342,0.20500499718679016,0.20500499718679016,0.21964821127156092,0.21964821127156092,0.0,0.21964821127156092,0.21964821127156092,0.0,0.0,-0.20500499718679016
2009-11-03,-0.15124536163494048,0.1761751946471917,0.17897160707125342,0.20500499718679016,0.20500499718679016,0.21964821127156092,0.21964821127156092,0.0,0.21964821127156092,0.21964821127156092,0.0,0.0,-0.20500499718679016
2009-11-04,-0.15124536163494048,0.1761751946471917,0.17897160707125342,0.20500499718679016,0.20500499718679016,0.21964821127156092,0.21964821127156092,0.0,0.21964821127156092,0.21964821127156092,0.0,0.0,-0.20500499718679016
2009-11-05,-0.15124536163494048,0.1761751946471917,0.17897160707125342,0.20500499718679016,0.20500499718679016,0.21964821127156092,0.21964821127156092,0.0,0.21964821127156092,0.21964821127156092,0.0,0.0,-0.20500499718679016
2009-11-06,-0.15124536163494048,0.1761751946471917,0.17897160707125342,0.20500499718679016,0.20500499718679016,0.21964821127156092,0.21964821127156092,0.0,0.21964821127156092,0.21964821127156092,0.0,0.0,-0.20500499718679016
2009-11-09,-0.15124536163494048,0.1761751946471917,0.17897160707125342,0.20500499718679016,0.20500499718679016,0.21964821127156092,0.21964821127156092,0.0,0.21964821127156092,0.21964821127156092,0.0,0.0,-0.20500499718679016
2009-11-10,-0.15124536163494048,0.1761751946471917,0.17897160707125342,0.20500499718679016,0.20500499718679016,0.21964821127156092,0.21964821127156092,0.0,0.21964821127156092,0.21964821127156092,0.0,0.0,-0.20500499718679016
2009-11-11,-0.15124536163494048,0.1761751946471917,0.17897160707125342,0.20500499718679016,0.20500499718679016,0.21964821127156092,0.21964821127156092,0.0,0.21964821127156092,0.21964821127156092,0.0,0.0,-0.20500499718679016
2009-11-12,-0.15124536163494048,0.1761751946471917,0.17897160707125342,0.20500499718679016,0.20500499718679016,0.21964821127156092,0.21964821127156092,0.0,0.21964821127156092,0.21964821127156092,0.0,0.0,-0.20500499718679016
2009-11-13,-0.15124536163494048,0.1761751946471917,0.17897160707125342,0.20500499718679016,0.20500499718679016,0.21964821127156092,0.21964821127156092,0.0,0.21964821127156092,0.21964821127156092,0.0,0.0,-0.20500499718679016
2009-11-16,-0.15124536163494048,0.1761751946471917,0.17897160707125342,0.20500499718679016,0.20500499718679016,0.21964821127156092,0.21964821127156092,0.0,0.21964821127156092,0.21964821127156092,0.0,0.0,-0.20500499718679016
2009-11-17,-0.15124536163494048,0.1761751946471917,0.17897160707125342,0.20500499718679016,0.20500499718679016,0.21964821127156092,0.21964821127156092,0.0,0.21964821127156092,0.21964821127156092,0.0,0.0,-0.20500499718679016
2009-11-18,-0.15124536163494048,0.1761751946471917,0.17897160707125342,0.20500499718679016,0.20500499718679016,0.21964821127156092,0.21964821127156092,0.0,0.21964821127156092,0.21964821127156092,0.0,0.0,-0.20500499718679016
2009-11-19,-0.15124536163494048,0.1761751946471917,0.17897160707125342,0.20500499718679016,0.20500499718679016,0.21964821127156092,0.21964821127156092,0.0,0.21964821127156092,0.21964821127156092,0.0,0.0,-0.20500499718679016
2009-11-20,-0.15124536163494048,0.1761751946471917,0.17897160707125342,0.20500499718679016,0.20500499718679016,0.21964821127156092,0.21964821127156092,0.0,0.21964821127156092,0.21964821127156092,0.0,0.0,-0.20500499718679016
2009-11-23,-0.15124536163494048,0.1761751946471917,0.17897160707125342,0.20500499718679016,0.20500499718679016,0.21964821127156092,0.21964821127156092,0.0,0.21964821127156092,0.21964821127156092,0.0,0.0,-0.20500499718679016
2009-11-24,-0.15124536163494048,0.1761751946471917,0.17897160707125342,0.20500499718679016,0.20500499718679016,0.21964821127156092,0.21964821127156092,0.0,0.21964821127156092,0.21964821127156092,0.0,0.0,-0.20500499718679016
2009-11-25,-0.15124536163494048,0.1761751946471917,0.17897160707125342,0.20500499718679016,0.20500499718679016,0.21964821127156092,0.21964821127156092,0.0,0.21964821127156092,0.21964821127156092,0.0,0.0,-0.20500499718679016
2009-11-27,-0.15124536163494048,0.1761751946471917,0.17897160707125342,0.20500499718679016,0.20500499718679016,0.21964821127156092,0.21964821127156092,0.0,0.21964821127156092,0.21964821127156092,0.0,0.0,-0.20500499718679016
2009-11-30,-0.1209060920551304,0.16237984124996657,0.16704407327891088,0.20170435667425135,0.20126687893811307,0.21595556867379137,0.18729778055159005,0.012134776146344972,0.20837044922431017,0.21595556867379137,0.020450189847761813,0.0,-0.20170435667425135
2009-12-01,-0.09056682247532032,0.14858448785274145,0.15511653948656834,0.19840371616171254,0.19752876068943598,0.21226292607602182,0.15494734983161917,0.024269552292689945,0.1970926871770594,0.21226292607602182,0.040900379695523625,0.0,-0.19840371616171254
2009-12-02,-0.06022755289551024,0.13478913445551632,0.14318900569422582,0.19510307564917373,0.1937906424407589,0.20857028347825227,0.12259691911164831,0.03640432843903492,0.18581492512980866,0.20857028347825227,0.06135056954328544,0.0,-0.19510307564917373
2009-12-03,-0.029888283315700166,0.1209937810582912,0.1312614719018833,0.19180243513663492,0.19005252419208177,0.20487764088048271,0.09024648839167745,0.04853910458537988,0.1745371630825579,0.20487764088048271,0.08180075939104725,0.0,-0.19180243513663492
2009-12-04,0.00045098626410991147,0.10719842766106606,0.11933393810954077,0.1885017946240961,0.18631440594340465,0.20118499828271316,0.057896057671706594,0.060673880731724854,0.16325940103530714,0.20118499828271316,0.10225094923880906,0.0,-0.1885017946240961
2009-12-07,0.030790255843919985,0.09340307426384092,0.10740640431719824,0.18520115411155727,0.18257628769472756,0.1974923556849436,0.02554562695173574,0.07280865687806982,0.1519816389880564,0.1974923556849436,0.12270113908657086,0.0,-0.18520115411155727
2009-12-08,0.05474776260427111,0.0825095268300097,0.09798778694697242,0.18259479217576235,0.1796244699860616,0.1945764479777094,0.0,0.08239092387354398,0.143076116072355,0.1945764479777094,0.1388497006147052,0.0,-0.18259479217576235
2009-12-09,0.05474776260427111,0.0825095268300097,0.09798778694697242,0.18259479217576235,0.1796244699860616,0.1945764479777094,0.0,0.08239092387354398,0.143076116072355,0.1945764479777094,0.1388497006147052,0.0,-0.18259479217576235
2009-12-10,0.05474776260427111,0.0825095268300097,0.09798778694697242,0.18259479217576235,0.1796244699860616,0.1945764479777094,0.0,0.08239092387354398,0.143076116072355,0.1945764479777094,0.1388497006147052,0.0,-0.18259479217576235
2009-12-11,0.05474776260427111,0.0825095268300097,0.09798778694697242,0.18259479217576235,0.1796244699860616,0.1945764479777094,0.0,0.08239092387354398,0.143076116072355,0.1945764479777094,0.1388497006147052,0.0,-0.18259479217576235
2009-12-14,0.05474776260427111,0.0825095268300097,0.09798778694697242,0.18259479217576235,0.1796244699860616,0.1945764479777094,0.0,0.08239092387354398,0.143076116072355,0.1945764479777094,0.1388497006147052,0.0,-0.18259479217576235
2009-12-15,0.05474776260427111,0.0825095268300097,0.09798778694697242,0.18259479217576235,0.1796244699860616,0.1945764479777094,0.0,0.08239092387354398,0.143076116072355,0.1945764479777094,0.1388497006147052,0.0,-0.18259479217576235
2009-12-16,0.05474776260427111,0.0825095268300097,0.09798778694697242,0.18259479217576235,0.1796244699860616,0.1945764479777094,0.0,0.08239092387354398,0.143076116072355,0.1945764479777094,0.1388497006147052,0.0,-0.18259479217576235
2009-12-17,0.05474776260427111,0.0825095268300097,0.09798778694697242,0.18259479217576235,0.1796244699860616,0.1945764479777094,0.0,0.08239092387354398,0.143076116072355,0.1945764479777094,0.1388497006147052,0.0,-0.18259479217576235
2009-12-18,0.05474776260427111,0.0825095268300097,0.09798778694697242,0.18259479217576235,0.1796244699860616,0.1945764479777094,0.0,0.08239092387354398,0.143076116072355,0.1945764479777094,0.1388497006147052,0.0,-0.18259479217576235
2009-12-21,0.05474776260427111,0.0825095268300097,0.09798778694697242,0.18259479217576235,0.1796244699860616,0.1945764479777094,0.0,0.08239092387354398,0.143076116072355,0.1945764479777094,0.1388497006147052,0.0,-0.18259479217576235
2009-12-22,0.05474776260427111,0.0825095268300097,0.09798778694697242,0.18259479217576235,0.1796244699860616,0.1945764479777094,0.0,0.08239092387354398,0.143076116072355,0.1945764479777094,0.1388497006147052,0.0,-0.18259479217576235
2009-12-23,0.05474776260427111,0.0825095268300097,0.09798778694697242,0.18259479217576235,0.1796244699860616,0.1945764479777094,0.0,0.08239092387354398,0.143076116072355,0.1945764479777094,0.1388497006147052,0.0,-0.18259479217576235
2009-12-24,0.05474776260427111,0.0825095268300097,0.09798778694697242,0.18259479217576235,0.1796244699860616,0.1945764479777094,0.0,0.08239092387354398,0.143076116072355,0.1945764479777094,0.1388497006147052,0.0,-0.18259479217576235
2009-12-28,0.05474776260427111,0.0825095268300097,0.09798778694697242,0.18259479217576235,0.1796244699860616,0.1945764479777094,0.0,0.08239092387354398,0.143076116072355,0.1945764479777094,0.1388497006147052,0.0,-0.18259479217576235
2009-12-29,0.05474776260427111,0.0825095268300097,0.09798778694697242,0.18259479217576235,0.1796244699860616,0.1945764479777094,0.0,0.08239092387354398,0.143076116072355,0.1945764479777094,0.1388497006147052,0.0,-0.18259479217576235
2009-12-30,0.05474776260427111,0.0825095268300097,0.09798778694697242,0.18259479217576235,0.1796244699860616,0.1945764479777094,0.0,0.08239092387354398,0.143076116072355,0.1945764479777094,0.1388497006147052,0.0,-0.18259479217576235
2009-12-31,0.056997410245102596,0.08023294610572328,0.09265602934974054,0.15592869260495615,0.1533921555540544,0.18713309069705047,-0.025061013590872674,0.08207273976616995,0.1436108978066224,0.1912215638637179,0.1360339412333408,-0.021049520255501625,-0.15592869260495615
2010-01-04,0.05924705788593408,0.07795636538143685,0.08732427175250866,0.12926259303414994,0.12715984112204715,0.17968973341639155,-0.05012202718174535,0.08175455565879593,0.1441456795408898,0.18786667974972643,0.1332181818519764,-0.04209904051100326,-0.12926259303414994
2010-01-05,0.06149670552676556,0.07567978465715043,0.08199251415527678,0.10259649346334372,0.10092752669003992,0.17224637613573263,-0.07518304077261802,0.0814363715514219,0.1446804612751572,0.18451179563573494,0.130402422470612,-0.06314856076650488,-0.10259649346334372
2010-01-06,0.06374635316759704,0.07340320393286401,0.0766607565580449,0.0759303938925375,0.07469521225803269,0.1648030188550737,-0.10024405436349068,0.08111818744404788,0.14521524300942462,0.18115691152174346,0.1275866630892476,-0.0841980810220065,-0.0759303938925375
2010-01-07,0.06599600080842852,0.07112662320857757,0.07132899896081302,0.04926429432173128,0.04846289782602546,0.15735966157441478,-0.12530506795436336,0.08080000333667386,0.14575002474369203,0.17780202740775197,0.1247709037078832,-0.10524760127750814,-0.04926429432173128
2010-01-08,0.06824564844926001,0.06885004248429115,0.06599724136358114,0.02259819475092507,0.02223058339401824,0.14991630429375585,-0.15036608154523604,0.08048181922929984,0.14628480647795944,0.17444714329376046,0.1219551443265188,-0.12629712153300976,-0.02259819475092507
2010-01-11,0.07015211307388497,0.06692075340933584,0.06147884165435333,0.0,0.0,0.14360842874628746,-0.1716040456606231,0.08021217400405815,0.14673800743253185,0.1716040456606231,0.11956892812332576,-0.14413554431712547,0.0
2010-01-12,0.07015211307388497,0.06692075340933584,0.06147884165435333,0.0,0.0,0.14360842874628746,-0.1716040456606231,0.08021217400405815,0.14673800743253185,0.1716040456606231,0.11956892812332576,-0.14413554431712547,0.0
2010-01-13,0.07015211307388497,0.06692075340933584,0.06147884165435333,0.0,0.0,0.14360842874628746,-0.1716040456606231,0.08021217400405815,0.14673800743253185,0.1716040456606231,0.11956892812332576,-0.14413554431712547,0.0
2010-01-14,0.07015211307388497,0.06692075340933584,0.06147884165435333,0.0,0.0,0.14360842874628746,-0.1716040456606231,0.08021217400405815,0.14673800743253185,0.1716040456606231,0.11956892812332576,-0.14413554431712547,0.0
2010-01-15,0.07015211307388497,0.06692075340933584,0.06147884165435333,0.0,0.0,0.14360842874628746,-0.1716040456606231,0.08021217400405815,0.14673800743253185,0.1716040456606231,0.11956892812332576,-0.14413554431712547,0.0
2010-01-19,0.07015211307388497,0.06692075340933584,0.06147884165435333,0.0,0.0,0.14360842874628746,-0.1716040456606231,0.08021217400405815,0.14673800743253185,0.1716040456606231,0.11956892812332576,-0.14413554431712547,0.0
2010-01-20,0.07015211307388497,0.06692075340933584,0.06147884165435333,0.0,0.0,0.14360842874628746,-0.1716040456606231,0.08021217400405815,0.14673800743253185,0.1716040456606231,0.11956892812332576,-0.14413554431712547,0.0
2010-01-21,0.07015211307388497,0.06692075340933584,0.06147884165435333,0.0,0.0,0.14360842874628746,-0.1716040456606231,0.08021217400405815,0.14673800743253185,0.1716040456606231,0.11956892812332576,-0.14413554431712547,0.0
2010-01-22,0.07015211307388497,0.06692075340933584,0.06147884165435333,0.0,0.0,0.14360842874628746,-0.1716040456606231,0.08021217400405815,0.14673800743253185,0.1716040456606231,0.11956892812332576,-0.14413554431712547,0.0
2010-01-25,0.07015211307388497,0.06692075340933584,0.06147884165435333,0.0,0.0,0.14360842874628746,-0.1716040456606231,0.08021217400405815,0.14673800743253185,0.1716040456606231,0.11956892812332576,-0.14413554431712547,0.0
2010-01-26,0.07015211307388497,0.06692075340933584,0.06147884165435333,0.0,0.0,0.14360842874628746,-0.1716040456606231,0.08021217400405815,0.14673800743253185,0.1716040456606231,0.11956892812332576,-0.14413554431712547,0.0
2010-01-27,0.07015211307388497,0.06692075340933584,0.06147884165435333,0.0,0.0,0.14360842874628746,-0.1716040456606231,0.08021217400405815,0.14673800743253185,0.1716040456606231,0.11956892812332576,-0.14413554431712547,0.0
2010-01-28,0.07015211307388497,0.06692075340933584,0.06147884165435333,0.0,0.0,0.14360842874628746,-0.1716040456606231,0.08021217400405815,0.14673800743253185,0.1716040456606231,0.11956892812332576,-0.14413554431712547,0.0
2010-01-29,0.07015211307388497,0.06692075340933584,0.06147884165435333,0.0,0.0,0.14360842874628746,-0.1716040456606231,0.08021217400405815,0.14673800743253185,0.1716040456606231,0.11956892812332576,-0.14413554431712547,0.0
2010-02-01,0.07015211307388497,0.06692075340933584,0.06147884165435333,0.0,0.0,0.14360842874628746,-0.1716040456606231,0.08021217400405815,0.14673800743253185,0.1716040456606231,0.11956892812332576,-0.14413554431712547,0.0
2010-02-02,0.07015211307388497,0.06692075340933584,0.06147884165435333,0.0,0.0,0.14360842874628746,-0.1716040456606231,0.08021217400405815,0.14673800743253185,0.1716040456606231,0.11956892812332576,-0.14413554431712547,0.0
2010-02-03,0.07015211307388497,0.06692075340933584,0.06147884165435333,0.0,0.0,0.14360842874628746,-0.1716040456606231,0.08021217400405815,0.14673800743253185,0.1716040456606231,0.11956892812332576,-0.14413554431712547,0.0
2010-02-04,0.07015211307388497,0.06692075340933584,0.06147884165435333,0.0,0.0,0.14360842874628746,-0.1716040456606231,0.08021217400405815,0.14673800743253185,0.1716040456606231,0.11956892812332576,-0.14413554431712547,0.0
2010-02-05,0.07015211307388497,0.06692075340933584,0.06147884165435333,0.0,0.0,0.14360842874628746,-0.1716040456606231,0.08021217400405815,0.14673800743253185,0.1716040456606231,0.11956892812332576,-0.14413554431712547,0.0
2010-02-08,0.07015211307388497,0.06692075340933584,0.06147884165435333,0.0,0.0,0.14360842874628746,-0.1716040456606231,0.08021217400405815,0.14673800743253185,0.1716040456606231,0.11956892812332576,-0.14413554431712547,0.0
2010-02-09,0.07015211307388497,0.06692075340933584,0.06147884165435333,0.0,0.0,0.14360842874628746,-0.1716040456606231,0.08021217400405815,0.14673800743253185,0.1716040456606231,0.11956892812332576,-0.14413554431712547,0.0
2010-02-10,0.07015211307388497,0.06692075340933584,0.06147884165435333,0.0,0.0,0.14360842874628746,-0.1716040456606231,0.08021217400405815,0.14673800743253185,0.1716040456606231,0.11956892812332576,-0.14413554431712547,0.0
2010-02-11,0.07015211307388497,0.06692075340933584,0.06147884165435333,0.0,0.0,0.14360842874628746,-0.1716040456606231,0.08021217400405815,0.14673800743253185,0.1716040456606231,0.11956892812332576,-0.14413554431712547,0.0
2010-02-12,0.07015211307388497,0.06692075340933584,0.06147884165435333,0.0,0.0,0.14360842874628746,-0.1716040456606231,0.08021217400405815,0.14673800743253185,0.1716040456606231,0.11956892812332576,-0.14413554431712547,0.0
2010-02-16,0.07015211307388497,0.06692075340933584,0.06147884165435333,0.0,0.0,0.14360842874628746,-0.1716040456606231,0.08021217400405815,0.14673800743253185,0.1716040456606231,0.11956892812332576,-0.14413554431712547,0.0
2010-02-17,0.07015211307388497,0.06692075340933584,0.06147884165435333,0.0,0.0,0.14360842874628746,-0.1716040456606231,0.08021217400405815,0.14673800743253185,0.1716040456606231,0.11956892812332576,-0.14413554431712547,0.0
2010-02-18,0.07015211307388497,0.06692075340933584,0.06147884165435333,0.0,0.0,0.14360842874628746,-0.1716040456606231,0.08021217400405815,0.14673800743253185,0.1716040456606231,0.11956892812332576,-0.14413554431712547,0.0
2010-02-19,0.07015211307388497,0.06692075340933584,0.06147884165435333,0.0,0.0,0.14360842874628746,-0.1716040456606231,0.08021217400405815,0.14673800743253185,0.1716040456606231,0.11956892812332576,-0.14413554431712547,0.0
2010-02-22,0.07015211307388497,0.06692075340933584,0.06147884165435333,0.0,0.0,0.14360842874628746,-0.1716040456606231,0.08021217400405815,0.14673800743253185,0.1716040456606231,0.11956892812332576,-0.14413554431712547,0.0
2010-02-23,0.07015211307388497,0.06692075340933584,0.06147884165435333,0.0,0.0,0.14360842874628746,-0.1716040456606231,0.08021217400405815,0.14673800743253185,0.1716040456606231,0.11956892812332576,-0.14413554431712547,0.0
2010-02-24,0.07015211307388497,0.06692075340933584,0.06147884165435333,0.0,0.0,0.14360842874628746,-0.1716040456606231,0.08021217400405815,0.14673800743253185,0.1716040456606231,0.11956892812332576,-0.14413554431712547,0.0
2010-02-25,0.07015211307388497,0.06692075340933584,0.06147884165435333,0.0,0.0,0.14360842874628746,-0.1716040456606231,0.08021217400405815,0.14673800743253185,0.1716040456606231,0.11956892812332576,-0.14413554431712547,0.0
2010-02-26,0.07015211307388497,0.06692075340933584,0.06147884165435333,0.0,0.0,0.14360842874628746,-0.1716040456606231,0.08021217400405815,0.14673800743253185,0.1716040456606231,0.11956892812332576,-0.14413554431712547,0.0
2010-03-01,0.07015211307388497,0.06692075340933584,0.06147884165435333,0.0,0.0,0.14360842874628746,-0.1716040456606231,0.08021217400405815,0.14673800743253185,0.1716040456606231,0.11956892812332576,-0.14413554431712547,0.0
2010-03-02,0.07015211307388497,0.06692075340933584,0.06147884165435333,0.0,0.0,0.14360842874628746,-0.1716040456606231,0.08021217400405815,0.14673800743253185,0.1716040456606231,0.11956892812332576,-0.14413554431712547,0.0
2010-03-03,0.07015211307388497,0.06692075340933584,0.06147884165435333,0.0,0.0,0.14360842874628746,-0.1716040456606231,0.08021217400405815,0.14673800743253185,0.1716040456606231,0.11956892812332576,-0.14413554431712547,0.0
2010-03-04,0.07015211307388497,0.06692075340933584,0.06147884165435333,0.0,0.0,0.14360842874628746,-0.1716040456606231,0.08021217400405815,0.14673800743253185,0.1716040456606231,0.11956892812332576,-0.14413554431712547,0.0
2010-03-05,0.07015211307388497,0.06692075340933584,0.06147884165435333,0.0,0.0,0.14360842874628746,-0.1716040456606231,0.08021217400405815,0.14673800743253185,0.1716040456606231,0.11956892812332576,-0.14413554431712547,0.0
2010-03-08,0.07015211307388497,0.06692075340933584,0.06147884165435333,0.0,0.0,0.14360842874628746,-0.1716040456606231,0.08021217400405815,0.14673800743253185,0.1716040456606231,0.11956892812332576,-0.14413554431712547,0.0
2010-03-09,0.07015211307388497,0.06692075340933584,0.06147884165435333,0.0,0.0,0.14360842874628746,-0.1716040456606231,0.08021217400405815,0.14673800743253185,0.1716040456606231,0.11956892812332576,-0.14413554431712547,0.0
2010-03-10,0.07015211307388497,0.06692075340933584,0.06147884165435333,0.0,0.0,0.14360842874628746,-0.1716040456606231,0.08021217400405815,0.14673800743253185,0.1716040456606231,0.11956892812332576,-0.14413554431712547,0.0
2010-03-11,0.07015211307388497,0.06692075340933584,0.06147884165435333,0.0,0.0,0.14360842874628746,-0.1716040456606231,0.08021217400405815,0.14673800743253185,0.1716040456606231,0.11956892812332576,-0.14413554431712547,0.0
2010-03-12,0.07015211307388497,0.06692075340933584,0.06147884165435333,0.0,0.0,0.14360842874628746,-0.1716040456606231,0.08021217400405815,0.14673800743253185,0.1716040456606231,0.11956892812332576,-0.14413554431712547,0.0
2010-03-15,0.07015211307388497,0.06692075340933584,0.06147884165435333,0.0,0.0,0.14360842874628746,-0.1716040456606231,0.08021217400405815,0.14673800743253185,0.1716040456606231,0.11956892812332576,-0.14413554431712547,0.0
2010-03-16,0.07015211307388497,0.06692075340933584,0.06147884165435333,0.0,0.0,0.14360842874628746,-0.1716040456606231,0.08021217400405815,0.14673800743253185,0.1716040456606231,0.11956892812332576,-0.14413554431712547,0.0
2010-03-17,0.07015211307388497,0.06692075340933584,0.06147884165435333,0.0,0.0,0.14360842874628746,-0.1716040456606231,0.08021217400405815,0.14673800743253185,0.1716040456606231,0.11956892812332576,-0.14413554431712547,0.0
2010-03-18,0.07015211307388497,0.06692075340933584,0.06147884165435333,0.0,0.0,0.14360842874628746,-0.1716040456606231,0.08021217400405815,0.14673800743253185,0.1716040456606231,0.11956892812332576,-0.14413554431712547,0.0
2010-03-19,0.07015211307388497,0.06692075340933584,0.06147884165435333,0.0,0.0,0.14360842874628746,-0.1716040456606231,0.08021217400405815,0.14673800743253185,0.1716040456606231,0.11956892812332576,-0.14413554431712547,0.0
2010-03-22,0.07015211307388497,0.06692075340933584,0.06147884165435333,0.0,0.0,0.14360842874628746,-0.1716040456606231,0.08021217400405815,0.14673800743253185,0.1716040456606231,0.11956892812332576,-0.14413554431712547,0.0
2010-03-23,0.07015211307388497,0.06692075340933584,0.06147884165435333,0.0,0.0,0.14360842874628746,-0.1716040456606231,0.08021217400405815,0.14673800743253185,0.1716040456606231,0.11956892812332576,-0.14413554431712547,0.0
2010-03-24,0.07015211307388497,0.06692075340933584,0.06147884165435333,0.0,0.0,0.14360842874628746,-0.1716040456606231,0.08021217400405815,0.14673800743253185,0.1716040456606231,0.11956892812332576,-0.14413554431712547,0.0
2010-03-25,0.07015211307388497,0.06692075340933584,0.06147884165435333,0.0,0.0,0.14360842874628746,-0.1716040456606231,0.08021217400405815,0.14673800743253185,0.1716040456606231,0.11956892812332576,-0.14413554431712547,0.0
2010-03-26,0.07015211307388497,0.06692075340933584,0.06147884165435333,0.0,0.0,0.14360842874628746,-0.1716040456606231,0.08021217400405815,0.14673800743253185,0.1716040456606231,0.11956892812332576,-0.14413554431712547,0.0
2010-03-29,0.07015211307388497,0.06692075340933584,0.06147884165435333,0.0,0.0,0.14360842874628746,-0.1716040456606231,0.08021217400405815,0.14673800743253185,0.1716040456606231,0.11956892812332576,-0.14413554431712547,0.0
2010-03-30,0.07015211307388497,0.06692075340933584,0.06147884165435333,0.0,0.0,0.14360842874628746,-0.1716040456606231,0.08021217400405815,0.14673800743253185,0.1716040456606231,0.11956892812332576,-0.14413554431712547,0.0
2010-03-31,0.05989751133778523,0.06643942563595964,0.052492069784799734,-0.032728771679037164,0.0,0.1352038787251983,-0.14651953904426793,0.09390640426717063,0.1533729086123832,0.17924831072330508,0.12794566423158438,-0.1446648704068032,0.027180011600906762
2010-04-01,0.04964290960168549,0.06595809786258344,0.04350529791524614,-0.06545754335807433,0.0,0.12679932870410912,-0.12143503242791275,0.10760063453028311,0.16000780979223453,0.18689257578598706,0.136322400339843,-0.14519419649648094,0.054360023201813525
2010-04-05,0.03938830786558575,0.06547677008920724,0.03451852604569255,-0.0981863150371115,0.0,0.11839477868301995,-0.09635052581155756,0.12129486479339559,0.16664271097208588,0.19453684084866907,0.14469913644810162,-0.14572352258615867,0.08154003480272029
2010-04-06,0.029133706129486018,0.06499544231583104,0.02553175417613895,-0.13091508671614868,0.0,0.10999022866193077,-0.07126601919520238,0.13498909505650808,0.1732776121519372,0.20218110591135105,0.15307587255636024,-0.1462528486758364,0.10872004640362706
2010-04-07,0.018879104393386283,0.06451411454245484,0.016544982306585354,-0.16364385839518586,0.0,0.10158567864084159,-0.0461815125788472,0.14868332531962056,0.17991251333178856,0.20982537097403306,0.16145260866461889,-0.14678217476551414,0.13590005800453384
2010-04-08,0.008624502657286546,0.06403278676907864,0.0075582104370317555,-0.19637263007422304,0.0,0.09318112861975242,-0.021097005962492022,0.16237755558273304,0.1865474145116399,0.21746963603671504,0.16982934477287753,-0.14731150085519185,0.1630800696054406
2010-04-09,0.0,0.06362797215342222,0.0,-0.22389874816049596,0.0,0.08611258847986489,0.0,0.17389491416311884,0.1921276139507871,0.22389874816049596,0.1768744923743428,-0.14775668384566584,0.18593947344283013
2010-04-12,0.0,0.06362797215342222,0.0,-0.22389874816049596,0.0,0.08611258847986489,0.0,0.17389491416311884,0.1921276139507871,0.22389874816049596,0.1768744923743428,-0.14775668384566584,0.18593947344283013
2010-04-13,0.0,0.06362797215342222,0.0,-0.22389874816049596,0.0,0.08611258847986489,0.0,0.17389491416311884,0.1921276139507871,0.22389874816049596,0.1768744923743428,-0.14775668384566584,0.18593947344283013
2010-04-14,0.0,0.06362797215342222,0.0,-0.22389874816049596,0.0,0.08611258847986489,0.0,0.17389491416311884,0.1921276139507871,0.22389874816049596,0.1768744923743428,-0.14775668384566584,0.18593947344283013
2010-04-15,0.0,0.06362797215342222,0.0,-0.22389874816049596,0.0,0.08611258847986489,0.0,0.17389491416311884,0.1921276139507871,0.22389874816049596,0.1768744923743428,-0.14775668384566584,0.18593947344283013
2010-04-16,0.0,0.06362797215342222,0.0,-0.22389874816049596,0.0,0.08611258847986489,0.0,0.17389491416311884,0.1921276139507871,0.22389874816049596,0.1768744923743428,-0.14775668384566584,0.18593947344283013
2010-04-19,0.0,0.06362797215342222,0.0,-0.22389874816049596,0.0,0.08611258847986489,0.0,0.17389491416311884,0.1921276139507871,0.22389874816049596,0.1768744923743428,-0.14775668384566584,0.18593947344283013
2010-04-20,0.0,0.06362797215342222,0.0,-0.22389874816049596,0.0,0.08611258847986489,0.0,0.17389491416311884,0.1921276139507871,0.22389874816049596,0.1768744923743428,-0.14775668384566584,0.18593947344283013
2010-04-21,0.0,0.06362797215342222,0.0,-0.22389874816049596,0.0,0.08611258847986489,0.0,0.17389491416311884,0.1921276139507871,0.22389874816049596,0.1768744923743428,-0.14775668384566584,0.18593947344283013
2010-04-22,0.0,0.06362797215342222,0.0,-0.22389874816049596,0.0,0.08611258847986489,0.0,0.17389491416311884,0.1921276139507871,0.22389874816049596,0.1768744923743428,-0.14775668384566584,0.18593947344283013
2010-04-23,0.0,0.06362797215342222,0.0,-0.22389874816049596,0.0,0.08611258847986489,0.0,0.17389491416311884,0.1921276139507871,0.22389874816049596,0.1768744923743428,-0.14775668384566584,0.18593947344283013
2010-04-26,0.0,0.06362797215342222,0.0,-0.22389874816049596,0.0,0.08611258847986489,0.0,0.17389491416311884,0.1921276139507871,0.22389874816049596,0.1768744923743428,-0.14775668384566584,0.18593947344283013
2010-04-27,0.0,0.06362797215342222,0.0,-0.22389874816049596,0.0,0.08611258847986489,0.0,0.17389491416311884,0.1921276139507871,0.22389874816049596,0.1768744923743428,-0.14775668384566584,0.18593947344283013
2010-04-28,0.0,0.06362797215342222,0.0,-0.22389874816049596,0.0,0.08611258847986489,0.0,0.17389491416311884,0.1921276139507871,0.22389874816049596,0.1768744923743428,-0.14775668384566584,0.18593947344283013
2010-04-29,0.0,0.06362797215342222,0.0,-0.22389874816049596,0.0,0.08611258847986489,0.0,0.17389491416311884,0.1921276139507871,0.22389874816049596,0.1768744923743428,-0.14775668384566584,0.18593947344283013
2010-04-30,0.0,0.06552356985909555,0.017359290060806793,-0.2312320963304836,0.0,0.13215802173131583,0.0,0.17821737759057127,0.1913274596415888,0.2312320963304836,0.18035982030511596,-0.15694059056018814,0.13369834318268267
2010-05-03,0.0,0.06741916756476887,0.034718580121613586,-0.23856544450047124,0.0,0.17820345498276677,0.0,0.1825398410180237,0.19052730533239048,0.23856544450047124,0.18384514823588913,-0.16612449727471046,0.08145721292253522
2010-05-04,0.0,0.0693147652704422,0.05207787018242038,-0.2458987926704589,0.0,0.2242488882342177,0.0,0.18686230444547616,0.1897271510231922,0.2458987926704589,0.1873304761666623,-0.17530840398923275,0.029216082662387753
2010-05-05,0.0,0.07037488665349413,0.06178612976354579,-0.25,0.0,0.25,0.0,0.18927966119432,0.18927966119432,0.25,0.18927966119432,-0.18044454435218027,0.0
2010-05-06,0.0,0.07037488665349413,0.06178612976354579,-0.25,0.0,0.25,0.0,0.18927966119432,0.18927966119432,0.25,0.18927966119432,-0.18044454435218027,0.0
2010-05-07,0.0,0.07037488665349413,0.06178612976354579,-0.25,0.0,0.25,0.0,0.18927966119432,0.18927966119432,0.25,0.18927966119432,-0.18044454435218027,0.0
2010-05-10,0.0,0.07037488665349413,0.06178612976354579,-0.25,0.0,0.25,0.0,0.18927966119432,0.18927966119432,0.25,0.18927966119432,-0.18044454435218027,0.0
2010-05-11,0.0,0.07037488665349413,0.06178612976354579,-0.25,0.0,0.25,0.0,0.18927966119432,0.18927966119432,0.25,0.18927966119432,-0.18044454435218027,0.0
2010-05-12,0.0,0.07037488665349413,0.06178612976354579,-0.25,0.0,0.25,0.0,0.18927966119432,0.18927966119432,0.25,0.18927966119432,-0.18044454435218027,0.0
2010-05-13,0.0,0.07037488665349413,0.06178612976354579,-0.25,0.0,0.25,0.0,0.18927966119432,0.18927966119432,0.25,0.18927966119432,-0.18044454435218027,0.0
2010-05-14,0.0,0.07037488665349413,0.06178612976354579,-0.25,0.0,0.25,0.0,0.18927966119432,0.18927966119432,0.25,0.18927966119432,-0.18044454435218027,0.0
2010-05-17,0.0,0.07037488665349413,0.06178612976354579,-0.25,0.0,0.25,0.0,0.18927966119432,0.18927966119432,0.25,0.18927966119432,-0.18044454435218027,0.0
2010-05-18,0.0,0.07037488665349413,0.06178612976354579,-0.25,0.0,0.25,0.0,0.18927966119432,0.18927966119432,0.25,0.18927966119432,-0.18044454435218027,0.0
2010-05-19,0.0,0.07037488665349413,0.06178612976354579,-0.25,0.0,0.25,0.0,0.18927966119432,0.18927966119432,0.25,0.18927966119432,-0.18044454435218027,0.0
2010-05-20,0.0,0.07037488665349413,0.06178612976354579,-0.25,0.0,0.25,0.0,0.18927966119432,0.18927966119432,0.25,0.18927966119432,-0.18044454435218027,0.0
2010-05-21,0.0,0.07037488665349413,0.06178612976354579,-0.25,0.0,0.25,0.0,0.18927966119432,0.18927966119432,0.25,0.18927966119432,-0.18044454435218027,0.0
2010-05-24,0.0,0.07037488665349413,0.06178612976354579,-0.25,0.0,0.25,0.0,0.18927966119432,0.18927966119432,0.25,0.18927966119432,-0.18044454435218027,0.0
2010-05-25,0.0,0.07037488665349413,0.06178612976354579,-0.25,0.0,0.25,0.0,0.18927966119432,0.18927966119432,0.25,0.18927966119432,-0.18044454435218027,0.0
2010-05-26,0.0,0.07037488665349413,0.06178612976354579,-0.25,0.0,0.25,0.0,0.18927966119432,0.18927966119432,0.25,0.18927966119432,-0.18044454435218027,0.0
2010-05-27,0.0,0.07037488665349413,0.06178612976354579,-0.25,0.0,0.25,0.0,0.18927966119432,0.18927966119432,0.25,0.18927966119432,-0.18044454435218027,0.0
2010-05-28,0.0,0.07037488665349413,0.06178612976354579,-0.25,0.0,0.25,0.0,0.18927966119432,0.18927966119432,0.25,0.18927966119432,-0.18044454435218027,0.0
2010-06-01,0.0,0.07037488665349413,0.06178612976354579,-0.25,0.0,0.25,0.0,0.18927966119432,0.18927966119432,0.25,0.18927966119432,-0.18044454435218027,0.0
2010-06-02,0.0,0.07037488665349413,0.06178612976354579,-0.25,0.0,0.25,0.0,0.18927966119432,0.18927966119432,0.25,0.18927966119432,-0.18044454435218027,0.0
2010-06-03,0.0,0.07037488665349413,0.06178612976354579,-0.25,0.0,0.25,0.0,0.18927966119432,0.18927966119432,0.25,0.18927966119432,-0.18044454435218027,0.0
2010-06-04,0.0,0.07037488665349413,0.06178612976354579,-0.25,0.0,0.25,0.0,0.18927966119432,0.18927966119432,0.25,0.18927966119432,-0.18044454435218027,0.0
2010-06-07,0.0,0.07037488665349413,0.06178612976354579,-0.25,0.0,0.25,0.0,0.18927966119432,0.18927966119432,0.25,0.18927966119432,-0.18044454435218027,0.0
2010-06-08,0.0,0.07037488665349413,0.06178612976354579,-0.25,0.0,0.25,0.0,0.18927966119432,0.18927966119432,0.25,0.18927966119432,-0.18044454435218027,0.0
2010-06-09,0.0,0.07037488665349413,0.06178612976354579,-0.25,0.0,0.25,0.0,0.18927966119432,0.18927966119432,0.25,0.18927966119432,-0.18044454435218027,0.0
2010-06-10,0.0,0.07037488665349413,0.06178612976354579,-0.25,0.0,0.25,0.0,0.18927966119432,0.18927966119432,0.25,0.18927966119432,-0.18044454435218027,0.0
2010-06-11,0.0,0.07037488665349413,0.06178612976354579,-0.25,0.0,0.25,0.0,0.18927966119432,0.18927966119432,0.25,0.18927966119432,-0.18044454435218027,0.0
2010-06-14,0.0,0.07037488665349413,0.06178612976354579,-0.25,0.0,0.25,0.0,0.18927966119432,0.18927966119432,0.25,0.18927966119432,-0.18044454435218027,0.0
2010-06-15,0.0,0.07037488665349413,0.06178612976354579,-0.25,0.0,0.25,0.0,0.18927966119432,0.18927966119432,0.25,0.18927966119432,-0.18044454435218027,0.0
2010-06-16,0.0,0.07037488665349413,0.06178612976354579,-0.25,0.0,0.25,0.0,0.18927966119432,0.18927966119432,0.25,0.18927966119432,-0.18044454435218027,0.0
2010-06-17,0.0,0.07037488665349413,0.06178612976354579,-0.25,0.0,0.25,0.0,0.18927966119432,0.18927966119432,0.25,0.18927966119432,-0.18044454435218027,0.0
2010-06-18,0.0,0.07037488665349413,0.06178612976354579,-0.25,0.0,0.25,0.0,0.18927966119432,0.18927966119432,0.25,0.18927966119432,-0.18044454435218027,0.0
2010-06-21,0.0,0.07037488665349413,0.06178612976354579,-0.25,0.0,0.25,0.0,0.18927966119432,0.18927966119432,0.25,0.18927966119432,-0.18044454435218027,0.0
2010-06-22,0.0,0.07037488665349413,0.06178612976354579,-0.25,0.0,0.25,0.0,0.18927966119432,0.18927966119432,0.25,0.18927966119432,-0.18044454435218027,0.0
2010-06-23,0.0,0.07037488665349413,0.06178612976354579,-0.25,0.0,0.25,0.0,0.18927966119432,0.18927966119432,0.25,0.18927966119432,-0.18044454435218027,0.0
2010-06-24,0.0,0.07037488665349413,0.06178612976354579,-0.25,0.0,0.25,0.0,0.18927966119432,0.18927966119432,0.25,0.18927966119432,-0.18044454435218027,0.0
2010-06-25,0.0,0.07037488665349413,0.06178612976354579,-0.25,0.0,0.25,0.0,0.18927966119432,0.18927966119432,0.25,0.18927966119432,-0.18044454435218027,0.0
2010-06-28,0.0,0.07037488665349413,0.06178612976354579,-0.25,0.0,0.25,0.0,0.18927966119432,0.18927966119432,0.25,0.18927966119432,-0.18044454435218027,0.0
2010-06-29,0.0,0.07037488665349413,0.06178612976354579,-0.25,0.0,0.25,0.0,0.18927966119432,0.18927966119432,0.25,0.18927966119432,-0.18044454435218027,0.0
2010-06-30,-0.00502905489904472,0.06448065618797331,0.05661124841429345,-0.24487981835402708,0.009468050083085825,0.24487981835402708,0.014763936899186534,0.17342659203048316,0.17342659203048316,0.24382525143265663,0.17342659203048316,-0.1505675212196273,0.015818503820557002
2010-07-01,-0.01005810979808944,0.058586425722452484,0.0514363670650411,-0.23975963670805417,0.01893610016617165,0.23975963670805417,0.029527873798373065,0.1575735228666463,0.1575735228666463,0.23765050286531325,0.1575735228666463,-0.12069049808707433,0.031637007641114004
2010-07-02,-0.015087164697134161,0.052692195256931654,0.04626148571578875,-0.23463945506208125,0.028404150249257475,0.23463945506208125,0.0442918106975596,0.14172045370280945,0.14172045370280945,0.23147575429796988,0.14172045370280945,-0.09081347495452136,0.047455511461671006
2010-07-06,-0.02011621959617888,0.04679796479141082,0.041086604366536404,-0.22951927341610834,0.0378722003323433,0.22951927341610834,0.05905574759674613,0.1258673845389726,0.1258673845389726,0.2253010057306265,0.1258673845389726,-0.060936451821968385,0.06327401528222801
2010-07-07,-0.0251452744952236,0.04090373432588999,0.035911723017284056,-0.22439909177013542,0.04734025041542912,0.22439909177013542,0.07381968449593267,0.11001431537513573,0.11001431537513573,0.21912625716328313,0.11001431537513573,-0.031059428689415414,0.079092519102785
2010-07-08,-0.03017432939426832,0.03500950386036916,0.030736841668031704,-0.2192789101241625,0.056808300498514944,0.2192789101241625,0.0885836213951192,0.09416124621129887,0.09416124621129887,0.21295150859593975,0.09416124621129887,-0.001182405556862446,0.094911022923342
2010-07-09,-0.03520338429331304,0.02911527339484833,0.025561960318779352,-0.2141587284781896,0.06627635058160077,0.2141587284781896,0.10334755829430574,0.07830817704746201,0.07830817704746201,0.20677676002859638,0.07830817704746201,0.02869461757569052,0.11072952674389899
2010-07-12,-0.040232439192357757,0.0232210429293275,0.020387078969527,-0.20903854683221668,0.07574440066468659,0.20903854683221668,0.11811149519349227,0.062455107883625155,0.062455107883625155,0.200602011461253,0.062455107883625155,0.058571640708243486,0.126548030564456
2010-07-13,-0.045261494091402475,0.01732681246380667,0.01521219762027465,-0.2039183651862438,0.08521245074777241,0.2039183651862438,0.1328754320926788,0.046602038719788304,0.046602038719788304,0.19442726289390963,0.046602038719788304,0.08844866384079644,0.14236653438501298
2010-07-14,-0.050290548990447194,0.01143258199828584,0.0100373162710223,-0.19879818354027087,0.09468050083085823,0.19879818354027087,0.14763936899186533,0.03074896955595145,0.03074896955595145,0.18825251432656623,0.03074896955595145,0.11832568697334941,0.15818503820557
2010-07-15,-0.05531960388949192,0.005538351532765009,0.0048624349217699465,-0.19367800189429799,0.10414855091394407,0.19367800189429799,0.16240330589105187,0.014895900392114594,0.014895900392114594,0.18207776575922285,0.014895900392114594,0.14820271010590239,0.174003542026127
2010-07-16,-0.060045016998363725,0.0,0.0,-0.1888669640441681,0.11304494375041262,0.1888669640441681,0.17627583310789022,0.0,0.0,0.17627583310789022,0.0,0.17627583310789022,0.1888669640441681
2010-07-19,-0.060045016998363725,0.0,0.0,-0.1888669640441681,0.11304494375041262,0.1888669640441681,0.17627583310789022,0.0,0.0,0.17627583310789022,0.0,0.17627583310789022,0.1888669640441681
2010-07-20,-0.060045016998363725,0.0,0.0,-0.1888669640441681,0.11304494375041262,0.1888669640441681,0.17627583310789022,0.0,0.0,0.17627583310789022,0.0,0.17627583310789022,0.1888669640441681
2010-07-21,-0.060045016998363725,0.0,0.0,-0.1888669640441681,0.11304494375041262,0.1888669640441681,0.17627583310789022,0.0,0.0,0.17627583310789022,0.0,0.17627583310789022,0.1888669640441681
2010-07-22,-0.060045016998363725,0.0,0.0,-0.1888669640441681,0.11304494375041262,0.1888669640441681,0.17627583310789022,0.0,0.0,0.17627583310789022,0.0,0.17627583310789022,0.1888669640441681
2010-07-23,-0.060045016998363725,0.0,0.0,-0.1888669640441681,0.11304494375041262,0.1888669640441681,0.17627583310789022,0.0,0.0,0.17627583310789022,0.0,0.17627583310789022,0.1888669640441681
2010-07-26,-0.060045016998363725,0.0,0.0,-0.1888669640441681,0.11304494375041262,0.1888669640441681,0.17627583310789022,0.0,0.0,0.17627583310789022,0.0,0.17627583310789022,0.1888669640441681
2010-07-27,-0.060045016998363725,0.0,0.0,-0.1888669640441681,0.11304494375041262,0.1888669640441681,0.17627583310789022,0.0,0.0,0.17627583310789022,0.0,0.17627583310789022,0.1888669640441681
2010-07-28,-0.060045016998363725,0.0,0.0,-0.1888669640441681,0.11304494375041262,0.1888669640441681,0.17627583310789022,0.0,0.0,0.17627583310789022,0.0,0.17627583310789022,0.1888669640441681
2010-07-29,-0.060045016998363725,0.0,0.0,-0.1888669640441681,0.11304494375041262,0.1888669640441681,0.17627583310789022,0.0,0.0,0.17627583310789022,0.0,0.17627583310789022,0.1888669640441681
2010-07-30,-0.060045016998363725,0.0,0.0,-0.1888669640441681,0.11304494375041262,0.1888669640441681,0.17627583310789022,0.0,0.0,0.17627583310789022,0.0,0.17627583310789022,0.1888669640441681
2010-08-02,-0.060045016998363725,0.0,0.0,-0.1888669640441681,0.11304494375041262,0.1888669640441681,0.17627583310789022,0.0,0.0,0.17627583310789022,0.0,0.17627583310789022,0.1888669640441681
2010-08-03,-0.060045016998363725,0.0,0.0,-0.1888669640441681,0.11304494375041262,0.1888669640441681,0.17627583310789022,0.0,0.0,0.17627583310789022,0.0,0.17627583310789022,0.1888669640441681
2010-08-04,-0.060045016998363725,0.0,0.0,-0.1888669640441681,0.11304494375041262,0.1888669640441681,0.17627583310789022,0.0,0.0,0.17627583310789022,0.0,0.17627583310789022,0.1888669640441681
2010-08-05,-0.060045016998363725,0.0,0.0,-0.1888669640441681,0.11304494375041262,0.1888669640441681,0.17627583310789022,0.0,0.0,0.17627583310789022,0.0,0.17627583310789022,0.1888669640441681
2010-08-06,-0.060045016998363725,0.0,0.0,-0.1888669640441681,0.11304494375041262,0.1888669640441681,0.17627583310789022,0.0,0.0,0.17627583310789022,0.0,0.17627583310789022,0.1888669640441681
2010-08-09,-0.060045016998363725,0.0,0.0,-0.1888669640441681,0.11304494375041262,0.1888669640441681,0.17627583310789022,0.0,0.0,0.17627583310789022,0.0,0.17627583310789022,0.1888669640441681
2010-08-10,-0.060045016998363725,0.0,0.0,-0.1888669640441681,0.11304494375041262,0.1888669640441681,0.17627583310789022,0.0,0.0,0.17627583310789022,0.0,0.17627583310789022,0.1888669640441681
2010-08-11,-0.060045016998363725,0.0,0.0,-0.1888669640441681,0.11304494375041262,0.1888669640441681,0.17627583310789022,0.0,0.0,0.17627583310789022,0.0,0.17627583310789022,0.1888669640441681
2010-08-12,-0.060045016998363725,0.0,0.0,-0.1888669640441681,0.11304494375041262,0.1888669640441681,0.17627583310789022,0.0,0.0,0.17627583310789022,0.0,0.17627583310789022,0.1888669640441681
2010-08-13,-0.060045016998363725,0.0,0.0,-0.1888669640441681,0.11304494375041262,0.1888669640441681,0.17627583310789022,0.0,0.0,0.17627583310789022,0.0,0.17627583310789022,0.1888669640441681
2010-08-16,-0.060045016998363725,0.0,0.0,-0.1888669640441681,0.11304494375041262,0.1888669640441681,0.17627583310789022,0.0,0.0,0.17627583310789022,0.0,0.17627583310789022,0.1888669640441681
2010-08-17,-0.060045016998363725,0.0,0.0,-0.1888669640441681,0.11304494375041262,0.1888669640441681,0.17627583310789022,0.0,0.0,0.17627583310789022,0.0,0.17627583310789022,0.1888669640441681
2010-08-18,-0.060045016998363725,0.0,0.0,-0.1888669640441681,0.11304494375041262,0.1888669640441681,0.17627583310789022,0.0,0.0,0.17627583310789022,0.0,0.17627583310789022,0.1888669640441681
2010-08-19,-0.060045016998363725,0.0,0.0,-0.1888669640441681,0.11304494375041262,0.1888669640441681,0.17627583310789022,0.0,0.0,0.17627583310789022,0.0,0.17627583310789022,0.1888669640441681
2010-08-20,-0.060045016998363725,0.0,0.0,-0.1888669640441681,0.11304494375041262,0.1888669640441681,0.17627583310789022,0.0,0.0,0.17627583310789022,0.0,0.17627583310789022,0.1888669640441681
2010-08-23,-0.060045016998363725,0.0,0.0,-0.1888669640441681,0.11304494375041262,0.1888669640441681,0.17627583310789022,0.0,0.0,0.17627583310789022,0.0,0.17627583310789022,0.1888669640441681
2010-08-24,-0.060045016998363725,0.0,0.0,-0.1888669640441681,0.11304494375041262,0.1888669640441681,0.17627583310789022,0.0,0.0,0.17627583310789022,0.0,0.17627583310789022,0.1888669640441681
2010-08-25,-0.060045016998363725,0.0,0.0,-0.1888669640441681,0.11304494375041262,0.1888669640441681,0.17627583310789022,0.0,0.0,0.17627583310789022,0.0,0.17627583310789022,0.1888669640441681
2010-08-26,-0.060045016998363725,0.0,0.0,-0.1888669640441681,0.11304494375041262,0.1888669640441681,0.17627583310789022,0.0,0.0,0.17627583310789022,0.0,0.17627583310789022,0.1888669640441681
2010-08-27,-0.060045016998363725,0.0,0.0,-0.1888669640441681,0.11304494375041262,0.1888669640441681,0.17627583310789022,0.0,0.0,0.17627583310789022,0.0,0.17627583310789022,0.1888669640441681
2010-08-30,-0.060045016998363725,0.0,0.0,-0.1888669640441681,0.11304494375041262,0.1888669640441681,0.17627583310789022,0.0,0.0,0.17627583310789022,0.0,0.17627583310789022,0.1888669640441681
2010-08-31,-0.04984512536461899,0.012907594286301716,0.0,-0.15678399258797926,0.1363096008738717,0.1992516782663041,0.18596823304855048,0.0,0.0,0.18596823304855048,0.0,0.18596823304855048,0.15678399258797926
2010-09-01,-0.039645233730874266,0.025815188572603433,0.0,-0.12470102113179043,0.1595742579973308,0.2096363924884401,0.19566063298921074,0.0,0.0,0.19566063298921074,0.0,0.19566063298921074,0.12470102113179043
2010-09-02,-0.029445342097129536,0.03872278285890515,0.0,-0.0926180496756016,0.1828389151207899,0.2200211067105761,0.205353032929871,0.0,0.0,0.205353032929871,0.0,0.205353032929871,0.0926180496756016
2010-09-03,-0.019245450463384807,0.051630377145206865,0.0,-0.060535078219412765,0.206103572244249,0.23040582093271209,0.21504543287053127,0.0,0.0,0.21504543287053127,0.0,0.21504543287053127,0.060535078219412765
2010-09-07,-0.009045558829640081,0.06453797143150858,0.0,-0.028452106763223933,0.2293682293677081,0.24079053515484808,0.22473783281119153,0.0,0.0,0.22473783281119153,0.0,0.22473783281119153,0.028452106763223933
2010-09-08,0.0,0.07598479926638461,0.0,0.0,0.25,0.25,0.2333333333333333,0.0,0.0,0.2333333333333333,0.0,0.2333333333333333,0.0
2010-09-09,0.0,0.07598479926638461,0.0,0.0,0.25,0.25,0.2333333333333333,0.0,0.0,0.2333333333333333,0.0,0.2333333333333333,0.0
2010-09-10,0.0,0.07598479926638461,0.0,0.0,0.25,0.25,0.2333333333333333,0.0,0.0,0.2333333333333333,0.0,0.2333333333333333,0.0
2010-09-13,0.0,0.07598479926638461,0.0,0.0,0.25,0.25,0.2333333333333333,0.0,0.0,0.2333333333333333,0.0,0.2333333333333333,0.0
2010-09-14,0.0,0.07598479926638461,0.0,0.0,0.25,0.25,0.2333333333333333,0.0,0.0,0.2333333333333333,0.0,0.2333333333333333,0.0
2010-09-15,0.0,0.07598479926638461,0.0,0.0,0.25,0.25,0.2333333333333333,0.0,0.0,0.2333333333333333,0.0,0.2333333333333333,0.0
2010-09-16,0.0,0.07598479926638461,0.0,0.0,0.25,0.25,0.2333333333333333,0.0,0.0,0.2333333333333333,0.0,0.2333333333333333,0.0
2010-09-17,0.0,0.07598479926638461,0.0,0.0,0.25,0.25,0.2333333333333333,0.0,0.0,0.2333333333333333,0.0,0.2333333333333333,0.0
2010-09-20,0.0,0.07598479926638461,0.0,0.0,0.25,0.25,0.2333333333333333,0.0,0.0,0.2333333333333333,0.0,0.2333333333333333,0.0
2010-09-21,0.0,0.07598479926638461,0.0,0.0,0.25,0.25,0.2333333333333333,0.0,0.0,0.2333333333333333,0.0,0.2333333333333333,0.0
2010-09-22,0.0,0.07598479926638461,0.0,0.0,0.25,0.25,0.2333333333333333,0.0,0.0,0.2333333333333333,0.0,0.2333333333333333,0.0
2010-09-23,0.0,0.07598479926638461,0.0,0.0,0.25,0.25,0.2333333333333333,0.0,0.0,0.2333333333333333,0.0,0.2333333333333333,0.0
2010-09-24,0.0,0.07598479926638461,0.0,0.0,0.25,0.25,0.2333333333333333,0.0,0.0,0.2333333333333333,0.0,0.2333333333333333,0.0
2010-09-27,0.0,0.07598479926638461,0.0,0.0,0.25,0.25,0.2333333333333333,0.0,0.0,0.2333333333333333,0.0,0.2333333333333333,0.0
2010-09-28,0.0,0.07598479926638461,0.0,0.0,0.25,0.25,0.2333333333333333,0.0,0.0,0.2333333333333333,0.0,0.2333333333333333,0.0
2010-09-29,0.0,0.07598479926638461,0.0,0.0,0.25,0.25,0.2333333333333333,0.0,0.0,0.2333333333333333,0.0,0.2333333333333333,0.0
2010-09-30,0.03760408563226217,0.08967957417997013,0.0,0.0,0.25,0.25,0.2333333333333333,0.0,0.03732681712562238,0.2333333333333333,0.0,0.2333333333333333,-0.06137432232852992
2010-10-01,0.07520817126452434,0.10337434909355565,0.0,0.0,0.25,0.25,0.2333333333333333,0.0,0.07465363425124476,0.2333333333333333,0.0,0.2333333333333333,-0.12274864465705984
2010-10-04,0.1128122568967865,0.11706912400714117,0.0,0.0,0.25,0.25,0.2333333333333333,0.0,0.11198045137686714,0.2333333333333333,0.0,0.2333333333333333,-0.18412296698558978
2010-10-05,0.14020993239406643,0.12704689617689713,0.0,0.0,0.25,0.25,0.2333333333333333,0.0,0.13917611391617168,0.2333333333333333,0.0,0.2333333333333333,-0.22883921892338135
2010-10-06,0.14020993239406643,0.12704689617689713,0.0,0.0,0.25,0.25,0.2333333333333333,0.0,0.13917611391617168,0.2333333333333333,0.0,0.2333333333333333,-0.22883921892338135
2010-10-07,0.14020993239406643,0.12704689617689713,0.0,0.0,0.25,0.25,0.2333333333333333,0.0,0.13917611391617168,0.2333333333333333,0.0,0.2333333333333333,-0.22883921892338135
2010-10-08,0.14020993239406643,0.12704689617689713,0.0,0.0,0.25,0.25,0.2333333333333333,0.0,0.13917611391617168,0.2333333333333333,0.0,0.2333333333333333,-0.22883921892338135
2010-10-11,0.14020993239406643,0.12704689617689713,0.0,0.0,0.25,0.25,0.2333333333333333,0.0,0.13917611391617168,0.2333333333333333,0.0,0.2333333333333333,-0.22883921892338135
2010-10-12,0.14020993239406643,0.12704689617689713,0.0,0.0,0.25,0.25,0.2333333333333333,0.0,0.13917611391617168,0.2333333333333333,0.0,0.2333333333333333,-0.22883921892338135
2010-10-13,0.14020993239406643,0.12704689617689713,0.0,0.0,0.25,0.25,0.2333333333333333,0.0,0.13917611391617168,0.2333333333333333,0.0,0.2333333333333333,-0.22883921892338135
2010-10-14,0.14020993239406643,0.12704689617689713,0.0,0.0,0.25,0.25,0.2333333333333333,0.0,0.13917611391617168,0.2333333333333333,0.0,0.2333333333333333,-0.22883921892338135
2010-10-15,0.14020993239406643,0.12704689617689713,0.0,0.0,0.25,0.25,0.2333333333333333,0.0,0.13917611391617168,0.2333333333333333,0.0,0.2333333333333333,-0.22883921892338135
2010-10-18,0.14020993239406643,0.12704689617689713,0.0,0.0,0.25,0.25,0.2333333333333333,0.0,0.13917611391617168,0.2333333333333333,0.0,0.2333333333333333,-0.22883921892338135
2010-10-19,0.14020993239406643,0.12704689617689713,0.0,0.0,0.25,0.25,0.2333333333333333,0.0,0.13917611391617168,0.2333333333333333,0.0,0.2333333333333333,-0.22883921892338135
2010-10-20,0.14020993239406643,0.12704689617689713,0.0,0.0,0.25,0.25,0.2333333333333333,0.0,0.13917611391617168,0.2333333333333333,0.0,0.2333333333333333,-0.22883921892338135
2010-10-21,0.14020993239406643,0.12704689617689713,0.0,0.0,0.25,0.25,0.2333333333333333,0.0,0.13917611391617168,0.2333333333333333,0.0,0.2333333333333333,-0.22883921892338135
2010-10-22,0.14020993239406643,0.12704689617689713,0.0,0.0,0.25,0.25,0.2333333333333333,0.0,0.13917611391617168,0.2333333333333333,0.0,0.2333333333333333,-0.22883921892338135
2010-10-25,0.14020993239406643,0.12704689617689713,0.0,0.0,0.25,0.25,0.2333333333333333,0.0,0.13917611391617168,0.2333333333333333,0.0,0.2333333333333333,-0.22883921892338135
2010-10-26,0.14020993239406643,0.12704689617689713,0.0,0.0,0.25,0.25,0.2333333333333333,0.0,0.13917611391617168,0.2333333333333333,0.0,0.2333333333333333,-0.22883921892338135
2010-10-27,0.14020993239406643,0.12704689617689713,0.0,0.0,0.25,0.25,0.2333333333333333,0.0,0.13917611391617168,0.2333333333333333,0.0,0.2333333333333333,-0.22883921892338135
2010-10-28,0.14020993239406643,0.12704689617689713,0.0,0.0,0.25,0.25,0.2333333333333333,0.0,0.13917611391617168,0.2333333333333333,0.0,0.2333333333333333,-0.22883921892338135
2010-10-29,0.14020993239406643,0.12704689617689713,0.0,0.0,0.25,0.25,0.2333333333333333,0.0,0.13917611391617168,0.2333333333333333,0.0,0.2333333333333333,-0.22883921892338135
2010-11-01,0.14020993239406643,0.12704689617689713,0.0,0.0,0.25,0.25,0.2333333333333333,0.0,0.13917611391617168,0.2333333333333333,0.0,0.2333333333333333,-0.22883921892338135
2010-11-02,0.14020993239406643,0.12704689617689713,0.0,0.0,0.25,0.25,0.2333333333333333,0.0,0.13917611391617168,0.2333333333333333,0.0,0.2333333333333333,-0.22883921892338135
2010-11-03,0.14020993239406643,0.12704689617689713,0.0,0.0,0.25,0.25,0.2333333333333333,0.0,0.13917611391617168,0.2333333333333333,0.0,0.2333333333333333,-0.22883921892338135
2010-11-04,0.14020993239406643,0.12704689617689713,0.0,0.0,0.25,0.25,0.2333333333333333,0.0,0.13917611391617168,0.2333333333333333,0.0,0.2333333333333333,-0.22883921892338135
2010-11-05,0.14020993239406643,0.12704689617689713,0.0,0.0,0.25,0.25,0.2333333333333333,0.0,0.13917611391617168,0.2333333333333333,0.0,0.2333333333333333,-0.22883921892338135
2010-11-08,0.14020993239406643,0.12704689617689713,0.0,0.0,0.25,0.25,0.2333333333333333,0.0,0.13917611391617168,0.2333333333333333,0.0,0.2333333333333333,-0.22883921892338135
2010-11-09,0.14020993239406643,0.12704689617689713,0.0,0.0,0.25,0.25,0.2333333333333333,0.0,0.13917611391617168,0.2333333333333333,0.0,0.2333333333333333,-0.22883921892338135
2010-11-10,0.14020993239406643,0.12704689617689713,0.0,0.0,0.25,0.25,0.2333333333333333,0.0,0.13917611391617168,0.2333333333333333,0.0,0.2333333333333333,-0.22883921892338135
2010-11-11,0.14020993239406643,0.12704689617689713,0.0,0.0,0.25,0.25,0.2333333333333333,0.0,0.13917611391617168,0.2333333333333333,0.0,0.2333333333333333,-0.22883921892338135
2010-11-12,0.14020993239406643,0.12704689617689713,0.0,0.0,0.25,0.25,0.2333333333333333,0.0,0.13917611391617168,0.2333333333333333,0.0,0.2333333333333333,-0.22883921892338135
2010-11-15,0.14020993239406643,0.12704689617689713,0.0,0.0,0.25,0.25,0.2333333333333333,0.0,0.13917611391617168,0.2333333333333333,0.0,0.2333333333333333,-0.22883921892338135
2010-11-16,0.14020993239406643,0.12704689617689713,0.0,0.0,0.25,0.25,0.2333333333333333,0.0,0.13917611391617168,0.2333333333333333,0.0,0.2333333333333333,-0.22883921892338135
2010-11-17,0.14020993239406643,0.12704689617689713,0.0,0.0,0.25,0.25,0.2333333333333333,0.0,0.13917611391617168,0.2333333333333333,0.0,0.2333333333333333,-0.22883921892338135
2010-11-18,0.14020993239406643,0.12704689617689713,0.0,0.0,0.25,0.25,0.2333333333333333,0.0,0.13917611391617168,0.2333333333333333,0.0,0.2333333333333333,-0.22883921892338135
2010-11-19,0.14020993239406643,0.12704689617689713,0.0,0.0,0.25,0.25,0.2333333333333333,0.0,0.13917611391617168,0.2333333333333333,0.0,0.2333333333333333,-0.22883921892338135
2010-11-22,0.14020993239406643,0.12704689617689713,0.0,0.0,0.25,0.25,0.2333333333333333,0.0,0.13917611391617168,0.2333333333333333,0.0,0.2333333333333333,-0.22883921892338135
2010-11-23,0.14020993239406643,0.12704689617689713,0.0,0.0,0.25,0.25,0.2333333333333333,0.0,0.13917611391617168,0.2333333333333333,0.0,0.2333333333333333,-0.22883921892338135
2010-11-24,0.14020993239406643,0.12704689617689713,0.0,0.0,0.25,0.25,0.2333333333333333,0.0,0.13917611391617168,0.2333333333333333,0.0,0.2333333333333333,-0.22883921892338135
2010-11-26,0.14020993239406643,0.12704689617689713,0.0,0.0,0.25,0.25,0.2333333333333333,0.0,0.13917611391617168,0.2333333333333333,0.0,0.2333333333333333,-0.22883921892338135
2010-11-29,0.14020993239406643,0.12704689617689713,0.0,0.0,0.25,0.25,0.2333333333333333,0.0,0.13917611391617168,0.2333333333333333,0.0,0.2333333333333333,-0.22883921892338135
2010-11-30,0.13904651397970574,0.12087645353299199,0.013695948185615722,0.0,0.2374706013856114,0.2374706013856114,0.22345147457606615,0.015478123043081821,0.1335321683974842,0.22345147457606615,0.01646451300645276,0.19626777533363327,-0.21934368247849648
2010-12-01,0.13788309556534506,0.11470601088908684,0.027391896371231447,0.0,0.22494120277122281,0.22494120277122281,0.21356961581879902,0.03095624608616364,0.1278882228787967,0.21356961581879902,0.03292902601290552,0.1592022173339332,-0.2098481460336116
2010-12-02,0.1367196771509844,0.10853556824518171,0.04108784455684717,0.0,0.21241180415683425,0.21241180415683425,0.20368775706153186,0.04643436912924546,0.12224427736010922,0.20368775706153186,0.04939353901935828,0.12213665933423315,-0.20035260958872672
2010-12-03,0.13555625873662372,0.10236512560127656,0.054783792742462895,0.0,0.19988240554244566,0.19988240554244566,0.19380589830426473,0.06191249217232728,0.11660033184142173,0.19380589830426473,0.06585805202581103,0.08507110133453309,-0.19085707314384184
2010-12-06,0.13439284032226306,0.09619468295737142,0.06847974092807861,0.0,0.18735300692805706,0.18735300692805706,0.18392403954699757,0.0773906152154091,0.11095638632273425,0.18392403954699757,0.08232256503226379,0.04800554333483304,-0.18136153669895694
2010-12-07,0.13322942190790238,0.09002424031346627,0.08217568911369434,0.0,0.1748236083136685,0.1748236083136685,0.17404218078973044,0.09286873825849093,0.10531244080404675,0.17404218078973044,0.09878707803871656,0.010939985335132976,-0.17186600025407206
2010-12-08,0.1328860362669299,0.08820301986843351,0.08621807995811626,0.0,0.17112552727842398,0.17112552727842398,0.17112552727842398,0.09743714214190391,0.10364661720556673,0.17112552727842398,0.10364661720556673,0.0,-0.16906337066848476
2010-12-09,0.1328860362669299,0.08820301986843351,0.08621807995811626,0.0,0.17112552727842398,0.17112552727842398,0.17112552727842398,0.09743714214190391,0.10364661720556673,0.17112552727842398,0.10364661720556673,0.0,-0.16906337066848476
2010-12-10,0.1328860362669299,0.08820301986843351,0.08621807995811626,0.0,0.17112552727842398,0.17112552727842398,0.17112552727842398,0.09743714214190391,0.10364661720556673,0.17112552727842398,0.10364661720556673,0.0,-0.16906337066848476
2010-12-13,0.1328860362669299,0.08820301986843351,0.08621807995811626,0.0,0.17112552727842398,0.17112552727842398,0.17112552727842398,0.09743714214190391,0.10364661720556673,0.17112552727842398,0.10364661720556673,0.0,-0.16906337066848476
2010-12-14,0.1328860362669299,0.08820301986843351,0.08621807995811626,0.0,0.17112552727842398,0.17112552727842398,0.17112552727842398,0.09743714214190391,0.10364661720556673,0.17112552727842398,0.10364661720556673,0.0,-0.16906337066848476
2010-12-15,0.1328860362669299,0.08820301986843351,0.08621807995811626,0.0,0.17112552727842398,0.17112552727842398,0.17112552727842398,0.09743714214190391,0.10364661720556673,0.17112552727842398,0.10364661720556673,0.0,-0.16906337066848476
2010-12-16,0.1328860362669299,0.08820301986843351,0.08621807995811626,0.0,0.17112552727842398,0.17112552727842398,0.17112552727842398,0.09743714214190391,0.10364661720556673,0.17112552727842398,0.10364661720556673,0.0,-0.16906337066848476
2010-12-17,0.1328860362669299,0.08820301986843351,0.08621807995811626,0.0,0.17112552727842398,0.17112552727842398,0.17112552727842398,0.09743714214190391,0.10364661720556673,0.17112552727842398,0.10364661720556673,0.0,-0.16906337066848476
2010-12-20,0.1328860362669299,0.08820301986843351,0.08621807995811626,0.0,0.17112552727842398,0.17112552727842398,0.17112552727842398,0.09743714214190391,0.10364661720556673,0.17112552727842398,0.10364661720556673,0.0,-0.16906337066848476
2010-12-21,0.1328860362669299,0.08820301986843351,0.08621807995811626,0.0,0.17112552727842398,0.17112552727842398,0.17112552727842398,0.09743714214190391,0.10364661720556673,0.17112552727842398,0.10364661720556673,0.0,-0.16906337066848476
2010-12-22,0.1328860362669299,0.08820301986843351,0.08621807995811626,0.0,0.17112552727842398,0.17112552727842398,0.17112552727842398,0.09743714214190391,0.10364661720556673,0.17112552727842398,0.10364661720556673,0.0,-0.16906337066848476
2010-12-23,0.1328860362669299,0.08820301986843351,0.08621807995811626,0.0,0.17112552727842398,0.17112552727842398,0.17112552727842398,0.09743714214190391,0.10364661720556673,0.17112552727842398,0.10364661720556673,0.0,-0.16906337066848476
2010-12-27,0.1328860362669299,0.08820301986843351,0.08621807995811626,0.0,0.17112552727842398,0.17112552727842398,0.17112552727842398,0.09743714214190391,0.10364661720556673,0.17112552727842398,0.10364661720556673,0.0,-0.16906337066848476
2010-12-28,0.1328860362669299,0.08820301986843351,0.08621807995811626,0.0,0.17112552727842398,0.17112552727842398,0.17112552727842398,0.09743714214190391,0.10364661720556673,0.17112552727842398,0.10364661720556673,0.0,-0.16906337066848476
2010-12-29,0.1328860362669299,0.08820301986843351,0.08621807995811626,0.0,0.17112552727842398,0.17112552727842398,0.17112552727842398,0.09743714214190391,0.10364661720556673,0.17112552727842398,0.10364661720556673,0.0,-0.16906337066848476
2010-12-30,0.1328860362669299,0.08820301986843351,0.08621807995811626,0.0,0.17112552727842398,0.17112552727842398,0.17112552727842398,0.09743714214190391,0.10364661720556673,0.17112552727842398,0.10364661720556673,0.0,-0.16906337066848476
2010-12-31,0.14432272605026444,0.083370666633179,0.08046078579912883,0.0,0.17272366153586566,0.17272366153586566,0.11674042372402064,0.103774231496505,0.10801028418580552,0.17272366153586566,0.10801028418580552,0.0,-0.11533363748786832
2011-01-03,0.15575941583359898,0.0785383133979245,0.0747034916401414,0.0,0.17432179579330737,0.17432179579330737,0.0623553201696173,0.11011132085110609,0.1123739511660443,0.17432179579330737,0.1123739511660443,0.0,-0.06160390430725188
2011-01-04,0.16719610561693352,0.07370596016266999,0.06894619748115396,0.0,0.17591993005074905,0.17591993005074905,0.007970216615213944,0.11644841020570718,0.1167376181462831,0.17591993005074905,0.1167376181462831,0.0,-0.007874171126635438
2011-01-05,0.16887216926261542,0.07299777171530075,0.06810245758611573,0.0,0.1761541389678887,0.1761541389678887,0.0,0.11737711993622395,0.11737711993622395,0.1761541389678887,0.11737711993622395,0.0,0.0
2011-01-06,0.16887216926261542,0.07299777171530075,0.06810245758611573,0.0,0.1761541389678887,0.1761541389678887,0.0,0.11737711993622395,0.11737711993622395,0.1761541389678887,0.11737711993622395,0.0,0.0
2011-01-07,0.16887216926261542,0.07299777171530075,0.06810245758611573,0.0,0.1761541389678887,0.1761541389678887,0.0,0.11737711993622395,0.11737711993622395,0.1761541389678887,0.11737711993622395,0.0,0.0
2011-01-10,0.16887216926261542,0.07299777171530075,0.06810245758611573,0.0,0.1761541389678887,0.1761541389678887,0.0,0.11737711993622395,0.11737711993622395,0.1761541389678887,0.11737711993622395,0.0,0.0
2011-01-11,0.16887216926261542,0.07299777171530075,0.06810245758611573,0.0,0.1761541389678887,0.1761541389678887,0.0,0.11737711993622395,0.11737711993622395,0.1761541389678887,0.11737711993622395,0.0,0.0
2011-01-12,0.16887216926261542,0.07299777171530075,0.06810245758611573,0.0,0.1761541389678887,0.1761541389678887,0.0,0.11737711993622395,0.11737711993622395,0.1761541389678887,0.11737711993622395,0.0,0.0
2011-01-13,0.16887216926261542,0.07299777171530075,0.06810245758611573,0.0,0.1761541389678887,0.1761541389678887,0.0,0.11737711993622395,0.11737711993622395,0.1761541389678887,0.11737711993622395,0.0,0.0
2011-01-14,0.16887216926261542,0.07299777171530075,0.06810245758611573,0.0,0.1761541389678887,0.1761541389678887,0.0,0.11737711993622395,0.11737711993622395,0.1761541389678887,0.11737711993622395,0.0,0.0
2011-01-18,0.16887216926261542,0.07299777171530075,0.06810245758611573,0.0,0.1761541389678887,0.1761541389678887,0.0,0.11737711993622395,0.11737711993622395,0.1761541389678887,0.11737711993622395,0.0,0.0
2011-01-19,0.16887216926261542,0.07299777171530075,0.06810245758611573,0.0,0.1761541389678887,0.1761541389678887,0.0,0.11737711993622395,0.11737711993622395,0.1761541389678887,0.11737711993622395,0.0,0.0
2011-01-20,0.16887216926261542,0.07299777171530075,0.06810245758611573,0.0,0.1761541389678887,0.1761541389678887,0.0,0.11737711993622395,0.11737711993622395,0.1761541389678887,0.11737711993622395,0.0,0.0
2011-01-21,0.16887216926261542,0.07299777171530075,0.06810245758611573,0.0,0.1761541389678887,0.1761541389678887,0.0,0.11737711993622395,0.11737711993622395,0.1761541389678887,0.11737711993622395,0.0,0.0
2011-01-24,0.16887216926261542,0.07299777171530075,0.06810245758611573,0.0,0.1761541389678887,0.1761541389678887,0.0,0.11737711993622395,0.11737711993622395,0.1761541389678887,0.11737711993622395,0.0,0.0
2011-01-25,0.16887216926261542,0.07299777171530075,0.06810245758611573,0.0,0.1761541389678887,0.1761541389678887,0.0,0.11737711993622395,0.11737711993622395,0.1761541389678887,0.11737711993622395,0.0,0.0
2011-01-26,0.16887216926261542,0.07299777171530075,0.06810245758611573,0.0,0.1761541389678887,0.1761541389678887,0.0,0.11737711993622395,0.11737711993622395,0.1761541389678887,0.11737711993622395,0.0,0.0
2011-01-27,0.16887216926261542,0.07299777171530075,0.06810245758611573,0.0,0.1761541389678887,0.1761541389678887,0.0,0.11737711993622395,0.11737711993622395,0.1761541389678887,0.11737711993622395,0.0,0.0
2011-01-28,0.16887216926261542,0.07299777171530075,0.06810245758611573,0.0,0.1761541389678887,0.1761541389678887,0.0,0.11737711993622395,0.11737711993622395,0.1761541389678887,0.11737711993622395,0.0,0.0
2011-01-31,0.18884855598225772,0.06467090928485511,0.08169046670156103,0.0,0.18884855598225772,0.17553857226188277,0.0,0.12747152692130181,0.12747152692130181,0.18884855598225772,0.12747152692130181,0.0,0.0
2011-02-01,0.18884855598225772,0.06467090928485511,0.08169046670156103,0.0,0.18884855598225772,0.17553857226188277,0.0,0.12747152692130181,0.12747152692130181,0.18884855598225772,0.12747152692130181,0.0,0.0
2011-02-02,0.18884855598225772,0.06467090928485511,0.08169046670156103,0.0,0.18884855598225772,0.17553857226188277,0.0,0.12747152692130181,0.12747152692130181,0.18884855598225772,0.12747152692130181,0.0,0.0
2011-02-03,0.18884855598225772,0.06467090928485511,0.08169046670156103,0.0,0.18884855598225772,0.17553857226188277,0.0,0.12747152692130181,0.12747152692130181,0.18884855598225772,0.12747152692130181,0.0,0.0
2011-02-04,0.18884855598225772,0.06467090928485511,0.08169046670156103,0.0,0.18884855598225772,0.17553857226188277,0.0,0.12747152692130181,0.12747152692130181,0.18884855598225772,0.12747152692130181,0.0,0.0
2011-02-07,0.18884855598225772,0.06467090928485511,0.08169046670156103,0.0,0.18884855598225772,0.17553857226188277,0.0,0.12747152692130181,0.12747152692130181,0.18884855598225772,0.12747152692130181,0.0,0.0
2011-02-08,0.18884855598225772,0.06467090928485511,0.08169046670156103,0.0,0.18884855598225772,0.17553857226188277,0.0,0.12747152692130181,0.12747152692130181,0.18884855598225772,0.12747152692130181,0.0,0.0
2011-02-09,0.18884855598225772,0.06467090928485511,0.08169046670156103,0.0,0.18884855598225772,0.17553857226188277,0.0,0.12747152692130181,0.12747152692130181,0.18884855598225772,0.12747152692130181,0.0,0.0
2011-02-10,0.18884855598225772,0.06467090928485511,0.08169046670156103,0.0,0.18884855598225772,0.17553857226188277,0.0,0.12747152692130181,0.12747152692130181,0.18884855598225772,0.12747152692130181,0.0,0.0
2011-02-11,0.18884855598225772,0.06467090928485511,0.08169046670156103,0.0,0.18884855598225772,0.17553857226188277,0.0,0.12747152692130181,0.12747152692130181,0.18884855598225772,0.12747152692130181,0.0,0.0
2011-02-14,0.18884855598225772,0.06467090928485511,0.08169046670156103,0.0,0.18884855598225772,0.17553857226188277,0.0,0.12747152692130181,0.12747152692130181,0.18884855598225772,0.12747152692130181,0.0,0.0
2011-02-15,0.18884855598225772,0.06467090928485511,0.08169046670156103,0.0,0.18884855598225772,0.17553857226188277,0.0,0.12747152692130181,0.12747152692130181,0.18884855598225772,0.12747152692130181,0.0,0.0
2011-02-16,0.18884855598225772,0.06467090928485511,0.08169046670156103,0.0,0.18884855598225772,0.17553857226188277,0.0,0.12747152692130181,0.12747152692130181,0.18884855598225772,0.12747152692130181,0.0,0.0
2011-02-17,0.18884855598225772,0.06467090928485511,0.08169046670156103,0.0,0.18884855598225772,0.17553857226188277,0.0,0.12747152692130181,0.12747152692130181,0.18884855598225772,0.12747152692130181,0.0,0.0
2011-02-18,0.18884855598225772,0.06467090928485511,0.08169046670156103,0.0,0.18884855598225772,0.17553857226188277,0.0,0.12747152692130181,0.12747152692130181,0.18884855598225772,0.12747152692130181,0.0,0.0
2011-02-22,0.18884855598225772,0.06467090928485511,0.08169046670156103,0.0,0.18884855598225772,0.17553857226188277,0.0,0.12747152692130181,0.12747152692130181,0.18884855598225772,0.12747152692130181,0.0,0.0
2011-02-23,0.18884855598225772,0.06467090928485511,0.08169046670156103,0.0,0.18884855598225772,0.17553857226188277,0.0,0.12747152692130181,0.12747152692130181,0.18884855598225772,0.12747152692130181,0.0,0.0
2011-02-24,0.18884855598225772,0.06467090928485511,0.08169046670156103,0.0,0.18884855598225772,0.17553857226188277,0.0,0.12747152692130181,0.12747152692130181,0.18884855598225772,0.12747152692130181,0.0,0.0
2011-02-25,0.18884855598225772,0.06467090928485511,0.08169046670156103,0.0,0.18884855598225772,0.17553857226188277,0.0,0.12747152692130181,0.12747152692130181,0.18884855598225772,0.12747152692130181,0.0,0.0
2011-02-28,0.19686205687194186,0.06632207286821531,0.09365008898534048,0.0,0.19686205687194186,0.18617367900344828,0.0,0.13041386579596045,0.13041386579596045,0.15165193051046616,0.13041386579596045,-0.018493337154683306,-0.04521012636147571
2011-03-01,0.20487555776162603,0.06797323645157552,0.10560971126911993,0.0,0.20487555776162603,0.1968087857450138,0.0,0.1333562046706191,0.1333562046706191,0.1144553050386746,0.1333562046706191,-0.03698667430936661,-0.09042025272295141
2011-03-02,0.21288905865131016,0.06962440003493574,0.11756933355289938,0.0,0.21288905865131016,0.2074438924865793,0.0,0.13629854354527776,0.13629854354527776,0.07725867956688304,0.13629854354527776,-0.05548001146404992,-0.13563037908442713
2011-03-03,0.22090255954099433,0.07127556361829594,0.12952895583667884,0.0,0.22090255954099433,0.21807899922814478,0.0,0.1392408824199364,0.1392408824199364,0.040062054095091476,0.1392408824199364,-0.07397334861873323,-0.18084050544590285
2011-03-04,0.22891606043067847,0.07292672720165616,0.14148857812045829,0.0,0.22891606043067847,0.22871410596971029,0.0,0.14218322129459507,0.14218322129459507,0.002865428623299908,0.14218322129459507,-0.09246668577341653,-0.22605063180737855
2011-03-07,0.22953337758057837,0.07305392399258814,0.1424098833082578,0.0,0.22953337758057837,0.22953337758057837,0.0,0.1424098833082578,0.1424098833082578,0.0,0.1424098833082578,-0.09389131332904121,-0.22953337758057837
2011-03-08,0.22953337758057837,0.07305392399258814,0.1424098833082578,0.0,0.22953337758057837,0.22953337758057837,0.0,0.1424098833082578,0.1424098833082578,0.0,0.1424098833082578,-0.09389131332904121,-0.22953337758057837
2011-03-09,0.22953337758057837,0.07305392399258814,0.1424098833082578,0.0,0.22953337758057837,0.22953337758057837,0.0,0.1424098833082578,0.1424098833082578,0.0,0.1424098833082578,-0.09389131332904121,-0.22953337758057837
2011-03-10,0.22953337758057837,0.07305392399258814,0.1424098833082578,0.0,0.22953337758057837,0.22953337758057837,0.0,0.1424098833082578,0.1424098833082578,0.0,0.1424098833082578,-0.09389131332904121,-0.22953337758057837
2011-03-11,0.22953337758057837,0.07305392399258814,0.1424098833082578,0.0,0.22953337758057837,0.22953337758057837,0.0,0.1424098833082578,0.1424098833082578,0.0,0.1424098833082578,-0.09389131332904121,-0.22953337758057837
2011-03-14,0.22953337758057837,0.07305392399258814,0.1424098833082578,0.0,0.22953337758057837,0.22953337758057837,0.0,0.1424098833082578,0.1424098833082578,0.0,0.1424098833082578,-0.09389131332904121,-0.22953337758057837
2011-03-15,0.22953337758057837,0.07305392399258814,0.1424098833082578,0.0,0.22953337758057837,0.22953337758057837,0.0,0.1424098833082578,0.1424098833082578,0.0,0.1424098833082578,-0.09389131332904121,-0.22953337758057837
2011-03-16,0.22953337758057837,0.07305392399258814,0.1424098833082578,0.0,0.22953337758057837,0.22953337758057837,0.0,0.1424098833082578,0.1424098833082578,0.0,0.1424098833082578,-0.09389131332904121,-0.22953337758057837
2011-03-17,0.22953337758057837,0.07305392399258814,0.1424098833082578,0.0,0.22953337758057837,0.22953337758057837,0.0,0.1424098833082578,0.1424098833082578,0.0,0.1424098833082578,-0.09389131332904121,-0.22953337758057837
2011-03-18,0.22953337758057837,0.07305392399258814,0.1424098833082578,0.0,0.22953337758057837,0.22953337758057837,0.0,0.1424098833082578,0.1424098833082578,0.0,0.1424098833082578,-0.09389131332904121,-0.22953337758057837
2011-03-21,0.22953337758057837,0.07305392399258814,0.1424098833082578,0.0,0.22953337758057837,0.22953337758057837,0.0,0.1424098833082578,0.1424098833082578,0.0,0.1424098833082578,-0.09389131332904121,-0.22953337758057837
2011-03-22,0.22953337758057837,0.07305392399258814,0.1424098833082578,0.0,0.22953337758057837,0.22953337758057837,0.0,0.1424098833082578,0.1424098833082578,0.0,0.1424098833082578,-0.09389131332904121,-0.22953337758057837
2011-03-23,0.22953337758057837,0.07305392399258814,0.1424098833082578,0.0,0.22953337758057837,0.22953337758057837,0.0,0.1424098833082578,0.1424098833082578,0.0,0.1424098833082578,-0.09389131332904121,-0.22953337758057837
2011-03-24,0.22953337758057837,0.07305392399258814,0.1424098833082578,0.0,0.22953337758057837,0.22953337758057837,0.0,0.1424098833082578,0.1424098833082578,0.0,0.1424098833082578,-0.09389131332904121,-0.22953337758057837
2011-03-25,0.22953337758057837,0.07305392399258814,0.1424098833082578,0.0,0.22953337758057837,0.22953337758057837,0.0,0.1424098833082578,0.1424098833082578,0.0,0.1424098833082578,-0.09389131332904121,-0.22953337758057837
2011-03-28,0.22953337758057837,0.07305392399258814,0.1424098833082578,0.0,0.22953337758057837,0.22953337758057837,0.0,0.1424098833082578,0.1424098833082578,0.0,0.1424098833082578,-0.09389131332904121,-0.22953337758057837
2011-03-29,0.22953337758057837,0.07305392399258814,0.1424098833082578,0.0,0.22953337758057837,0.22953337758057837,0.0,0.1424098833082578,0.1424098833082578,0.0,0.1424098833082578,-0.09389131332904121,-0.22953337758057837
2011-03-30,0.22953337758057837,0.07305392399258814,0.1424098833082578,0.0,0.22953337758057837,0.22953337758057837,0.0,0.1424098833082578,0.1424098833082578,0.0,0.1424098833082578,-0.09389131332904121,-0.22953337758057837
2011-03-31,0.22187701584171782,0.07297365561320235,0.12849716575184358,0.035740943840558606,0.2193240912816779,0.22187701584171782,0.0,0.13750620858604437,0.14030730861343202,0.038293868400598514,0.14197130579228745,-0.07509523451453003,-0.2193240912816779
2011-04-01,0.21422065410285723,0.07289338723381655,0.11458444819542937,0.07148188768111721,0.20911480498277743,0.21422065410285723,0.0,0.13260253386383095,0.13820473391860622,0.07658773680119704,0.14153272827631708,-0.05629915570001884,-0.20911480498277743
2011-04-04,0.20656429236399665,0.07281311885443077,0.10067173063901516,0.10722283152167583,0.19890551868387696,0.20656429236399665,0.0,0.12769885914161752,0.13610215922378044,0.11488160520179555,0.14109415076034673,-0.03750307688550765,-0.19890551868387696
2011-04-05,0.1989079306251361,0.07273285047504498,0.08675901308260096,0.14296377536223445,0.1886962323849765,0.1989079306251361,0.0,0.12279518441940408,0.13399958452895464,0.15317547360239409,0.14065557324437636,-0.01870699807099646,-0.1886962323849765
2011-04-06,0.19128785487991526,0.07265296251367015,0.07291223242911563,0.17853533122125423,0.17853533122125423,0.19128785487991526,0.0,0.1179147498099035,0.1319069746208782,0.19128785487991526,0.14021907429019526,0.0,-0.17853533122125423
2011-04-07,0.19128785487991526,0.07265296251367015,0.07291223242911563,0.17853533122125423,0.17853533122125423,0.19128785487991526,0.0,0.1179147498099035,0.1319069746208782,0.19128785487991526,0.14021907429019526,0.0,-0.17853533122125423
2011-04-08,0.19128785487991526,0.07265296251367015,0.07291223242911563,0.17853533122125423,0.17853533122125423,0.19128785487991526,0.0,0.1179147498099035,0.1319069746208782,0.19128785487991526,0.14021907429019526,0.0,-0.17853533122125423
2011-04-11,0.19128785487991526,0.07265296251367015,0.07291223242911563,0.17853533122125423,0.17853533122125423,0.19128785487991526,0.0,0.1179147498099035,0.1319069746208782,0.19128785487991526,0.14021907429019526,0.0,-0.17853533122125423
2011-04-12,0.19128785487991526,0.07265296251367015,0.07291223242911563,0.17853533122125423,0.17853533122125423,0.19128785487991526,0.0,0.1179147498099035,0.1319069746208782,0.19128785487991526,0.14021907429019526,0.0,-0.17853533122125423
2011-04-13,0.19128785487991526,0.07265296251367015,0.07291223242911563,0.17853533122125423,0.17853533122125423,0.19128785487991526,0.0,0.1179147498099035,0.1319069746208782,0.19128785487991526,0.14021907429019526,0.0,-0.17853533122125423
2011-04-14,0.19128785487991526,0.07265296251367015,0.07291223242911563,0.17853533122125423,0.17853533122125423,0.19128785487991526,0.0,0.1179147498099035,0.1319069746208782,0.19128785487991526,0.14021907429019526,0.0,-0.17853533122125423
2011-04-15,0.19128785487991526,0.07265296251367015,0.07291223242911563,0.17853533122125423,0.17853533122125423,0.19128785487991526,0.0,0.1179147498099035,0.1319069746208782,0.19128785487991526,0.14021907429019526,0.0,-0.17853533122125423
2011-04-18,0.19128785487991526,0.07265296251367015,0.07291223242911563,0.17853533122125423,0.17853533122125423,0.19128785487991526,0.0,0.1179147498099035,0.1319069746208782,0.19128785487991526,0.14021907429019526,0.0,-0.17853533122125423
2011-04-19,0.19128785487991526,0.07265296251367015,0.07291223242911563,0.17853533122125423,0.17853533122125423,0.19128785487991526,0.0,0.1179147498099035,0.1319069746208782,0.19128785487991526,0.14021907429019526,0.0,-0.17853533122125423
2011-04-20,0.19128785487991526,0.07265296251367015,0.07291223242911563,0.17853533122125423,0.17853533122125423,0.19128785487991526,0.0,0.1179147498099035,0.1319069746208782,0.19128785487991526,0.14021907429019526,0.0,-0.17853533122125423
2011-04-21,0.19128785487991526,0.07265296251367015,0.07291223242911563,0.17853533122125423,0.17853533122125423,0.19128785487991526,0.0,0.1179147498099035,0.1319069746208782,0.19128785487991526,0.14021907429019526,0.0,-0.17853533122125423
2011-04-25,0.19128785487991526,0.07265296251367015,0.07291223242911563,0.17853533122125423,0.17853533122125423,0.19128785487991526,0.0,0.1179147498099035,0.1319069746208782,0.19128785487991526,0.14021907429019526,0.0,-0.17853533122125423
2011-04-26,0.19128785487991526,0.07265296251367015,0.07291223242911563,0.17853533122125423,0.17853533122125423,0.19128785487991526,0.0,0.1179147498099035,0.1319069746208782,0.19128785487991526,0.14021907429019526,0.0,-0.17853533122125423
2011-04-27,0.19128785487991526,0.07265296251367015,0.07291223242911563,0.17853533122125423,0.17853533122125423,0.19128785487991526,0.0,0.1179147498099035,0.1319069746208782,0.19128785487991526,0.14021907429019526,0.0,-0.17853533122125423
2011-04-28,0.19128785487991526,0.07265296251367015,0.07291223242911563,0.17853533122125423,0.17853533122125423,0.19128785487991526,0.0,0.1179147498099035,0.1319069746208782,0.19128785487991526,0.14021907429019526,0.0,-0.17853533122125423
2011-04-29,0.19128785487991526,0.07265296251367015,0.07291223242911563,0.17853533122125423,0.17853533122125423,0.19128785487991526,0.0,0.1179147498099035,0.1319069746208782,0.19128785487991526,0.14021907429019526,0.0,-0.17853533122125423
2011-05-02,0.19128785487991526,0.07265296251367015,0.07291223242911563,0.17853533122125423,0.17853533122125423,0.19128785487991526,0.0,0.1179147498099035,0.1319069746208782,0.19128785487991526,0.14021907429019526,0.0,-0.17853533122125423
2011-05-03,0.19128785487991526,0.07265296251367015,0.07291223242911563,0.17853533122125423,0.17853533122125423,0.19128785487991526,0.0,0.1179147498099035,0.1319069746208782,0.19128785487991526,0.14021907429019526,0.0,-0.17853533122125423
2011-05-04,0.19128785487991526,0.07265296251367015,0.07291223242911563,0.17853533122125423,0.17853533122125423,0.19128785487991526,0.0,0.1179147498099035,0.1319069746208782,0.19128785487991526,0.14021907429019526,0.0,-0.17853533122125423
2011-05-05,0.19128785487991526,0.07265296251367015,0.07291223242911563,0.17853533122125423,0.17853533122125423,0.19128785487991526,0.0,0.1179147498099035,0.1319069746208782,0.19128785487991526,0.14021907429019526,0.0,-0.17853533122125423
2011-05-06,0.19128785487991526,0.07265296251367015,0.07291223242911563,0.17853533122125423,0.17853533122125423,0.19128785487991526,0.0,0.1179147498099035,0.1319069746208782,0.19128785487991526,0.14021907429019526,0.0,-0.17853533122125423
2011-05-09,0.19128785487991526,0.07265296251367015,0.07291223242911563,0.17853533122125423,0.17853533122125423,0.19128785487991526,0.0,0.1179147498099035,0.1319069746208782,0.19128785487991526,0.14021907429019526,0.0,-0.17853533122125423
2011-05-10,0.19128785487991526,0.07265296251367015,0.07291223242911563,0.17853533122125423,0.17853533122125423,0.19128785487991526,0.0,0.1179147498099035,0.1319069746208782,0.19128785487991526,0.14021907429019526,0.0,-0.17853533122125423
2011-05-11,0.19128785487991526,0.07265296251367015,0.07291223242911563,0.17853533122125423,0.17853533122125423,0.19128785487991526,0.0,0.1179147498099035,0.1319069746208782,0.19128785487991526,0.14021907429019526,0.0,-0.17853533122125423
2011-05-12,0.19128785487991526,0.07265296251367015,0.07291223242911563,0.17853533122125423,0.17853533122125423,0.19128785487991526,0.0,0.1179147498099035,0.1319069746208782,0.19128785487991526,0.14021907429019526,0.0,-0.17853533122125423
2011-05-13,0.19128785487991526,0.07265296251367015,0.07291223242911563,0.17853533122125423,0.17853533122125423,0.19128785487991526,0.0,0.1179147498099035,0.1319069746208782,0.19128785487991526,0.14021907429019526,0.0,-0.17853533122125423
2011-05-16,0.19128785487991526,0.07265296251367015,0.07291223242911563,0.17853533122125423,0.17853533122125423,0.19128785487991526,0.0,0.1179147498099035,0.1319069746208782,0.19128785487991526,0.14021907429019526,0.0,-0.17853533122125423
2011-05-17,0.19128785487991526,0.07265296251367015,0.07291223242911563,0.17853533122125423,0.17853533122125423,0.19128785487991526,0.0,0.1179147498099035,0.1319069746208782,0.19128785487991526,0.14021907429019526,0.0,-0.17853533122125423
2011-05-18,0.19128785487991526,0.07265296251367015,0.07291223242911563,0.17853533122125423,0.17853533122125423,0.19128785487991526,0.0,0.1179147498099035,0.1319069746208782,0.19128785487991526,0.14021907429019526,0.0,-0.17853533122125423
2011-05-19,0.19128785487991526,0.07265296251367015,0.07291223242911563,0.17853533122125423,0.17853533122125423,0.19128785487991526,0.0,0.1179147498099035,0.1319069746208782,0.19128785487991526,0.14021907429019526,0.0,-0.17853533122125423
2011-05-20,0.19128785487991526,0.07265296251367015,0.07291223242911563,0.17853533122125423,0.17853533122125423,0.19128785487991526,0.0,0.1179147498099035,0.1319069746208782,0.19128785487991526,0.14021907429019526,0.0,-0.17853533122125423
2011-05-23,0.19128785487991526,0.07265296251367015,0.07291223242911563,0.17853533122125423,0.17853533122125423,0.19128785487991526,0.0,0.1179147498099035,0.1319069746208782,0.19128785487991526,0.14021907429019526,0.0,-0.17853533122125423
2011-05-24,0.19128785487991526,0.07265296251367015,0.07291223242911563,0.17853533122125423,0.17853533122125423,0.19128785487991526,0.0,0.1179147498099035,0.1319069746208782,0.19128785487991526,0.14021907429019526,0.0,-0.17853533122125423
2011-05-25,0.19128785487991526,0.07265296251367015,0.07291223242911563,0.17853533122125423,0.17853533122125423,0.19128785487991526,0.0,0.1179147498099035,0.1319069746208782,0.19128785487991526,0.14021907429019526,0.0,-0.17853533122125423
2011-05-26,0.19128785487991526,0.07265296251367015,0.07291223242911563,0.17853533122125423,0.17853533122125423,0.19128785487991526,0.0,0.1179147498099035,0.1319069746208782,0.19128785487991526,0.14021907429019526,0.0,-0.17853533122125423
2011-05-27,0.19128785487991526,0.07265296251367015,0.07291223242911563,0.17853533122125423,0.17853533122125423,0.19128785487991526,0.0,0.1179147498099035,0.1319069746208782,0.19128785487991526,0.14021907429019526,0.0,-0.17853533122125423
2011-05-31,0.15921387564525574,0.06975320726680705,0.06780182894262272,0.16857668274301746,0.1708811101004594,0.18226389390854866,0.0493439173829544,0.1103501282056198,0.12408194071999425,0.18226389390854866,0.13835179780889245,0.0,-0.1708811101004594
2011-06-01,0.12713989641059625,0.06685345201994394,0.06269142545612982,0.1586180342647807,0.16322688897966456,0.17323993293718207,0.09868783476590878,0.1027855066013361,0.1162569068191103,0.17323993293718207,0.13648452132758965,0.0,-0.16322688897966456
2011-06-02,0.09506591717593674,0.06395369677308085,0.057581021969636915,0.1486593857865439,0.15557266785886972,0.16421597196581547,0.1480317521488632,0.09522088499705239,0.10843187291822634,0.16421597196581547,0.13461724484628684,0.0,-0.15557266785886972
2011-06-03,0.08617245822258995,0.0631496539047466,0.0561640115229552,0.14589805608610243,0.15345030876960308,0.16171381200903878,0.16171381200903878,0.0931233700225899,0.1062621509359019,0.16171381200903878,0.13409948723911502,0.0,-0.15345030876960308
2011-06-06,0.08617245822258995,0.0631496539047466,0.0561640115229552,0.14589805608610243,0.15345030876960308,0.16171381200903878,0.16171381200903878,0.0931233700225899,0.1062621509359019,0.16171381200903878,0.13409948723911502,0.0,-0.15345030876960308
2011-06-07,0.08617245822258995,0.0631496539047466,0.0561640115229552,0.14589805608610243,0.15345030876960308,0.16171381200903878,0.16171381200903878,0.0931233700225899,0.1062621509359019,0.16171381200903878,0.13409948723911502,0.0,-0.15345030876960308
2011-06-08,0.08617245822258995,0.0631496539047466,0.0561640115229552,0.14589805608610243,0.15345030876960308,0.16171381200903878,0.16171381200903878,0.0931233700225899,0.1062621509359019,0.16171381200903878,0.13409948723911502,0.0,-0.15345030876960308
2011-06-09,0.08617245822258995,0.0631496539047466,0.0561640115229552,0.14589805608610243,0.15345030876960308,0.16171381200903878,0.16171381200903878,0.0931233700225899,0.1062621509359019,0.16171381200903878,0.13409948723911502,0.0,-0.15345030876960308
2011-06-10,0.08617245822258995,0.0631496539047466,0.0561640115229552,0.14589805608610243,0.15345030876960308,0.16171381200903878,0.16171381200903878,0.0931233700225899,0.1062621509359019,0.16171381200903878,0.13409948723911502,0.0,-0.15345030876960308
2011-06-13,0.08617245822258995,0.0631496539047466,0.0561640115229552,0.14589805608610243,0.15345030876960308,0.16171381200903878,0.16171381200903878,0.0931233700225899,0.1062621509359019,0.16171381200903878,0.13409948723911502,0.0,-0.15345030876960308
2011-06-14,0.08617245822258995,0.0631496539047466,0.0561640115229552,0.14589805608610243,0.15345030876960308,0.16171381200903878,0.16171381200903878,0.0931233700225899,0.1062621509359019,0.16171381200903878,0.13409948723911502,0.0,-0.15345030876960308
2011-06-15,0.08617245822258995,0.0631496539047466,0.0561640115229552,0.14589805608610243,0.15345030876960308,0.16171381200903878,0.16171381200903878,0.0931233700225899,0.1062621509359019,0.16171381200903878,0.13409948723911502,0.0,-0.15345030876960308
2011-06-16,0.08617245822258995,0.0631496539047466,0.0561640115229552,0.14589805608610243,0.15345030876960308,0.16171381200903878,0.16171381200903878,0.0931233700225899,0.1062621509359019,0.16171381200903878,0.13409948723911502,0.0,-0.15345030876960308
2011-06-17,0.08617245822258995,0.0631496539047466,0.0561640115229552,0.14589805608610243,0.15345030876960308,0.16171381200903878,0.16171381200903878,0.0931233700225899,0.1062621509359019,0.16171381200903878,0.13409948723911502,0.0,-0.15345030876960308
2011-06-20,0.08617245822258995,0.0631496539047466,0.0561640115229552,0.14589805608610243,0.15345030876960308,0.16171381200903878,0.16171381200903878,0.0931233700225899,0.1062621509359019,0.16171381200903878,0.13409948723911502,0.0,-0.15345030876960308
2011-06-21,0.08617245822258995,0.0631496539047466,0.0561640115229552,0.14589805608610243,0.15345030876960308,0.16171381200903878,0.16171381200903878,0.0931233700225899,0.1062621509359019,0.16171381200903878,0.13409948723911502,0.0,-0.15345030876960308
2011-06-22,0.08617245822258995,0.0631496539047466,0.0561640115229552,0.14589805608610243,0.15345030876960308,0.16171381200903878,0.16171381200903878,0.0931233700225899,0.1062621509359019,0.16171381200903878,0.13409948723911502,0.0,-0.15345030876960308
2011-06-23,0.08617245822258995,0.0631496539047466,0.0561640115229552,0.14589805608610243,0.15345030876960308,0.16171381200903878,0.16171381200903878,0.0931233700225899,0.1062621509359019,0.16171381200903878,0.13409948723911502,0.0,-0.15345030876960308
2011-06-24,0.08617245822258995,0.0631496539047466,0.0561640115229552,0.14589805608610243,0.15345030876960308,0.16171381200903878,0.16171381200903878,0.0931233700225899,0.1062621509359019,0.16171381200903878,0.13409948723911502,0.0,-0.15345030876960308
2011-06-27,0.08617245822258995,0.0631496539047466,0.0561640115229552,0.14589805608610243,0.15345030876960308,0.16171381200903878,0.16171381200903878,0.0931233700225899,0.1062621509359019,0.16171381200903878,0.13409948723911502,0.0,-0.15345030876960308
2011-06-28,0.08617245822258995,0.0631496539047466,0.0561640115229552,0.14589805608610243,0.15345030876960308,0.16171381200903878,0.16171381200903878,0.0931233700225899,0.1062621509359019,0.16171381200903878,0.13409948723911502,0.0,-0.15345030876960308
2011-06-29,0.08617245822258995,0.0631496539047466,0.0561640115229552,0.14589805608610243,0.15345030876960308,0.16171381200903878,0.16171381200903878,0.0931233700225899,0.1062621509359019,0.16171381200903878,0.13409948723911502,0.0,-0.15345030876960308
2011-06-30,0.07274155979775469,0.03866832075905306,0.061283253332974394,0.15395747100969265,0.1585819291208886,0.16825761758981064,0.16825761758981064,0.08776979643618943,0.09958380185157206,0.16825761758981064,0.1289822083890172,0.05186525273014702,-0.1585819291208886
2011-07-01,0.05931066137291943,0.014186987613359538,0.0664024951429936,0.16201688593328284,0.1637135494721741,0.17480142317058253,0.17480142317058253,0.08241622284978896,0.09290545276724221,0.17480142317058253,0.12386492953891935,0.10373050546029403,-0.1637135494721741
2011-07-05,0.051527425531331036,0.0,0.0693691072844288,0.1666873350061109,0.1666873350061109,0.17859357322083314,0.17859357322083314,0.07931381491695819,0.0890353344541084,0.17859357322083314,0.12089945493717302,0.13378653605582527,-0.1666873350061109
2011-07-06,0.051527425531331036,0.0,0.0693691072844288,0.1666873350061109,0.1666873350061109,0.17859357322083314,0.17859357322083314,0.07931381491695819,0.0890353344541084,0.17859357322083314,0.12089945493717302,0.13378653605582527,-0.1666873350061109
2011-07-07,0.051527425531331036,0.0,0.0693691072844288,0.1666873350061109,0.1666873350061109,0.17859357322083314,0.17859357322083314,0.07931381491695819,0.0890353344541084,0.17859357322083314,0.12089945493717302,0.13378653605582527,-0.1666873350061109
2011-07-08,0.051527425531331036,0.0,0.0693691072844288,0.1666873350061109,0.1666873350061109,0.17859357322083314,0.17859357322083314,0.07931381491695819,0.0890353344541084,0.17859357322083314,0.12089945493717302,0.13378653605582527,-0.1666873350061109
2011-07-11,0.051527425531331036,0.0,0.0693691072844288,0.1666873350061109,0.1666873350061109,0.17859357322083314,0.17859357322083314,0.07931381491695819,0.0890353344541084,0.17859357322083314,0.12089945493717302,0.13378653605582527,-0.1666873350061109
2011-07-12,0.051527425531331036,0.0,0.0693691072844288,0.1666873350061109,0.1666873350061109,0.17859357322083314,0.17859357322083314,0.07931381491695819,0.0890353344541084,0.17859357322083314,0.12089945493717302,0.13378653605582527,-0.1666873350061109
2011-07-13,0.051527425531331036,0.0,0.0693691072844288,0.1666873350061109,0.1666873350061109,0.17859357322083314,0.17859357322083314,0.07931381491695819,0.0890353344541084,0.17859357322083314,0.12089945493717302,0.13378653605582527,-0.1666873350061109
2011-07-14,0.051527425531331036,0.0,0.0693691072844288,0.1666873350061109,0.1666873350061109,0.17859357322083314,0.17859357322083314,0.07931381491695819,0.0890353344541084,0.17859357322083314,0.12089945493717302,0.13378653605582527,-0.1666873350061109
2011-07-15,0.051527425531331036,0.0,0.0693691072844288,0.1666873350061109,0.1666873350061109,0.17859357322083314,0.17859357322083314,0.07931381491695819,0.0890353344541084,0.17859357322083314,0.12089945493717302,0.13378653605582527,-0.1666873350061109
2011-07-18,0.051527425531331036,0.0,0.0693691072844288,0.1666873350061109,0.1666873350061109,0.17859357322083314,0.17859357322083314,0.07931381491695819,0.0890353344541084,0.17859357322083314,0.12089945493717302,0.13378653605582527,-0.1666873350061109
2011-07-19,0.051527425531331036,0.0,0.0693691072844288,0.1666873350061109,0.1666873350061109,0.17859357322083314,0.17859357322083314,0.07931381491695819,0.0890353344541084,0.17859357322083314,0.12089945493717302,0.13378653605582527,-0.1666873350061109
2011-07-20,0.051527425531331036,0.0,0.0693691072844288,0.1666873350061109,0.1666873350061109,0.17859357322083314,0.17859357322083314,0.07931381491695819,0.0890353344541084,0.17859357322083314,0.12089945493717302,0.13378653605582527,-0.1666873350061109
2011-07-21,0.051527425531331036,0.0,0.0693691072844288,0.1666873350061109,0.1666873350061109,0.17859357322083314,0.17859357322083314,0.07931381491695819,0.0890353344541084,0.17859357322083314,0.12089945493717302,0.13378653605582527,-0.1666873350061109
2011-07-22,0.051527425531331036,0.0,0.0693691072844288,0.1666873350061109,0.1666873350061109,0.17859357322083314,0.17859357322083314,0.07931381491695819,0.0890353344541084,0.17859357322083314,0.12089945493717302,0.13378653605582527,-0.1666873350061109
2011-07-25,0.051527425531331036,0.0,0.0693691072844288,0.1666873350061109,0.1666873350061109,0.17859357322083314,0.17859357322083314,0.07931381491695819,0.0890353344541084,0.17859357322083314,0.12089945493717302,0.13378653605582527,-0.1666873350061109
2011-07-26,0.051527425531331036,0.0,0.0693691072844288,0.1666873350061109,0.1666873350061109,0.17859357322083314,0.17859357322083314,0.07931381491695819,0.0890353344541084,0.17859357322083314,0.12089945493717302,0.13378653605582527,-0.1666873350061109
2011-07-27,0.051527425531331036,0.0,0.0693691072844288,0.1666873350061109,0.1666873350061109,0.17859357322083314,0.17859357322083314,0.07931381491695819,0.0890353344541084,0.17859357322083314,0.12089945493717302,0.13378653605582527,-0.1666873350061109
2011-07-28,0.051527425531331036,0.0,0.0693691072844288,0.1666873350061109,0.1666873350061109,0.17859357322083314,0.17859357322083314,0.07931381491695819,0.0890353344541084,0.17859357322083314,0.12089945493717302,0.13378653605582527,-0.1666873350061109
2011-07-29,0.051527425531331036,0.0,0.0693691072844288,0.1666873350061109,0.1666873350061109,0.17859357322083314,0.17859357322083314,0.07931381491695819,0.0890353344541084,0.17859357322083314,0.12089945493717302,0.13378653605582527,-0.1666873350061109
2011-08-01,0.051527425531331036,0.0,0.0693691072844288,0.1666873350061109,0.1666873350061109,0.17859357322083314,0.17859357322083314,0.07931381491695819,0.0890353344541084,0.17859357322083314,0.12089945493717302,0.13378653605582527,-0.1666873350061109
2011-08-02,0.051527425531331036,0.0,0.0693691072844288,0.1666873350061109,0.1666873350061109,0.17859357322083314,0.17859357322083314,0.07931381491695819,0.0890353344541084,0.17859357322083314,0.12089945493717302,0.13378653605582527,-0.1666873350061109
2011-08-03,0.051527425531331036,0.0,0.0693691072844288,0.1666873350061109,0.1666873350061109,0.17859357322083314,0.17859357322083314,0.07931381491695819,0.0890353344541084,0.17859357322083314,0.12089945493717302,0.13378653605582527,-0.1666873350061109
2011-08-04,0.051527425531331036,0.0,0.0693691072844288,0.1666873350061109,0.1666873350061109,0.17859357322083314,0.17859357322083314,0.07931381491695819,0.0890353344541084,0.17859357322083314,0.12089945493717302,0.13378653605582527,-0.1666873350061109
2011-08-05,0.051527425531331036,0.0,0.0693691072844288,0.1666873350061109,0.1666873350061109,0.17859357322083314,0.17859357322083314,0.07931381491695819,0.0890353344541084,0.17859357322083314,0.12089945493717302,0.13378653605582527,-0.1666873350061109
2011-08-08,0.051527425531331036,0.0,0.0693691072844288,0.1666873350061109,0.1666873350061109,0.17859357322083314,0.17859357322083314,0.07931381491695819,0.0890353344541084,0.17859357322083314,0.12089945493717302,0.13378653605582527,-0.1666873350061109
2011-08-09,0.051527425531331036,0.0,0.0693691072844288,0.1666873350061109,0.1666873350061109,0.17859357322083314,0.17859357322083314,0.07931381491695819,0.0890353344541084,0.17859357322083314,0.12089945493717302,0.13378653605582527,-0.1666873350061109
2011-08-10,0.051527425531331036,0.0,0.0693691072844288,0.1666873350061109,0.1666873350061109,0.17859357322083314,0.17859357322083314,0.07931381491695819,0.0890353344541084,0.17859357322083314,0.12089945493717302,0.13378653605582527,-0.1666873350061109
2011-08-11,0.051527425531331036,0.0,0.0693691072844288,0.1666873350061109,0.1666873350061109,0.17859357322083314,0.17859357322083314,0.07931381491695819,0.0890353344541084,0.17859357322083314,0.12089945493717302,0.13378653605582527,-0.1666873350061109
2011-08-12,0.051527425531331036,0.0,0.0693691072844288,0.1666873350061109,0.1666873350061109,0.17859357322083314,0.17859357322083314,0.07931381491695819,0.0890353344541084,0.17859357322083314,0.12089945493717302,0.13378653605582527,-0.1666873350061109
2011-08-15,0.051527425531331036,0.0,0.0693691072844288,0.1666873350061109,0.1666873350061109,0.17859357322083314,0.17859357322083314,0.07931381491695819,0.0890353344541084,0.17859357322083314,0.12089945493717302,0.13378653605582527,-0.1666873350061109
2011-08-16,0.051527425531331036,0.0,0.0693691072844288,0.1666873350061109,0.1666873350061109,0.17859357322083314,0.17859357322083314,0.07931381491695819,0.0890353344541084,0.17859357322083314,0.12089945493717302,0.13378653605582527,-0.1666873350061109
2011-08-17,0.051527425531331036,0.0,0.0693691072844288,0.1666873350061109,0.1666873350061109,0.17859357322083314,0.17859357322083314,0.07931381491695819,0.0890353344541084,0.17859357322083314,0.12089945493717302,0.13378653605582527,-0.1666873350061109
2011-08-18,0.051527425531331036,0.0,0.0693691072844288,0.1666873350061109,0.1666873350061109,0.17859357322083314,0.17859357322083314,0.07931381491695819,0.0890353344541084,0.17859357322083314,0.12089945493717302,0.13378653605582527,-0.1666873350061109
2011-08-19,0.051527425531331036,0.0,0.0693691072844288,0.1666873350061109,0.1666873350061109,0.17859357322083314,0.17859357322083314,0.07931381491695819,0.0890353344541084,0.17859357322083314,0.12089945493717302,0.13378653605582527,-0.1666873350061109
2011-08-22,0.051527425531331036,0.0,0.0693691072844288,0.1666873350061109,0.1666873350061109,0.17859357322083314,0.17859357322083314,0.07931381491695819,0.0890353344541084,0.17859357322083314,0.12089945493717302,0.13378653605582527,-0.1666873350061109
2011-08-23,0.051527425531331036,0.0,0.0693691072844288,0.1666873350061109,0.1666873350061109,0.17859357322083314,0.17859357322083314,0.07931381491695819,0.0890353344541084,0.17859357322083314,0.12089945493717302,0.13378653605582527,-0.1666873350061109
2011-08-24,0.051527425531331036,0.0,0.0693691072844288,0.1666873350061109,0.1666873350061109,0.17859357322083314,0.17859357322083314,0.07931381491695819,0.0890353344541084,0.17859357322083314,0.12089945493717302,0.13378653605582527,-0.1666873350061109
2011-08-25,0.051527425531331036,0.0,0.0693691072844288,0.1666873350061109,0.1666873350061109,0.17859357322083314,0.17859357322083314,0.07931381491695819,0.0890353344541084,0.17859357322083314,0.12089945493717302,0.13378653605582527,-0.1666873350061109
2011-08-26,0.051527425531331036,0.0,0.0693691072844288,0.1666873350061109,0.1666873350061109,0.17859357322083314,0.17859357322083314,0.07931381491695819,0.0890353344541084,0.17859357322083314,0.12089945493717302,0.13378653605582527,-0.1666873350061109
2011-08-29,0.051527425531331036,0.0,0.0693691072844288,0.1666873350061109,0.1666873350061109,0.17859357322083314,0.17859357322083314,0.07931381491695819,0.0890353344541084,0.17859357322083314,0.12089945493717302,0.13378653605582527,-0.1666873350061109
2011-08-30,0.051527425531331036,0.0,0.0693691072844288,0.1666873350061109,0.1666873350061109,0.17859357322083314,0.17859357322083314,0.07931381491695819,0.0890353344541084,0.17859357322083314,0.12089945493717302,0.13378653605582527,-0.1666873350061109
2011-08-31,0.05562688613854577,-0.012243024245222474,0.036956087520672525,0.1688161610242514,0.1688161610242514,0.18087445824026938,0.18087445824026938,0.05536151458039695,0.06214719304212585,0.18087445824026938,0.0843885386710263,0.1331225317994394,-0.1688161610242514
2011-09-01,0.05972634674576051,-0.024486048490444952,0.004543067756916243,0.1709449870423919,0.1709449870423919,0.18315534325970562,0.18315534325970562,0.03140921424383572,0.0352590516301433,0.18315534325970562,0.04787762240487958,0.1324585275430535,-0.1709449870423919
2011-09-02,0.06382580735297524,-0.03672907273566743,-0.027869952006840046,0.17307381306053235,0.17307381306053235,0.18543622827914183,0.18543622827914183,0.00745691390727448,0.008370910218160745,0.18543622827914183,0.011366706138732849,0.13179452328666763,-0.17307381306053235
2011-09-06,0.06510206576593452,-0.04054061386025593,-0.03796088667519755,0.17373656662147566,0.17373656662147566,0.18614632138015252,0.18614632138015252,0.0,0.0,0.18614632138015252,0.0,0.13158780315939972,-0.17373656662147566
2011-09-07,0.06510206576593452,-0.04054061386025593,-0.03796088667519755,0.17373656662147566,0.17373656662147566,0.18614632138015252,0.18614632138015252,0.0,0.0,0.18614632138015252,0.0,0.13158780315939972,-0.17373656662147566
2011-09-08,0.06510206576593452,-0.04054061386025593,-0.03796088667519755,0.17373656662147566,0.17373656662147566,0.18614632138015252,0.18614632138015252,0.0,0.0,0.18614632138015252,0.0,0.13158780315939972,-0.17373656662147566
2011-09-09,0.06510206576593452,-0.04054061386025593,-0.03796088667519755,0.17373656662147566,0.17373656662147566,0.18614632138015252,0.18614632138015252,0.0,0.0,0.18614632138015252,0.0,0.13158780315939972,-0.17373656662147566
2011-09-12,0.06510206576593452,-0.04054061386025593,-0.03796088667519755,0.17373656662147566,0.17373656662147566,0.18614632138015252,0.18614632138015252,0.0,0.0,0.18614632138015252,0.0,0.13158780315939972,-0.17373656662147566
2011-09-13,0.06510206576593452,-0.04054061386025593,-0.03796088667519755,0.17373656662147566,0.17373656662147566,0.18614632138015252,0.18614632138015252,0.0,0.0,0.18614632138015252,0.0,0.13158780315939972,-0.17373656662147566
2011-09-14,0.06510206576593452,-0.04054061386025593,-0.03796088667519755,0.17373656662147566,0.17373656662147566,0.18614632138015252,0.18614632138015252,0.0,0.0,0.18614632138015252,0.0,0.13158780315939972,-0.17373656662147566
2011-09-15,0.06510206576593452,-0.04054061386025593,-0.03796088667519755,0.17373656662147566,0.17373656662147566,0.18614632138015252,0.18614632138015252,0.0,0.0,0.18614632138015252,0.0,0.13158780315939972,-0.17373656662147566
2011-09-16,0.06510206576593452,-0.04054061386025593,-0.03796088667519755,0.17373656662147566,0.17373656662147566,0.18614632138015252,0.18614632138015252,0.0,0.0,0.18614632138015252,0.0,0.13158780315939972,-0.17373656662147566
2011-09-19,0.06510206576593452,-0.04054061386025593,-0.03796088667519755,0.17373656662147566,0.17373656662147566,0.18614632138015252,0.18614632138015252,0.0,0.0,0.18614632138015252,0.0,0.13158780315939972,-0.17373656662147566
2011-09-20,0.06510206576593452,-0.04054061386025593,-0.03796088667519755,0.17373656662147566,0.17373656662147566,0.18614632138015252,0.18614632138015252,0.0,0.0,0.18614632138015252,0.0,0.13158780315939972,-0.17373656662147566
2011-09-21,0.06510206576593452,-0.04054061386025593,-0.03796088667519755,0.17373656662147566,0.17373656662147566,0.18614632138015252,0.18614632138015252,0.0,0.0,0.18614632138015252,0.0,0.13158780315939972,-0.17373656662147566
2011-09-22,0.06510206576593452,-0.04054061386025593,-0.03796088667519755,0.17373656662147566,0.17373656662147566,0.18614632138015252,0.18614632138015252,0.0,0.0,0.18614632138015252,0.0,0.13158780315939972,-0.17373656662147566
2011-09-23,0.06510206576593452,-0.04054061386025593,-0.03796088667519755,0.17373656662147566,0.17373656662147566,0.18614632138015252,0.18614632138015252,0.0,0.0,0.18614632138015252,0.0,0.13158780315939972,-0.17373656662147566
2011-09-26,0.06510206576593452,-0.04054061386025593,-0.03796088667519755,0.17373656662147566,0.17373656662147566,0.18614632138015252,0.18614632138015252,0.0,0.0,0.18614632138015252,0.0,0.13158780315939972,-0.17373656662147566
2011-09-27,0.06510206576593452,-0.04054061386025593,-0.03796088667519755,0.17373656662147566,0.17373656662147566,0.18614632138015252,0.18614632138015252,0.0,0.0,0.18614632138015252,0.0,0.13158780315939972,-0.17373656662147566
2011-09-28,0.06510206576593452,-0.04054061386025593,-0.03796088667519755,0.17373656662147566,0.17373656662147566,0.18614632138015252,0.18614632138015252,0.0,0.0,0.18614632138015252,0.0,0.13158780315939972,-0.17373656662147566
2011-09-29,0.06510206576593452,-0.04054061386025593,-0.03796088667519755,0.17373656662147566,0.17373656662147566,0.18614632138015252,0.18614632138015252,0.0,0.0,0.18614632138015252,0.0,0.13158780315939972,-0.17373656662147566
2011-09-30,0.053861379403137545,-0.05176000932355769,-0.046905960010482514,0.12015334549034387,0.17533428094297804,0.17833406964209372,0.18480461663784514,-0.009354371733018237,0.0,0.18480461663784514,-0.009416520349793272,0.13573736681710888,-0.14373877419868775
2011-10-03,0.042620693040340565,-0.06297940478685946,-0.05585103334576747,0.06657012435921209,0.17693199526448042,0.17052181790403492,0.18346291189553776,-0.018708743466036473,0.0,0.18346291189553776,-0.018833040699586544,0.13988693047481804,-0.11374098177589986
2011-10-04,0.03138000667754359,-0.0741988002501612,-0.06479610668105243,0.012986903228080299,0.1785297095859828,0.16270956616597612,0.18212120715323038,-0.028063115199054706,0.0,0.18212120715323038,-0.028249561049379812,0.1440364941325272,-0.08374318935311198
2011-10-05,0.020139320314746616,-0.08541819571346297,-0.0737411800163374,-0.040596317903051495,0.18012742390748518,0.1548973144279173,0.180779502410923,-0.03741748693207294,0.0,0.180779502410923,-0.03766608139917308,0.14818605779023636,-0.05374539693032408
2011-10-06,0.008898633951949638,-0.09663759117676474,-0.08268625335162236,-0.0941795390341833,0.18172513822898756,0.14708506268985846,0.17943779766861565,-0.046771858665091176,0.0,0.17943779766861565,-0.047082601748966356,0.15233562144794552,-0.023747604507536182
2011-10-07,0.0,-0.10551937029307526,-0.08976757656578949,-0.13659843192229248,0.18298996089621297,0.1409005321092748,0.1783756437228474,-0.054177200938325946,0.0,0.1783756437228474,-0.05453714366833051,0.1556206030637015,0.0
2011-10-10,0.0,-0.10551937029307526,-0.08976757656578949,-0.13659843192229248,0.18298996089621297,0.1409005321092748,0.1783756437228474,-0.054177200938325946,0.0,0.1783756437228474,-0.05453714366833051,0.1556206030637015,0.0
2011-10-11,0.0,-0.10551937029307526,-0.08976757656578949,-0.13659843192229248,0.18298996089621297,0.1409005321092748,0.1783756437228474,-0.054177200938325946,0.0,0.1783756437228474,-0.05453714366833051,0.1556206030637015,0.0
2011-10-12,0.0,-0.10551937029307526,-0.08976757656578949,-0.13659843192229248,0.18298996089621297,0.1409005321092748,0.1783756437228474,-0.054177200938325946,0.0,0.1783756437228474,-0.05453714366833051,0.1556206030637015,0.0
2011-10-13,0.0,-0.10551937029307526,-0.08976757656578949,-0.13659843192229248,0.18298996089621297,0.1409005321092748,0.1783756437228474,-0.054177200938325946,0.0,0.1783756437228474,-0.05453714366833051,0.1556206030637015,0.0
2011-10-14,0.0,-0.10551937029307526,-0.08976757656578949,-0.13659843192229248,0.18298996089621297,0.1409005321092748,0.1783756437228474,-0.054177200938325946,0.0,0.1783756437228474,-0.05453714366833051,0.1556206030637015,0.0
2011-10-17,0.0,-0.10551937029307526,-0.08976757656578949,-0.13659843192229248,0.18298996089621297,0.1409005321092748,0.1783756437228474,-0.054177200938325946,0.0,0.1783756437228474,-0.05453714366833051,0.1556206030637015,0.0
2011-10-18,0.0,-0.10551937029307526,-0.08976757656578949,-0.13659843192229248,0.18298996089621297,0.1409005321092748,0.1783756437228474,-0.054177200938325946,0.0,0.1783756437228474,-0.05453714366833051,0.1556206030637015,0.0
2011-10-19,0.0,-0.10551937029307526,-0.08976757656578949,-0.13659843192229248,0.18298996089621297,0.1409005321092748,0.1783756437228474,-0.054177200938325946,0.0,0.1783756437228474,-0.05453714366833051,0.1556206030637015,0.0
2011-10-20,0.0,-0.10551937029307526,-0.08976757656578949,-0.13659843192229248,0.18298996089621297,0.1409005321092748,0.1783756437228474,-0.054177200938325946,0.0,0.1783756437228474,-0.05453714366833051,0.1556206030637015,0.0
2011-10-21,0.0,-0.10551937029307526,-0.08976757656578949,-0.13659843192229248,0.18298996089621297,0.1409005321092748,0.1783756437228474,-0.054177200938325946,0.0,0.1783756437228474,-0.05453714366833051,0.1556206030637015,0.0
2011-10-24,0.0,-0.10551937029307526,-0.08976757656578949,-0.13659843192229248,0.18298996089621297,0.1409005321092748,0.1783756437228474,-0.054177200938325946,0.0,0.1783756437228474,-0.05453714366833051,0.1556206030637015,0.0
2011-10-25,0.0,-0.10551937029307526,-0.08976757656578949,-0.13659843192229248,0.18298996089621297,0.1409005321092748,0.1783756437228474,-0.054177200938325946,0.0,0.1783756437228474,-0.05453714366833051,0.1556206030637015,0.0
2011-10-26,0.0,-0.10551937029307526,-0.08976757656578949,-0.13659843192229248,0.18298996089621297,0.1409005321092748,0.1783756437228474,-0.054177200938325946,0.0,0.1783756437228474,-0.05453714366833051,0.1556206030637015,0.0
2011-10-27,0.0,-0.10551937029307526,-0.08976757656578949,-0.13659843192229248,0.18298996089621297,0.1409005321092748,0.1783756437228474,-0.054177200938325946,0.0,0.1783756437228474,-0.05453714366833051,0.1556206030637015,0.0
2011-10-28,0.0,-0.10551937029307526,-0.08976757656578949,-0.13659843192229248,0.18298996089621297,0.1409005321092748,0.1783756437228474,-0.054177200938325946,0.0,0.1783756437228474,-0.05453714366833051,0.1556206030637015,0.0
2011-10-31,0.0,-0.08801112681598736,-0.07449855551081806,-0.12364706542586404,0.17228761102224732,0.12152493377328465,0.16905858005727037,-0.03791240455584785,0.008832053470426246,0.16905858005727037,-0.03816428715887129,0.14153101599566267,0.0
2011-11-01,0.0,-0.07050288333889945,-0.05922953445584664,-0.11069569892943561,0.16158526114828167,0.1021493354372945,0.15974151639169334,-0.021647608173369758,0.017664106940852492,0.15974151639169334,-0.02179143064941207,0.12744142892762383,0.0
2011-11-02,0.0,-0.05299463986181155,-0.043960513400875215,-0.09774433243300716,0.150882911274316,0.08277373710130434,0.15042445272611635,-0.005382811790891666,0.026496160411278735,0.15042445272611635,-0.00541857413995285,0.11335184185958498,0.0
2011-11-03,0.0,-0.04720031098058444,-0.038907252072709064,-0.0934580956646061,0.14734098343598834,0.07636140972099327,0.14734098343598834,0.0,0.029419116250406965,0.14734098343598834,0.0,0.10868891257260432,0.0
2011-11-04,0.0,-0.04720031098058444,-0.038907252072709064,-0.0934580956646061,0.14734098343598834,0.07636140972099327,0.14734098343598834,0.0,0.029419116250406965,0.14734098343598834,0.0,0.10868891257260432,0.0
2011-11-07,0.0,-0.04720031098058444,-0.038907252072709064,-0.0934580956646061,0.14734098343598834,0.07636140972099327,0.14734098343598834,0.0,0.029419116250406965,0.14734098343598834,0.0,0.10868891257260432,0.0
2011-11-08,0.0,-0.04720031098058444,-0.038907252072709064,-0.0934580956646061,0.14734098343598834,0.07636140972099327,0.14734098343598834,0.0,0.029419116250406965,0.14734098343598834,0.0,0.10868891257260432,0.0
2011-11-09,0.0,-0.04720031098058444,-0.038907252072709064,-0.0934580956646061,0.14734098343598834,0.07636140972099327,0.14734098343598834,0.0,0.029419116250406965,0.14734098343598834,0.0,0.10868891257260432,0.0
2011-11-10,0.0,-0.04720031098058444,-0.038907252072709064,-0.0934580956646061,0.14734098343598834,0.07636140972099327,0.14734098343598834,0.0,0.029419116250406965,0.14734098343598834,0.0,0.10868891257260432,0.0
2011-11-11,0.0,-0.04720031098058444,-0.038907252072709064,-0.0934580956646061,0.14734098343598834,0.07636140972099327,0.14734098343598834,0.0,0.029419116250406965,0.14734098343598834,0.0,0.10868891257260432,0.0
2011-11-14,0.0,-0.04720031098058444,-0.038907252072709064,-0.0934580956646061,0.14734098343598834,0.07636140972099327,0.14734098343598834,0.0,0.029419116250406965,0.14734098343598834,0.0,0.10868891257260432,0.0
2011-11-15,0.0,-0.04720031098058444,-0.038907252072709064,-0.0934580956646061,0.14734098343598834,0.07636140972099327,0.14734098343598834,0.0,0.029419116250406965,0.14734098343598834,0.0,0.10868891257260432,0.0
2011-11-16,0.0,-0.04720031098058444,-0.038907252072709064,-0.0934580956646061,0.14734098343598834,0.07636140972099327,0.14734098343598834,0.0,0.029419116250406965,0.14734098343598834,0.0,0.10868891257260432,0.0
2011-11-17,0.0,-0.04720031098058444,-0.038907252072709064,-0.0934580956646061,0.14734098343598834,0.07636140972099327,0.14734098343598834,0.0,0.029419116250406965,0.14734098343598834,0.0,0.10868891257260432,0.0
2011-11-18,0.0,-0.04720031098058444,-0.038907252072709064,-0.0934580956646061,0.14734098343598834,0.07636140972099327,0.14734098343598834,0.0,0.029419116250406965,0.14734098343598834,0.0,0.10868891257260432,0.0
2011-11-21,0.0,-0.04720031098058444,-0.038907252072709064,-0.0934580956646061,0.14734098343598834,0.07636140972099327,0.14734098343598834,0.0,0.029419116250406965,0.14734098343598834,0.0,0.10868891257260432,0.0
2011-11-22,0.0,-0.04720031098058444,-0.038907252072709064,-0.0934580956646061,0.14734098343598834,0.07636140972099327,0.14734098343598834,0.0,0.029419116250406965,0.14734098343598834,0.0,0.10868891257260432,0.0
2011-11-23,0.0,-0.04720031098058444,-0.038907252072709064,-0.0934580956646061,0.14734098343598834,0.07636140972099327,0.14734098343598834,0.0,0.029419116250406965,0.14734098343598834,0.0,0.10868891257260432,0.0
2011-11-25,0.0,-0.04720031098058444,-0.038907252072709064,-0.0934580956646061,0.14734098343598834,0.07636140972099327,0.14734098343598834,0.0,0.029419116250406965,0.14734098343598834,0.0,0.10868891257260432,0.0
2011-11-28,0.0,-0.04720031098058444,-0.038907252072709064,-0.0934580956646061,0.14734098343598834,0.07636140972099327,0.14734098343598834,0.0,0.029419116250406965,0.14734098343598834,0.0,0.10868891257260432,0.0
2011-11-29,0.0,-0.04720031098058444,-0.038907252072709064,-0.0934580956646061,0.14734098343598834,0.07636140972099327,0.14734098343598834,0.0,0.029419116250406965,0.14734098343598834,0.0,0.10868891257260432,0.0
2011-11-30,0.0,-0.05259615630099083,-0.057055334034094324,-0.10258060921845699,0.1675876071550374,0.08252453618724093,0.16602963210670002,0.0,0.00333014438780406,0.16602963210670002,0.0,0.1361464523476388,0.0
2011-12-01,0.0,-0.05328491261173558,-0.05937185818120901,-0.10374505860626786,0.17017200107845684,0.08331123261671278,0.16841515725557044,0.0,0.0,0.16841515725557044,0.0,0.13965128850853822,0.0
2011-12-02,0.0,-0.05328491261173558,-0.05937185818120901,-0.10374505860626786,0.17017200107845684,0.08331123261671278,0.16841515725557044,0.0,0.0,0.16841515725557044,0.0,0.13965128850853822,0.0
2011-12-05,0.0,-0.05328491261173558,-0.05937185818120901,-0.10374505860626786,0.17017200107845684,0.08331123261671278,0.16841515725557044,0.0,0.0,0.16841515725557044,0.0,0.13965128850853822,0.0
2011-12-06,0.0,-0.05328491261173558,-0.05937185818120901,-0.10374505860626786,0.17017200107845684,0.08331123261671278,0.16841515725557044,0.0,0.0,0.16841515725557044,0.0,0.13965128850853822,0.0
2011-12-07,0.0,-0.05328491261173558,-0.05937185818120901,-0.10374505860626786,0.17017200107845684,0.08331123261671278,0.16841515725557044,0.0,0.0,0.16841515725557044,0.0,0.13965128850853822,0.0
2011-12-08,0.0,-0.05328491261173558,-0.05937185818120901,-0.10374505860626786,0.17017200107845684,0.08331123261671278,0.16841515725557044,0.0,0.0,0.16841515725557044,0.0,0.13965128850853822,0.0
2011-12-09,0.0,-0.05328491261173558,-0.05937185818120901,-0.10374505860626786,0.17017200107845684,0.08331123261671278,0.16841515725557044,0.0,0.0,0.16841515725557044,0.0,0.13965128850853822,0.0
2011-12-12,0.0,-0.05328491261173558,-0.05937185818120901,-0.10374505860626786,0.17017200107845684,0.08331123261671278,0.16841515725557044,0.0,0.0,0.16841515725557044,0.0,0.13965128850853822,0.0
2011-12-13,0.0,-0.05328491261173558,-0.05937185818120901,-0.10374505860626786,0.17017200107845684,0.08331123261671278,0.16841515725557044,0.0,0.0,0.16841515725557044,0.0,0.13965128850853822,0.0
2011-12-14,0.0,-0.05328491261173558,-0.05937185818120901,-0.10374505860626786,0.17017200107845684,0.08331123261671278,0.16841515725557044,0.0,0.0,0.16841515725557044,0.0,0.13965128850853822,0.0
2011-12-15,0.0,-0.05328491261173558,-0.05937185818120901,-0.10374505860626786,0.17017200107845684,0.08331123261671278,0.16841515725557044,0.0,0.0,0.16841515725557044,0.0,0.13965128850853822,0.0
2011-12-16,0.0,-0.05328491261173558,-0.05937185818120901,-0.10374505860626786,0.17017200107845684,0.08331123261671278,0.16841515725557044,0.0,0.0,0.16841515725557044,0.0,0.13965128850853822,0.0
2011-12-19,0.0,-0.05328491261173558,-0.05937185818120901,-0.10374505860626786,0.17017200107845684,0.08331123261671278,0.16841515725557044,0.0,0.0,0.16841515725557044,0.0,0.13965128850853822,0.0
2011-12-20,0.0,-0.05328491261173558,-0.05937185818120901,-0.10374505860626786,0.17017200107845684,0.08331123261671278,0.16841515725557044,0.0,0.0,0.16841515725557044,0.0,0.13965128850853822,0.0
2011-12-21,0.0,-0.05328491261173558,-0.05937185818120901,-0.10374505860626786,0.17017200107845684,0.08331123261671278,0.16841515725557044,0.0,0.0,0.16841515725557044,0.0,0.13965128850853822,0.0
2011-12-22,0.0,-0.05328491261173558,-0.05937185818120901,-0.10374505860626786,0.17017200107845684,0.08331123261671278,0.16841515725557044,0.0,0.0,0.16841515725557044,0.0,0.13965128850853822,0.0
2011-12-23,0.0,-0.05328491261173558,-0.05937185818120901,-0.10374505860626786,0.17017200107845684,0.08331123261671278,0.16841515725557044,0.0,0.0,0.16841515725557044,0.0,0.13965128850853822,0.0
2011-12-27,0.0,-0.05328491261173558,-0.05937185818120901,-0.10374505860626786,0.17017200107845684,0.08331123261671278,0.16841515725557044,0.0,0.0,0.16841515725557044,0.0,0.13965128850853822,0.0
2011-12-28,0.0,-0.05328491261173558,-0.05937185818120901,-0.10374505860626786,0.17017200107845684,0.08331123261671278,0.16841515725557044,0.0,0.0,0.16841515725557044,0.0,0.13965128850853822,0.0
2011-12-29,0.0,-0.05328491261173558,-0.05937185818120901,-0.10374505860626786,0.17017200107845684,0.08331123261671278,0.16841515725557044,0.0,0.0,0.16841515725557044,0.0,0.13965128850853822,0.0
2011-12-30,0.0,-0.05328491261173558,-0.05937185818120901,-0.10374505860626786,0.17017200107845684,0.08331123261671278,0.16841515725557044,0.0,0.0,0.16841515725557044,0.0,0.13965128850853822,0.0
2012-01-03,0.0,-0.05328491261173558,-0.05937185818120901,-0.10374505860626786,0.17017200107845684,0.08331123261671278,0.16841515725557044,0.0,0.0,0.16841515725557044,0.0,0.13965128850853822,0.0
2012-01-04,0.0,-0.05328491261173558,-0.05937185818120901,-0.10374505860626786,0.17017200107845684,0.08331123261671278,0.16841515725557044,0.0,0.0,0.16841515725557044,0.0,0.13965128850853822,0.0
2012-01-05,0.0,-0.05328491261173558,-0.05937185818120901,-0.10374505860626786,0.17017200107845684,0.08331123261671278,0.16841515725557044,0.0,0.0,0.16841515725557044,0.0,0.13965128850853822,0.0
2012-01-06,0.0,-0.05328491261173558,-0.05937185818120901,-0.10374505860626786,0.17017200107845684,0.08331123261671278,0.16841515725557044,0.0,0.0,0.16841515725557044,0.0,0.13965128850853822,0.0
2012-01-09,0.0,-0.05328491261173558,-0.05937185818120901,-0.10374505860626786,0.17017200107845684,0.08331123261671278,0.16841515725557044,0.0,0.0,0.16841515725557044,0.0,0.13965128850853822,0.0
2012-01-10,0.0,-0.05328491261173558,-0.05937185818120901,-0.10374505860626786,0.17017200107845684,0.08331123261671278,0.16841515725557044,0.0,0.0,0.16841515725557044,0.0,0.13965128850853822,0.0
2012-01-11,0.0,-0.05328491261173558,-0.05937185818120901,-0.10374505860626786,0.17017200107845684,0.08331123261671278,0.16841515725557044,0.0,0.0,0.16841515725557044,0.0,0.13965128850853822,0.0
2012-01-12,0.0,-0.05328491261173558,-0.05937185818120901,-0.10374505860626786,0.17017200107845684,0.08331123261671278,0.16841515725557044,0.0,0.0,0.16841515725557044,0.0,0.13965128850853822,0.0
2012-01-13,0.0,-0.05328491261173558,-0.05937185818120901,-0.10374505860626786,0.17017200107845684,0.08331123261671278,0.16841515725557044,0.0,0.0,0.16841515725557044,0.0,0.13965128850853822,0.0
2012-01-17,0.0,-0.05328491261173558,-0.05937185818120901,-0.10374505860626786,0.17017200107845684,0.08331123261671278,0.16841515725557044,0.0,0.0,0.16841515725557044,0.0,0.13965128850853822,0.0
2012-01-18,0.0,-0.05328491261173558,-0.05937185818120901,-0.10374505860626786,0.17017200107845684,0.08331123261671278,0.16841515725557044,0.0,0.0,0.16841515725557044,0.0,0.13965128850853822,0.0
2012-01-19,0.0,-0.05328491261173558,-0.05937185818120901,-0.10374505860626786,0.17017200107845684,0.08331123261671278,0.16841515725557044,0.0,0.0,0.16841515725557044,0.0,0.13965128850853822,0.0
2012-01-20,0.0,-0.05328491261173558,-0.05937185818120901,-0.10374505860626786,0.17017200107845684,0.08331123261671278,0.16841515725557044,0.0,0.0,0.16841515725557044,0.0,0.13965128850853822,0.0
2012-01-23,0.0,-0.05328491261173558,-0.05937185818120901,-0.10374505860626786,0.17017200107845684,0.08331123261671278,0.16841515725557044,0.0,0.0,0.16841515725557044,0.0,0.13965128850853822,0.0
2012-01-24,0.0,-0.05328491261173558,-0.05937185818120901,-0.10374505860626786,0.17017200107845684,0.08331123261671278,0.16841515725557044,0.0,0.0,0.16841515725557044,0.0,0.13965128850853822,0.0
2012-01-25,0.0,-0.05328491261173558,-0.05937185818120901,-0.10374505860626786,0.17017200107845684,0.08331123261671278,0.16841515725557044,0.0,0.0,0.16841515725557044,0.0,0.13965128850853822,0.0
2012-01-26,0.0,-0.05328491261173558,-0.05937185818120901,-0.10374505860626786,0.17017200107845684,0.08331123261671278,0.16841515725557044,0.0,0.0,0.16841515725557044,0.0,0.13965128850853822,0.0
2012-01-27,0.0,-0.05328491261173558,-0.05937185818120901,-0.10374505860626786,0.17017200107845684,0.08331123261671278,0.16841515725557044,0.0,0.0,0.16841515725557044,0.0,0.13965128850853822,0.0
2012-01-30,0.0,-0.05328491261173558,-0.05937185818120901,-0.10374505860626786,0.17017200107845684,0.08331123261671278,0.16841515725557044,0.0,0.0,0.16841515725557044,0.0,0.13965128850853822,0.0
2012-01-31,0.0,-0.04547861527513632,-0.06051767623809424,-0.1251715657263137,0.14524161884320566,0.09466974740398035,0.17792574027379443,0.0,0.013961523095351994,0.17792574027379443,0.0,0.15337580941245174,0.03662527042823744
2012-02-01,0.0,-0.037672317938537064,-0.061663494294979464,-0.1465980728463595,0.1203112366079545,0.10602826219124792,0.18743632329201843,0.0,0.02792304619070398,0.18743632329201843,0.0,0.16710033031636526,0.07325054085647487
2012-02-02,0.0,-0.029866020601937805,-0.0628093123518647,-0.16802457996640532,0.09538085437270331,0.11738677697851549,0.19694690631024242,0.0,0.04188456928605597,0.19694690631024242,0.0,0.18082485122027878,0.1098758112847123
2012-02-03,0.0,-0.022059723265338546,-0.06395513040874992,-0.18945108708645114,0.07045047213745215,0.12874529176578306,0.20645748932846641,0.0,0.05584609238140796,0.20645748932846641,0.0,0.1945493721241923,0.14650108171294973
2012-02-06,0.0,-0.014253425928739287,-0.06510094846563515,-0.21087759420649696,0.04552008990220098,0.14010380655305063,0.2159680723466904,0.0,0.06980761547675994,0.2159680723466904,0.0,0.2082738930281058,0.18312635214118717
2012-02-07,0.0,-0.00644712859214003,-0.06624676652252037,-0.23230410132654278,0.020589707666949814,0.15146232134031817,0.2254786553649144,0.0,0.08376913857211192,0.2254786553649144,0.0,0.22199841393201936,0.21975162256942457
2012-02-08,0.0,0.0,-0.06719308409632077,-0.25,0.0,0.16084318428873617,0.2333333333333333,0.0,0.0952997952786985,0.2333333333333333,0.0,0.2333333333333333,0.25
2012-02-09,0.0,0.0,-0.06719308409632077,-0.25,0.0,0.16084318428873617,0.2333333333333333,0.0,0.0952997952786985,0.2333333333333333,0.0,0.2333333333333333,0.25
2012-02-10,0.0,0.0,-0.06719308409632077,-0.25,0.0,0.16084318428873617,0.2333333333333333,0.0,0.0952997952786985,0.2333333333333333,0.0,0.2333333333333333,0.25
2012-02-13,0.0,0.0,-0.06719308409632077,-0.25,0.0,0.16084318428873617,0.2333333333333333,0.0,0.0952997952786985,0.2333333333333333,0.0,0.2333333333333333,0.25
2012-02-14,0.0,0.0,-0.06719308409632077,-0.25,0.0,0.16084318428873617,0.2333333333333333,0.0,0.0952997952786985,0.2333333333333333,0.0,0.2333333333333333,0.25
2012-02-15,0.0,0.0,-0.06719308409632077,-0.25,0.0,0.16084318428873617,0.2333333333333333,0.0,0.0952997952786985,0.2333333333333333,0.0,0.2333333333333333,0.25
2012-02-16,0.0,0.0,-0.06719308409632077,-0.25,0.0,0.16084318428873617,0.2333333333333333,0.0,0.0952997952786985,0.2333333333333333,0.0,0.2333333333333333,0.25
2012-02-17,0.0,0.0,-0.06719308409632077,-0.25,0.0,0.16084318428873617,0.2333333333333333,0.0,0.0952997952786985,0.2333333333333333,0.0,0.2333333333333333,0.25
2012-02-21,0.0,0.0,-0.06719308409632077,-0.25,0.0,0.16084318428873617,0.2333333333333333,0.0,0.0952997952786985,0.2333333333333333,0.0,0.2333333333333333,0.25
2012-02-22,0.0,0.0,-0.06719308409632077,-0.25,0.0,0.16084318428873617,0.2333333333333333,0.0,0.0952997952786985,0.2333333333333333,0.0,0.2333333333333333,0.25
2012-02-23,0.0,0.0,-0.06719308409632077,-0.25,0.0,0.16084318428873617,0.2333333333333333,0.0,0.0952997952786985,0.2333333333333333,0.0,0.2333333333333333,0.25
2012-02-24,0.0,0.0,-0.06719308409632077,-0.25,0.0,0.16084318428873617,0.2333333333333333,0.0,0.0952997952786985,0.2333333333333333,0.0,0.2333333333333333,0.25
2012-02-27,0.0,0.0,-0.06719308409632077,-0.25,0.0,0.16084318428873617,0.2333333333333333,0.0,0.0952997952786985,0.2333333333333333,0.0,0.2333333333333333,0.25
2012-02-28,0.0,0.0,-0.06719308409632077,-0.25,0.0,0.16084318428873617,0.2333333333333333,0.0,0.0952997952786985,0.2333333333333333,0.0,0.2333333333333333,0.25
2012-02-29,0.0,0.012701960370932769,-0.049014163483630635,-0.24939951823051734,-0.03052934692223949,0.15783069412093556,0.2335993734655117,0.017213022540781497,0.10631068239647717,0.2335993734655117,0.022877552323306974,0.23111990411442507,0.21887017130827785
2012-03-01,0.0,0.025403920741865538,-0.030835242870940503,-0.24879903646103468,-0.06105869384447897,0.15481820395313495,0.23386541359769009,0.034426045081562995,0.11732156951425585,0.23386541359769009,0.04575510464661395,0.22890647489551683,0.1877403426165557
2012-03-02,0.0,0.03810588111279831,-0.012656322258250367,-0.24819855469155203,-0.09158804076671846,0.15180571378533433,0.2341314537298685,0.05163906762234449,0.12833245663203452,0.2341314537298685,0.06863265696992092,0.22669304567660858,0.15661051392483355
2012-03-05,0.0,0.050807841483731075,0.005522598354439769,-0.24759807292206934,-0.12211738768895795,0.14879322361753372,0.23439749386204686,0.06885209016312599,0.1393433437498132,0.23439749386204686,0.0915102092932279,0.22447961645770034,0.1254806852331114
2012-03-06,0.0,0.06350980185466384,0.023701518967129905,-0.24699759115258668,-0.15264673461119743,0.1457807334497331,0.23466353399422527,0.08606511270390749,0.15035423086759186,0.23466353399422527,0.11438776161653487,0.2222661872387921,0.09435085654138924
2012-03-07,0.0,0.07621176222559661,0.041880439579820045,-0.246397109383104,-0.18317608153343692,0.1427682432819325,0.23492957412640364,0.10327813524468898,0.1613651179853705,0.23492957412640364,0.13726531393984184,0.22005275801988383,0.06322102784966707
2012-03-08,0.0,0.08891372259652938,0.06005936019251018,-0.24579662761362134,-0.21370542845567642,0.1397557531141319,0.23519561425858204,0.12049115778547048,0.17237600510314918,0.23519561425858204,0.1601428662631488,0.2178393288009756,0.03209119915794491
2012-03-09,0.0,0.10161568296746215,0.07823828080520032,-0.24519614584413865,-0.2442347753779159,0.1367432629463313,0.23546165439076042,0.13770418032625198,0.18338689222092783,0.23546165439076042,0.1830204185864558,0.21562589958206735,0.0009613704662227475
2012-03-12,0.0,0.10200795269964326,0.07879969338340365,-0.24517760139776845,-0.24517760139776845,0.13665022937695992,0.23546987040532438,0.13823576344766933,0.1837269371915177,0.23546987040532438,0.1837269371915177,0.21555754310310282,0.0
2012-03-13,0.0,0.10200795269964326,0.07879969338340365,-0.24517760139776845,-0.24517760139776845,0.13665022937695992,0.23546987040532438,0.13823576344766933,0.1837269371915177,0.23546987040532438,0.1837269371915177,0.21555754310310282,0.0
2012-03-14,0.0,0.10200795269964326,0.07879969338340365,-0.24517760139776845,-0.24517760139776845,0.13665022937695992,0.23546987040532438,0.13823576344766933,0.1837269371915177,0.23546987040532438,0.1837269371915177,0.21555754310310282,0.0
2012-03-15,0.0,0.10200795269964326,0.07879969338340365,-0.24517760139776845,-0.24517760139776845,0.13665022937695992,0.23546987040532438,0.13823576344766933,0.1837269371915177,0.23546987040532438,0.1837269371915177,0.21555754310310282,0.0
2012-03-16,0.0,0.10200795269964326,0.07879969338340365,-0.24517760139776845,-0.24517760139776845,0.13665022937695992,0.23546987040532438,0.13823576344766933,0.1837269371915177,0.23546987040532438,0.1837269371915177,0.21555754310310282,0.0
2012-03-19,0.0,0.10200795269964326,0.07879969338340365,-0.24517760139776845,-0.24517760139776845,0.13665022937695992,0.23546987040532438,0.13823576344766933,0.1837269371915177,0.23546987040532438,0.1837269371915177,0.21555754310310282,0.0
2012-03-20,0.0,0.10200795269964326,0.07879969338340365,-0.24517760139776845,-0.24517760139776845,0.13665022937695992,0.23546987040532438,0.13823576344766933,0.1837269371915177,0.23546987040532438,0.1837269371915177,0.21555754310310282,0.0
2012-03-21,0.0,0.10200795269964326,0.07879969338340365,-0.24517760139776845,-0.24517760139776845,0.13665022937695992,0.23546987040532438,0.13823576344766933,0.1837269371915177,0.23546987040532438,0.1837269371915177,0.21555754310310282,0.0
2012-03-22,0.0,0.10200795269964326,0.07879969338340365,-0.24517760139776845,-0.24517760139776845,0.13665022937695992,0.23546987040532438,0.13823576344766933,0.1837269371915177,0.23546987040532438,0.1837269371915177,0.21555754310310282,0.0
2012-03-23,0.0,0.10200795269964326,0.07879969338340365,-0.24517760139776845,-0.24517760139776845,0.13665022937695992,0.23546987040532438,0.13823576344766933,0.1837269371915177,0.23546987040532438,0.1837269371915177,0.21555754310310282,0.0
2012-03-26,0.0,0.10200795269964326,0.07879969338340365,-0.24517760139776845,-0.24517760139776845,0.13665022937695992,0.23546987040532438,0.13823576344766933,0.1837269371915177,0.23546987040532438,0.1837269371915177,0.21555754310310282,0.0
2012-03-27,0.0,0.10200795269964326,0.07879969338340365,-0.24517760139776845,-0.24517760139776845,0.13665022937695992,0.23546987040532438,0.13823576344766933,0.1837269371915177,0.23546987040532438,0.1837269371915177,0.21555754310310282,0.0
2012-03-28,0.0,0.10200795269964326,0.07879969338340365,-0.24517760139776845,-0.24517760139776845,0.13665022937695992,0.23546987040532438,0.13823576344766933,0.1837269371915177,0.23546987040532438,0.1837269371915177,0.21555754310310282,0.0
2012-03-29,0.0,0.10200795269964326,0.07879969338340365,-0.24517760139776845,-0.24517760139776845,0.13665022937695992,0.23546987040532438,0.13823576344766933,0.1837269371915177,0.23546987040532438,0.1837269371915177,0.21555754310310282,0.0
2012-03-30,0.0,0.10200795269964326,0.07879969338340365,-0.24517760139776845,-0.24517760139776845,0.13665022937695992,0.23546987040532438,0.13823576344766933,0.1837269371915177,0.23546987040532438,0.1837269371915177,0.21555754310310282,0.0
2012-04-02,0.0,0.10200795269964326,0.07879969338340365,-0.24517760139776845,-0.24517760139776845,0.13665022937695992,0.23546987040532438,0.13823576344766933,0.1837269371915177,0.23546987040532438,0.1837269371915177,0.21555754310310282,0.0
2012-04-03,0.0,0.10200795269964326,0.07879969338340365,-0.24517760139776845,-0.24517760139776845,0.13665022937695992,0.23546987040532438,0.13823576344766933,0.1837269371915177,0.23546987040532438,0.1837269371915177,0.21555754310310282,0.0
2012-04-04,0.0,0.10200795269964326,0.07879969338340365,-0.24517760139776845,-0.24517760139776845,0.13665022937695992,0.23546987040532438,0.13823576344766933,0.1837269371915177,0.23546987040532438,0.1837269371915177,0.21555754310310282,0.0
2012-04-05,0.0,0.10200795269964326,0.07879969338340365,-0.24517760139776845,-0.24517760139776845,0.13665022937695992,0.23546987040532438,0.13823576344766933,0.1837269371915177,0.23546987040532438,0.1837269371915177,0.21555754310310282,0.0
2012-04-09,0.0,0.10200795269964326,0.07879969338340365,-0.24517760139776845,-0.24517760139776845,0.13665022937695992,0.23546987040532438,0.13823576344766933,0.1837269371915177,0.23546987040532438,0.1837269371915177,0.21555754310310282,0.0
2012-04-10,0.0,0.10200795269964326,0.07879969338340365,-0.24517760139776845,-0.24517760139776845,0.13665022937695992,0.23546987040532438,0.13823576344766933,0.1837269371915177,0.23546987040532438,0.1837269371915177,0.21555754310310282,0.0
2012-04-11,0.0,0.10200795269964326,0.07879969338340365,-0.24517760139776845,-0.24517760139776845,0.13665022937695992,0.23546987040532438,0.13823576344766933,0.1837269371915177,0.23546987040532438,0.1837269371915177,0.21555754310310282,0.0
2012-04-12,0.0,0.10200795269964326,0.07879969338340365,-0.24517760139776845,-0.24517760139776845,0.13665022937695992,0.23546987040532438,0.13823576344766933,0.1837269371915177,0.23546987040532438,0.1837269371915177,0.21555754310310282,0.0
2012-04-13,0.0,0.10200795269964326,0.07879969338340365,-0.24517760139776845,-0.24517760139776845,0.13665022937695992,0.23546987040532438,0.13823576344766933,0.1837269371915177,0.23546987040532438,0.1837269371915177,0.21555754310310282,0.0
2012-04-16,0.0,0.10200795269964326,0.07879969338340365,-0.24517760139776845,-0.24517760139776845,0.13665022937695992,0.23546987040532438,0.13823576344766933,0.1837269371915177,0.23546987040532438,0.1837269371915177,0.21555754310310282,0.0
2012-04-17,0.0,0.10200795269964326,0.07879969338340365,-0.24517760139776845,-0.24517760139776845,0.13665022937695992,0.23546987040532438,0.13823576344766933,0.1837269371915177,0.23546987040532438,0.1837269371915177,0.21555754310310282,0.0
2012-04-18,0.0,0.10200795269964326,0.07879969338340365,-0.24517760139776845,-0.24517760139776845,0.13665022937695992,0.23546987040532438,0.13823576344766933,0.1837269371915177,0.23546987040532438,0.1837269371915177,0.21555754310310282,0.0
2012-04-19,0.0,0.10200795269964326,0.07879969338340365,-0.24517760139776845,-0.24517760139776845,0.13665022937695992,0.23546987040532438,0.13823576344766933,0.1837269371915177,0.23546987040532438,0.1837269371915177,0.21555754310310282,0.0
2012-04-20,0.0,0.10200795269964326,0.07879969338340365,-0.24517760139776845,-0.24517760139776845,0.13665022937695992,0.23546987040532438,0.13823576344766933,0.1837269371915177,0.23546987040532438,0.1837269371915177,0.21555754310310282,0.0
2012-04-23,0.0,0.10200795269964326,0.07879969338340365,-0.24517760139776845,-0.24517760139776845,0.13665022937695992,0.23546987040532438,0.13823576344766933,0.1837269371915177,0.23546987040532438,0.1837269371915177,0.21555754310310282,0.0
2012-04-24,0.0,0.10200795269964326,0.07879969338340365,-0.24517760139776845,-0.24517760139776845,0.13665022937695992,0.23546987040532438,0.13823576344766933,0.1837269371915177,0.23546987040532438,0.1837269371915177,0.21555754310310282,0.0
2012-04-25,0.0,0.10200795269964326,0.07879969338340365,-0.24517760139776845,-0.24517760139776845,0.13665022937695992,0.23546987040532438,0.13823576344766933,0.1837269371915177,0.23546987040532438,0.1837269371915177,0.21555754310310282,0.0
2012-04-26,0.0,0.10200795269964326,0.07879969338340365,-0.24517760139776845,-0.24517760139776845,0.13665022937695992,0.23546987040532438,0.13823576344766933,0.1837269371915177,0.23546987040532438,0.1837269371915177,0.21555754310310282,0.0
2012-04-27,0.0,0.10200795269964326,0.07879969338340365,-0.24517760139776845,-0.24517760139776845,0.13665022937695992,0.23546987040532438,0.13823576344766933,0.1837269371915177,0.23546987040532438,0.1837269371915177,0.21555754310310282,0.0
2012-04-30,0.0,0.07760950476277308,0.05995223918424657,-0.24591668869108402,-0.24633103147957616,0.10396597860259078,0.23846080278085735,0.10517228174617589,0.19957824907217797,0.23846080278085735,0.1982553480507742,0.2128052825810985,0.0
2012-05-01,0.0,0.05321105682590287,0.041104784985089474,-0.2466557759843995,-0.24748446156138382,0.07128172782822162,0.24145173515639026,0.07210880004468243,0.21542956095283822,0.24145173515639026,0.21278375891003065,0.2100530220590941,0.0
2012-05-02,0.0,0.028812608889032663,0.02225733078593238,-0.247394863277715,-0.24863789164319147,0.03859747705385246,0.24444266753192317,0.039045318343188966,0.23128087283349846,0.24444266753192317,0.2273121697692871,0.2073007615370897,0.0
2012-05-03,0.0,0.004414160952162457,0.0034098765867752873,-0.2481339505710305,-0.24979132172499913,0.005913226279483298,0.2474335999074561,0.0059818366416955066,0.2471321847141587,0.2474335999074561,0.24184058062854352,0.2045485010150853,0.0
2012-05-04,0.0,0.0,0.0,-0.24826766605485284,-0.25,0.0,0.24797471862684334,0.0,0.25,0.24797471862684334,0.24446905700039465,0.20405056274631325,0.0
2012-05-07,0.0,0.0,0.0,-0.24826766605485284,-0.25,0.0,0.24797471862684334,0.0,0.25,0.24797471862684334,0.24446905700039465,0.20405056274631325,0.0
2012-05-08,0.0,0.0,0.0,-0.24826766605485284,-0.25,0.0,0.24797471862684334,0.0,0.25,0.24797471862684334,0.24446905700039465,0.20405056274631325,0.0
2012-05-09,0.0,0.0,0.0,-0.24826766605485284,-0.25,0.0,0.24797471862684334,0.0,0.25,0.24797471862684334,0.24446905700039465,0.20405056274631325,0.0
2012-05-10,0.0,0.0,0.0,-0.24826766605485284,-0.25,0.0,0.24797471862684334,0.0,0.25,0.24797471862684334,0.24446905700039465,0.20405056274631325,0.0
2012-05-11,0.0,0.0,0.0,-0.24826766605485284,-0.25,0.0,0.24797471862684334,0.0,0.25,0.24797471862684334,0.24446905700039465,0.20405056274631325,0.0
2012-05-14,0.0,0.0,0.0,-0.24826766605485284,-0.25,0.0,0.24797471862684334,0.0,0.25,0.24797471862684334,0.24446905700039465,0.20405056274631325,0.0
2012-05-15,0.0,0.0,0.0,-0.24826766605485284,-0.25,0.0,0.24797471862684334,0.0,0.25,0.24797471862684334,0.24446905700039465,0.20405056274631325,0.0
2012-05-16,0.0,0.0,0.0,-0.24826766605485284,-0.25,0.0,0.24797471862684334,0.0,0.25,0.24797471862684334,0.24446905700039465,0.20405056274631325,0.0
2012-05-17,0.0,0.0,0.0,-0.24826766605485284,-0.25,0.0,0.24797471862684334,0.0,0.25,0.24797471862684334,0.24446905700039465,0.20405056274631325,0.0
2012-05-18,0.0,0.0,0.0,-0.24826766605485284,-0.25,0.0,0.24797471862684334,0.0,0.25,0.24797471862684334,0.24446905700039465,0.20405056274631325,0.0
2012-05-21,0.0,0.0,0.0,-0.24826766605485284,-0.25,0.0,0.24797471862684334,0.0,0.25,0.24797471862684334,0.24446905700039465,0.20405056274631325,0.0
2012-05-22,0.0,0.0,0.0,-0.24826766605485284,-0.25,0.0,0.24797471862684334,0.0,0.25,0.24797471862684334,0.24446905700039465,0.20405056274631325,0.0
2012-05-23,0.0,0.0,0.0,-0.24826766605485284,-0.25,0.0,0.24797471862684334,0.0,0.25,0.24797471862684334,0.24446905700039465,0.20405056274631325,0.0
2012-05-24,0.0,0.0,0.0,-0.24826766605485284,-0.25,0.0,0.24797471862684334,0.0,0.25,0.24797471862684334,0.24446905700039465,0.20405056274631325,0.0
2012-05-25,0.0,0.0,0.0,-0.24826766605485284,-0.25,0.0,0.24797471862684334,0.0,0.25,0.24797471862684334,0.24446905700039465,0.20405056274631325,0.0
2012-05-29,0.0,0.0,0.0,-0.24826766605485284,-0.25,0.0,0.24797471862684334,0.0,0.25,0.24797471862684334,0.24446905700039465,0.20405056274631325,0.0
2012-05-30,0.0,0.0,0.0,-0.24826766605485284,-0.25,0.0,0.24797471862684334,0.0,0.25,0.24797471862684334,0.24446905700039465,0.20405056274631325,0.0
2012-05-31,-0.02433665011944386,-0.012868744887208391,-0.012765404963782746,-0.2477226708851065,-0.22494473839004392,-0.014763494200983876,0.24630557289857438,0.0,0.24383661652494332,0.24630557289857438,0.21996811228565802,0.20537674202941686,0.02433665011944386
2012-06-01,-0.04867330023888772,-0.025737489774416783,-0.02553080992756549,-0.24717767571536015,-0.19988947678008784,-0.029526988401967748,0.24463642717030543,0.0,0.23767323304988663,0.24463642717030543,0.1954671675709214,0.2067029213125205,0.04867330023888772
2012-06-04,-0.07300995035833158,-0.038606234661625174,-0.03829621489134823,-0.24663268054561377,-0.17483421517013176,-0.044290482602951625,0.2429672814420365,0.0,0.23150984957482995,0.2429672814420365,0.17096622285618476,0.2080291005956241,0.07300995035833158
2012-06-05,-0.09734660047777544,-0.051474979548833566,-0.051061619855130976,-0.24608768537586742,-0.14977895356017568,-0.059053976803935496,0.24129813571376754,0.0,0.22534646609977327,0.24129813571376754,0.14646527814144814,0.20935527987872773,0.09734660047777544
2012-06-06,-0.1216832505972193,-0.06434372443604196,-0.06382702481891372,-0.24554269020612104,-0.12472369195021957,-0.07381747100491937,0.2396289899854986,0.0,0.21918308262471659,0.2396289899854986,0.12196433342671151,0.21068145916183134,0.1216832505972193
2012-06-07,-0.14601990071666315,-0.07721246932325035,-0.07659242978269647,-0.2449976950363747,-0.09966843034026346,-0.08858096520590324,0.23795984425722966,0.0,0.2130196991496599,0.23795984425722966,0.09746338871197488,0.21200763844493498,0.14601990071666315
2012-06-08,-0.170356550836107,-0.09008121421045874,-0.08935783474647922,-0.24445269986662832,-0.07461316873030735,-0.10334445940688712,0.23629069852896073,0.0,0.20685631567460322,0.23629069852896073,0.07296244399723825,0.21333381772803858,0.170356550836107
2012-06-11,-0.19469320095555087,-0.10294995909766713,-0.10212323971026196,-0.24390770469688197,-0.04955790712035124,-0.118107953607871,0.23462155280069177,0.0,0.20069293219954656,0.23462155280069177,0.048461499282501624,0.21465999701114222,0.19469320095555087
2012-06-12,-0.21902985107499473,-0.11581870398487552,-0.11488864467404472,-0.2433627095271356,-0.02450264551039514,-0.13287144780885488,0.23295240707242285,0.0,0.1945295487244899,0.23295240707242285,0.023960554567765004,0.21598617629424582,0.21902985107499473
2012-06-13,-0.24282973471102487,-0.12840361724755248,-0.12737249726730268,-0.24282973471102487,0.0,-0.14730932000244384,0.23132007583910166,0.0,0.1885021041587572,0.23132007583910166,0.0,0.2172831055126662,0.24282973471102487
2012-06-14,-0.24282973471102487,-0.12840361724755248,-0.12737249726730268,-0.24282973471102487,0.0,-0.14730932000244384,0.23132007583910166,0.0,0.1885021041587572,0.23132007583910166,0.0,0.2172831055126662,0.24282973471102487
2012-06-15,-0.24282973471102487,-0.12840361724755248,-0.12737249726730268,-0.24282973471102487,0.0,-0.14730932000244384,0.23132007583910166,0.0,0.1885021041587572,0.23132007583910166,0.0,0.2172831055126662,0.24282973471102487
2012-06-18,-0.24282973471102487,-0.12840361724755248,-0.12737249726730268,-0.24282973471102487,0.0,-0.14730932000244384,0.23132007583910166,0.0,0.1885021041587572,0.23132007583910166,0.0,0.2172831055126662,0.24282973471102487
2012-06-19,-0.24282973471102487,-0.12840361724755248,-0.12737249726730268,-0.24282973471102487,0.0,-0.14730932000244384,0.23132007583910166,0.0,0.1885021041587572,0.23132007583910166,0.0,0.2172831055126662,0.24282973471102487
2012-06-20,-0.24282973471102487,-0.12840361724755248,-0.12737249726730268,-0.24282973471102487,0.0,-0.14730932000244384,0.23132007583910166,0.0,0.1885021041587572,0.23132007583910166,0.0,0.2172831055126662,0.24282973471102487
2012-06-21,-0.24282973471102487,-0.12840361724755248,-0.12737249726730268,-0.24282973471102487,0.0,-0.14730932000244384,0.23132007583910166,0.0,0.1885021041587572,0.23132007583910166,0.0,0.2172831055126662,0.24282973471102487
2012-06-22,-0.24282973471102487,-0.12840361724755248,-0.12737249726730268,-0.24282973471102487,0.0,-0.14730932000244384,0.23132007583910166,0.0,0.1885021041587572,0.23132007583910166,0.0,0.2172831055126662,0.24282973471102487
2012-06-25,-0.24282973471102487,-0.12840361724755248,-0.12737249726730268,-0.24282973471102487,0.0,-0.14730932000244384,0.23132007583910166,0.0,0.1885021041587572,0.23132007583910166,0.0,0.2172831055126662,0.24282973471102487
2012-06-26,-0.24282973471102487,-0.12840361724755248,-0.12737249726730268,-0.24282973471102487,0.0,-0.14730932000244384,0.23132007583910166,0.0,0.1885021041587572,0.23132007583910166,0.0,0.2172831055126662,0.24282973471102487
2012-06-27,-0.24282973471102487,-0.12840361724755248,-0.12737249726730268,-0.24282973471102487,0.0,-0.14730932000244384,0.23132007583910166,0.0,0.1885021041587572,0.23132007583910166,0.0,0.2172831055126662,0.24282973471102487
2012-06-28,-0.24282973471102487,-0.12840361724755248,-0.12737249726730268,-0.24282973471102487,0.0,-0.14730932000244384,0.23132007583910166,0.0,0.1885021041587572,0.23132007583910166,0.0,0.2172831055126662,0.24282973471102487
2012-06-29,-0.24282973471102487,-0.12840361724755248,-0.12737249726730268,-0.24282973471102487,0.0,-0.14730932000244384,0.23132007583910166,0.0,0.1885021041587572,0.23132007583910166,0.0,0.2172831055126662,0.24282973471102487
2012-07-02,-0.24282973471102487,-0.12840361724755248,-0.12737249726730268,-0.24282973471102487,0.0,-0.14730932000244384,0.23132007583910166,0.0,0.1885021041587572,0.23132007583910166,0.0,0.2172831055126662,0.24282973471102487
2012-07-03,-0.24282973471102487,-0.12840361724755248,-0.12737249726730268,-0.24282973471102487,0.0,-0.14730932000244384,0.23132007583910166,0.0,0.1885021041587572,0.23132007583910166,0.0,0.2172831055126662,0.24282973471102487
2012-07-05,-0.24282973471102487,-0.12840361724755248,-0.12737249726730268,-0.24282973471102487,0.0,-0.14730932000244384,0.23132007583910166,0.0,0.1885021041587572,0.23132007583910166,0.0,0.2172831055126662,0.24282973471102487
2012-07-06,-0.24282973471102487,-0.12840361724755248,-0.12737249726730268,-0.24282973471102487,0.0,-0.14730932000244384,0.23132007583910166,0.0,0.1885021041587572,0.23132007583910166,0.0,0.2172831055126662,0.24282973471102487
2012-07-09,-0.24282973471102487,-0.12840361724755248,-0.12737249726730268,-0.24282973471102487,0.0,-0.14730932000244384,0.23132007583910166,0.0,0.1885021041587572,0.23132007583910166,0.0,0.2172831055126662,0.24282973471102487
2012-07-10,-0.24282973471102487,-0.12840361724755248,-0.12737249726730268,-0.24282973471102487,0.0,-0.14730932000244384,0.23132007583910166,0.0,0.1885021041587572,0.23132007583910166,0.0,0.2172831055126662,0.24282973471102487
2012-07-11,-0.24282973471102487,-0.12840361724755248,-0.12737249726730268,-0.24282973471102487,0.0,-0.14730932000244384,0.23132007583910166,0.0,0.1885021041587572,0.23132007583910166,0.0,0.2172831055126662,0.24282973471102487
2012-07-12,-0.24282973471102487,-0.12840361724755248,-0.12737249726730268,-0.24282973471102487,0.0,-0.14730932000244384,0.23132007583910166,0.0,0.1885021041587572,0.23132007583910166,0.0,0.2172831055126662,0.24282973471102487
2012-07-13,-0.24282973471102487,-0.12840361724755248,-0.12737249726730268,-0.24282973471102487,0.0,-0.14730932000244384,0.23132007583910166,0.0,0.1885021041587572,0.23132007583910166,0.0,0.2172831055126662,0.24282973471102487
2012-07-16,-0.24282973471102487,-0.12840361724755248,-0.12737249726730268,-0.24282973471102487,0.0,-0.14730932000244384,0.23132007583910166,0.0,0.1885021041587572,0.23132007583910166,0.0,0.2172831055126662,0.24282973471102487
2012-07-17,-0.24282973471102487,-0.12840361724755248,-0.12737249726730268,-0.24282973471102487,0.0,-0.14730932000244384,0.23132007583910166,0.0,0.1885021041587572,0.23132007583910166,0.0,0.2172831055126662,0.24282973471102487
2012-07-18,-0.24282973471102487,-0.12840361724755248,-0.12737249726730268,-0.24282973471102487,0.0,-0.14730932000244384,0.23132007583910166,0.0,0.1885021041587572,0.23132007583910166,0.0,0.2172831055126662,0.24282973471102487
2012-07-19,-0.24282973471102487,-0.12840361724755248,-0.12737249726730268,-0.24282973471102487,0.0,-0.14730932000244384,0.23132007583910166,0.0,0.1885021041587572,0.23132007583910166,0.0,0.2172831055126662,0.24282973471102487
2012-07-20,-0.24282973471102487,-0.12840361724755248,-0.12737249726730268,-0.24282973471102487,0.0,-0.14730932000244384,0.23132007583910166,0.0,0.1885021041587572,0.23132007583910166,0.0,0.2172831055126662,0.24282973471102487
2012-07-23,-0.24282973471102487,-0.12840361724755248,-0.12737249726730268,-0.24282973471102487,0.0,-0.14730932000244384,0.23132007583910166,0.0,0.1885021041587572,0.23132007583910166,0.0,0.2172831055126662,0.24282973471102487
2012-07-24,-0.24282973471102487,-0.12840361724755248,-0.12737249726730268,-0.24282973471102487,0.0,-0.14730932000244384,0.23132007583910166,0.0,0.1885021041587572,0.23132007583910166,0.0,0.2172831055126662,0.24282973471102487
2012-07-25,-0.24282973471102487,-0.12840361724755248,-0.12737249726730268,-0.24282973471102487,0.0,-0.14730932000244384,0.23132007583910166,0.0,0.1885021041587572,0.23132007583910166,0.0,0.2172831055126662,0.24282973471102487
2012-07-26,-0.24282973471102487,-0.12840361724755248,-0.12737249726730268,-0.24282973471102487,0.0,-0.14730932000244384,0.23132007583910166,0.0,0.1885021041587572,0.23132007583910166,0.0,0.2172831055126662,0.24282973471102487
2012-07-27,-0.24282973471102487,-0.12840361724755248,-0.12737249726730268,-0.24282973471102487,0.0,-0.14730932000244384,0.23132007583910166,0.0,0.1885021041587572,0.23132007583910166,0.0,0.2172831055126662,0.24282973471102487
2012-07-30,-0.24282973471102487,-0.12840361724755248,-0.12737249726730268,-0.24282973471102487,0.0,-0.14730932000244384,0.23132007583910166,0.0,0.1885021041587572,0.23132007583910166,0.0,0.2172831055126662,0.24282973471102487
2012-07-31,-0.20214756762208302,-0.13159915449884693,-0.1338364857094109,-0.24233883176600626,0.0,-0.10649872163307528,0.2295656315637222,0.0,0.13627945005597336,0.2295656315637222,0.0,0.21941746581737304,0.24233883176600626
2012-08-01,-0.16146540053314115,-0.1347946917501414,-0.14030047415151914,-0.24184792882098766,0.0,-0.06568812326370668,0.22781118728834274,0.0,0.08405679595318949,0.22781118728834274,0.0,0.22155182612207988,0.24184792882098766
2012-08-02,-0.12078323344419928,-0.13799022900143584,-0.14676446259362735,-0.24135702587596905,0.0,-0.024877524894338088,0.22605674301296327,0.0,0.03183414185040563,0.22605674301296327,0.0,0.2236861864267867,0.24135702587596905
2012-08-03,-0.09598399832025635,-0.13993818028605925,-0.15070481240006292,-0.24105777884888868,0.0,0.0,0.22498726025896273,0.0,0.0,0.22498726025896273,0.0,0.22498726025896273,0.24105777884888868
2012-08-06,-0.09598399832025635,-0.13993818028605925,-0.15070481240006292,-0.24105777884888868,0.0,0.0,0.22498726025896273,0.0,0.0,0.22498726025896273,0.0,0.22498726025896273,0.24105777884888868
2012-08-07,-0.09598399832025635,-0.13993818028605925,-0.15070481240006292,-0.24105777884888868,0.0,0.0,0.22498726025896273,0.0,0.0,0.22498726025896273,0.0,0.22498726025896273,0.24105777884888868
2012-08-08,-0.09598399832025635,-0.13993818028605925,-0.15070481240006292,-0.24105777884888868,0.0,0.0,0.22498726025896273,0.0,0.0,0.22498726025896273,0.0,0.22498726025896273,0.24105777884888868
2012-08-09,-0.09598399832025635,-0.13993818028605925,-0.15070481240006292,-0.24105777884888868,0.0,0.0,0.22498726025896273,0.0,0.0,0.22498726025896273,0.0,0.22498726025896273,0.24105777884888868
2012-08-10,-0.09598399832025635,-0.13993818028605925,-0.15070481240006292,-0.24105777884888868,0.0,0.0,0.22498726025896273,0.0,0.0,0.22498726025896273,0.0,0.22498726025896273,0.24105777884888868
2012-08-13,-0.09598399832025635,-0.13993818028605925,-0.15070481240006292,-0.24105777884888868,0.0,0.0,0.22498726025896273,0.0,0.0,0.22498726025896273,0.0,0.22498726025896273,0.24105777884888868
2012-08-14,-0.09598399832025635,-0.13993818028605925,-0.15070481240006292,-0.24105777884888868,0.0,0.0,0.22498726025896273,0.0,0.0,0.22498726025896273,0.0,0.22498726025896273,0.24105777884888868
2012-08-15,-0.09598399832025635,-0.13993818028605925,-0.15070481240006292,-0.24105777884888868,0.0,0.0,0.22498726025896273,0.0,0.0,0.22498726025896273,0.0,0.22498726025896273,0.24105777884888868
2012-08-16,-0.09598399832025635,-0.13993818028605925,-0.15070481240006292,-0.24105777884888868,0.0,0.0,0.22498726025896273,0.0,0.0,0.22498726025896273,0.0,0.22498726025896273,0.24105777884888868
2012-08-17,-0.09598399832025635,-0.13993818028605925,-0.15070481240006292,-0.24105777884888868,0.0,0.0,0.22498726025896273,0.0,0.0,0.22498726025896273,0.0,0.22498726025896273,0.24105777884888868
2012-08-20,-0.09598399832025635,-0.13993818028605925,-0.15070481240006292,-0.24105777884888868,0.0,0.0,0.22498726025896273,0.0,0.0,0.22498726025896273,0.0,0.22498726025896273,0.24105777884888868
2012-08-21,-0.09598399832025635,-0.13993818028605925,-0.15070481240006292,-0.24105777884888868,0.0,0.0,0.22498726025896273,0.0,0.0,0.22498726025896273,0.0,0.22498726025896273,0.24105777884888868
2012-08-22,-0.09598399832025635,-0.13993818028605925,-0.15070481240006292,-0.24105777884888868,0.0,0.0,0.22498726025896273,0.0,0.0,0.22498726025896273,0.0,0.22498726025896273,0.24105777884888868
2012-08-23,-0.09598399832025635,-0.13993818028605925,-0.15070481240006292,-0.24105777884888868,0.0,0.0,0.22498726025896273,0.0,0.0,0.22498726025896273,0.0,0.22498726025896273,0.24105777884888868
2012-08-24,-0.09598399832025635,-0.13993818028605925,-0.15070481240006292,-0.24105777884888868,0.0,0.0,0.22498726025896273,0.0,0.0,0.22498726025896273,0.0,0.22498726025896273,0.24105777884888868
2012-08-27,-0.09598399832025635,-0.13993818028605925,-0.15070481240006292,-0.24105777884888868,0.0,0.0,0.22498726025896273,0.0,0.0,0.22498726025896273,0.0,0.22498726025896273,0.24105777884888868
2012-08-28,-0.09598399832025635,-0.13993818028605925,-0.15070481240006292,-0.24105777884888868,0.0,0.0,0.22498726025896273,0.0,0.0,0.22498726025896273,0.0,0.22498726025896273,0.24105777884888868
2012-08-29,-0.09598399832025635,-0.13993818028605925,-0.15070481240006292,-0.24105777884888868,0.0,0.0,0.22498726025896273,0.0,0.0,0.22498726025896273,0.0,0.22498726025896273,0.24105777884888868
2012-08-30,-0.09598399832025635,-0.13993818028605925,-0.15070481240006292,-0.24105777884888868,0.0,0.0,0.22498726025896273,0.0,0.0,0.22498726025896273,0.0,0.22498726025896273,0.24105777884888868
2012-08-31,-0.08363934711559999,-0.12194051342411157,-0.11937371153069756,-0.24179956167746972,0.0,0.0,0.2273078380174937,0.017027663932604478,0.030024222114645383,0.2273078380174937,0.029884268823202307,0.22242309666192767,0.23761445459798833
2012-09-04,-0.07129469591094363,-0.10394284656216388,-0.0880426106613322,-0.24254134450605075,0.0,0.0,0.2296284157760247,0.034055327865208956,0.06004844422929077,0.2296284157760247,0.05976853764640462,0.21985893306489257,0.23417113034708797
2012-09-05,-0.058950044706287265,-0.08594517970021619,-0.05671150979196686,-0.24328312733463175,0.0,0.0,0.23194899353455567,0.051082991797813435,0.09007266634393615,0.23194899353455567,0.08965280646960692,0.2172947694678575,0.23072780609618762
2012-09-06,-0.0466053935016309,-0.0679475128382685,-0.02538040892260151,-0.2440249101632128,0.0,0.0,0.23426957129308665,0.06811065573041791,0.12009688845858155,0.23426957129308665,0.11953707529280924,0.2147306058708224,0.22728448184528727
2012-09-07,-0.03426074229697453,-0.049949845976320795,0.005950691946763849,-0.2447666929917938,0.0,0.0,0.23659014905161763,0.0851383196630224,0.15012111057322694,0.23659014905161763,0.14942134411601155,0.21216644227378734,0.22384115759438689
2012-09-10,-0.021916091092318166,-0.03195217911437309,0.03728179281612921,-0.24550847582037483,0.0,0.0,0.23891072681014858,0.10216598359562688,0.18014533268787233,0.23891072681014858,0.17930561293921388,0.20960227867675224,0.22039783334348653
2012-09-11,-0.009571439887661803,-0.013954512252425399,0.06861289368549456,-0.24625025864895583,0.0,0.0,0.24123130456867956,0.11919364752823136,0.21016955480251773,0.24123130456867956,0.20918988176241618,0.20703811507971717,0.21695450909258618
2012-09-12,0.0,0.0,0.0929054997392228,-0.2468254008409673,0.0,0.0,0.24303056727381342,0.13239606686404504,0.23344887087065722,0.24303056727381342,0.23236068488078335,0.2050499878070815,0.21428472356889397
2012-09-13,0.0,0.0,0.0929054997392228,-0.2468254008409673,0.0,0.0,0.24303056727381342,0.13239606686404504,0.23344887087065722,0.24303056727381342,0.23236068488078335,0.2050499878070815,0.21428472356889397
2012-09-14,0.0,0.0,0.0929054997392228,-0.2468254008409673,0.0,0.0,0.24303056727381342,0.13239606686404504,0.23344887087065722,0.24303056727381342,0.23236068488078335,0.2050499878070815,0.21428472356889397
2012-09-17,0.0,0.0,0.0929054997392228,-0.2468254008409673,0.0,0.0,0.24303056727381342,0.13239606686404504,0.23344887087065722,0.24303056727381342,0.23236068488078335,0.2050499878070815,0.21428472356889397
2012-09-18,0.0,0.0,0.0929054997392228,-0.2468254008409673,0.0,0.0,0.24303056727381342,0.13239606686404504,0.23344887087065722,0.24303056727381342,0.23236068488078335,0.2050499878070815,0.21428472356889397
2012-09-19,0.0,0.0,0.0929054997392228,-0.2468254008409673,0.0,0.0,0.24303056727381342,0.13239606686404504,0.23344887087065722,0.24303056727381342,0.23236068488078335,0.2050499878070815,0.21428472356889397
2012-09-20,0.0,0.0,0.0929054997392228,-0.2468254008409673,0.0,0.0,0.24303056727381342,0.13239606686404504,0.23344887087065722,0.24303056727381342,0.23236068488078335,0.2050499878070815,0.21428472356889397
2012-09-21,0.0,0.0,0.0929054997392228,-0.2468254008409673,0.0,0.0,0.24303056727381342,0.13239606686404504,0.23344887087065722,0.24303056727381342,0.23236068488078335,0.2050499878070815,0.21428472356889397
2012-09-24,0.0,0.0,0.0929054997392228,-0.2468254008409673,0.0,0.0,0.24303056727381342,0.13239606686404504,0.23344887087065722,0.24303056727381342,0.23236068488078335,0.2050499878070815,0.21428472356889397
2012-09-25,0.0,0.0,0.0929054997392228,-0.2468254008409673,0.0,0.0,0.24303056727381342,0.13239606686404504,0.23344887087065722,0.24303056727381342,0.23236068488078335,0.2050499878070815,0.21428472356889397
2012-09-26,0.0,0.0,0.0929054997392228,-0.2468254008409673,0.0,0.0,0.24303056727381342,0.13239606686404504,0.23344887087065722,0.24303056727381342,0.23236068488078335,0.2050499878070815,0.21428472356889397
2012-09-27,0.0,0.0,0.0929054997392228,-0.2468254008409673,0.0,0.0,0.24303056727381342,0.13239606686404504,0.23344887087065722,0.24303056727381342,0.23236068488078335,0.2050499878070815,0.21428472356889397
2012-09-28,0.0,0.0,0.0929054997392228,-0.2468254008409673,0.0,0.0,0.24303056727381342,0.13239606686404504,0.23344887087065722,0.24303056727381342,0.23236068488078335,0.2050499878070815,0.21428472356889397
2012-10-01,0.0,0.0,0.0929054997392228,-0.2468254008409673,0.0,0.0,0.24303056727381342,0.13239606686404504,0.23344887087065722,0.24303056727381342,0.23236068488078335,0.2050499878070815,0.21428472356889397
2012-10-02,0.0,0.0,0.0929054997392228,-0.2468254008409673,0.0,0.0,0.24303056727381342,0.13239606686404504,0.23344887087065722,0.24303056727381342,0.23236068488078335,0.2050499878070815,0.21428472356889397
2012-10-03,0.0,0.0,0.0929054997392228,-0.2468254008409673,0.0,0.0,0.24303056727381342,0.13239606686404504,0.23344887087065722,0.24303056727381342,0.23236068488078335,0.2050499878070815,0.21428472356889397
2012-10-04,0.0,0.0,0.0929054997392228,-0.2468254008409673,0.0,0.0,0.24303056727381342,0.13239606686404504,0.23344887087065722,0.24303056727381342,0.23236068488078335,0.2050499878070815,0.21428472356889397
2012-10-05,0.0,0.0,0.0929054997392228,-0.2468254008409673,0.0,0.0,0.24303056727381342,0.13239606686404504,0.23344887087065722,0.24303056727381342,0.23236068488078335,0.2050499878070815,0.21428472356889397
2012-10-08,0.0,0.0,0.0929054997392228,-0.2468254008409673,0.0,0.0,0.24303056727381342,0.13239606686404504,0.23344887087065722,0.24303056727381342,0.23236068488078335,0.2050499878070815,0.21428472356889397
2012-10-09,0.0,0.0,0.0929054997392228,-0.2468254008409673,0.0,0.0,0.24303056727381342,0.13239606686404504,0.23344887087065722,0.24303056727381342,0.23236068488078335,0.2050499878070815,0.21428472356889397
2012-10-10,0.0,0.0,0.0929054997392228,-0.2468254008409673,0.0,0.0,0.24303056727381342,0.13239606686404504,0.23344887087065722,0.24303056727381342,0.23236068488078335,0.2050499878070815,0.21428472356889397
2012-10-11,0.0,0.0,0.0929054997392228,-0.2468254008409673,0.0,0.0,0.24303056727381342,0.13239606686404504,0.23344887087065722,0.24303056727381342,0.23236068488078335,0.2050499878070815,0.21428472356889397
2012-10-12,0.0,0.0,0.0929054997392228,-0.2468254008409673,0.0,0.0,0.24303056727381342,0.13239606686404504,0.23344887087065722,0.24303056727381342,0.23236068488078335,0.2050499878070815,0.21428472356889397
2012-10-15,0.0,0.0,0.0929054997392228,-0.2468254008409673,0.0,0.0,0.24303056727381342,0.13239606686404504,0.23344887087065722,0.24303056727381342,0.23236068488078335,0.2050499878070815,0.21428472356889397
2012-10-16,0.0,0.0,0.0929054997392228,-0.2468254008409673,0.0,0.0,0.24303056727381342,0.13239606686404504,0.23344887087065722,0.24303056727381342,0.23236068488078335,0.2050499878070815,0.21428472356889397
2012-10-17,0.0,0.0,0.0929054997392228,-0.2468254008409673,0.0,0.0,0.24303056727381342,0.13239606686404504,0.23344887087065722,0.24303056727381342,0.23236068488078335,0.2050499878070815,0.21428472356889397
2012-10-18,0.0,0.0,0.0929054997392228,-0.2468254008409673,0.0,0.0,0.24303056727381342,0.13239606686404504,0.23344887087065722,0.24303056727381342,0.23236068488078335,0.2050499878070815,0.21428472356889397
2012-10-19,0.0,0.0,0.0929054997392228,-0.2468254008409673,0.0,0.0,0.24303056727381342,0.13239606686404504,0.23344887087065722,0.24303056727381342,0.23236068488078335,0.2050499878070815,0.21428472356889397
2012-10-22,0.0,0.0,0.0929054997392228,-0.2468254008409673,0.0,0.0,0.24303056727381342,0.13239606686404504,0.23344887087065722,0.24303056727381342,0.23236068488078335,0.2050499878070815,0.21428472356889397
2012-10-23,0.0,0.0,0.0929054997392228,-0.2468254008409673,0.0,0.0,0.24303056727381342,0.13239606686404504,0.23344887087065722,0.24303056727381342,0.23236068488078335,0.2050499878070815,0.21428472356889397
2012-10-24,0.0,0.0,0.0929054997392228,-0.2468254008409673,0.0,0.0,0.24303056727381342,0.13239606686404504,0.23344887087065722,0.24303056727381342,0.23236068488078335,0.2050499878070815,0.21428472356889397
2012-10-25,0.0,0.0,0.0929054997392228,-0.2468254008409673,0.0,0.0,0.24303056727381342,0.13239606686404504,0.23344887087065722,0.24303056727381342,0.23236068488078335,0.2050499878070815,0.21428472356889397
2012-10-26,0.0,0.0,0.0929054997392228,-0.2468254008409673,0.0,0.0,0.24303056727381342,0.13239606686404504,0.23344887087065722,0.24303056727381342,0.23236068488078335,0.2050499878070815,0.21428472356889397
2012-10-31,0.0,0.006761775553205045,0.09595867463174512,-0.23009575077976874,-0.01694482213357943,0.01694482213357943,0.2265581283319027,0.1334167559493682,0.22778266446375786,0.2265581283319027,0.2277937335592986,0.191151845519547,0.18281583532804196
2012-11-01,0.0,0.01352355110641009,0.09901184952426745,-0.21336610071857018,-0.03388964426715886,0.03388964426715886,0.21008568938999198,0.13443744503469135,0.2221164580568585,0.21008568938999198,0.22322678223781386,0.1772537032320125,0.15134694708718996
2012-11-02,0.0,0.020285326659615136,0.10206502441678977,-0.19663645065737162,-0.0508344664007383,0.0508344664007383,0.19361325044808125,0.1354581341200145,0.21645025164995915,0.19361325044808125,0.21865983091632912,0.163355560944478,0.11987805884633795
2012-11-05,0.0,0.02704710221282018,0.1051181993093121,-0.17990680059617306,-0.06777928853431774,0.06777928853431774,0.17714081150617053,0.13647882320533766,0.2107840452430598,0.17714081150617053,0.21409287959484438,0.1494574186569435,0.08840917060548595
2012-11-06,0.0,0.03380887776602523,0.10817137420183444,-0.1631771505349745,-0.08472411066789717,0.08472411066789717,0.1606683725642598,0.13749951229066082,0.20511783883616044,0.1606683725642598,0.20952592827335964,0.13555927636940898,0.056940282364633936
2012-11-07,0.0,0.04057065331923028,0.11122454909435678,-0.14644750047377594,-0.10166893280147661,0.10166893280147661,0.1441959336223491,0.13852020137598398,0.1994516324292611,0.1441959336223491,0.2049589769518749,0.12166113408187447,0.025471394123781917
2012-11-08,0.0,0.04733242887243533,0.1142777239868791,-0.12971785041257738,-0.11861375493505605,0.11861375493505605,0.12772349468043837,0.13954089046130713,0.19378542602236173,0.12772349468043837,0.20039202563039016,0.10776299179433996,-0.005997494117070096
2012-11-09,0.0,0.05409420442564038,0.11733089887940143,-0.11298820035137884,-0.13555857706863547,0.13555857706863547,0.11125105573852766,0.1405615795466303,0.18811921961546238,0.11125105573852766,0.19582507430890542,0.09386484950680545,-0.037466382357922115
2012-11-12,0.0,0.060855979978845426,0.12038407377192377,-0.0962585502901803,-0.1525033992022149,0.1525033992022149,0.09477861679661695,0.14158226863195347,0.18245301320856303,0.09477861679661695,0.19125812298742068,0.07996670721927093,-0.06893527059877413
2012-11-13,0.0,0.06761775553205047,0.1234372486644461,-0.07952890022898174,-0.16944822133579432,0.16944822133579432,0.07830617785470623,0.14260295771727663,0.17678680680166367,0.07830617785470623,0.18669117166593596,0.06606856493173642,-0.10040415883962615
2012-11-14,0.0,0.07437953108525552,0.12649042355696843,-0.06279925016778319,-0.18639304346937374,0.18639304346937374,0.06183373891279552,0.1436236468025998,0.17112060039476432,0.06183373891279552,0.18212422034445122,0.05217042264420191,-0.13187304708047815
2012-11-15,0.0,0.08114130663846057,0.12954359844949076,-0.046069600106584646,-0.2033378656029532,0.2033378656029532,0.04536129997088481,0.14464433588792297,0.16545439398786496,0.04536129997088481,0.1775572690229665,0.038272280356667396,-0.16334193532133018
2012-11-16,0.0,0.08790308219166561,0.13259677334201309,-0.029339950045386098,-0.22028268773653262,0.22028268773653262,0.0288888610289741,0.14566502497324615,0.15978818758096563,0.0288888610289741,0.17299031770148177,0.02437413806913288,-0.19481082356218218
2012-11-19,0.0,0.09466485774487066,0.1356499482345354,-0.012610299984187553,-0.23722750987011204,0.23722750987011204,0.012416422087063391,0.1466857140585693,0.15412198117406628,0.012416422087063391,0.16842336637999705,0.010475995781598368,-0.2262797118030342
2012-11-20,0.0,0.09976167793176896,0.13795133835076945,0.0,-0.25,0.25,0.0,0.14745507836143443,0.14985096759626004,0.0,0.16498093775976694,0.0,-0.25
2012-11-21,0.0,0.09976167793176896,0.13795133835076945,0.0,-0.25,0.25,0.0,0.14745507836143443,0.14985096759626004,0.0,0.16498093775976694,0.0,-0.25
2012-11-23,0.0,0.09976167793176896,0.13795133835076945,0.0,-0.25,0.25,0.0,0.14745507836143443,0.14985096759626004,0.0,0.16498093775976694,0.0,-0.25
2012-11-26,0.0,0.09976167793176896,0.13795133835076945,0.0,-0.25,0.25,0.0,0.14745507836143443,0.14985096759626004,0.0,0.16498093775976694,0.0,-0.25
2012-11-27,0.0,0.09976167793176896,0.13795133835076945,0.0,-0.25,0.25,0.0,0.14745507836143443,0.14985096759626004,0.0,0.16498093775976694,0.0,-0.25
2012-11-28,0.0,0.09976167793176896,0.13795133835076945,0.0,-0.25,0.25,0.0,0.14745507836143443,0.14985096759626004,0.0,0.16498093775976694,0.0,-0.25
2012-11-29,0.0,0.09976167793176896,0.13795133835076945,0.0,-0.25,0.25,0.0,0.14745507836143443,0.14985096759626004,0.0,0.16498093775976694,0.0,-0.25
2012-11-30,0.03039853432881212,0.1043977246286892,0.1432665031319461,0.0,-0.2472318811491253,0.2472318811491253,0.041267917609073425,0.13959855465285376,0.13945148796340767,0.041267917609073425,0.16553499684065398,0.0,-0.2472318811491253
2012-12-03,0.060797068657624236,0.10903377132560943,0.1485816679131228,0.0,-0.24446376229825065,0.24446376229825065,0.08253583521814684,0.1317420309442731,0.1290520083305553,0.08253583521814684,0.16608905592154105,0.0,-0.24446376229825065
2012-12-04,0.09119560298643636,0.11366981802252968,0.1538968326942995,0.0,-0.24169564344737596,0.24169564344737596,0.12380375282722027,0.12388550723569242,0.11865252869770293,0.12380375282722027,0.1666431150024281,0.0,-0.24169564344737596
2012-12-05,0.12159413731524849,0.11830586471944993,0.15921199747547615,0.0,-0.2389275245965013,0.2389275245965013,0.1650716704362937,0.11602898352711175,0.10825304906485056,0.1650716704362937,0.16719717408331516,0.0,-0.2389275245965013
2012-12-06,0.1519926716440606,0.12294191141637016,0.16452716225665281,0.0,-0.2361594057456266,0.2361594057456266,0.20633958804536712,0.10817245981853107,0.0978535694319982,0.20633958804536712,0.1677512331642022,0.0,-0.2361594057456266
2012-12-07,0.17257760218985851,0.12608129630351342,0.1681264245328044,0.0,-0.23428492279617194,0.23428492279617194,0.23428492279617194,0.1028522692750264,0.09081136918513281,0.23428492279617194,0.1681264245328044,0.0,-0.23428492279617194
2012-12-10,0.17257760218985851,0.12608129630351342,0.1681264245328044,0.0,-0.23428492279617194,0.23428492279617194,0.23428492279617194,0.1028522692750264,0.09081136918513281,0.23428492279617194,0.1681264245328044,0.0,-0.23428492279617194
2012-12-11,0.17257760218985851,0.12608129630351342,0.1681264245328044,0.0,-0.23428492279617194,0.23428492279617194,0.23428492279617194,0.1028522692750264,0.09081136918513281,0.23428492279617194,0.1681264245328044,0.0,-0.23428492279617194
2012-12-12,0.17257760218985851,0.12608129630351342,0.1681264245328044,0.0,-0.23428492279617194,0.23428492279617194,0.23428492279617194,0.1028522692750264,0.09081136918513281,0.23428492279617194,0.1681264245328044,0.0,-0.23428492279617194
2012-12-13,0.17257760218985851,0.12608129630351342,0.1681264245328044,0.0,-0.23428492279617194,0.23428492279617194,0.23428492279617194,0.1028522692750264,0.09081136918513281,0.23428492279617194,0.1681264245328044,0.0,-0.23428492279617194
2012-12-14,0.17257760218985851,0.12608129630351342,0.1681264245328044,0.0,-0.23428492279617194,0.23428492279617194,0.23428492279617194,0.1028522692750264,0.09081136918513281,0.23428492279617194,0.1681264245328044,0.0,-0.23428492279617194
2012-12-17,0.17257760218985851,0.12608129630351342,0.1681264245328044,0.0,-0.23428492279617194,0.23428492279617194,0.23428492279617194,0.1028522692750264,0.09081136918513281,0.23428492279617194,0.1681264245328044,0.0,-0.23428492279617194
2012-12-18,0.17257760218985851,0.12608129630351342,0.1681264245328044,0.0,-0.23428492279617194,0.23428492279617194,0.23428492279617194,0.1028522692750264,0.09081136918513281,0.23428492279617194,0.1681264245328044,0.0,-0.23428492279617194
2012-12-19,0.17257760218985851,0.12608129630351342,0.1681264245328044,0.0,-0.23428492279617194,0.23428492279617194,0.23428492279617194,0.1028522692750264,0.09081136918513281,0.23428492279617194,0.1681264245328044,0.0,-0.23428492279617194
2012-12-20,0.17257760218985851,0.12608129630351342,0.1681264245328044,0.0,-0.23428492279617194,0.23428492279617194,0.23428492279617194,0.1028522692750264,0.09081136918513281,0.23428492279617194,0.1681264245328044,0.0,-0.23428492279617194
2012-12-21,0.17257760218985851,0.12608129630351342,0.1681264245328044,0.0,-0.23428492279617194,0.23428492279617194,0.23428492279617194,0.1028522692750264,0.09081136918513281,0.23428492279617194,0.1681264245328044,0.0,-0.23428492279617194
2012-12-24,0.17257760218985851,0.12608129630351342,0.1681264245328044,0.0,-0.23428492279617194,0.23428492279617194,0.23428492279617194,0.1028522692750264,0.09081136918513281,0.23428492279617194,0.1681264245328044,0.0,-0.23428492279617194
2012-12-26,0.17257760218985851,0.12608129630351342,0.1681264245328044,0.0,-0.23428492279617194,0.23428492279617194,0.23428492279617194,0.1028522692750264,0.09081136918513281,0.23428492279617194,0.1681264245328044,0.0,-0.23428492279617194
2012-12-27,0.17257760218985851,0.12608129630351342,0.1681264245328044,0.0,-0.23428492279617194,0.23428492279617194,0.23428492279617194,0.1028522692750264,0.09081136918513281,0.23428492279617194,0.1681264245328044,0.0,-0.23428492279617194
2012-12-28,0.17257760218985851,0.12608129630351342,0.1681264245328044,0.0,-0.23428492279617194,0.23428492279617194,0.23428492279617194,0.1028522692750264,0.09081136918513281,0.23428492279617194,0.1681264245328044,0.0,-0.23428492279617194
2012-12-31,0.18493917870618576,0.13215938063852825,0.16706150937877176,0.03964073724994918,-0.23412325833388825,0.19448252108393907,0.19448252108393907,0.10821179697522666,0.08897907441357845,0.23695473956602747,0.16706150937877176,0.0,-0.23412325833388825
2013-01-02,0.19730075522251297,0.13823746497354308,0.1659965942247391,0.07928147449989836,-0.2339615938716045,0.15468011937170614,0.15468011937170614,0.1135713246754269,0.08714677964202408,0.23962455633588295,0.1659965942247391,0.0,-0.2339615938716045
2013-01-03,0.2096623317388402,0.1443155493085579,0.16493167907070644,0.11892221174984755,-0.23379992940932076,0.11487771765947322,0.11487771765947322,0.11893085237562713,0.0853144848704697,0.24229437310573843,0.16493167907070644,0.0,-0.23379992940932076
2013-01-04,0.22202390825516738,0.15039363364357272,0.1638667639166738,0.15856294899979673,-0.23363826494703702,0.07507531594724029,0.07507531594724029,0.12429038007582736,0.08348219009891533,0.2449641898755939,0.1638667639166738,0.0,-0.23363826494703702
2013-01-07,0.23438548477149457,0.15647171797858753,0.16280184876264112,0.19820368624974588,-0.23347660048475324,0.03527291423500737,0.03527291423500737,0.1296499077760276,0.08164989532736096,0.24763400664544938,0.16280184876264112,0.0,-0.23347660048475324
2013-01-08,0.2453403219047493,0.16185812026185042,0.16185812026185042,0.2333333333333333,-0.2333333333333333,0.0,0.0,0.13439952470306862,0.08002611451138002,0.25,0.16185812026185042,0.0,-0.2333333333333333
2013-01-09,0.2453403219047493,0.16185812026185042,0.16185812026185042,0.2333333333333333,-0.2333333333333333,0.0,0.0,0.13439952470306862,0.08002611451138002,0.25,0.16185812026185042,0.0,-0.2333333333333333
2013-01-10,0.2453403219047493,0.16185812026185042,0.16185812026185042,0.2333333333333333,-0.2333333333333333,0.0,0.0,0.13439952470306862,0.08002611451138002,0.25,0.16185812026185042,0.0,-0.2333333333333333
2013-01-11,0.2453403219047493,0.16185812026185042,0.16185812026185042,0.2333333333333333,-0.2333333333333333,0.0,0.0,0.13439952470306862,0.08002611451138002,0.25,0.16185812026185042,0.0,-0.2333333333333333
2013-01-14,0.2453403219047493,0.16185812026185042,0.16185812026185042,0.2333333333333333,-0.2333333333333333,0.0,0.0,0.13439952470306862,0.08002611451138002,0.25,0.16185812026185042,0.0,-0.2333333333333333
2013-01-15,0.2453403219047493,0.16185812026185042,0.16185812026185042,0.2333333333333333,-0.2333333333333333,0.0,0.0,0.13439952470306862,0.08002611451138002,0.25,0.16185812026185042,0.0,-0.2333333333333333
2013-01-16,0.2453403219047493,0.16185812026185042,0.16185812026185042,0.2333333333333333,-0.2333333333333333,0.0,0.0,0.13439952470306862,0.08002611451138002,0.25,0.16185812026185042,0.0,-0.2333333333333333
2013-01-17,0.2453403219047493,0.16185812026185042,0.16185812026185042,0.2333333333333333,-0.2333333333333333,0.0,0.0,0.13439952470306862,0.08002611451138002,0.25,0.16185812026185042,0.0,-0.2333333333333333
2013-01-18,0.2453403219047493,0.16185812026185042,0.16185812026185042,0.2333333333333333,-0.2333333333333333,0.0,0.0,0.13439952470306862,0.08002611451138002,0.25,0.16185812026185042,0.0,-0.2333333333333333
2013-01-22,0.2453403219047493,0.16185812026185042,0.16185812026185042,0.2333333333333333,-0.2333333333333333,0.0,0.0,0.13439952470306862,0.08002611451138002,0.25,0.16185812026185042,0.0,-0.2333333333333333
2013-01-23,0.2453403219047493,0.16185812026185042,0.16185812026185042,0.2333333333333333,-0.2333333333333333,0.0,0.0,0.13439952470306862,0.08002611451138002,0.25,0.16185812026185042,0.0,-0.2333333333333333
2013-01-24,0.2453403219047493,0.16185812026185042,0.16185812026185042,0.2333333333333333,-0.2333333333333333,0.0,0.0,0.13439952470306862,0.08002611451138002,0.25,0.16185812026185042,0.0,-0.2333333333333333
2013-01-25,0.2453403219047493,0.16185812026185042,0.16185812026185042,0.2333333333333333,-0.2333333333333333,0.0,0.0,0.13439952470306862,0.08002611451138002,0.25,0.16185812026185042,0.0,-0.2333333333333333
2013-01-28,0.2453403219047493,0.16185812026185042,0.16185812026185042,0.2333333333333333,-0.2333333333333333,0.0,0.0,0.13439952470306862,0.08002611451138002,0.25,0.16185812026185042,0.0,-0.2333333333333333
2013-01-29,0.2453403219047493,0.16185812026185042,0.16185812026185042,0.2333333333333333,-0.2333333333333333,0.0,0.0,0.13439952470306862,0.08002611451138002,0.25,0.16185812026185042,0.0,-0.2333333333333333
2013-01-30,0.2453403219047493,0.16185812026185042,0.16185812026185042,0.2333333333333333,-0.2333333333333333,0.0,0.0,0.13439952470306862,0.08002611451138002,0.25,0.16185812026185042,0.0,-0.2333333333333333
2013-01-31,0.13535245234981927,0.15518943185433876,0.15518943185433876,0.2333333333333333,-0.2333333333333333,0.0,0.0,0.14004072650452717,0.09439097793245649,0.25,0.15518943185433876,0.0,-0.2333333333333333
2013-02-01,0.025364582794889262,0.14852074344682709,0.14852074344682709,0.2333333333333333,-0.2333333333333333,0.0,0.0,0.14568192830598573,0.10875584135353294,0.25,0.14852074344682709,0.0,-0.2333333333333333
2013-02-04,0.0,0.14698286022452164,0.14698286022452164,0.2333333333333333,-0.2333333333333333,0.0,0.0,0.14698286022452164,0.11206855910191339,0.25,0.14698286022452164,0.0,-0.2333333333333333
2013-02-05,0.0,0.14698286022452164,0.14698286022452164,0.2333333333333333,-0.2333333333333333,0.0,0.0,0.14698286022452164,0.11206855910191339,0.25,0.14698286022452164,0.0,-0.2333333333333333
2013-02-06,0.0,0.14698286022452164,0.14698286022452164,0.2333333333333333,-0.2333333333333333,0.0,0.0,0.14698286022452164,0.11206855910191339,0.25,0.14698286022452164,0.0,-0.2333333333333333
2013-02-07,0.0,0.14698286022452164,0.14698286022452164,0.2333333333333333,-0.2333333333333333,0.0,0.0,0.14698286022452164,0.11206855910191339,0.25,0.14698286022452164,0.0,-0.2333333333333333
2013-02-08,0.0,0.14698286022452164,0.14698286022452164,0.2333333333333333,-0.2333333333333333,0.0,0.0,0.14698286022452164,0.11206855910191339,0.25,0.14698286022452164,0.0,-0.2333333333333333
2013-02-11,0.0,0.14698286022452164,0.14698286022452164,0.2333333333333333,-0.2333333333333333,0.0,0.0,0.14698286022452164,0.11206855910191339,0.25,0.14698286022452164,0.0,-0.2333333333333333
2013-02-12,0.0,0.14698286022452164,0.14698286022452164,0.2333333333333333,-0.2333333333333333,0.0,0.0,0.14698286022452164,0.11206855910191339,0.25,0.14698286022452164,0.0,-0.2333333333333333
2013-02-13,0.0,0.14698286022452164,0.14698286022452164,0.2333333333333333,-0.2333333333333333,0.0,0.0,0.14698286022452164,0.11206855910191339,0.25,0.14698286022452164,0.0,-0.2333333333333333
2013-02-14,0.0,0.14698286022452164,0.14698286022452164,0.2333333333333333,-0.2333333333333333,0.0,0.0,0.14698286022452164,0.11206855910191339,0.25,0.14698286022452164,0.0,-0.2333333333333333
2013-02-15,0.0,0.14698286022452164,0.14698286022452164,0.2333333333333333,-0.2333333333333333,0.0,0.0,0.14698286022452164,0.11206855910191339,0.25,0.14698286022452164,0.0,-0.2333333333333333
2013-02-19,0.0,0.14698286022452164,0.14698286022452164,0.2333333333333333,-0.2333333333333333,0.0,0.0,0.14698286022452164,0.11206855910191339,0.25,0.14698286022452164,0.0,-0.2333333333333333
2013-02-20,0.0,0.14698286022452164,0.14698286022452164,0.2333333333333333,-0.2333333333333333,0.0,0.0,0.14698286022452164,0.11206855910191339,0.25,0.14698286022452164,0.0,-0.2333333333333333
2013-02-21,0.0,0.14698286022452164,0.14698286022452164,0.2333333333333333,-0.2333333333333333,0.0,0.0,0.14698286022452164,0.11206855910191339,0.25,0.14698286022452164,0.0,-0.2333333333333333
2013-02-22,0.0,0.14698286022452164,0.14698286022452164,0.2333333333333333,-0.2333333333333333,0.0,0.0,0.14698286022452164,0.11206855910191339,0.25,0.14698286022452164,0.0,-0.2333333333333333
2013-02-25,0.0,0.14698286022452164,0.14698286022452164,0.2333333333333333,-0.2333333333333333,0.0,0.0,0.14698286022452164,0.11206855910191339,0.25,0.14698286022452164,0.0,-0.2333333333333333
2013-02-26,0.0,0.14698286022452164,0.14698286022452164,0.2333333333333333,-0.2333333333333333,0.0,0.0,0.14698286022452164,0.11206855910191339,0.25,0.14698286022452164,0.0,-0.2333333333333333
2013-02-27,0.0,0.14698286022452164,0.14698286022452164,0.2333333333333333,-0.2333333333333333,0.0,0.0,0.14698286022452164,0.11206855910191339,0.25,0.14698286022452164,0.0,-0.2333333333333333
2013-02-28,0.0,0.12567625143837463,0.15950020916042984,0.2357493303134801,-0.2357493303134801,-0.03623995470220202,0.0,0.15950020916042984,0.09582312108033582,0.25,0.15950020916042984,0.0,-0.1995093756112781
2013-03-01,0.0,0.10436964265222759,0.172017558096338,0.2381653272936269,-0.2381653272936269,-0.07247990940440403,0.0,0.172017558096338,0.07957768305875824,0.25,0.172017558096338,0.0,-0.1656854178892229
2013-03-04,0.0,0.08306303386608058,0.1845349070322462,0.2405813242737737,-0.2405813242737737,-0.10871986410660606,0.0,0.1845349070322462,0.06333224503718068,0.25,0.1845349070322462,0.0,-0.13186146016716768
2013-03-05,0.0,0.06175642507993357,0.19705225596815443,0.2429973212539205,-0.2429973212539205,-0.1449598188088081,0.0,0.19705225596815443,0.04708680701560313,0.25,0.19705225596815443,0.0,-0.09803750244511246
2013-03-06,0.0,0.04044981629378655,0.20956960490406262,0.2454133182340673,-0.2454133182340673,-0.1811997735110101,0.0,0.20956960490406262,0.03084136899402557,0.25,0.20956960490406262,0.0,-0.06421354472305724
2013-03-07,0.0,0.019143207507639527,0.22208695383997082,0.24782931521421414,-0.24782931521421414,-0.2174397282132121,0.0,0.22208695383997082,0.014595930972448008,0.25,0.22208695383997082,0.0,-0.030389587001002027
2013-03-08,0.0,0.0,0.2333333333333333,0.25,-0.25,-0.25,0.0,0.2333333333333333,0.0,0.25,0.2333333333333333,0.0,0.0
2013-03-11,0.0,0.0,0.2333333333333333,0.25,-0.25,-0.25,0.0,0.2333333333333333,0.0,0.25,0.2333333333333333,0.0,0.0
2013-03-12,0.0,0.0,0.2333333333333333,0.25,-0.25,-0.25,0.0,0.2333333333333333,0.0,0.25,0.2333333333333333,0.0,0.0
2013-03-13,0.0,0.0,0.2333333333333333,0.25,-0.25,-0.25,0.0,0.2333333333333333,0.0,0.25,0.2333333333333333,0.0,0.0
2013-03-14,0.0,0.0,0.2333333333333333,0.25,-0.25,-0.25,0.0,0.2333333333333333,0.0,0.25,0.2333333333333333,0.0,0.0
2013-03-15,0.0,0.0,0.2333333333333333,0.25,-0.25,-0.25,0.0,0.2333333333333333,0.0,0.25,0.2333333333333333,0.0,0.0
2013-03-18,0.0,0.0,0.2333333333333333,0.25,-0.25,-0.25,0.0,0.2333333333333333,0.0,0.25,0.2333333333333333,0.0,0.0
2013-03-19,0.0,0.0,0.2333333333333333,0.25,-0.25,-0.25,0.0,0.2333333333333333,0.0,0.25,0.2333333333333333,0.0,0.0
2013-03-20,0.0,0.0,0.2333333333333333,0.25,-0.25,-0.25,0.0,0.2333333333333333,0.0,0.25,0.2333333333333333,0.0,0.0
2013-03-21,0.0,0.0,0.2333333333333333,0.25,-0.25,-0.25,0.0,0.2333333333333333,0.0,0.25,0.2333333333333333,0.0,0.0
2013-03-22,0.0,0.0,0.2333333333333333,0.25,-0.25,-0.25,0.0,0.2333333333333333,0.0,0.25,0.2333333333333333,0.0,0.0
2013-03-25,0.0,0.0,0.2333333333333333,0.25,-0.25,-0.25,0.0,0.2333333333333333,0.0,0.25,0.2333333333333333,0.0,0.0
2013-03-26,0.0,0.0,0.2333333333333333,0.25,-0.25,-0.25,0.0,0.2333333333333333,0.0,0.25,0.2333333333333333,0.0,0.0
2013-03-27,0.0,0.0,0.2333333333333333,0.25,-0.25,-0.25,0.0,0.2333333333333333,0.0,0.25,0.2333333333333333,0.0,0.0
2013-03-28,0.0,0.0,0.2333333333333333,0.25,-0.25,-0.25,0.0,0.2333333333333333,0.0,0.25,0.2333333333333333,0.0,0.0
2013-04-01,0.0,0.0,0.2333333333333333,0.25,-0.25,-0.25,0.0,0.2333333333333333,0.0,0.25,0.2333333333333333,0.0,0.0
2013-04-02,0.0,0.0,0.2333333333333333,0.25,-0.25,-0.25,0.0,0.2333333333333333,0.0,0.25,0.2333333333333333,0.0,0.0
2013-04-03,0.0,0.0,0.2333333333333333,0.25,-0.25,-0.25,0.0,0.2333333333333333,0.0,0.25,0.2333333333333333,0.0,0.0
2013-04-04,0.0,0.0,0.2333333333333333,0.25,-0.25,-0.25,0.0,0.2333333333333333,0.0,0.25,0.2333333333333333,0.0,0.0
2013-04-05,0.0,0.0,0.2333333333333333,0.25,-0.25,-0.25,0.0,0.2333333333333333,0.0,0.25,0.2333333333333333,0.0,0.0
2013-04-08,0.0,0.0,0.2333333333333333,0.25,-0.25,-0.25,0.0,0.2333333333333333,0.0,0.25,0.2333333333333333,0.0,0.0
2013-04-09,0.0,0.0,0.2333333333333333,0.25,-0.25,-0.25,0.0,0.2333333333333333,0.0,0.25,0.2333333333333333,0.0,0.0
2013-04-10,0.0,0.0,0.2333333333333333,0.25,-0.25,-0.25,0.0,0.2333333333333333,0.0,0.25,0.2333333333333333,0.0,0.0
2013-04-11,0.0,0.0,0.2333333333333333,0.25,-0.25,-0.25,0.0,0.2333333333333333,0.0,0.25,0.2333333333333333,0.0,0.0
2013-04-12,0.0,0.0,0.2333333333333333,0.25,-0.25,-0.25,0.0,0.2333333333333333,0.0,0.25,0.2333333333333333,0.0,0.0
2013-04-15,0.0,0.0,0.2333333333333333,0.25,-0.25,-0.25,0.0,0.2333333333333333,0.0,0.25,0.2333333333333333,0.0,0.0
2013-04-16,0.0,0.0,0.2333333333333333,0.25,-0.25,-0.25,0.0,0.2333333333333333,0.0,0.25,0.2333333333333333,0.0,0.0
2013-04-17,0.0,0.0,0.2333333333333333,0.25,-0.25,-0.25,0.0,0.2333333333333333,0.0,0.25,0.2333333333333333,0.0,0.0
2013-04-18,0.0,0.0,0.2333333333333333,0.25,-0.25,-0.25,0.0,0.2333333333333333,0.0,0.25,0.2333333333333333,0.0,0.0
2013-04-19,0.0,0.0,0.2333333333333333,0.25,-0.25,-0.25,0.0,0.2333333333333333,0.0,0.25,0.2333333333333333,0.0,0.0
2013-04-22,0.0,0.0,0.2333333333333333,0.25,-0.25,-0.25,0.0,0.2333333333333333,0.0,0.25,0.2333333333333333,0.0,0.0
2013-04-23,0.0,0.0,0.2333333333333333,0.25,-0.25,-0.25,0.0,0.2333333333333333,0.0,0.25,0.2333333333333333,0.0,0.0
2013-04-24,0.0,0.0,0.2333333333333333,0.25,-0.25,-0.25,0.0,0.2333333333333333,0.0,0.25,0.2333333333333333,0.0,0.0
2013-04-25,0.0,0.0,0.2333333333333333,0.25,-0.25,-0.25,0.0,0.2333333333333333,0.0,0.25,0.2333333333333333,0.0,0.0
2013-04-26,0.0,0.0,0.2333333333333333,0.25,-0.25,-0.25,0.0,0.2333333333333333,0.0,0.25,0.2333333333333333,0.0,0.0
2013-04-29,0.0,0.0,0.2333333333333333,0.25,-0.25,-0.25,0.0,0.2333333333333333,0.0,0.25,0.2333333333333333,0.0,0.0
2013-04-30,-0.02638428539653653,0.0,0.22442346279862183,0.22082970844973704,-0.24721399384627354,-0.2470676227376537,0.02638428539653653,0.22754494862049848,0.012685822729947107,0.24721399384627354,0.22754494862049848,0.0,0.02638428539653653
2013-05-01,-0.05276857079307305,0.0,0.21551359226391034,0.19165941689947408,-0.2444279876925471,-0.2441352454753074,0.05276857079307305,0.22175656390766366,0.025371645459894215,0.2444279876925471,0.22175656390766366,0.0,0.05276857079307305
2013-05-02,-0.07915285618960957,0.0,0.20660372172919886,0.16248912534921112,-0.24164198153882063,-0.2412028682129611,0.07915285618960957,0.21596817919482883,0.03805746818984132,0.24164198153882063,0.21596817919482883,0.0,0.07915285618960957
2013-05-03,-0.1055371415861461,0.0,0.19769385119448737,0.13331883379894813,-0.2388559753850942,-0.2382704909506148,0.1055371415861461,0.210179794481994,0.05074329091978842,0.2388559753850942,0.210179794481994,0.0,0.1055371415861461
2013-05-06,-0.13192142698268264,0.0,0.1887839806597759,0.10414854224868514,-0.23606996923136775,-0.23533811368826854,0.13192142698268264,0.20439140976915915,0.06342911364973552,0.23606996923136775,0.20439140976915915,0.0,0.13192142698268264
2013-05-07,-0.15830571237921917,0.0,0.1798741101250644,0.07497825069842216,-0.23328396307764132,-0.23240573642592224,0.15830571237921917,0.19860302505632432,0.07611493637968263,0.23328396307764132,0.19860302505632432,0.0,0.15830571237921917
2013-05-08,-0.1846899977757557,0.0,0.17096423959035295,0.04580795914815919,-0.23049795692391487,-0.22947335916357597,0.1846899977757557,0.19281464034348947,0.08880075910962974,0.23049795692391487,0.19281464034348947,0.0,0.1846899977757557
2013-05-09,-0.21107428317229224,0.0,0.16205436905564147,0.0166376675978962,-0.22771195077018844,-0.22654098190122968,0.21107428317229224,0.18702625563065464,0.10148658183957686,0.22771195077018844,0.18702625563065464,0.0,0.21107428317229224
2013-05-10,-0.22612291473907697,0.0,0.15697250471975063,0.0,-0.22612291473907697,-0.224868461142276,0.22612291473907697,0.18372477266073137,0.10872211122820216,0.22612291473907697,0.18372477266073137,0.0,0.22612291473907697
2013-05-13,-0.22612291473907697,0.0,0.15697250471975063,0.0,-0.22612291473907697,-0.224868461142276,0.22612291473907697,0.18372477266073137,0.10872211122820216,0.22612291473907697,0.18372477266073137,0.0,0.22612291473907697
2013-05-14,-0.22612291473907697,0.0,0.15697250471975063,0.0,-0.22612291473907697,-0.224868461142276,0.22612291473907697,0.18372477266073137,0.10872211122820216,0.22612291473907697,0.18372477266073137,0.0,0.22612291473907697
2013-05-15,-0.22612291473907697,0.0,0.15697250471975063,0.0,-0.22612291473907697,-0.224868461142276,0.22612291473907697,0.18372477266073137,0.10872211122820216,0.22612291473907697,0.18372477266073137,0.0,0.22612291473907697
2013-05-16,-0.22612291473907697,0.0,0.15697250471975063,0.0,-0.22612291473907697,-0.224868461142276,0.22612291473907697,0.18372477266073137,0.10872211122820216,0.22612291473907697,0.18372477266073137,0.0,0.22612291473907697
2013-05-17,-0.22612291473907697,0.0,0.15697250471975063,0.0,-0.22612291473907697,-0.224868461142276,0.22612291473907697,0.18372477266073137,0.10872211122820216,0.22612291473907697,0.18372477266073137,0.0,0.22612291473907697
2013-05-20,-0.22612291473907697,0.0,0.15697250471975063,0.0,-0.22612291473907697,-0.224868461142276,0.22612291473907697,0.18372477266073137,0.10872211122820216,0.22612291473907697,0.18372477266073137,0.0,0.22612291473907697
2013-05-21,-0.22612291473907697,0.0,0.15697250471975063,0.0,-0.22612291473907697,-0.224868461142276,0.22612291473907697,0.18372477266073137,0.10872211122820216,0.22612291473907697,0.18372477266073137,0.0,0.22612291473907697
2013-05-22,-0.22612291473907697,0.0,0.15697250471975063,0.0,-0.22612291473907697,-0.224868461142276,0.22612291473907697,0.18372477266073137,0.10872211122820216,0.22612291473907697,0.18372477266073137,0.0,0.22612291473907697
2013-05-23,-0.22612291473907697,0.0,0.15697250471975063,0.0,-0.22612291473907697,-0.224868461142276,0.22612291473907697,0.18372477266073137,0.10872211122820216,0.22612291473907697,0.18372477266073137,0.0,0.22612291473907697
2013-05-24,-0.22612291473907697,0.0,0.15697250471975063,0.0,-0.22612291473907697,-0.224868461142276,0.22612291473907697,0.18372477266073137,0.10872211122820216,0.22612291473907697,0.18372477266073137,0.0,0.22612291473907697
2013-05-28,-0.22612291473907697,0.0,0.15697250471975063,0.0,-0.22612291473907697,-0.224868461142276,0.22612291473907697,0.18372477266073137,0.10872211122820216,0.22612291473907697,0.18372477266073137,0.0,0.22612291473907697
2013-05-29,-0.22612291473907697,0.0,0.15697250471975063,0.0,-0.22612291473907697,-0.224868461142276,0.22612291473907697,0.18372477266073137,0.10872211122820216,0.22612291473907697,0.18372477266073137,0.0,0.22612291473907697
2013-05-30,-0.22612291473907697,0.0,0.15697250471975063,0.0,-0.22612291473907697,-0.224868461142276,0.22612291473907697,0.18372477266073137,0.10872211122820216,0.22612291473907697,0.18372477266073137,0.0,0.22612291473907697
2013-05-31,-0.21139107631888882,0.019173499694464118,0.15710775833094903,0.0,-0.23265079240126735,-0.23173930024734454,0.16430202211738124,0.1765460878076455,0.12204878508284439,0.23265079240126735,0.1765460878076455,0.0,0.23265079240126735
2013-06-03,-0.19665923789870066,0.038346999388928237,0.1572430119421474,0.0,-0.2391786700634577,-0.23861013935241307,0.1024811294956855,0.16936740295455963,0.13537545893748662,0.2391786700634577,0.16936740295455963,0.0,0.2391786700634577
2013-06-04,-0.1819273994785125,0.05752049908339236,0.1573782655533458,0.0,-0.24570654772564807,-0.24548097845748162,0.040660236873989744,0.16218871810147376,0.14870213279212885,0.24570654772564807,0.16218871810147376,0.0,0.24570654772564807
2013-06-05,-0.1722381178400268,0.07013110702221537,0.15746722324444615,0.0,-0.25,-0.25,0.0,0.15746722324444615,0.15746722324444615,0.25,0.15746722324444615,0.0,0.25
2013-06-06,-0.1722381178400268,0.07013110702221537,0.15746722324444615,0.0,-0.25,-0.25,0.0,0.15746722324444615,0.15746722324444615,0.25,0.15746722324444615,0.0,0.25
2013-06-07,-0.1722381178400268,0.07013110702221537,0.15746722324444615,0.0,-0.25,-0.25,0.0,0.15746722324444615,0.15746722324444615,0.25,0.15746722324444615,0.0,0.25
2013-06-10,-0.1722381178400268,0.07013110702221537,0.15746722324444615,0.0,-0.25,-0.25,0.0,0.15746722324444615,0.15746722324444615,0.25,0.15746722324444615,0.0,0.25
2013-06-11,-0.1722381178400268,0.07013110702221537,0.15746722324444615,0.0,-0.25,-0.25,0.0,0.15746722324444615,0.15746722324444615,0.25,0.15746722324444615,0.0,0.25
2013-06-12,-0.1722381178400268,0.07013110702221537,0.15746722324444615,0.0,-0.25,-0.25,0.0,0.15746722324444615,0.15746722324444615,0.25,0.15746722324444615,0.0,0.25
2013-06-13,-0.1722381178400268,0.07013110702221537,0.15746722324444615,0.0,-0.25,-0.25,0.0,0.15746722324444615,0.15746722324444615,0.25,0.15746722324444615,0.0,0.25
2013-06-14,-0.1722381178400268,0.07013110702221537,0.15746722324444615,0.0,-0.25,-0.25,0.0,0.15746722324444615,0.15746722324444615,0.25,0.15746722324444615,0.0,0.25
2013-06-17,-0.1722381178400268,0.07013110702221537,0.15746722324444615,0.0,-0.25,-0.25,0.0,0.15746722324444615,0.15746722324444615,0.25,0.15746722324444615,0.0,0.25
2013-06-18,-0.1722381178400268,0.07013110702221537,0.15746722324444615,0.0,-0.25,-0.25,0.0,0.15746722324444615,0.15746722324444615,0.25,0.15746722324444615,0.0,0.25
2013-06-19,-0.1722381178400268,0.07013110702221537,0.15746722324444615,0.0,-0.25,-0.25,0.0,0.15746722324444615,0.15746722324444615,0.25,0.15746722324444615,0.0,0.25
2013-06-20,-0.1722381178400268,0.07013110702221537,0.15746722324444615,0.0,-0.25,-0.25,0.0,0.15746722324444615,0.15746722324444615,0.25,0.15746722324444615,0.0,0.25
2013-06-21,-0.1722381178400268,0.07013110702221537,0.15746722324444615,0.0,-0.25,-0.25,0.0,0.15746722324444615,0.15746722324444615,0.25,0.15746722324444615,0.0,0.25
2013-06-24,-0.1722381178400268,0.07013110702221537,0.15746722324444615,0.0,-0.25,-0.25,0.0,0.15746722324444615,0.15746722324444615,0.25,0.15746722324444615,0.0,0.25
2013-06-25,-0.1722381178400268,0.07013110702221537,0.15746722324444615,0.0,-0.25,-0.25,0.0,0.15746722324444615,0.15746722324444615,0.25,0.15746722324444615,0.0,0.25
2013-06-26,-0.1722381178400268,0.07013110702221537,0.15746722324444615,0.0,-0.25,-0.25,0.0,0.15746722324444615,0.15746722324444615,0.25,0.15746722324444615,0.0,0.25
2013-06-27,-0.1722381178400268,0.07013110702221537,0.15746722324444615,0.0,-0.25,-0.25,0.0,0.15746722324444615,0.15746722324444615,0.25,0.15746722324444615,0.0,0.25
2013-06-28,-0.1722381178400268,0.07013110702221537,0.15746722324444615,0.0,-0.25,-0.25,0.0,0.15746722324444615,0.15746722324444615,0.25,0.15746722324444615,0.0,0.25
2013-07-01,-0.1722381178400268,0.07013110702221537,0.15746722324444615,0.0,-0.25,-0.25,0.0,0.15746722324444615,0.15746722324444615,0.25,0.15746722324444615,0.0,0.25
2013-07-02,-0.1722381178400268,0.07013110702221537,0.15746722324444615,0.0,-0.25,-0.25,0.0,0.15746722324444615,0.15746722324444615,0.25,0.15746722324444615,0.0,0.25
2013-07-03,-0.1722381178400268,0.07013110702221537,0.15746722324444615,0.0,-0.25,-0.25,0.0,0.15746722324444615,0.15746722324444615,0.25,0.15746722324444615,0.0,0.25
2013-07-05,-0.1722381178400268,0.07013110702221537,0.15746722324444615,0.0,-0.25,-0.25,0.0,0.15746722324444615,0.15746722324444615,0.25,0.15746722324444615,0.0,0.25
2013-07-08,-0.1722381178400268,0.07013110702221537,0.15746722324444615,0.0,-0.25,-0.25,0.0,0.15746722324444615,0.15746722324444615,0.25,0.15746722324444615,0.0,0.25
2013-07-09,-0.1722381178400268,0.07013110702221537,0.15746722324444615,0.0,-0.25,-0.25,0.0,0.15746722324444615,0.15746722324444615,0.25,0.15746722324444615,0.0,0.25
2013-07-10,-0.1722381178400268,0.07013110702221537,0.15746722324444615,0.0,-0.25,-0.25,0.0,0.15746722324444615,0.15746722324444615,0.25,0.15746722324444615,0.0,0.25
2013-07-11,-0.1722381178400268,0.07013110702221537,0.15746722324444615,0.0,-0.25,-0.25,0.0,0.15746722324444615,0.15746722324444615,0.25,0.15746722324444615,0.0,0.25
2013-07-12,-0.1722381178400268,0.07013110702221537,0.15746722324444615,0.0,-0.25,-0.25,0.0,0.15746722324444615,0.15746722324444615,0.25,0.15746722324444615,0.0,0.25
2013-07-15,-0.1722381178400268,0.07013110702221537,0.15746722324444615,0.0,-0.25,-0.25,0.0,0.15746722324444615,0.15746722324444615,0.25,0.15746722324444615,0.0,0.25
2013-07-16,-0.1722381178400268,0.07013110702221537,0.15746722324444615,0.0,-0.25,-0.25,0.0,0.15746722324444615,0.15746722324444615,0.25,0.15746722324444615,0.0,0.25
2013-07-17,-0.1722381178400268,0.07013110702221537,0.15746722324444615,0.0,-0.25,-0.25,0.0,0.15746722324444615,0.15746722324444615,0.25,0.15746722324444615,0.0,0.25
2013-07-18,-0.1722381178400268,0.07013110702221537,0.15746722324444615,0.0,-0.25,-0.25,0.0,0.15746722324444615,0.15746722324444615,0.25,0.15746722324444615,0.0,0.25
2013-07-19,-0.1722381178400268,0.07013110702221537,0.15746722324444615,0.0,-0.25,-0.25,0.0,0.15746722324444615,0.15746722324444615,0.25,0.15746722324444615,0.0,0.25
2013-07-22,-0.1722381178400268,0.07013110702221537,0.15746722324444615,0.0,-0.25,-0.25,0.0,0.15746722324444615,0.15746722324444615,0.25,0.15746722324444615,0.0,0.25
2013-07-23,-0.1722381178400268,0.07013110702221537,0.15746722324444615,0.0,-0.25,-0.25,0.0,0.15746722324444615,0.15746722324444615,0.25,0.15746722324444615,0.0,0.25
2013-07-24,-0.1722381178400268,0.07013110702221537,0.15746722324444615,0.0,-0.25,-0.25,0.0,0.15746722324444615,0.15746722324444615,0.25,0.15746722324444615,0.0,0.25
2013-07-25,-0.1722381178400268,0.07013110702221537,0.15746722324444615,0.0,-0.25,-0.25,0.0,0.15746722324444615,0.15746722324444615,0.25,0.15746722324444615,0.0,0.25
2013-07-26,-0.1722381178400268,0.07013110702221537,0.15746722324444615,0.0,-0.25,-0.25,0.0,0.15746722324444615,0.15746722324444615,0.25,0.15746722324444615,0.0,0.25
2013-07-29,-0.1722381178400268,0.07013110702221537,0.15746722324444615,0.0,-0.25,-0.25,0.0,0.15746722324444615,0.15746722324444615,0.25,0.15746722324444615,0.0,0.25
2013-07-30,-0.1722381178400268,0.07013110702221537,0.15746722324444615,0.0,-0.25,-0.25,0.0,0.15746722324444615,0.15746722324444615,0.25,0.15746722324444615,0.0,0.25
2013-07-31,-0.17621976576697643,0.06257365541206243,0.15691527330999255,0.018780711040455936,-0.24908396102144,-0.24326197517421325,-0.026024401330470653,0.15931538737932566,0.15931538737932566,0.22305955969096936,0.15931538737932566,-0.026024401330470653,0.22305955969096936
2013-08-01,-0.18020141369392606,0.055016203801909504,0.15636332337553896,0.03756142208091187,-0.24816792204288002,-0.2365239503484265,-0.05204880266094131,0.1611635515142052,0.1611635515142052,0.1961191193819387,0.1611635515142052,-0.05204880266094131,0.1961191193819387
2013-08-02,-0.1841830616208757,0.047458752191756576,0.15581137344108537,0.05634213312136781,-0.24725188306432003,-0.22978592552263974,-0.07807320399141196,0.1630117156490847,0.1630117156490847,0.16917867907290807,0.1630117156490847,-0.07807320399141196,0.16917867907290807
2013-08-05,-0.18816470954782533,0.03990130058160365,0.15525942350663177,0.07512284416182374,-0.24633584408576004,-0.22304790069685299,-0.10409760532188261,0.1648598797839642,0.1648598797839642,0.14223823876387742,0.1648598797839642,-0.10409760532188261,0.14223823876387742
2013-08-06,-0.19214635747477496,0.03234384897145072,0.15470747357217818,0.09390355520227968,-0.24541980510720005,-0.2163098758710662,-0.13012200665235327,0.16670804391884375,0.16670804391884375,0.11529779845484678,0.16670804391884375,-0.13012200665235327,0.11529779845484678
2013-08-07,-0.1961280054017246,0.02478639736129779,0.15415552363772458,0.11268426624273561,-0.24450376612864005,-0.20957185104527945,-0.15614640798282392,0.1685562080537233,0.1685562080537233,0.08835735814581615,0.1685562080537233,-0.15614640798282392,0.08835735814581615
2013-08-08,-0.20010965332867423,0.017228945751144854,0.153603573703271,0.13146497728319156,-0.24358772715008006,-0.20283382621949267,-0.18217080931329457,0.1704043721886028,0.1704043721886028,0.0614169178367855,0.1704043721886028,-0.18217080931329457,0.0614169178367855
2013-08-09,-0.20409130125562383,0.009671494140991919,0.15305162376881737,0.15024568832364749,-0.2426716881715201,-0.19609580139370592,-0.20819521064376523,0.17225253632348234,0.17225253632348234,0.03447647752775486,0.17225253632348234,-0.20819521064376523,0.03447647752775486
2013-08-12,-0.20807294918257346,0.0021140425308389856,0.15249967383436377,0.1690263993641034,-0.2417556491929601,-0.18935777656791913,-0.2342196119742359,0.17410070045836185,0.17410070045836185,0.007536037218724218,0.17410070045836185,-0.2342196119742359,0.007536037218724218
2013-08-13,-0.20918673376163582,0.0,0.15234527712810353,0.17427991919419833,-0.24149940602257972,-0.18747295192194646,-0.24149940602257972,0.1746176865783732,0.1746176865783732,0.0,0.1746176865783732,-0.24149940602257972,0.0
2013-08-14,-0.20918673376163582,0.0,0.15234527712810353,0.17427991919419833,-0.24149940602257972,-0.18747295192194646,-0.24149940602257972,0.1746176865783732,0.1746176865783732,0.0,0.1746176865783732,-0.24149940602257972,0.0
2013-08-15,-0.20918673376163582,0.0,0.15234527712810353,0.17427991919419833,-0.24149940602257972,-0.18747295192194646,-0.24149940602257972,0.1746176865783732,0.1746176865783732,0.0,0.1746176865783732,-0.24149940602257972,0.0
2013-08-16,-0.20918673376163582,0.0,0.15234527712810353,0.17427991919419833,-0.24149940602257972,-0.18747295192194646,-0.24149940602257972,0.1746176865783732,0.1746176865783732,0.0,0.1746176865783732,-0.24149940602257972,0.0
2013-08-19,-0.20918673376163582,0.0,0.15234527712810353,0.17427991919419833,-0.24149940602257972,-0.18747295192194646,-0.24149940602257972,0.1746176865783732,0.1746176865783732,0.0,0.1746176865783732,-0.24149940602257972,0.0
2013-08-20,-0.20918673376163582,0.0,0.15234527712810353,0.17427991919419833,-0.24149940602257972,-0.18747295192194646,-0.24149940602257972,0.1746176865783732,0.1746176865783732,0.0,0.1746176865783732,-0.24149940602257972,0.0
2013-08-21,-0.20918673376163582,0.0,0.15234527712810353,0.17427991919419833,-0.24149940602257972,-0.18747295192194646,-0.24149940602257972,0.1746176865783732,0.1746176865783732,0.0,0.1746176865783732,-0.24149940602257972,0.0
2013-08-22,-0.20918673376163582,0.0,0.15234527712810353,0.17427991919419833,-0.24149940602257972,-0.18747295192194646,-0.24149940602257972,0.1746176865783732,0.1746176865783732,0.0,0.1746176865783732,-0.24149940602257972,0.0
2013-08-23,-0.20918673376163582,0.0,0.15234527712810353,0.17427991919419833,-0.24149940602257972,-0.18747295192194646,-0.24149940602257972,0.1746176865783732,0.1746176865783732,0.0,0.1746176865783732,-0.24149940602257972,0.0
2013-08-26,-0.20918673376163582,0.0,0.15234527712810353,0.17427991919419833,-0.24149940602257972,-0.18747295192194646,-0.24149940602257972,0.1746176865783732,0.1746176865783732,0.0,0.1746176865783732,-0.24149940602257972,0.0
2013-08-27,-0.20918673376163582,0.0,0.15234527712810353,0.17427991919419833,-0.24149940602257972,-0.18747295192194646,-0.24149940602257972,0.1746176865783732,0.1746176865783732,0.0,0.1746176865783732,-0.24149940602257972,0.0
2013-08-28,-0.20918673376163582,0.0,0.15234527712810353,0.17427991919419833,-0.24149940602257972,-0.18747295192194646,-0.24149940602257972,0.1746176865783732,0.1746176865783732,0.0,0.1746176865783732,-0.24149940602257972,0.0
2013-08-29,-0.20918673376163582,0.0,0.15234527712810353,0.17427991919419833,-0.24149940602257972,-0.18747295192194646,-0.24149940602257972,0.1746176865783732,0.1746176865783732,0.0,0.1746176865783732,-0.24149940602257972,0.0
2013-08-30,-0.20918673376163582,0.0,0.15234527712810353,0.17427991919419833,-0.24149940602257972,-0.18747295192194646,-0.24149940602257972,0.1746176865783732,0.1746176865783732,0.0,0.1746176865783732,-0.24149940602257972,0.0
2013-09-03,-0.20918673376163582,0.0,0.15234527712810353,0.17427991919419833,-0.24149940602257972,-0.18747295192194646,-0.24149940602257972,0.1746176865783732,0.1746176865783732,0.0,0.1746176865783732,-0.24149940602257972,0.0
2013-09-04,-0.20918673376163582,0.0,0.15234527712810353,0.17427991919419833,-0.24149940602257972,-0.18747295192194646,-0.24149940602257972,0.1746176865783732,0.1746176865783732,0.0,0.1746176865783732,-0.24149940602257972,0.0
2013-09-05,-0.20918673376163582,0.0,0.15234527712810353,0.17427991919419833,-0.24149940602257972,-0.18747295192194646,-0.24149940602257972,0.1746176865783732,0.1746176865783732,0.0,0.1746176865783732,-0.24149940602257972,0.0
2013-09-06,-0.20918673376163582,0.0,0.15234527712810353,0.17427991919419833,-0.24149940602257972,-0.18747295192194646,-0.24149940602257972,0.1746176865783732,0.1746176865783732,0.0,0.1746176865783732,-0.24149940602257972,0.0
2013-09-09,-0.20918673376163582,0.0,0.15234527712810353,0.17427991919419833,-0.24149940602257972,-0.18747295192194646,-0.24149940602257972,0.1746176865783732,0.1746176865783732,0.0,0.1746176865783732,-0.24149940602257972,0.0
2013-09-10,-0.20918673376163582,0.0,0.15234527712810353,0.17427991919419833,-0.24149940602257972,-0.18747295192194646,-0.24149940602257972,0.1746176865783732,0.1746176865783732,0.0,0.1746176865783732,-0.24149940602257972,0.0
2013-09-11,-0.20918673376163582,0.0,0.15234527712810353,0.17427991919419833,-0.24149940602257972,-0.18747295192194646,-0.24149940602257972,0.1746176865783732,0.1746176865783732,0.0,0.1746176865783732,-0.24149940602257972,0.0
2013-09-12,-0.20918673376163582,0.0,0.15234527712810353,0.17427991919419833,-0.24149940602257972,-0.18747295192194646,-0.24149940602257972,0.1746176865783732,0.1746176865783732,0.0,0.1746176865783732,-0.24149940602257972,0.0
2013-09-13,-0.20918673376163582,0.0,0.15234527712810353,0.17427991919419833,-0.24149940602257972,-0.18747295192194646,-0.24149940602257972,0.1746176865783732,0.1746176865783732,0.0,0.1746176865783732,-0.24149940602257972,0.0
2013-09-16,-0.20918673376163582,0.0,0.15234527712810353,0.17427991919419833,-0.24149940602257972,-0.18747295192194646,-0.24149940602257972,0.1746176865783732,0.1746176865783732,0.0,0.1746176865783732,-0.24149940602257972,0.0
2013-09-17,-0.20918673376163582,0.0,0.15234527712810353,0.17427991919419833,-0.24149940602257972,-0.18747295192194646,-0.24149940602257972,0.1746176865783732,0.1746176865783732,0.0,0.1746176865783732,-0.24149940602257972,0.0
2013-09-18,-0.20918673376163582,0.0,0.15234527712810353,0.17427991919419833,-0.24149940602257972,-0.18747295192194646,-0.24149940602257972,0.1746176865783732,0.1746176865783732,0.0,0.1746176865783732,-0.24149940602257972,0.0
2013-09-19,-0.20918673376163582,0.0,0.15234527712810353,0.17427991919419833,-0.24149940602257972,-0.18747295192194646,-0.24149940602257972,0.1746176865783732,0.1746176865783732,0.0,0.1746176865783732,-0.24149940602257972,0.0
2013-09-20,-0.20918673376163582,0.0,0.15234527712810353,0.17427991919419833,-0.24149940602257972,-0.18747295192194646,-0.24149940602257972,0.1746176865783732,0.1746176865783732,0.0,0.1746176865783732,-0.24149940602257972,0.0
2013-09-23,-0.20918673376163582,0.0,0.15234527712810353,0.17427991919419833,-0.24149940602257972,-0.18747295192194646,-0.24149940602257972,0.1746176865783732,0.1746176865783732,0.0,0.1746176865783732,-0.24149940602257972,0.0
2013-09-24,-0.20918673376163582,0.0,0.15234527712810353,0.17427991919419833,-0.24149940602257972,-0.18747295192194646,-0.24149940602257972,0.1746176865783732,0.1746176865783732,0.0,0.1746176865783732,-0.24149940602257972,0.0
2013-09-25,-0.20918673376163582,0.0,0.15234527712810353,0.17427991919419833,-0.24149940602257972,-0.18747295192194646,-0.24149940602257972,0.1746176865783732,0.1746176865783732,0.0,0.1746176865783732,-0.24149940602257972,0.0
2013-09-26,-0.20918673376163582,0.0,0.15234527712810353,0.17427991919419833,-0.24149940602257972,-0.18747295192194646,-0.24149940602257972,0.1746176865783732,0.1746176865783732,0.0,0.1746176865783732,-0.24149940602257972,0.0
2013-09-27,-0.20918673376163582,0.0,0.15234527712810353,0.17427991919419833,-0.24149940602257972,-0.18747295192194646,-0.24149940602257972,0.1746176865783732,0.1746176865783732,0.0,0.1746176865783732,-0.24149940602257972,0.0
2013-09-30,-0.2038708212802229,0.010068631757838878,0.14805976957014463,0.1768063894136977,-0.23259573385006738,-0.1765144794050322,-0.23439596324877535,0.16661739494011096,0.16661739494011096,0.03317590602761271,0.16661739494011096,-0.22943267109499832,-0.03159437465007818
2013-10-01,-0.19855490879881,0.020137263515677753,0.14377426201218574,0.17933285963319706,-0.22369206167755504,-0.16555600688811795,-0.22729252047497098,0.15861710330184875,0.15861710330184875,0.06635181205522542,0.15861710330184875,-0.21736593616741692,-0.06318874930015636
2013-10-02,-0.19323899631739708,0.03020589527351663,0.13948875445422684,0.18185932985269643,-0.2147883895050427,-0.15459753437120366,-0.2201890777011666,0.1506168116635865,0.1506168116635865,0.09952771808283811,0.1506168116635865,-0.20529920123983553,-0.09478312395023453
2013-10-03,-0.18792308383598416,0.040274527031355506,0.13520324689626795,0.1843858000721958,-0.20588471733253033,-0.1436390618542894,-0.21308563492736224,0.1426165200253243,0.1426165200253243,0.1327036241104508,0.1426165200253243,-0.19323246631225413,-0.1263774986003127
2013-10-04,-0.18260717135457125,0.05034315878919438,0.13091773933830905,0.18691227029169516,-0.19698104516001796,-0.13268058933737512,-0.20598219215355787,0.13461622838706205,0.13461622838706205,0.1658795301380635,0.13461622838706205,-0.18116573138467273,-0.15797187325039086
2013-10-07,-0.17731457731098157,0.060367624138268745,0.12665103031058947,0.18942765806035813,-0.1881164292599103,-0.12177018654713845,-0.19890990888232832,0.12665103031058947,0.12665103031058947,0.19890990888232832,0.12665103031058947,-0.16915192761596998,-0.18942765806035813
2013-10-08,-0.17731457731098157,0.060367624138268745,0.12665103031058947,0.18942765806035813,-0.1881164292599103,-0.12177018654713845,-0.19890990888232832,0.12665103031058947,0.12665103031058947,0.19890990888232832,0.12665103031058947,-0.16915192761596998,-0.18942765806035813
2013-10-09,-0.17731457731098157,0.060367624138268745,0.12665103031058947,0.18942765806035813,-0.1881164292599103,-0.12177018654713845,-0.19890990888232832,0.12665103031058947,0.12665103031058947,0.19890990888232832,0.12665103031058947,-0.16915192761596998,-0.18942765806035813
2013-10-10,-0.17731457731098157,0.060367624138268745,0.12665103031058947,0.18942765806035813,-0.1881164292599103,-0.12177018654713845,-0.19890990888232832,0.12665103031058947,0.12665103031058947,0.19890990888232832,0.12665103031058947,-0.16915192761596998,-0.18942765806035813
2013-10-11,-0.17731457731098157,0.060367624138268745,0.12665103031058947,0.18942765806035813,-0.1881164292599103,-0.12177018654713845,-0.19890990888232832,0.12665103031058947,0.12665103031058947,0.19890990888232832,0.12665103031058947,-0.16915192761596998,-0.18942765806035813
2013-10-14,-0.17731457731098157,0.060367624138268745,0.12665103031058947,0.18942765806035813,-0.1881164292599103,-0.12177018654713845,-0.19890990888232832,0.12665103031058947,0.12665103031058947,0.19890990888232832,0.12665103031058947,-0.16915192761596998,-0.18942765806035813
2013-10-15,-0.17731457731098157,0.060367624138268745,0.12665103031058947,0.18942765806035813,-0.1881164292599103,-0.12177018654713845,-0.19890990888232832,0.12665103031058947,0.12665103031058947,0.19890990888232832,0.12665103031058947,-0.16915192761596998,-0.18942765806035813
2013-10-16,-0.17731457731098157,0.060367624138268745,0.12665103031058947,0.18942765806035813,-0.1881164292599103,-0.12177018654713845,-0.19890990888232832,0.12665103031058947,0.12665103031058947,0.19890990888232832,0.12665103031058947,-0.16915192761596998,-0.18942765806035813
2013-10-17,-0.17731457731098157,0.060367624138268745,0.12665103031058947,0.18942765806035813,-0.1881164292599103,-0.12177018654713845,-0.19890990888232832,0.12665103031058947,0.12665103031058947,0.19890990888232832,0.12665103031058947,-0.16915192761596998,-0.18942765806035813
2013-10-18,-0.17731457731098157,0.060367624138268745,0.12665103031058947,0.18942765806035813,-0.1881164292599103,-0.12177018654713845,-0.19890990888232832,0.12665103031058947,0.12665103031058947,0.19890990888232832,0.12665103031058947,-0.16915192761596998,-0.18942765806035813
2013-10-21,-0.17731457731098157,0.060367624138268745,0.12665103031058947,0.18942765806035813,-0.1881164292599103,-0.12177018654713845,-0.19890990888232832,0.12665103031058947,0.12665103031058947,0.19890990888232832,0.12665103031058947,-0.16915192761596998,-0.18942765806035813
2013-10-22,-0.17731457731098157,0.060367624138268745,0.12665103031058947,0.18942765806035813,-0.1881164292599103,-0.12177018654713845,-0.19890990888232832,0.12665103031058947,0.12665103031058947,0.19890990888232832,0.12665103031058947,-0.16915192761596998,-0.18942765806035813
2013-10-23,-0.17731457731098157,0.060367624138268745,0.12665103031058947,0.18942765806035813,-0.1881164292599103,-0.12177018654713845,-0.19890990888232832,0.12665103031058947,0.12665103031058947,0.19890990888232832,0.12665103031058947,-0.16915192761596998,-0.18942765806035813
2013-10-24,-0.17731457731098157,0.060367624138268745,0.12665103031058947,0.18942765806035813,-0.1881164292599103,-0.12177018654713845,-0.19890990888232832,0.12665103031058947,0.12665103031058947,0.19890990888232832,0.12665103031058947,-0.16915192761596998,-0.18942765806035813
2013-10-25,-0.17731457731098157,0.060367624138268745,0.12665103031058947,0.18942765806035813,-0.1881164292599103,-0.12177018654713845,-0.19890990888232832,0.12665103031058947,0.12665103031058947,0.19890990888232832,0.12665103031058947,-0.16915192761596998,-0.18942765806035813
2013-10-28,-0.17731457731098157,0.060367624138268745,0.12665103031058947,0.18942765806035813,-0.1881164292599103,-0.12177018654713845,-0.19890990888232832,0.12665103031058947,0.12665103031058947,0.19890990888232832,0.12665103031058947,-0.16915192761596998,-0.18942765806035813
2013-10-29,-0.17731457731098157,0.060367624138268745,0.12665103031058947,0.18942765806035813,-0.1881164292599103,-0.12177018654713845,-0.19890990888232832,0.12665103031058947,0.12665103031058947,0.19890990888232832,0.12665103031058947,-0.16915192761596998,-0.18942765806035813
2013-10-30,-0.17731457731098157,0.060367624138268745,0.12665103031058947,0.18942765806035813,-0.1881164292599103,-0.12177018654713845,-0.19890990888232832,0.12665103031058947,0.12665103031058947,0.19890990888232832,0.12665103031058947,-0.16915192761596998,-0.18942765806035813
2013-10-31,-0.1568303208813153,0.04858283428264997,0.13221654815313366,0.2050377933905092,-0.16599096756987625,-0.11220507097742068,-0.19338972065484678,0.13221654815313366,0.13221654815313366,0.19338972065484678,0.13221654815313366,-0.1906695855854911,-0.2050377933905092
2013-11-01,-0.1547695079053843,0.047397228745223355,0.13277646554271877,0.2066082467557495,-0.1637650415907789,-0.11124277516014092,-0.1928343636386995,0.13277646554271877,0.13277646554271877,0.1928343636386995,0.13277646554271877,-0.1928343636386995,-0.2066082467557495
2013-11-04,-0.1547695079053843,0.047397228745223355,0.13277646554271877,0.2066082467557495,-0.1637650415907789,-0.11124277516014092,-0.1928343636386995,0.13277646554271877,0.13277646554271877,0.1928343636386995,0.13277646554271877,-0.1928343636386995,-0.2066082467557495
2013-11-05,-0.1547695079053843,0.047397228745223355,0.13277646554271877,0.2066082467557495,-0.1637650415907789,-0.11124277516014092,-0.1928343636386995,0.13277646554271877,0.13277646554271877,0.1928343636386995,0.13277646554271877,-0.1928343636386995,-0.2066082467557495
2013-11-06,-0.1547695079053843,0.047397228745223355,0.13277646554271877,0.2066082467557495,-0.1637650415907789,-0.11124277516014092,-0.1928343636386995,0.13277646554271877,0.13277646554271877,0.1928343636386995,0.13277646554271877,-0.1928343636386995,-0.2066082467557495
2013-11-07,-0.1547695079053843,0.047397228745223355,0.13277646554271877,0.2066082467557495,-0.1637650415907789,-0.11124277516014092,-0.1928343636386995,0.13277646554271877,0.13277646554271877,0.1928343636386995,0.13277646554271877,-0.1928343636386995,-0.2066082467557495
2013-11-08,-0.1547695079053843,0.047397228745223355,0.13277646554271877,0.2066082467557495,-0.1637650415907789,-0.11124277516014092,-0.1928343636386995,0.13277646554271877,0.13277646554271877,0.1928343636386995,0.13277646554271877,-0.1928343636386995,-0.2066082467557495
2013-11-11,-0.1547695079053843,0.047397228745223355,0.13277646554271877,0.2066082467557495,-0.1637650415907789,-0.11124277516014092,-0.1928343636386995,0.13277646554271877,0.13277646554271877,0.1928343636386995,0.13277646554271877,-0.1928343636386995,-0.2066082467557495
2013-11-12,-0.1547695079053843,0.047397228745223355,0.13277646554271877,0.2066082467557495,-0.1637650415907789,-0.11124277516014092,-0.1928343636386995,0.13277646554271877,0.13277646554271877,0.1928343636386995,0.13277646554271877,-0.1928343636386995,-0.2066082467557495
2013-11-13,-0.1547695079053843,0.047397228745223355,0.13277646554271877,0.2066082467557495,-0.1637650415907789,-0.11124277516014092,-0.1928343636386995,0.13277646554271877,0.13277646554271877,0.1928343636386995,0.13277646554271877,-0.1928343636386995,-0.2066082467557495
2013-11-14,-0.1547695079053843,0.047397228745223355,0.13277646554271877,0.2066082467557495,-0.1637650415907789,-0.11124277516014092,-0.1928343636386995,0.13277646554271877,0.13277646554271877,0.1928343636386995,0.13277646554271877,-0.1928343636386995,-0.2066082467557495
2013-11-15,-0.1547695079053843,0.047397228745223355,0.13277646554271877,0.2066082467557495,-0.1637650415907789,-0.11124277516014092,-0.1928343636386995,0.13277646554271877,0.13277646554271877,0.1928343636386995,0.13277646554271877,-0.1928343636386995,-0.2066082467557495
2013-11-18,-0.1547695079053843,0.047397228745223355,0.13277646554271877,0.2066082467557495,-0.1637650415907789,-0.11124277516014092,-0.1928343636386995,0.13277646554271877,0.13277646554271877,0.1928343636386995,0.13277646554271877,-0.1928343636386995,-0.2066082467557495
2013-11-19,-0.1547695079053843,0.047397228745223355,0.13277646554271877,0.2066082467557495,-0.1637650415907789,-0.11124277516014092,-0.1928343636386995,0.13277646554271877,0.13277646554271877,0.1928343636386995,0.13277646554271877,-0.1928343636386995,-0.2066082467557495
2013-11-20,-0.1547695079053843,0.047397228745223355,0.13277646554271877,0.2066082467557495,-0.1637650415907789,-0.11124277516014092,-0.1928343636386995,0.13277646554271877,0.13277646554271877,0.1928343636386995,0.13277646554271877,-0.1928343636386995,-0.2066082467557495
2013-11-21,-0.1547695079053843,0.047397228745223355,0.13277646554271877,0.2066082467557495,-0.1637650415907789,-0.11124277516014092,-0.1928343636386995,0.13277646554271877,0.13277646554271877,0.1928343636386995,0.13277646554271877,-0.1928343636386995,-0.2066082467557495
2013-11-22,-0.1547695079053843,0.047397228745223355,0.13277646554271877,0.2066082467557495,-0.1637650415907789,-0.11124277516014092,-0.1928343636386995,0.13277646554271877,0.13277646554271877,0.1928343636386995,0.13277646554271877,-0.1928343636386995,-0.2066082467557495
2013-11-25,-0.1547695079053843,0.047397228745223355,0.13277646554271877,0.2066082467557495,-0.1637650415907789,-0.11124277516014092,-0.1928343636386995,0.13277646554271877,0.13277646554271877,0.1928343636386995,0.13277646554271877,-0.1928343636386995,-0.2066082467557495
2013-11-26,-0.1547695079053843,0.047397228745223355,0.13277646554271877,0.2066082467557495,-0.1637650415907789,-0.11124277516014092,-0.1928343636386995,0.13277646554271877,0.13277646554271877,0.1928343636386995,0.13277646554271877,-0.1928343636386995,-0.2066082467557495
2013-11-27,-0.1547695079053843,0.047397228745223355,0.13277646554271877,0.2066082467557495,-0.1637650415907789,-0.11124277516014092,-0.1928343636386995,0.13277646554271877,0.13277646554271877,0.1928343636386995,0.13277646554271877,-0.1928343636386995,-0.2066082467557495
2013-11-29,-0.1547695079053843,0.047397228745223355,0.13277646554271877,0.2066082467557495,-0.1637650415907789,-0.11124277516014092,-0.1928343636386995,0.13277646554271877,0.13277646554271877,0.1928343636386995,0.13277646554271877,-0.1928343636386995,-0.2066082467557495
2013-12-02,-0.1547695079053843,0.047397228745223355,0.13277646554271877,0.2066082467557495,-0.1637650415907789,-0.11124277516014092,-0.1928343636386995,0.13277646554271877,0.13277646554271877,0.1928343636386995,0.13277646554271877,-0.1928343636386995,-0.2066082467557495
2013-12-03,-0.1547695079053843,0.047397228745223355,0.13277646554271877,0.2066082467557495,-0.1637650415907789,-0.11124277516014092,-0.1928343636386995,0.13277646554271877,0.13277646554271877,0.1928343636386995,0.13277646554271877,-0.1928343636386995,-0.2066082467557495
2013-12-04,-0.1547695079053843,0.047397228745223355,0.13277646554271877,0.2066082467557495,-0.1637650415907789,-0.11124277516014092,-0.1928343636386995,0.13277646554271877,0.13277646554271877,0.1928343636386995,0.13277646554271877,-0.1928343636386995,-0.2066082467557495
2013-12-05,-0.1547695079053843,0.047397228745223355,0.13277646554271877,0.2066082467557495,-0.1637650415907789,-0.11124277516014092,-0.1928343636386995,0.13277646554271877,0.13277646554271877,0.1928343636386995,0.13277646554271877,-0.1928343636386995,-0.2066082467557495
2013-12-06,-0.1547695079053843,0.047397228745223355,0.13277646554271877,0.2066082467557495,-0.1637650415907789,-0.11124277516014092,-0.1928343636386995,0.13277646554271877,0.13277646554271877,0.1928343636386995,0.13277646554271877,-0.1928343636386995,-0.2066082467557495
2013-12-09,-0.1547695079053843,0.047397228745223355,0.13277646554271877,0.2066082467557495,-0.1637650415907789,-0.11124277516014092,-0.1928343636386995,0.13277646554271877,0.13277646554271877,0.1928343636386995,0.13277646554271877,-0.1928343636386995,-0.2066082467557495
2013-12-10,-0.1547695079053843,0.047397228745223355,0.13277646554271877,0.2066082467557495,-0.1637650415907789,-0.11124277516014092,-0.1928343636386995,0.13277646554271877,0.13277646554271877,0.1928343636386995,0.13277646554271877,-0.1928343636386995,-0.2066082467557495
2013-12-11,-0.1547695079053843,0.047397228745223355,0.13277646554271877,0.2066082467557495,-0.1637650415907789,-0.11124277516014092,-0.1928343636386995,0.13277646554271877,0.13277646554271877,0.1928343636386995,0.13277646554271877,-0.1928343636386995,-0.2066082467557495
2013-12-12,-0.1547695079053843,0.047397228745223355,0.13277646554271877,0.2066082467557495,-0.1637650415907789,-0.11124277516014092,-0.1928343636386995,0.13277646554271877,0.13277646554271877,0.1928343636386995,0.13277646554271877,-0.1928343636386995,-0.2066082467557495
2013-12-13,-0.1547695079053843,0.047397228745223355,0.13277646554271877,0.2066082467557495,-0.1637650415907789,-0.11124277516014092,-0.1928343636386995,0.13277646554271877,0.13277646554271877,0.1928343636386995,0.13277646554271877,-0.1928343636386995,-0.2066082467557495
2013-12-16,-0.1547695079053843,0.047397228745223355,0.13277646554271877,0.2066082467557495,-0.1637650415907789,-0.11124277516014092,-0.1928343636386995,0.13277646554271877,0.13277646554271877,0.1928343636386995,0.13277646554271877,-0.1928343636386995,-0.2066082467557495
2013-12-17,-0.1547695079053843,0.047397228745223355,0.13277646554271877,0.2066082467557495,-0.1637650415907789,-0.11124277516014092,-0.1928343636386995,0.13277646554271877,0.13277646554271877,0.1928343636386995,0.13277646554271877,-0.1928343636386995,-0.2066082467557495
2013-12-18,-0.1547695079053843,0.047397228745223355,0.13277646554271877,0.2066082467557495,-0.1637650415907789,-0.11124277516014092,-0.1928343636386995,0.13277646554271877,0.13277646554271877,0.1928343636386995,0.13277646554271877,-0.1928343636386995,-0.2066082467557495
2013-12-19,-0.1547695079053843,0.047397228745223355,0.13277646554271877,0.2066082467557495,-0.1637650415907789,-0.11124277516014092,-0.1928343636386995,0.13277646554271877,0.13277646554271877,0.1928343636386995,0.13277646554271877,-0.1928343636386995,-0.2066082467557495
2013-12-20,-0.1547695079053843,0.047397228745223355,0.13277646554271877,0.2066082467557495,-0.1637650415907789,-0.11124277516014092,-0.1928343636386995,0.13277646554271877,0.13277646554271877,0.1928343636386995,0.13277646554271877,-0.1928343636386995,-0.2066082467557495
2013-12-23,-0.1547695079053843,0.047397228745223355,0.13277646554271877,0.2066082467557495,-0.1637650415907789,-0.11124277516014092,-0.1928343636386995,0.13277646554271877,0.13277646554271877,0.1928343636386995,0.13277646554271877,-0.1928343636386995,-0.2066082467557495
2013-12-24,-0.1547695079053843,0.047397228745223355,0.13277646554271877,0.2066082467557495,-0.1637650415907789,-0.11124277516014092,-0.1928343636386995,0.13277646554271877,0.13277646554271877,0.1928343636386995,0.13277646554271877,-0.1928343636386995,-0.2066082467557495
2013-12-26,-0.1547695079053843,0.047397228745223355,0.13277646554271877,0.2066082467557495,-0.1637650415907789,-0.11124277516014092,-0.1928343636386995,0.13277646554271877,0.13277646554271877,0.1928343636386995,0.13277646554271877,-0.1928343636386995,-0.2066082467557495
2013-12-27,-0.1547695079053843,0.047397228745223355,0.13277646554271877,0.2066082467557495,-0.1637650415907789,-0.11124277516014092,-0.1928343636386995,0.13277646554271877,0.13277646554271877,0.1928343636386995,0.13277646554271877,-0.1928343636386995,-0.2066082467557495
2013-12-30,-0.1547695079053843,0.047397228745223355,0.13277646554271877,0.2066082467557495,-0.1637650415907789,-0.11124277516014092,-0.1928343636386995,0.13277646554271877,0.13277646554271877,0.1928343636386995,0.13277646554271877,-0.1928343636386995,-0.2066082467557495
2013-12-31,-0.10157682500158967,0.031107290285868883,0.13833038929660366,0.20384955743732402,-0.1757311198171058,-0.14613524536208938,-0.1948096158240945,0.13833038929660366,0.13833038929660366,0.1948096158240945,0.13833038929660366,-0.1948096158240945,-0.20384955743732402
2014-01-02,-0.048384142097795034,0.014817351826514408,0.14388431305048854,0.20109086811889856,-0.18769719804343268,-0.18102771556403785,-0.19678486800948952,0.14388431305048854,0.14388431305048854,0.19678486800948952,0.14388431305048854,-0.19678486800948952,-0.20109086811889856
2014-01-03,0.0,0.0,0.14893617021276595,0.19858156028368792,-0.19858156028368792,-0.2127659574468085,-0.19858156028368792,0.14893617021276595,0.14893617021276595,0.19858156028368792,0.14893617021276595,-0.19858156028368792,-0.19858156028368792
2014-01-06,0.0,0.0,0.14893617021276595,0.19858156028368792,-0.19858156028368792,-0.2127659574468085,-0.19858156028368792,0.14893617021276595,0.14893617021276595,0.19858156028368792,0.14893617021276595,-0.19858156028368792,-0.19858156028368792
2014-01-07,0.0,0.0,0.14893617021276595,0.19858156028368792,-0.19858156028368792,-0.2127659574468085,-0.19858156028368792,0.14893617021276595,0.14893617021276595,0.19858156028368792,0.14893617021276595,-0.19858156028368792,-0.19858156028368792
2014-01-08,0.0,0.0,0.14893617021276595,0.19858156028368792,-0.19858156028368792,-0.2127659574468085,-0.19858156028368792,0.14893617021276595,0.14893617021276595,0.19858156028368792,0.14893617021276595,-0.19858156028368792,-0.19858156028368792
2014-01-09,0.0,0.0,0.14893617021276595,0.19858156028368792,-0.19858156028368792,-0.2127659574468085,-0.19858156028368792,0.14893617021276595,0.14893617021276595,0.19858156028368792,0.14893617021276595,-0.19858156028368792,-0.19858156028368792
2014-01-10,0.0,0.0,0.14893617021276595,0.19858156028368792,-0.19858156028368792,-0.2127659574468085,-0.19858156028368792,0.14893617021276595,0.14893617021276595,0.19858156028368792,0.14893617021276595,-0.19858156028368792,-0.19858156028368792
2014-01-13,0.0,0.0,0.14893617021276595,0.19858156028368792,-0.19858156028368792,-0.2127659574468085,-0.19858156028368792,0.14893617021276595,0.14893617021276595,0.19858156028368792,0.14893617021276595,-0.19858156028368792,-0.19858156028368792
2014-01-14,0.0,0.0,0.14893617021276595,0.19858156028368792,-0.19858156028368792,-0.2127659574468085,-0.19858156028368792,0.14893617021276595,0.14893617021276595,0.19858156028368792,0.14893617021276595,-0.19858156028368792,-0.19858156028368792
2014-01-15,0.0,0.0,0.14893617021276595,0.19858156028368792,-0.19858156028368792,-0.2127659574468085,-0.19858156028368792,0.14893617021276595,0.14893617021276595,0.19858156028368792,0.14893617021276595,-0.19858156028368792,-0.19858156028368792
2014-01-16,0.0,0.0,0.14893617021276595,0.19858156028368792,-0.19858156028368792,-0.2127659574468085,-0.19858156028368792,0.14893617021276595,0.14893617021276595,0.19858156028368792,0.14893617021276595,-0.19858156028368792,-0.19858156028368792
2014-01-17,0.0,0.0,0.14893617021276595,0.19858156028368792,-0.19858156028368792,-0.2127659574468085,-0.19858156028368792,0.14893617021276595,0.14893617021276595,0.19858156028368792,0.14893617021276595,-0.19858156028368792,-0.19858156028368792
2014-01-21,0.0,0.0,0.14893617021276595,0.19858156028368792,-0.19858156028368792,-0.2127659574468085,-0.19858156028368792,0.14893617021276595,0.14893617021276595,0.19858156028368792,0.14893617021276595,-0.19858156028368792,-0.19858156028368792
2014-01-22,0.0,0.0,0.14893617021276595,0.19858156028368792,-0.19858156028368792,-0.2127659574468085,-0.19858156028368792,0.14893617021276595,0.14893617021276595,0.19858156028368792,0.14893617021276595,-0.19858156028368792,-0.19858156028368792
2014-01-23,0.0,0.0,0.14893617021276595,0.19858156028368792,-0.19858156028368792,-0.2127659574468085,-0.19858156028368792,0.14893617021276595,0.14893617021276595,0.19858156028368792,0.14893617021276595,-0.19858156028368792,-0.19858156028368792
2014-01-24,0.0,0.0,0.14893617021276595,0.19858156028368792,-0.19858156028368792,-0.2127659574468085,-0.19858156028368792,0.14893617021276595,0.14893617021276595,0.19858156028368792,0.14893617021276595,-0.19858156028368792,-0.19858156028368792
2014-01-27,0.0,0.0,0.14893617021276595,0.19858156028368792,-0.19858156028368792,-0.2127659574468085,-0.19858156028368792,0.14893617021276595,0.14893617021276595,0.19858156028368792,0.14893617021276595,-0.19858156028368792,-0.19858156028368792
2014-01-28,0.0,0.0,0.14893617021276595,0.19858156028368792,-0.19858156028368792,-0.2127659574468085,-0.19858156028368792,0.14893617021276595,0.14893617021276595,0.19858156028368792,0.14893617021276595,-0.19858156028368792,-0.19858156028368792
2014-01-29,0.0,0.0,0.14893617021276595,0.19858156028368792,-0.19858156028368792,-0.2127659574468085,-0.19858156028368792,0.14893617021276595,0.14893617021276595,0.19858156028368792,0.14893617021276595,-0.19858156028368792,-0.19858156028368792
2014-01-30,0.0,0.0,0.14893617021276595,0.19858156028368792,-0.19858156028368792,-0.2127659574468085,-0.19858156028368792,0.14893617021276595,0.14893617021276595,0.19858156028368792,0.14893617021276595,-0.19858156028368792,-0.19858156028368792
2014-01-31,-0.028721015251701846,-0.013293241672832594,0.14860717840590545,0.17576770419722973,-0.20448871944893157,-0.21636599061851192,-0.17576770419722973,0.14860717840590545,0.14860717840590545,0.20448871944893157,0.14860717840590545,-0.17576770419722973,-0.17576770419722973
2014-02-03,-0.05744203050340369,-0.02658648334566519,0.14827818659904493,0.15295384811077153,-0.21039587861417522,-0.21996602379021532,-0.15295384811077153,0.14827818659904493,0.14827818659904493,0.21039587861417522,0.14827818659904493,-0.15295384811077153,-0.15295384811077153
2014-02-04,-0.08616304575510554,-0.039879725018497784,0.14794919479218444,0.13013999202431334,-0.21630303777941887,-0.22356605696191872,-0.13013999202431334,0.14794919479218444,0.14794919479218444,0.21630303777941887,0.14794919479218444,-0.13013999202431334,-0.13013999202431334
2014-02-05,-0.1148840610068074,-0.05317296669133038,0.1476202029853239,0.10732613593785513,-0.2222101969446625,-0.22716609013362213,-0.10732613593785513,0.1476202029853239,0.1476202029853239,0.2222101969446625,0.1476202029853239,-0.10732613593785513,-0.10732613593785513
2014-02-06,-0.14360507625850924,-0.06646620836416298,0.14729121117846342,0.08451227985139692,-0.22811735610990616,-0.2307661233053255,-0.08451227985139692,0.14729121117846342,0.14729121117846342,0.22811735610990616,0.14729121117846342,-0.08451227985139692,-0.08451227985139692
2014-02-07,-0.17232609151021108,-0.07975945003699557,0.1469622193716029,0.06169842376493871,-0.2340245152751498,-0.2343661564770289,-0.06169842376493871,0.1469622193716029,0.1469622193716029,0.2340245152751498,0.1469622193716029,-0.06169842376493871,-0.06169842376493871
2014-02-10,-0.20104710676191295,-0.09305269170982818,0.1466332275647424,0.0388845676784805,-0.23993167444039346,-0.23796618964873228,-0.0388845676784805,0.1466332275647424,0.1466332275647424,0.23993167444039346,0.1466332275647424,-0.0388845676784805,-0.0388845676784805
2014-02-11,-0.2297681220136148,-0.10634593338266077,0.14630423575788187,0.016070711592022294,-0.2458388336056371,-0.2415662228204357,-0.016070711592022294,0.14630423575788187,0.14630423575788187,0.2458388336056371,0.14630423575788187,-0.016070711592022294,-0.016070711592022294
2014-02-12,-0.25,-0.11571006070237116,0.1460724848244072,0.0,-0.25,-0.24410218581612145,0.0,0.1460724848244072,0.1460724848244072,0.25,0.1460724848244072,0.0,0.0
2014-02-13,-0.25,-0.11571006070237116,0.1460724848244072,0.0,-0.25,-0.24410218581612145,0.0,0.1460724848244072,0.1460724848244072,0.25,0.1460724848244072,0.0,0.0
2014-02-14,-0.25,-0.11571006070237116,0.1460724848244072,0.0,-0.25,-0.24410218581612145,0.0,0.1460724848244072,0.1460724848244072,0.25,0.1460724848244072,0.0,0.0
2014-02-18,-0.25,-0.11571006070237116,0.1460724848244072,0.0,-0.25,-0.24410218581612145,0.0,0.1460724848244072,0.1460724848244072,0.25,0.1460724848244072,0.0,0.0
2014-02-19,-0.25,-0.11571006070237116,0.1460724848244072,0.0,-0.25,-0.24410218581612145,0.0,0.1460724848244072,0.1460724848244072,0.25,0.1460724848244072,0.0,0.0
2014-02-20,-0.25,-0.11571006070237116,0.1460724848244072,0.0,-0.25,-0.24410218581612145,0.0,0.1460724848244072,0.1460724848244072,0.25,0.1460724848244072,0.0,0.0
2014-02-21,-0.25,-0.11571006070237116,0.1460724848244072,0.0,-0.25,-0.24410218581612145,0.0,0.1460724848244072,0.1460724848244072,0.25,0.1460724848244072,0.0,0.0
2014-02-24,-0.25,-0.11571006070237116,0.1460724848244072,0.0,-0.25,-0.24410218581612145,0.0,0.1460724848244072,0.1460724848244072,0.25,0.1460724848244072,0.0,0.0
2014-02-25,-0.25,-0.11571006070237116,0.1460724848244072,0.0,-0.25,-0.24410218581612145,0.0,0.1460724848244072,0.1460724848244072,0.25,0.1460724848244072,0.0,0.0
2014-02-26,-0.25,-0.11571006070237116,0.1460724848244072,0.0,-0.25,-0.24410218581612145,0.0,0.1460724848244072,0.1460724848244072,0.25,0.1460724848244072,0.0,0.0
2014-02-27,-0.25,-0.11571006070237116,0.1460724848244072,0.0,-0.25,-0.24410218581612145,0.0,0.1460724848244072,0.1460724848244072,0.25,0.1460724848244072,0.0,0.0
2014-02-28,-0.21460299606443892,-0.09932690280610779,0.15016827429847304,0.03303720367319034,-0.24764019973762927,-0.23069971315296067,0.0,0.15016827429847304,0.15016827429847304,0.25,0.15016827429847304,0.0,-0.03303720367319034
2014-03-03,-0.17920599212887783,-0.08294374490984441,0.15426406377253887,0.06607440734638068,-0.24528039947525854,-0.2172972404897999,0.0,0.15426406377253887,0.15426406377253887,0.25,0.15426406377253887,0.0,-0.06607440734638068
2014-03-04,-0.14380898819331678,-0.06656058701358104,0.15835985324660473,0.099111611019571,-0.24292059921288778,-0.20389476782663912,0.0,0.15835985324660473,0.15835985324660473,0.25,0.15835985324660473,0.0,-0.099111611019571
2014-03-05,-0.1084119842577557,-0.05017742911731767,0.16245564272067056,0.13214881469276135,-0.24056079895051705,-0.19049229516347838,0.0,0.16245564272067056,0.16245564272067056,0.25,0.16245564272067056,0.0,-0.13214881469276135
2014-03-06,-0.07301498032219463,-0.033794271221054294,0.1665514321947364,0.16518601836595168,-0.2382009986881463,-0.1770898225003176,0.0,0.1665514321947364,0.1665514321947364,0.25,0.1665514321947364,0.0,-0.16518601836595168
2014-03-07,-0.037617976386633535,-0.017411113324790922,0.17064722166880225,0.19822322203914203,-0.23584119842577556,-0.16368734983715683,0.0,0.17064722166880225,0.17064722166880225,0.25,0.17064722166880225,0.0,-0.19822322203914203
2014-03-10,-0.002220972451072452,-0.0010279554285275508,0.1747430111428681,0.23126042571233235,-0.2334813981634048,-0.15028487717399608,0.0,0.1747430111428681,0.1747430111428681,0.25,0.1747430111428681,0.0,-0.23126042571233235
2014-03-11,0.0,0.0,0.175,0.2333333333333333,-0.2333333333333333,-0.1494439437827034,0.0,0.175,0.175,0.25,0.175,0.0,-0.2333333333333333
2014-03-12,0.0,0.0,0.175,0.2333333333333333,-0.2333333333333333,-0.1494439437827034,0.0,0.175,0.175,0.25,0.175,0.0,-0.2333333333333333
2014-03-13,0.0,0.0,0.175,0.2333333333333333,-0.2333333333333333,-0.1494439437827034,0.0,0.175,0.175,0.25,0.175,0.0,-0.2333333333333333
2014-03-14,0.0,0.0,0.175,0.2333333333333333,-0.2333333333333333,-0.1494439437827034,0.0,0.175,0.175,0.25,0.175,0.0,-0.2333333333333333
2014-03-17,0.0,0.0,0.175,0.2333333333333333,-0.2333333333333333,-0.1494439437827034,0.0,0.175,0.175,0.25,0.175,0.0,-0.2333333333333333
2014-03-18,0.0,0.0,0.175,0.2333333333333333,-0.2333333333333333,-0.1494439437827034,0.0,0.175,0.175,0.25,0.175,0.0,-0.2333333333333333
2014-03-19,0.0,0.0,0.175,0.2333333333333333,-0.2333333333333333,-0.1494439437827034,0.0,0.175,0.175,0.25,0.175,0.0,-0.2333333333333333
2014-03-20,0.0,0.0,0.175,0.2333333333333333,-0.2333333333333333,-0.1494439437827034,0.0,0.175,0.175,0.25,0.175,0.0,-0.2333333333333333
2014-03-21,0.0,0.0,0.175,0.2333333333333333,-0.2333333333333333,-0.1494439437827034,0.0,0.175,0.175,0.25,0.175,0.0,-0.2333333333333333
2014-03-24,0.0,0.0,0.175,0.2333333333333333,-0.2333333333333333,-0.1494439437827034,0.0,0.175,0.175,0.25,0.175,0.0,-0.2333333333333333
2014-03-25,0.0,0.0,0.175,0.2333333333333333,-0.2333333333333333,-0.1494439437827034,0.0,0.175,0.175,0.25,0.175,0.0,-0.2333333333333333
2014-03-26,0.0,0.0,0.175,0.2333333333333333,-0.2333333333333333,-0.1494439437827034,0.0,0.175,0.175,0.25,0.175,0.0,-0.2333333333333333
2014-03-27,0.0,0.0,0.175,0.2333333333333333,-0.2333333333333333,-0.1494439437827034,0.0,0.175,0.175,0.25,0.175,0.0,-0.2333333333333333
2014-03-28,0.0,0.0,0.175,0.2333333333333333,-0.2333333333333333,-0.1494439437827034,0.0,0.175,0.175,0.25,0.175,0.0,-0.2333333333333333
2014-03-31,0.0,-0.012756433591373658,0.1655228176114114,0.2333333333333333,-0.2333333333333333,-0.11930932417805146,0.0,0.1739069162657383,0.1739069162657383,0.19958875742654933,0.1739069162657383,0.04394127063915009,-0.2333333333333333
2014-04-01,0.0,-0.025512867182747315,0.1560456352228228,0.2333333333333333,-0.2333333333333333,-0.08917470457339952,0.0,0.17281383253147659,0.17281383253147659,0.14917751485309866,0.17281383253147659,0.08788254127830018,-0.2333333333333333
2014-04-02,0.0,-0.03826930077412096,0.1465684528342342,0.2333333333333333,-0.2333333333333333,-0.059040084968747575,0.0,0.17172074879721488,0.17172074879721488,0.098766272279648,0.17172074879721488,0.13182381191745027,-0.2333333333333333
2014-04-03,0.0,-0.051025734365494624,0.13709127044564565,0.2333333333333333,-0.2333333333333333,-0.028905465364095644,0.0,0.17062766506295324,0.17062766506295324,0.04835502970619736,0.17062766506295324,0.17576508255660034,-0.2333333333333333
2014-04-04,0.0,-0.06326184864808261,0.1280006507239925,0.2333333333333333,-0.2333333333333333,0.0,0.0,0.16957916687597496,0.16957916687597496,0.0,0.16957916687597496,0.21791404256266034,-0.2333333333333333
2014-04-07,0.0,-0.06326184864808261,0.1280006507239925,0.2333333333333333,-0.2333333333333333,0.0,0.0,0.16957916687597496,0.16957916687597496,0.0,0.16957916687597496,0.21791404256266034,-0.2333333333333333
2014-04-08,0.0,-0.06326184864808261,0.1280006507239925,0.2333333333333333,-0.2333333333333333,0.0,0.0,0.16957916687597496,0.16957916687597496,0.0,0.16957916687597496,0.21791404256266034,-0.2333333333333333
2014-04-09,0.0,-0.06326184864808261,0.1280006507239925,0.2333333333333333,-0.2333333333333333,0.0,0.0,0.16957916687597496,0.16957916687597496,0.0,0.16957916687597496,0.21791404256266034,-0.2333333333333333
2014-04-10,0.0,-0.06326184864808261,0.1280006507239925,0.2333333333333333,-0.2333333333333333,0.0,0.0,0.16957916687597496,0.16957916687597496,0.0,0.16957916687597496,0.21791404256266034,-0.2333333333333333
2014-04-11,0.0,-0.06326184864808261,0.1280006507239925,0.2333333333333333,-0.2333333333333333,0.0,0.0,0.16957916687597496,0.16957916687597496,0.0,0.16957916687597496,0.21791404256266034,-0.2333333333333333
2014-04-14,0.0,-0.06326184864808261,0.1280006507239925,0.2333333333333333,-0.2333333333333333,0.0,0.0,0.16957916687597496,0.16957916687597496,0.0,0.16957916687597496,0.21791404256266034,-0.2333333333333333
2014-04-15,0.0,-0.06326184864808261,0.1280006507239925,0.2333333333333333,-0.2333333333333333,0.0,0.0,0.16957916687597496,0.16957916687597496,0.0,0.16957916687597496,0.21791404256266034,-0.2333333333333333
2014-04-16,0.0,-0.06326184864808261,0.1280006507239925,0.2333333333333333,-0.2333333333333333,0.0,0.0,0.16957916687597496,0.16957916687597496,0.0,0.16957916687597496,0.21791404256266034,-0.2333333333333333
2014-04-17,0.0,-0.06326184864808261,0.1280006507239925,0.2333333333333333,-0.2333333333333333,0.0,0.0,0.16957916687597496,0.16957916687597496,0.0,0.16957916687597496,0.21791404256266034,-0.2333333333333333
2014-04-21,0.0,-0.06326184864808261,0.1280006507239925,0.2333333333333333,-0.2333333333333333,0.0,0.0,0.16957916687597496,0.16957916687597496,0.0,0.16957916687597496,0.21791404256266034,-0.2333333333333333
2014-04-22,0.0,-0.06326184864808261,0.1280006507239925,0.2333333333333333,-0.2333333333333333,0.0,0.0,0.16957916687597496,0.16957916687597496,0.0,0.16957916687597496,0.21791404256266034,-0.2333333333333333
2014-04-23,0.0,-0.06326184864808261,0.1280006507239925,0.2333333333333333,-0.2333333333333333,0.0,0.0,0.16957916687597496,0.16957916687597496,0.0,0.16957916687597496,0.21791404256266034,-0.2333333333333333
2014-04-24,0.0,-0.06326184864808261,0.1280006507239925,0.2333333333333333,-0.2333333333333333,0.0,0.0,0.16957916687597496,0.16957916687597496,0.0,0.16957916687597496,0.21791404256266034,-0.2333333333333333
2014-04-25,0.0,-0.06326184864808261,0.1280006507239925,0.2333333333333333,-0.2333333333333333,0.0,0.0,0.16957916687597496,0.16957916687597496,0.0,0.16957916687597496,0.21791404256266034,-0.2333333333333333
2014-04-28,0.0,-0.06326184864808261,0.1280006507239925,0.2333333333333333,-0.2333333333333333,0.0,0.0,0.16957916687597496,0.16957916687597496,0.0,0.16957916687597496,0.21791404256266034,-0.2333333333333333
2014-04-29,0.0,-0.06326184864808261,0.1280006507239925,0.2333333333333333,-0.2333333333333333,0.0,0.0,0.16957916687597496,0.16957916687597496,0.0,0.16957916687597496,0.21791404256266034,-0.2333333333333333
2014-04-30,0.030513836639057147,-0.055540401787553206,0.13610491460240493,0.23536758910927044,-0.2048537524702133,0.0,0.0,0.16238728357528578,0.17071417249060888,0.030513836639057147,0.17525322754414718,0.19131646857820608,-0.23536758910927044
2014-05-01,0.061027673278114286,-0.0478189549270238,0.14420917848081735,0.2374018448852076,-0.17637417160709332,0.0,0.0,0.1551954002745966,0.1718491781052428,0.061027673278114286,0.1809272882123194,0.16471889459375183,-0.2374018448852076
2014-05-02,0.09154150991717143,-0.0400975080664944,0.15231344235922978,0.23943610066114474,-0.14789459074397332,0.0,0.0,0.14800351697390743,0.17298418371987673,0.09154150991717143,0.18660134888049162,0.13812132060929758,-0.23943610066114474
2014-05-05,0.12205534655622857,-0.03237606120596499,0.16041770623764218,0.2414703564370819,-0.11941500988085332,0.0,0.0,0.14081163367321825,0.17411918933451065,0.12205534655622857,0.19227540954866384,0.11152374662484332,-0.2414703564370819
2014-05-06,0.15256918319528573,-0.024654614345435588,0.1685219701160546,0.24350461221301903,-0.09093542901773333,0.0,0.0,0.13361975037252907,0.1752541949491446,0.15256918319528573,0.19794947021683607,0.08492617264038907,-0.24350461221301903
2014-05-07,0.18308301983434289,-0.016933167484906184,0.17662623399446703,0.2455388679889562,-0.062455848154613317,0.0,0.0,0.1264278670718399,0.17638920056377852,0.18308301983434289,0.20362353088500829,0.058328598655934816,-0.2455388679889562
2014-05-08,0.21359685647340004,-0.00921172062437678,0.18473049787287943,0.24757312376489332,-0.033976267291493306,0.0,0.0,0.11923598377115073,0.17752420617841247,0.21359685647340004,0.2092975915531805,0.03173102467148056,-0.24757312376489332
2014-05-09,0.24411069311245717,-0.0014902737638473789,0.19283476175129186,0.24960737954083048,-0.005496686428373303,0.0,0.0,0.11204410047046155,0.1786592117930464,0.24411069311245717,0.21497165222135275,0.005133450687026305,-0.24960737954083048
2014-05-12,0.25,0.0,0.19439892091102554,0.25,0.0,0.0,0.0,0.11065603484114836,0.17887827295086578,0.25,0.21606677129696025,0.0,-0.25
2014-05-13,0.25,0.0,0.19439892091102554,0.25,0.0,0.0,0.0,0.11065603484114836,0.17887827295086578,0.25,0.21606677129696025,0.0,-0.25
2014-05-14,0.25,0.0,0.19439892091102554,0.25,0.0,0.0,0.0,0.11065603484114836,0.17887827295086578,0.25,0.21606677129696025,0.0,-0.25
2014-05-15,0.25,0.0,0.19439892091102554,0.25,0.0,0.0,0.0,0.11065603484114836,0.17887827295086578,0.25,0.21606677129696025,0.0,-0.25
2014-05-16,0.25,0.0,0.19439892091102554,0.25,0.0,0.0,0.0,0.11065603484114836,0.17887827295086578,0.25,0.21606677129696025,0.0,-0.25
2014-05-19,0.25,0.0,0.19439892091102554,0.25,0.0,0.0,0.0,0.11065603484114836,0.17887827295086578,0.25,0.21606677129696025,0.0,-0.25
2014-05-20,0.25,0.0,0.19439892091102554,0.25,0.0,0.0,0.0,0.11065603484114836,0.17887827295086578,0.25,0.21606677129696025,0.0,-0.25
2014-05-21,0.25,0.0,0.19439892091102554,0.25,0.0,0.0,0.0,0.11065603484114836,0.17887827295086578,0.25,0.21606677129696025,0.0,-0.25
2014-05-22,0.25,0.0,0.19439892091102554,0.25,0.0,0.0,0.0,0.11065603484114836,0.17887827295086578,0.25,0.21606677129696025,0.0,-0.25
2014-05-23,0.25,0.0,0.19439892091102554,0.25,0.0,0.0,0.0,0.11065603484114836,0.17887827295086578,0.25,0.21606677129696025,0.0,-0.25
2014-05-27,0.25,0.0,0.19439892091102554,0.25,0.0,0.0,0.0,0.11065603484114836,0.17887827295086578,0.25,0.21606677129696025,0.0,-0.25
2014-05-28,0.25,0.0,0.19439892091102554,0.25,0.0,0.0,0.0,0.11065603484114836,0.17887827295086578,0.25,0.21606677129696025,0.0,-0.25
2014-05-29,0.25,0.0,0.19439892091102554,0.25,0.0,0.0,0.0,0.11065603484114836,0.17887827295086578,0.25,0.21606677129696025,0.0,-0.25
2014-05-30,0.25,0.0,0.19439892091102554,0.25,0.0,0.0,0.0,0.11065603484114836,0.17887827295086578,0.25,0.21606677129696025,0.0,-0.25
2014-06-02,0.25,0.0,0.19439892091102554,0.25,0.0,0.0,0.0,0.11065603484114836,0.17887827295086578,0.25,0.21606677129696025,0.0,-0.25
2014-06-03,0.25,0.0,0.19439892091102554,0.25,0.0,0.0,0.0,0.11065603484114836,0.17887827295086578,0.25,0.21606677129696025,0.0,-0.25
2014-06-04,0.25,0.0,0.19439892091102554,0.25,0.0,0.0,0.0,0.11065603484114836,0.17887827295086578,0.25,0.21606677129696025,0.0,-0.25
2014-06-05,0.25,0.0,0.19439892091102554,0.25,0.0,0.0,0.0,0.11065603484114836,0.17887827295086578,0.25,0.21606677129696025,0.0,-0.25
2014-06-06,0.25,0.0,0.19439892091102554,0.25,0.0,0.0,0.0,0.11065603484114836,0.17887827295086578,0.25,0.21606677129696025,0.0,-0.25
2014-06-09,0.25,0.0,0.19439892091102554,0.25,0.0,0.0,0.0,0.11065603484114836,0.17887827295086578,0.25,0.21606677129696025,0.0,-0.25
2014-06-10,0.25,0.0,0.19439892091102554,0.25,0.0,0.0,0.0,0.11065603484114836,0.17887827295086578,0.25,0.21606677129696025,0.0,-0.25
2014-06-11,0.25,0.0,0.19439892091102554,0.25,0.0,0.0,0.0,0.11065603484114836,0.17887827295086578,0.25,0.21606677129696025,0.0,-0.25
2014-06-12,0.25,0.0,0.19439892091102554,0.25,0.0,0.0,0.0,0.11065603484114836,0.17887827295086578,0.25,0.21606677129696025,0.0,-0.25
2014-06-13,0.25,0.0,0.19439892091102554,0.25,0.0,0.0,0.0,0.11065603484114836,0.17887827295086578,0.25,0.21606677129696025,0.0,-0.25
2014-06-16,0.25,0.0,0.19439892091102554,0.25,0.0,0.0,0.0,0.11065603484114836,0.17887827295086578,0.25,0.21606677129696025,0.0,-0.25
2014-06-17,0.25,0.0,0.19439892091102554,0.25,0.0,0.0,0.0,0.11065603484114836,0.17887827295086578,0.25,0.21606677129696025,0.0,-0.25
2014-06-18,0.25,0.0,0.19439892091102554,0.25,0.0,0.0,0.0,0.11065603484114836,0.17887827295086578,0.25,0.21606677129696025,0.0,-0.25
2014-06-19,0.25,0.0,0.19439892091102554,0.25,0.0,0.0,0.0,0.11065603484114836,0.17887827295086578,0.25,0.21606677129696025,0.0,-0.25
2014-06-20,0.25,0.0,0.19439892091102554,0.25,0.0,0.0,0.0,0.11065603484114836,0.17887827295086578,0.25,0.21606677129696025,0.0,-0.25
2014-06-23,0.25,0.0,0.19439892091102554,0.25,0.0,0.0,0.0,0.11065603484114836,0.17887827295086578,0.25,0.21606677129696025,0.0,-0.25
2014-06-24,0.25,0.0,0.19439892091102554,0.25,0.0,0.0,0.0,0.11065603484114836,0.17887827295086578,0.25,0.21606677129696025,0.0,-0.25
2014-06-25,0.25,0.0,0.19439892091102554,0.25,0.0,0.0,0.0,0.11065603484114836,0.17887827295086578,0.25,0.21606677129696025,0.0,-0.25
2014-06-26,0.25,0.0,0.19439892091102554,0.25,0.0,0.0,0.0,0.11065603484114836,0.17887827295086578,0.25,0.21606677129696025,0.0,-0.25
2014-06-27,0.25,0.0,0.19439892091102554,0.25,0.0,0.0,0.0,0.11065603484114836,0.17887827295086578,0.25,0.21606677129696025,0.0,-0.25
2014-06-30,0.24876973776127792,0.017129983991392872,0.18782008443263098,0.21951009249603973,0.0,0.021545956015872024,0.027309002247555628,0.11056753654999726,0.17419232895529843,0.24681909474359537,0.2068453318022585,0.027309002247555628,-0.24876973776127792
2014-07-01,0.2475394755225558,0.034259967982785744,0.18124124795423643,0.18902018499207945,0.0,0.04309191203174405,0.054618004495111255,0.11047903825884617,0.16950638495973108,0.24363818948719074,0.19762389230755675,0.054618004495111255,-0.2475394755225558
2014-07-02,0.24630921328383373,0.051389951974178616,0.17466241147584188,0.15853027748811918,0.0,0.06463786804761606,0.08192700674266688,0.11039053996769507,0.16482044096416373,0.2404572842307861,0.188402452812855,0.08192700674266688,-0.24630921328383373
2014-07-03,0.24507895104511163,0.06851993596557149,0.16808357499744733,0.1280403699841589,0.0,0.0861838240634881,0.10923600899022251,0.11030204167654398,0.16013449696859638,0.23727637897438147,0.17918101331815325,0.10923600899022251,-0.24507895104511163
2014-07-07,0.24384868880638955,0.08564991995696436,0.16150473851905278,0.09755046248019864,0.0,0.10772978007936013,0.13654501123777815,0.11021354338539288,0.15544855297302904,0.23409547371797682,0.1699595738234515,0.13654501123777815,-0.24384868880638955
2014-07-08,0.24261842656766744,0.10277990394835723,0.15492590204065823,0.06706055497623838,0.0,0.12927573609523216,0.16385401348533377,0.11012504509424179,0.1507626089774617,0.23091456846157218,0.16073813432874975,0.16385401348533377,-0.24261842656766744
2014-07-09,0.24138816432894536,0.1199098879397501,0.14834706556226368,0.03657064747227812,0.0,0.1508216921111042,0.1911630157328894,0.11003654680309069,0.14607666498189434,0.22773366320516752,0.151516694834048,0.1911630157328894,-0.24138816432894536
2014-07-10,0.24015790209022325,0.13703987193114298,0.14176822908386913,0.006080739968317851,0.0,0.1723676481269762,0.21847201798044502,0.1099480485119396,0.141390720986327,0.2245527579487629,0.14229525533934625,0.21847201798044502,-0.24015790209022325
2014-07-11,0.23991254533518758,0.14045618201012824,0.14045618201012824,0.0,0.0,0.17666465545257448,0.22391837564617506,0.1099303988980121,0.14045618201012824,0.22391837564617506,0.14045618201012824,0.22391837564617506,-0.23991254533518758
2014-07-14,0.23991254533518758,0.14045618201012824,0.14045618201012824,0.0,0.0,0.17666465545257448,0.22391837564617506,0.1099303988980121,0.14045618201012824,0.22391837564617506,0.14045618201012824,0.22391837564617506,-0.23991254533518758
2014-07-15,0.23991254533518758,0.14045618201012824,0.14045618201012824,0.0,0.0,0.17666465545257448,0.22391837564617506,0.1099303988980121,0.14045618201012824,0.22391837564617506,0.14045618201012824,0.22391837564617506,-0.23991254533518758
2014-07-16,0.23991254533518758,0.14045618201012824,0.14045618201012824,0.0,0.0,0.17666465545257448,0.22391837564617506,0.1099303988980121,0.14045618201012824,0.22391837564617506,0.14045618201012824,0.22391837564617506,-0.23991254533518758
2014-07-17,0.23991254533518758,0.14045618201012824,0.14045618201012824,0.0,0.0,0.17666465545257448,0.22391837564617506,0.1099303988980121,0.14045618201012824,0.22391837564617506,0.14045618201012824,0.22391837564617506,-0.23991254533518758
2014-07-18,0.23991254533518758,0.14045618201012824,0.14045618201012824,0.0,0.0,0.17666465545257448,0.22391837564617506,0.1099303988980121,0.14045618201012824,0.22391837564617506,0.14045618201012824,0.22391837564617506,-0.23991254533518758
2014-07-21,0.23991254533518758,0.14045618201012824,0.14045618201012824,0.0,0.0,0.17666465545257448,0.22391837564617506,0.1099303988980121,0.14045618201012824,0.22391837564617506,0.14045618201012824,0.22391837564617506,-0.23991254533518758
2014-07-22,0.23991254533518758,0.14045618201012824,0.14045618201012824,0.0,0.0,0.17666465545257448,0.22391837564617506,0.1099303988980121,0.14045618201012824,0.22391837564617506,0.14045618201012824,0.22391837564617506,-0.23991254533518758
2014-07-23,0.23991254533518758,0.14045618201012824,0.14045618201012824,0.0,0.0,0.17666465545257448,0.22391837564617506,0.1099303988980121,0.14045618201012824,0.22391837564617506,0.14045618201012824,0.22391837564617506,-0.23991254533518758
2014-07-24,0.23991254533518758,0.14045618201012824,0.14045618201012824,0.0,0.0,0.17666465545257448,0.22391837564617506,0.1099303988980121,0.14045618201012824,0.22391837564617506,0.14045618201012824,0.22391837564617506,-0.23991254533518758
2014-07-25,0.23991254533518758,0.14045618201012824,0.14045618201012824,0.0,0.0,0.17666465545257448,0.22391837564617506,0.1099303988980121,0.14045618201012824,0.22391837564617506,0.14045618201012824,0.22391837564617506,-0.23991254533518758
2014-07-28,0.23991254533518758,0.14045618201012824,0.14045618201012824,0.0,0.0,0.17666465545257448,0.22391837564617506,0.1099303988980121,0.14045618201012824,0.22391837564617506,0.14045618201012824,0.22391837564617506,-0.23991254533518758
2014-07-29,0.23991254533518758,0.14045618201012824,0.14045618201012824,0.0,0.0,0.17666465545257448,0.22391837564617506,0.1099303988980121,0.14045618201012824,0.22391837564617506,0.14045618201012824,0.22391837564617506,-0.23991254533518758
2014-07-30,0.23991254533518758,0.14045618201012824,0.14045618201012824,0.0,0.0,0.17666465545257448,0.22391837564617506,0.1099303988980121,0.14045618201012824,0.22391837564617506,0.14045618201012824,0.22391837564617506,-0.23991254533518758
2014-07-31,0.20410663232045553,0.14229497122231938,0.14229497122231938,-0.037311422131663385,0.0,0.150298217311231,0.2253235174886443,0.10679066757665534,0.14229497122231938,0.2253235174886443,0.14229497122231938,0.2253235174886443,-0.20410663232045553
2014-08-01,0.1683007193057235,0.1441337604345105,0.1441337604345105,-0.07462284426332677,0.0,0.1239317791698875,0.22672865933111352,0.10365093625529859,0.1441337604345105,0.22672865933111352,0.1441337604345105,0.22672865933111352,-0.1683007193057235
2014-08-04,0.13249480629099142,0.14597254964670164,0.14597254964670164,-0.11193426639499016,0.0,0.097565341028544,0.22813380117358278,0.10051120493394182,0.14597254964670164,0.22813380117358278,0.14597254964670164,0.22813380117358278,-0.13249480629099142
2014-08-05,0.09668889327625936,0.14781133885889278,0.14781133885889278,-0.14924568852665354,0.0,0.0711989028872005,0.22953894301605202,0.09737147361258505,0.14781133885889278,0.22953894301605202,0.14781133885889278,0.22953894301605202,-0.09668889327625936
2014-08-06,0.0608829802615273,0.1496501280710839,0.1496501280710839,-0.18655711065831693,0.0,0.044832464745857,0.23094408485852128,0.0942317422912283,0.1496501280710839,0.23094408485852128,0.1496501280710839,0.23094408485852128,-0.0608829802615273
2014-08-07,0.02507706724679523,0.15148891728327502,0.15148891728327502,-0.22386853278998034,0.0,0.018466026604513484,0.2323492267009905,0.09109201096987153,0.15148891728327502,0.2323492267009905,0.15148891728327502,0.2323492267009905,-0.02507706724679523
2014-08-08,0.0,0.15277673364779074,0.15277673364779074,-0.25,0.0,0.0,0.2333333333333333,0.08889306540883703,0.15277673364779074,0.2333333333333333,0.15277673364779074,0.2333333333333333,0.0
2014-08-11,0.0,0.15277673364779074,0.15277673364779074,-0.25,0.0,0.0,0.2333333333333333,0.08889306540883703,0.15277673364779074,0.2333333333333333,0.15277673364779074,0.2333333333333333,0.0
2014-08-12,0.0,0.15277673364779074,0.15277673364779074,-0.25,0.0,0.0,0.2333333333333333,0.08889306540883703,0.15277673364779074,0.2333333333333333,0.15277673364779074,0.2333333333333333,0.0
2014-08-13,0.0,0.15277673364779074,0.15277673364779074,-0.25,0.0,0.0,0.2333333333333333,0.08889306540883703,0.15277673364779074,0.2333333333333333,0.15277673364779074,0.2333333333333333,0.0
2014-08-14,0.0,0.15277673364779074,0.15277673364779074,-0.25,0.0,0.0,0.2333333333333333,0.08889306540883703,0.15277673364779074,0.2333333333333333,0.15277673364779074,0.2333333333333333,0.0
2014-08-15,0.0,0.15277673364779074,0.15277673364779074,-0.25,0.0,0.0,0.2333333333333333,0.08889306540883703,0.15277673364779074,0.2333333333333333,0.15277673364779074,0.2333333333333333,0.0
2014-08-18,0.0,0.15277673364779074,0.15277673364779074,-0.25,0.0,0.0,0.2333333333333333,0.08889306540883703,0.15277673364779074,0.2333333333333333,0.15277673364779074,0.2333333333333333,0.0
2014-08-19,0.0,0.15277673364779074,0.15277673364779074,-0.25,0.0,0.0,0.2333333333333333,0.08889306540883703,0.15277673364779074,0.2333333333333333,0.15277673364779074,0.2333333333333333,0.0
2014-08-20,0.0,0.15277673364779074,0.15277673364779074,-0.25,0.0,0.0,0.2333333333333333,0.08889306540883703,0.15277673364779074,0.2333333333333333,0.15277673364779074,0.2333333333333333,0.0
2014-08-21,0.0,0.15277673364779074,0.15277673364779074,-0.25,0.0,0.0,0.2333333333333333,0.08889306540883703,0.15277673364779074,0.2333333333333333,0.15277673364779074,0.2333333333333333,0.0
2014-08-22,0.0,0.15277673364779074,0.15277673364779074,-0.25,0.0,0.0,0.2333333333333333,0.08889306540883703,0.15277673364779074,0.2333333333333333,0.15277673364779074,0.2333333333333333,0.0
2014-08-25,0.0,0.15277673364779074,0.15277673364779074,-0.25,0.0,0.0,0.2333333333333333,0.08889306540883703,0.15277673364779074,0.2333333333333333,0.15277673364779074,0.2333333333333333,0.0
2014-08-26,0.0,0.15277673364779074,0.15277673364779074,-0.25,0.0,0.0,0.2333333333333333,0.08889306540883703,0.15277673364779074,0.2333333333333333,0.15277673364779074,0.2333333333333333,0.0
2014-08-27,0.0,0.15277673364779074,0.15277673364779074,-0.25,0.0,0.0,0.2333333333333333,0.08889306540883703,0.15277673364779074,0.2333333333333333,0.15277673364779074,0.2333333333333333,0.0
2014-08-28,0.0,0.15277673364779074,0.15277673364779074,-0.25,0.0,0.0,0.2333333333333333,0.08889306540883703,0.15277673364779074,0.2333333333333333,0.15277673364779074,0.2333333333333333,0.0
2014-08-29,0.0,0.15277673364779074,0.15277673364779074,-0.25,0.0,0.0,0.2333333333333333,0.08889306540883703,0.15277673364779074,0.2333333333333333,0.15277673364779074,0.2333333333333333,0.0
2014-09-02,0.0,0.15277673364779074,0.15277673364779074,-0.25,0.0,0.0,0.2333333333333333,0.08889306540883703,0.15277673364779074,0.2333333333333333,0.15277673364779074,0.2333333333333333,0.0
2014-09-03,0.0,0.15277673364779074,0.15277673364779074,-0.25,0.0,0.0,0.2333333333333333,0.08889306540883703,0.15277673364779074,0.2333333333333333,0.15277673364779074,0.2333333333333333,0.0
2014-09-04,0.0,0.15277673364779074,0.15277673364779074,-0.25,0.0,0.0,0.2333333333333333,0.08889306540883703,0.15277673364779074,0.2333333333333333,0.15277673364779074,0.2333333333333333,0.0
2014-09-05,0.0,0.15277673364779074,0.15277673364779074,-0.25,0.0,0.0,0.2333333333333333,0.08889306540883703,0.15277673364779074,0.2333333333333333,0.15277673364779074,0.2333333333333333,0.0
2014-09-08,0.0,0.15277673364779074,0.15277673364779074,-0.25,0.0,0.0,0.2333333333333333,0.08889306540883703,0.15277673364779074,0.2333333333333333,0.15277673364779074,0.2333333333333333,0.0
2014-09-09,0.0,0.15277673364779074,0.15277673364779074,-0.25,0.0,0.0,0.2333333333333333,0.08889306540883703,0.15277673364779074,0.2333333333333333,0.15277673364779074,0.2333333333333333,0.0
2014-09-10,0.0,0.15277673364779074,0.15277673364779074,-0.25,0.0,0.0,0.2333333333333333,0.08889306540883703,0.15277673364779074,0.2333333333333333,0.15277673364779074,0.2333333333333333,0.0
2014-09-11,0.0,0.15277673364779074,0.15277673364779074,-0.25,0.0,0.0,0.2333333333333333,0.08889306540883703,0.15277673364779074,0.2333333333333333,0.15277673364779074,0.2333333333333333,0.0
2014-09-12,0.0,0.15277673364779074,0.15277673364779074,-0.25,0.0,0.0,0.2333333333333333,0.08889306540883703,0.15277673364779074,0.2333333333333333,0.15277673364779074,0.2333333333333333,0.0
2014-09-15,0.0,0.15277673364779074,0.15277673364779074,-0.25,0.0,0.0,0.2333333333333333,0.08889306540883703,0.15277673364779074,0.2333333333333333,0.15277673364779074,0.2333333333333333,0.0
2014-09-16,0.0,0.15277673364779074,0.15277673364779074,-0.25,0.0,0.0,0.2333333333333333,0.08889306540883703,0.15277673364779074,0.2333333333333333,0.15277673364779074,0.2333333333333333,0.0
2014-09-17,0.0,0.15277673364779074,0.15277673364779074,-0.25,0.0,0.0,0.2333333333333333,0.08889306540883703,0.15277673364779074,0.2333333333333333,0.15277673364779074,0.2333333333333333,0.0
2014-09-18,0.0,0.15277673364779074,0.15277673364779074,-0.25,0.0,0.0,0.2333333333333333,0.08889306540883703,0.15277673364779074,0.2333333333333333,0.15277673364779074,0.2333333333333333,0.0
2014-09-19,0.0,0.15277673364779074,0.15277673364779074,-0.25,0.0,0.0,0.2333333333333333,0.08889306540883703,0.15277673364779074,0.2333333333333333,0.15277673364779074,0.2333333333333333,0.0
2014-09-22,0.0,0.15277673364779074,0.15277673364779074,-0.25,0.0,0.0,0.2333333333333333,0.08889306540883703,0.15277673364779074,0.2333333333333333,0.15277673364779074,0.2333333333333333,0.0
2014-09-23,0.0,0.15277673364779074,0.15277673364779074,-0.25,0.0,0.0,0.2333333333333333,0.08889306540883703,0.15277673364779074,0.2333333333333333,0.15277673364779074,0.2333333333333333,0.0
2014-09-24,0.0,0.15277673364779074,0.15277673364779074,-0.25,0.0,0.0,0.2333333333333333,0.08889306540883703,0.15277673364779074,0.2333333333333333,0.15277673364779074,0.2333333333333333,0.0
2014-09-25,0.0,0.15277673364779074,0.15277673364779074,-0.25,0.0,0.0,0.2333333333333333,0.08889306540883703,0.15277673364779074,0.2333333333333333,0.15277673364779074,0.2333333333333333,0.0
2014-09-26,0.0,0.15277673364779074,0.15277673364779074,-0.25,0.0,0.0,0.2333333333333333,0.08889306540883703,0.15277673364779074,0.2333333333333333,0.15277673364779074,0.2333333333333333,0.0
2014-09-29,0.0,0.15277673364779074,0.15277673364779074,-0.25,0.0,0.0,0.2333333333333333,0.08889306540883703,0.15277673364779074,0.2333333333333333,0.15277673364779074,0.2333333333333333,0.0
2014-09-30,-0.021067356412426307,0.13732744453122595,0.13732744453122595,-0.24438203829001964,-0.019662865984931218,-0.021067356412426307,0.22940076013634705,0.07990390432934377,0.15839480094365227,0.22940076013634705,0.15839480094365227,0.22940076013634705,0.019662865984931218
2014-10-01,-0.04213471282485262,0.12187815541466115,0.12187815541466115,-0.2387640765800393,-0.039325731969862436,-0.04213471282485262,0.2254681869393608,0.07091474324985052,0.1640128682395138,0.2254681869393608,0.1640128682395138,0.2254681869393608,0.039325731969862436
2014-10-02,-0.06320206923727893,0.10642886629809636,0.10642886629809636,-0.23314611487005893,-0.05898859795479366,-0.06320206923727893,0.22153561374237454,0.06192558217035726,0.16963093553537534,0.22153561374237454,0.16963093553537534,0.22153561374237454,0.05898859795479366
2014-10-03,-0.08426942564970524,0.09097957718153157,0.09097957718153157,-0.22752815316007857,-0.07865146393972487,-0.08426942564970524,0.21760304054538832,0.052936421090864015,0.17524900283123684,0.21760304054538832,0.17524900283123684,0.21760304054538832,0.07865146393972487
2014-10-06,-0.10533678206213155,0.0755302880649668,0.0755302880649668,-0.22191019145009822,-0.0983143299246561,-0.10533678206213155,0.21367046734840206,0.04394726001137077,0.18086707012709838,0.21367046734840206,0.18086707012709838,0.21367046734840206,0.0983143299246561
2014-10-07,-0.12640413847455786,0.06008099894840201,0.06008099894840201,-0.21629222974011786,-0.11797719590958732,-0.12640413847455786,0.20973789415141583,0.03495809893187751,0.18648513742295988,0.20973789415141583,0.18648513742295988,0.20973789415141583,0.11797719590958732
2014-10-08,-0.14747149488698416,0.04463170983183723,0.04463170983183723,-0.21067426803013753,-0.13764006189451852,-0.14747149488698416,0.2058053209544296,0.025968937852384265,0.19210320471882142,0.2058053209544296,0.19210320471882142,0.2058053209544296,0.13764006189451852
2014-10-09,-0.16853885129941049,0.029182420715272446,0.029182420715272446,-0.20505630632015717,-0.15730292787944974,-0.16853885129941049,0.20187274775744335,0.016979776772891014,0.19772127201468293,0.20187274775744335,0.19772127201468293,0.20187274775744335,0.15730292787944974
2014-10-10,-0.18960620771183678,0.013733131598707662,0.013733131598707662,-0.19943834461017684,-0.17696579386438097,-0.18960620771183678,0.1979401745604571,0.007990615693397764,0.20333933931054446,0.1979401745604571,0.20333933931054446,0.1979401745604571,0.17696579386438097
2014-10-13,-0.20833333333333334,0.0,0.0,-0.19444444444444442,-0.19444444444444442,-0.20833333333333334,0.19444444444444442,0.0,0.20833333333333334,0.19444444444444442,0.20833333333333334,0.19444444444444442,0.19444444444444442
2014-10-14,-0.20833333333333334,0.0,0.0,-0.19444444444444442,-0.19444444444444442,-0.20833333333333334,0.19444444444444442,0.0,0.20833333333333334,0.19444444444444442,0.20833333333333334,0.19444444444444442,0.19444444444444442
2014-10-15,-0.20833333333333334,0.0,0.0,-0.19444444444444442,-0.19444444444444442,-0.20833333333333334,0.19444444444444442,0.0,0.20833333333333334,0.19444444444444442,0.20833333333333334,0.19444444444444442,0.19444444444444442
2014-10-16,-0.20833333333333334,0.0,0.0,-0.19444444444444442,-0.19444444444444442,-0.20833333333333334,0.19444444444444442,0.0,0.20833333333333334,0.19444444444444442,0.20833333333333334,0.19444444444444442,0.19444444444444442
2014-10-17,-0.20833333333333334,0.0,0.0,-0.19444444444444442,-0.19444444444444442,-0.20833333333333334,0.19444444444444442,0.0,0.20833333333333334,0.19444444444444442,0.20833333333333334,0.19444444444444442,0.19444444444444442
2014-10-20,-0.20833333333333334,0.0,0.0,-0.19444444444444442,-0.19444444444444442,-0.20833333333333334,0.19444444444444442,0.0,0.20833333333333334,0.19444444444444442,0.20833333333333334,0.19444444444444442,0.19444444444444442
2014-10-21,-0.20833333333333334,0.0,0.0,-0.19444444444444442,-0.19444444444444442,-0.20833333333333334,0.19444444444444442,0.0,0.20833333333333334,0.19444444444444442,0.20833333333333334,0.19444444444444442,0.19444444444444442
2014-10-22,-0.20833333333333334,0.0,0.0,-0.19444444444444442,-0.19444444444444442,-0.20833333333333334,0.19444444444444442,0.0,0.20833333333333334,0.19444444444444442,0.20833333333333334,0.19444444444444442,0.19444444444444442
2014-10-23,-0.20833333333333334,0.0,0.0,-0.19444444444444442,-0.19444444444444442,-0.20833333333333334,0.19444444444444442,0.0,0.20833333333333334,0.19444444444444442,0.20833333333333334,0.19444444444444442,0.19444444444444442
2014-10-24,-0.20833333333333334,0.0,0.0,-0.19444444444444442,-0.19444444444444442,-0.20833333333333334,0.19444444444444442,0.0,0.20833333333333334,0.19444444444444442,0.20833333333333334,0.19444444444444442,0.19444444444444442
2014-10-27,-0.20833333333333334,0.0,0.0,-0.19444444444444442,-0.19444444444444442,-0.20833333333333334,0.19444444444444442,0.0,0.20833333333333334,0.19444444444444442,0.20833333333333334,0.19444444444444442,0.19444444444444442
2014-10-28,-0.20833333333333334,0.0,0.0,-0.19444444444444442,-0.19444444444444442,-0.20833333333333334,0.19444444444444442,0.0,0.20833333333333334,0.19444444444444442,0.20833333333333334,0.19444444444444442,0.19444444444444442
2014-10-29,-0.20833333333333334,0.0,0.0,-0.19444444444444442,-0.19444444444444442,-0.20833333333333334,0.19444444444444442,0.0,0.20833333333333334,0.19444444444444442,0.20833333333333334,0.19444444444444442,0.19444444444444442
2014-10-30,-0.20833333333333334,0.0,0.0,-0.19444444444444442,-0.19444444444444442,-0.20833333333333334,0.19444444444444442,0.0,0.20833333333333334,0.19444444444444442,0.20833333333333334,0.19444444444444442,0.19444444444444442
2014-10-31,-0.20163690476190477,0.0,-0.07499999999999996,-0.18819444444444441,-0.18819444444444441,-0.20163690476190477,0.18819444444444441,0.0,0.1962797619047619,0.18819444444444441,0.1962797619047619,0.18819444444444441,0.18819444444444441
2014-11-03,-0.1949404761904762,0.0,-0.1499999999999999,-0.1819444444444444,-0.1819444444444444,-0.1949404761904762,0.1819444444444444,0.0,0.18422619047619046,0.1819444444444444,0.18422619047619046,0.1819444444444444,0.1819444444444444
2014-11-04,-0.1923076923076923,0.0,-0.17948717948717946,-0.17948717948717946,-0.17948717948717946,-0.1923076923076923,0.17948717948717946,0.0,0.17948717948717946,0.17948717948717946,0.17948717948717946,0.17948717948717946,0.17948717948717946
2014-11-05,-0.1923076923076923,0.0,-0.17948717948717946,-0.17948717948717946,-0.17948717948717946,-0.1923076923076923,0.17948717948717946,0.0,0.17948717948717946,0.17948717948717946,0.17948717948717946,0.17948717948717946,0.17948717948717946
2014-11-06,-0.1923076923076923,0.0,-0.17948717948717946,-0.17948717948717946,-0.17948717948717946,-0.1923076923076923,0.17948717948717946,0.0,0.17948717948717946,0.17948717948717946,0.17948717948717946,0.17948717948717946,0.17948717948717946
2014-11-07,-0.1923076923076923,0.0,-0.17948717948717946,-0.17948717948717946,-0.17948717948717946,-0.1923076923076923,0.17948717948717946,0.0,0.17948717948717946,0.17948717948717946,0.17948717948717946,0.17948717948717946,0.17948717948717946
2014-11-10,-0.1923076923076923,0.0,-0.17948717948717946,-0.17948717948717946,-0.17948717948717946,-0.1923076923076923,0.17948717948717946,0.0,0.17948717948717946,0.17948717948717946,0.17948717948717946,0.17948717948717946,0.17948717948717946
2014-11-11,-0.1923076923076923,0.0,-0.17948717948717946,-0.17948717948717946,-0.17948717948717946,-0.1923076923076923,0.17948717948717946,0.0,0.17948717948717946,0.17948717948717946,0.17948717948717946,0.17948717948717946,0.17948717948717946
2014-11-12,-0.1923076923076923,0.0,-0.17948717948717946,-0.17948717948717946,-0.17948717948717946,-0.1923076923076923,0.17948717948717946,0.0,0.17948717948717946,0.17948717948717946,0.17948717948717946,0.17948717948717946,0.17948717948717946
2014-11-13,-0.1923076923076923,0.0,-0.17948717948717946,-0.17948717948717946,-0.17948717948717946,-0.1923076923076923,0.17948717948717946,0.0,0.17948717948717946,0.17948717948717946,0.17948717948717946,0.17948717948717946,0.17948717948717946
2014-11-14,-0.1923076923076923,0.0,-0.17948717948717946,-0.17948717948717946,-0.17948717948717946,-0.1923076923076923,0.17948717948717946,0.0,0.17948717948717946,0.17948717948717946,0.17948717948717946,0.17948717948717946,0.17948717948717946
2014-11-17,-0.1923076923076923,0.0,-0.17948717948717946,-0.17948717948717946,-0.17948717948717946,-0.1923076923076923,0.17948717948717946,0.0,0.17948717948717946,0.17948717948717946,0.17948717948717946,0.17948717948717946,0.17948717948717946
2014-11-18,-0.1923076923076923,0.0,-0.17948717948717946,-0.17948717948717946,-0.17948717948717946,-0.1923076923076923,0.17948717948717946,0.0,0.17948717948717946,0.17948717948717946,0.17948717948717946,0.17948717948717946,0.17948717948717946
2014-11-19,-0.1923076923076923,0.0,-0.17948717948717946,-0.17948717948717946,-0.17948717948717946,-0.1923076923076923,0.17948717948717946,0.0,0.17948717948717946,0.17948717948717946,0.17948717948717946,0.17948717948717946,0.17948717948717946
2014-11-20,-0.1923076923076923,0.0,-0.17948717948717946,-0.17948717948717946,-0.17948717948717946,-0.1923076923076923,0.17948717948717946,0.0,0.17948717948717946,0.17948717948717946,0.17948717948717946,0.17948717948717946,0.17948717948717946
2014-11-21,-0.1923076923076923,0.0,-0.17948717948717946,-0.17948717948717946,-0.17948717948717946,-0.1923076923076923,0.17948717948717946,0.0,0.17948717948717946,0.17948717948717946,0.17948717948717946,0.17948717948717946,0.17948717948717946
2014-11-24,-0.1923076923076923,0.0,-0.17948717948717946,-0.17948717948717946,-0.17948717948717946,-0.1923076923076923,0.17948717948717946,0.0,0.17948717948717946,0.17948717948717946,0.17948717948717946,0.17948717948717946,0.17948717948717946
2014-11-25,-0.1923076923076923,0.0,-0.17948717948717946,-0.17948717948717946,-0.17948717948717946,-0.1923076923076923,0.17948717948717946,0.0,0.17948717948717946,0.17948717948717946,0.17948717948717946,0.17948717948717946,0.17948717948717946
2014-11-26,-0.1923076923076923,0.0,-0.17948717948717946,-0.17948717948717946,-0.17948717948717946,-0.1923076923076923,0.17948717948717946,0.0,0.17948717948717946,0.17948717948717946,0.17948717948717946,0.17948717948717946,0.17948717948717946
2014-11-28,-0.1923076923076923,0.0,-0.17948717948717946,-0.17948717948717946,-0.17948717948717946,-0.1923076923076923,0.17948717948717946,0.0,0.17948717948717946,0.17948717948717946,0.17948717948717946,0.17948717948717946,0.17948717948717946
2014-12-01,-0.1923076923076923,0.0,-0.17948717948717946,-0.17948717948717946,-0.17948717948717946,-0.1923076923076923,0.17948717948717946,0.0,0.17948717948717946,0.17948717948717946,0.17948717948717946,0.17948717948717946,0.17948717948717946
2014-12-02,-0.1923076923076923,0.0,-0.17948717948717946,-0.17948717948717946,-0.17948717948717946,-0.1923076923076923,0.17948717948717946,0.0,0.17948717948717946,0.17948717948717946,0.17948717948717946,0.17948717948717946,0.17948717948717946
2014-12-03,-0.1923076923076923,0.0,-0.17948717948717946,-0.17948717948717946,-0.17948717948717946,-0.1923076923076923,0.17948717948717946,0.0,0.17948717948717946,0.17948717948717946,0.17948717948717946,0.17948717948717946,0.17948717948717946
2014-12-04,-0.1923076923076923,0.0,-0.17948717948717946,-0.17948717948717946,-0.17948717948717946,-0.1923076923076923,0.17948717948717946,0.0,0.17948717948717946,0.17948717948717946,0.17948717948717946,0.17948717948717946,0.17948717948717946
2014-12-05,-0.1923076923076923,0.0,-0.17948717948717946,-0.17948717948717946,-0.17948717948717946,-0.1923076923076923,0.17948717948717946,0.0,0.17948717948717946,0.17948717948717946,0.17948717948717946,0.17948717948717946,0.17948717948717946
2014-12-08,-0.1923076923076923,0.0,-0.17948717948717946,-0.17948717948717946,-0.17948717948717946,-0.1923076923076923,0.17948717948717946,0.0,0.17948717948717946,0.17948717948717946,0.17948717948717946,0.17948717948717946,0.17948717948717946
2014-12-09,-0.1923076923076923,0.0,-0.17948717948717946,-0.17948717948717946,-0.17948717948717946,-0.1923076923076923,0.17948717948717946,0.0,0.17948717948717946,0.17948717948717946,0.17948717948717946,0.17948717948717946,0.17948717948717946
2014-12-10,-0.1923076923076923,0.0,-0.17948717948717946,-0.17948717948717946,-0.17948717948717946,-0.1923076923076923,0.17948717948717946,0.0,0.17948717948717946,0.17948717948717946,0.17948717948717946,0.17948717948717946,0.17948717948717946
2014-12-11,-0.1923076923076923,0.0,-0.17948717948717946,-0.17948717948717946,-0.17948717948717946,-0.1923076923076923,0.17948717948717946,0.0,0.17948717948717946,0.17948717948717946,0.17948717948717946,0.17948717948717946,0.17948717948717946
2014-12-12,-0.1923076923076923,0.0,-0.17948717948717946,-0.17948717948717946,-0.17948717948717946,-0.1923076923076923,0.17948717948717946,0.0,0.17948717948717946,0.17948717948717946,0.17948717948717946,0.17948717948717946,0.17948717948717946
2014-12-15,-0.1923076923076923,0.0,-0.17948717948717946,-0.17948717948717946,-0.17948717948717946,-0.1923076923076923,0.17948717948717946,0.0,0.17948717948717946,0.17948717948717946,0.17948717948717946,0.17948717948717946,0.17948717948717946
2014-12-16,-0.1923076923076923,0.0,-0.17948717948717946,-0.17948717948717946,-0.17948717948717946,-0.1923076923076923,0.17948717948717946,0.0,0.17948717948717946,0.17948717948717946,0.17948717948717946,0.17948717948717946,0.17948717948717946
2014-12-17,-0.1923076923076923,0.0,-0.17948717948717946,-0.17948717948717946,-0.17948717948717946,-0.1923076923076923,0.17948717948717946,0.0,0.17948717948717946,0.17948717948717946,0.17948717948717946,0.17948717948717946,0.17948717948717946
2014-12-18,-0.1923076923076923,0.0,-0.17948717948717946,-0.17948717948717946,-0.17948717948717946,-0.1923076923076923,0.17948717948717946,0.0,0.17948717948717946,0.17948717948717946,0.17948717948717946,0.17948717948717946,0.17948717948717946
2014-12-19,-0.1923076923076923,0.0,-0.17948717948717946,-0.17948717948717946,-0.17948717948717946,-0.1923076923076923,0.17948717948717946,0.0,0.17948717948717946,0.17948717948717946,0.17948717948717946,0.17948717948717946,0.17948717948717946
2014-12-22,-0.1923076923076923,0.0,-0.17948717948717946,-0.17948717948717946,-0.17948717948717946,-0.1923076923076923,0.17948717948717946,0.0,0.17948717948717946,0.17948717948717946,0.17948717948717946,0.17948717948717946,0.17948717948717946
2014-12-23,-0.1923076923076923,0.0,-0.17948717948717946,-0.17948717948717946,-0.17948717948717946,-0.1923076923076923,0.17948717948717946,0.0,0.17948717948717946,0.17948717948717946,0.17948717948717946,0.17948717948717946,0.17948717948717946
2014-12-24,-0.1923076923076923,0.0,-0.17948717948717946,-0.17948717948717946,-0.17948717948717946,-0.1923076923076923,0.17948717948717946,0.0,0.17948717948717946,0.17948717948717946,0.17948717948717946,0.17948717948717946,0.17948717948717946
2014-12-26,-0.1923076923076923,0.0,-0.17948717948717946,-0.17948717948717946,-0.17948717948717946,-0.1923076923076923,0.17948717948717946,0.0,0.17948717948717946,0.17948717948717946,0.17948717948717946,0.17948717948717946,0.17948717948717946
2014-12-29,-0.1923076923076923,0.0,-0.17948717948717946,-0.17948717948717946,-0.17948717948717946,-0.1923076923076923,0.17948717948717946,0.0,0.17948717948717946,0.17948717948717946,0.17948717948717946,0.17948717948717946,0.17948717948717946
2014-12-30,-0.1923076923076923,0.0,-0.17948717948717946,-0.17948717948717946,-0.17948717948717946,-0.1923076923076923,0.17948717948717946,0.0,0.17948717948717946,0.17948717948717946,0.17948717948717946,0.17948717948717946,0.17948717948717946
2014-12-31,-0.1949918296908454,-0.028380385454430373,-0.1529272201237262,-0.18199237437812235,-0.18199237437812235,-0.16707680090605312,0.18199237437812235,0.028904307816759133,0.1678826048697257,0.18199237437812235,0.1678826048697257,0.18199237437812235,0.18199237437812235
2015-01-02,-0.1976759670739985,-0.05676077090886073,-0.12636726076027294,-0.18449756926906527,-0.18449756926906527,-0.14184590950441395,0.18449756926906527,0.05780861563351825,0.15627803025227194,0.18449756926906527,0.15627803025227194,0.18449756926906527,0.18449756926906527
2015-01-05,-0.2001271002126591,-0.08267751560007255,-0.10211291485165795,-0.18678529353181517,-0.18678529353181517,-0.11880525800100397,0.18678529353181517,0.08420380210362323,0.14568082402004587,0.18678529353181517,0.14568082402004587,0.18678529353181517,0.18678529353181517
2015-01-06,-0.2001271002126591,-0.08267751560007255,-0.10211291485165795,-0.18678529353181517,-0.18678529353181517,-0.11880525800100397,0.18678529353181517,0.08420380210362323,0.14568082402004587,0.18678529353181517,0.14568082402004587,0.18678529353181517,0.18678529353181517
2015-01-07,-0.2001271002126591,-0.08267751560007255,-0.10211291485165795,-0.18678529353181517,-0.18678529353181517,-0.11880525800100397,0.18678529353181517,0.08420380210362323,0.14568082402004587,0.18678529353181517,0.14568082402004587,0.18678529353181517,0.18678529353181517
2015-01-08,-0.2001271002126591,-0.08267751560007255,-0.10211291485165795,-0.18678529353181517,-0.18678529353181517,-0.11880525800100397,0.18678529353181517,0.08420380210362323,0.14568082402004587,0.18678529353181517,0.14568082402004587,0.18678529353181517,0.18678529353181517
2015-01-09,-0.2001271002126591,-0.08267751560007255,-0.10211291485165795,-0.18678529353181517,-0.18678529353181517,-0.11880525800100397,0.18678529353181517,0.08420380210362323,0.14568082402004587,0.18678529353181517,0.14568082402004587,0.18678529353181517,0.18678529353181517
2015-01-12,-0.2001271002126591,-0.08267751560007255,-0.10211291485165795,-0.18678529353181517,-0.18678529353181517,-0.11880525800100397,0.18678529353181517,0.08420380210362323,0.14568082402004587,0.18678529353181517,0.14568082402004587,0.18678529353181517,0.18678529353181517
2015-01-13,-0.2001271002126591,-0.08267751560007255,-0.10211291485165795,-0.18678529353181517,-0.18678529353181517,-0.11880525800100397,0.18678529353181517,0.08420380210362323,0.14568082402004587,0.18678529353181517,0.14568082402004587,0.18678529353181517,0.18678529353181517
2015-01-14,-0.2001271002126591,-0.08267751560007255,-0.10211291485165795,-0.18678529353181517,-0.18678529353181517,-0.11880525800100397,0.18678529353181517,0.08420380210362323,0.14568082402004587,0.18678529353181517,0.14568082402004587,0.18678529353181517,0.18678529353181517
2015-01-15,-0.2001271002126591,-0.08267751560007255,-0.10211291485165795,-0.18678529353181517,-0.18678529353181517,-0.11880525800100397,0.18678529353181517,0.08420380210362323,0.14568082402004587,0.18678529353181517,0.14568082402004587,0.18678529353181517,0.18678529353181517
2015-01-16,-0.2001271002126591,-0.08267751560007255,-0.10211291485165795,-0.18678529353181517,-0.18678529353181517,-0.11880525800100397,0.18678529353181517,0.08420380210362323,0.14568082402004587,0.18678529353181517,0.14568082402004587,0.18678529353181517,0.18678529353181517
2015-01-20,-0.2001271002126591,-0.08267751560007255,-0.10211291485165795,-0.18678529353181517,-0.18678529353181517,-0.11880525800100397,0.18678529353181517,0.08420380210362323,0.14568082402004587,0.18678529353181517,0.14568082402004587,0.18678529353181517,0.18678529353181517
2015-01-21,-0.2001271002126591,-0.08267751560007255,-0.10211291485165795,-0.18678529353181517,-0.18678529353181517,-0.11880525800100397,0.18678529353181517,0.08420380210362323,0.14568082402004587,0.18678529353181517,0.14568082402004587,0.18678529353181517,0.18678529353181517
2015-01-22,-0.2001271002126591,-0.08267751560007255,-0.10211291485165795,-0.18678529353181517,-0.18678529353181517,-0.11880525800100397,0.18678529353181517,0.08420380210362323,0.14568082402004587,0.18678529353181517,0.14568082402004587,0.18678529353181517,0.18678529353181517
2015-01-23,-0.2001271002126591,-0.08267751560007255,-0.10211291485165795,-0.18678529353181517,-0.18678529353181517,-0.11880525800100397,0.18678529353181517,0.08420380210362323,0.14568082402004587,0.18678529353181517,0.14568082402004587,0.18678529353181517,0.18678529353181517
2015-01-26,-0.2001271002126591,-0.08267751560007255,-0.10211291485165795,-0.18678529353181517,-0.18678529353181517,-0.11880525800100397,0.18678529353181517,0.08420380210362323,0.14568082402004587,0.18678529353181517,0.14568082402004587,0.18678529353181517,0.18678529353181517
2015-01-27,-0.2001271002126591,-0.08267751560007255,-0.10211291485165795,-0.18678529353181517,-0.18678529353181517,-0.11880525800100397,0.18678529353181517,0.08420380210362323,0.14568082402004587,0.18678529353181517,0.14568082402004587,0.18678529353181517,0.18678529353181517
2015-01-28,-0.2001271002126591,-0.08267751560007255,-0.10211291485165795,-0.18678529353181517,-0.18678529353181517,-0.11880525800100397,0.18678529353181517,0.08420380210362323,0.14568082402004587,0.18678529353181517,0.14568082402004587,0.18678529353181517,0.18678529353181517
2015-01-29,-0.2001271002126591,-0.08267751560007255,-0.10211291485165795,-0.18678529353181517,-0.18678529353181517,-0.11880525800100397,0.18678529353181517,0.08420380210362323,0.14568082402004587,0.18678529353181517,0.14568082402004587,0.18678529353181517,0.18678529353181517
2015-01-30,-0.2001271002126591,-0.08267751560007255,-0.10211291485165795,-0.18678529353181517,-0.18678529353181517,-0.11880525800100397,0.18678529353181517,0.08420380210362323,0.14568082402004587,0.18678529353181517,0.14568082402004587,0.18678529353181517,0.18678529353181517
2015-02-02,-0.2001271002126591,-0.08267751560007255,-0.10211291485165795,-0.18678529353181517,-0.18678529353181517,-0.11880525800100397,0.18678529353181517,0.08420380210362323,0.14568082402004587,0.18678529353181517,0.14568082402004587,0.18678529353181517,0.18678529353181517
2015-02-03,-0.2001271002126591,-0.08267751560007255,-0.10211291485165795,-0.18678529353181517,-0.18678529353181517,-0.11880525800100397,0.18678529353181517,0.08420380210362323,0.14568082402004587,0.18678529353181517,0.14568082402004587,0.18678529353181517,0.18678529353181517
2015-02-04,-0.2001271002126591,-0.08267751560007255,-0.10211291485165795,-0.18678529353181517,-0.18678529353181517,-0.11880525800100397,0.18678529353181517,0.08420380210362323,0.14568082402004587,0.18678529353181517,0.14568082402004587,0.18678529353181517,0.18678529353181517
2015-02-05,-0.2001271002126591,-0.08267751560007255,-0.10211291485165795,-0.18678529353181517,-0.18678529353181517,-0.11880525800100397,0.18678529353181517,0.08420380210362323,0.14568082402004587,0.18678529353181517,0.14568082402004587,0.18678529353181517,0.18678529353181517
2015-02-06,-0.2001271002126591,-0.08267751560007255,-0.10211291485165795,-0.18678529353181517,-0.18678529353181517,-0.11880525800100397,0.18678529353181517,0.08420380210362323,0.14568082402004587,0.18678529353181517,0.14568082402004587,0.18678529353181517,0.18678529353181517
2015-02-09,-0.2001271002126591,-0.08267751560007255,-0.10211291485165795,-0.18678529353181517,-0.18678529353181517,-0.11880525800100397,0.18678529353181517,0.08420380210362323,0.14568082402004587,0.18678529353181517,0.14568082402004587,0.18678529353181517,0.18678529353181517
2015-02-10,-0.2001271002126591,-0.08267751560007255,-0.10211291485165795,-0.18678529353181517,-0.18678529353181517,-0.11880525800100397,0.18678529353181517,0.08420380210362323,0.14568082402004587,0.18678529353181517,0.14568082402004587,0.18678529353181517,0.18678529353181517
2015-02-11,-0.2001271002126591,-0.08267751560007255,-0.10211291485165795,-0.18678529353181517,-0.18678529353181517,-0.11880525800100397,0.18678529353181517,0.08420380210362323,0.14568082402004587,0.18678529353181517,0.14568082402004587,0.18678529353181517,0.18678529353181517
2015-02-12,-0.2001271002126591,-0.08267751560007255,-0.10211291485165795,-0.18678529353181517,-0.18678529353181517,-0.11880525800100397,0.18678529353181517,0.08420380210362323,0.14568082402004587,0.18678529353181517,0.14568082402004587,0.18678529353181517,0.18678529353181517
2015-02-13,-0.2001271002126591,-0.08267751560007255,-0.10211291485165795,-0.18678529353181517,-0.18678529353181517,-0.11880525800100397,0.18678529353181517,0.08420380210362323,0.14568082402004587,0.18678529353181517,0.14568082402004587,0.18678529353181517,0.18678529353181517
2015-02-17,-0.2001271002126591,-0.08267751560007255,-0.10211291485165795,-0.18678529353181517,-0.18678529353181517,-0.11880525800100397,0.18678529353181517,0.08420380210362323,0.14568082402004587,0.18678529353181517,0.14568082402004587,0.18678529353181517,0.18678529353181517
2015-02-18,-0.2001271002126591,-0.08267751560007255,-0.10211291485165795,-0.18678529353181517,-0.18678529353181517,-0.11880525800100397,0.18678529353181517,0.08420380210362323,0.14568082402004587,0.18678529353181517,0.14568082402004587,0.18678529353181517,0.18678529353181517
2015-02-19,-0.2001271002126591,-0.08267751560007255,-0.10211291485165795,-0.18678529353181517,-0.18678529353181517,-0.11880525800100397,0.18678529353181517,0.08420380210362323,0.14568082402004587,0.18678529353181517,0.14568082402004587,0.18678529353181517,0.18678529353181517
2015-02-20,-0.2001271002126591,-0.08267751560007255,-0.10211291485165795,-0.18678529353181517,-0.18678529353181517,-0.11880525800100397,0.18678529353181517,0.08420380210362323,0.14568082402004587,0.18678529353181517,0.14568082402004587,0.18678529353181517,0.18678529353181517
2015-02-23,-0.2001271002126591,-0.08267751560007255,-0.10211291485165795,-0.18678529353181517,-0.18678529353181517,-0.11880525800100397,0.18678529353181517,0.08420380210362323,0.14568082402004587,0.18678529353181517,0.14568082402004587,0.18678529353181517,0.18678529353181517
2015-02-24,-0.2001271002126591,-0.08267751560007255,-0.10211291485165795,-0.18678529353181517,-0.18678529353181517,-0.11880525800100397,0.18678529353181517,0.08420380210362323,0.14568082402004587,0.18678529353181517,0.14568082402004587,0.18678529353181517,0.18678529353181517
2015-02-25,-0.2001271002126591,-0.08267751560007255,-0.10211291485165795,-0.18678529353181517,-0.18678529353181517,-0.11880525800100397,0.18678529353181517,0.08420380210362323,0.14568082402004587,0.18678529353181517,0.14568082402004587,0.18678529353181517,0.18678529353181517
2015-02-26,-0.2001271002126591,-0.08267751560007255,-0.10211291485165795,-0.18678529353181517,-0.18678529353181517,-0.11880525800100397,0.18678529353181517,0.08420380210362323,0.14568082402004587,0.18678529353181517,0.14568082402004587,0.18678529353181517,0.18678529353181517
2015-02-27,-0.2001271002126591,-0.08267751560007255,-0.10211291485165795,-0.18678529353181517,-0.18678529353181517,-0.11880525800100397,0.18678529353181517,0.08420380210362323,0.14568082402004587,0.18678529353181517,0.14568082402004587,0.18678529353181517,0.18678529353181517
2015-03-02,-0.2001271002126591,-0.08267751560007255,-0.10211291485165795,-0.18678529353181517,-0.18678529353181517,-0.11880525800100397,0.18678529353181517,0.08420380210362323,0.14568082402004587,0.18678529353181517,0.14568082402004587,0.18678529353181517,0.18678529353181517
2015-03-03,-0.2001271002126591,-0.08267751560007255,-0.10211291485165795,-0.18678529353181517,-0.18678529353181517,-0.11880525800100397,0.18678529353181517,0.08420380210362323,0.14568082402004587,0.18678529353181517,0.14568082402004587,0.18678529353181517,0.18678529353181517
2015-03-04,-0.2001271002126591,-0.08267751560007255,-0.10211291485165795,-0.18678529353181517,-0.18678529353181517,-0.11880525800100397,0.18678529353181517,0.08420380210362323,0.14568082402004587,0.18678529353181517,0.14568082402004587,0.18678529353181517,0.18678529353181517
2015-03-05,-0.2001271002126591,-0.08267751560007255,-0.10211291485165795,-0.18678529353181517,-0.18678529353181517,-0.11880525800100397,0.18678529353181517,0.08420380210362323,0.14568082402004587,0.18678529353181517,0.14568082402004587,0.18678529353181517,0.18678529353181517
2015-03-06,-0.2001271002126591,-0.08267751560007255,-0.10211291485165795,-0.18678529353181517,-0.18678529353181517,-0.11880525800100397,0.18678529353181517,0.08420380210362323,0.14568082402004587,0.18678529353181517,0.14568082402004587,0.18678529353181517,0.18678529353181517
2015-03-09,-0.2001271002126591,-0.08267751560007255,-0.10211291485165795,-0.18678529353181517,-0.18678529353181517,-0.11880525800100397,0.18678529353181517,0.08420380210362323,0.14568082402004587,0.18678529353181517,0.14568082402004587,0.18678529353181517,0.18678529353181517
2015-03-10,-0.2001271002126591,-0.08267751560007255,-0.10211291485165795,-0.18678529353181517,-0.18678529353181517,-0.11880525800100397,0.18678529353181517,0.08420380210362323,0.14568082402004587,0.18678529353181517,0.14568082402004587,0.18678529353181517,0.18678529353181517
2015-03-11,-0.2001271002126591,-0.08267751560007255,-0.10211291485165795,-0.18678529353181517,-0.18678529353181517,-0.11880525800100397,0.18678529353181517,0.08420380210362323,0.14568082402004587,0.18678529353181517,0.14568082402004587,0.18678529353181517,0.18678529353181517
2015-03-12,-0.2001271002126591,-0.08267751560007255,-0.10211291485165795,-0.18678529353181517,-0.18678529353181517,-0.11880525800100397,0.18678529353181517,0.08420380210362323,0.14568082402004587,0.18678529353181517,0.14568082402004587,0.18678529353181517,0.18678529353181517
2015-03-13,-0.2001271002126591,-0.08267751560007255,-0.10211291485165795,-0.18678529353181517,-0.18678529353181517,-0.11880525800100397,0.18678529353181517,0.08420380210362323,0.14568082402004587,0.18678529353181517,0.14568082402004587,0.18678529353181517,0.18678529353181517
2015-03-16,-0.2001271002126591,-0.08267751560007255,-0.10211291485165795,-0.18678529353181517,-0.18678529353181517,-0.11880525800100397,0.18678529353181517,0.08420380210362323,0.14568082402004587,0.18678529353181517,0.14568082402004587,0.18678529353181517,0.18678529353181517
2015-03-17,-0.2001271002126591,-0.08267751560007255,-0.10211291485165795,-0.18678529353181517,-0.18678529353181517,-0.11880525800100397,0.18678529353181517,0.08420380210362323,0.14568082402004587,0.18678529353181517,0.14568082402004587,0.18678529353181517,0.18678529353181517
2015-03-18,-0.2001271002126591,-0.08267751560007255,-0.10211291485165795,-0.18678529353181517,-0.18678529353181517,-0.11880525800100397,0.18678529353181517,0.08420380210362323,0.14568082402004587,0.18678529353181517,0.14568082402004587,0.18678529353181517,0.18678529353181517
2015-03-19,-0.2001271002126591,-0.08267751560007255,-0.10211291485165795,-0.18678529353181517,-0.18678529353181517,-0.11880525800100397,0.18678529353181517,0.08420380210362323,0.14568082402004587,0.18678529353181517,0.14568082402004587,0.18678529353181517,0.18678529353181517
2015-03-20,-0.2001271002126591,-0.08267751560007255,-0.10211291485165795,-0.18678529353181517,-0.18678529353181517,-0.11880525800100397,0.18678529353181517,0.08420380210362323,0.14568082402004587,0.18678529353181517,0.14568082402004587,0.18678529353181517,0.18678529353181517
2015-03-23,-0.2001271002126591,-0.08267751560007255,-0.10211291485165795,-0.18678529353181517,-0.18678529353181517,-0.11880525800100397,0.18678529353181517,0.08420380210362323,0.14568082402004587,0.18678529353181517,0.14568082402004587,0.18678529353181517,0.18678529353181517
2015-03-24,-0.2001271002126591,-0.08267751560007255,-0.10211291485165795,-0.18678529353181517,-0.18678529353181517,-0.11880525800100397,0.18678529353181517,0.08420380210362323,0.14568082402004587,0.18678529353181517,0.14568082402004587,0.18678529353181517,0.18678529353181517
2015-03-25,-0.2001271002126591,-0.08267751560007255,-0.10211291485165795,-0.18678529353181517,-0.18678529353181517,-0.11880525800100397,0.18678529353181517,0.08420380210362323,0.14568082402004587,0.18678529353181517,0.14568082402004587,0.18678529353181517,0.18678529353181517
2015-03-26,-0.2001271002126591,-0.08267751560007255,-0.10211291485165795,-0.18678529353181517,-0.18678529353181517,-0.11880525800100397,0.18678529353181517,0.08420380210362323,0.14568082402004587,0.18678529353181517,0.14568082402004587,0.18678529353181517,0.18678529353181517
2015-03-27,-0.2001271002126591,-0.08267751560007255,-0.10211291485165795,-0.18678529353181517,-0.18678529353181517,-0.11880525800100397,0.18678529353181517,0.08420380210362323,0.14568082402004587,0.18678529353181517,0.14568082402004587,0.18678529353181517,0.18678529353181517
2015-03-30,-0.2001271002126591,-0.08267751560007255,-0.10211291485165795,-0.18678529353181517,-0.18678529353181517,-0.11880525800100397,0.18678529353181517,0.08420380210362323,0.14568082402004587,0.18678529353181517,0.14568082402004587,0.18678529353181517,0.18678529353181517
2015-03-31,-0.20094487105543452,-0.05256087050509174,-0.03332012560821465,-0.18754854631840553,-0.18754854631840553,-0.11111821207891565,0.18754854631840553,0.11180189051235166,0.15088489590426674,0.18754854631840553,0.15088489590426674,0.18754854631840553,0.18754854631840553
2015-04-01,-0.2017626418982099,-0.022444225410110926,0.03547266363522868,-0.18831179910499588,-0.18831179910499588,-0.10343116615682729,0.18831179910499588,0.13939997892108008,0.15608896778848758,0.18831179910499588,0.15608896778848758,0.18831179910499588,0.18831179910499588
2015-04-02,-0.20237208007006408,0.0,0.08674002304729735,-0.1888806080653931,-0.1888806080653931,-0.09770244734139792,0.1888806080653931,0.15996726704962735,0.15996726704962735,0.1888806080653931,0.15996726704962735,0.1888806080653931,0.1888806080653931
2015-04-06,-0.20237208007006408,0.0,0.08674002304729735,-0.1888806080653931,-0.1888806080653931,-0.09770244734139792,0.1888806080653931,0.15996726704962735,0.15996726704962735,0.1888806080653931,0.15996726704962735,0.1888806080653931,0.1888806080653931
2015-04-07,-0.20237208007006408,0.0,0.08674002304729735,-0.1888806080653931,-0.1888806080653931,-0.09770244734139792,0.1888806080653931,0.15996726704962735,0.15996726704962735,0.1888806080653931,0.15996726704962735,0.1888806080653931,0.1888806080653931
2015-04-08,-0.20237208007006408,0.0,0.08674002304729735,-0.1888806080653931,-0.1888806080653931,-0.09770244734139792,0.1888806080653931,0.15996726704962735,0.15996726704962735,0.1888806080653931,0.15996726704962735,0.1888806080653931,0.1888806080653931
2015-04-09,-0.20237208007006408,0.0,0.08674002304729735,-0.1888806080653931,-0.1888806080653931,-0.09770244734139792,0.1888806080653931,0.15996726704962735,0.15996726704962735,0.1888806080653931,0.15996726704962735,0.1888806080653931,0.1888806080653931
2015-04-10,-0.20237208007006408,0.0,0.08674002304729735,-0.1888806080653931,-0.1888806080653931,-0.09770244734139792,0.1888806080653931,0.15996726704962735,0.15996726704962735,0.1888806080653931,0.15996726704962735,0.1888806080653931,0.1888806080653931
2015-04-13,-0.20237208007006408,0.0,0.08674002304729735,-0.1888806080653931,-0.1888806080653931,-0.09770244734139792,0.1888806080653931,0.15996726704962735,0.15996726704962735,0.1888806080653931,0.15996726704962735,0.1888806080653931,0.1888806080653931
2015-04-14,-0.20237208007006408,0.0,0.08674002304729735,-0.1888806080653931,-0.1888806080653931,-0.09770244734139792,0.1888806080653931,0.15996726704962735,0.15996726704962735,0.1888806080653931,0.15996726704962735,0.1888806080653931,0.1888806080653931
2015-04-15,-0.20237208007006408,0.0,0.08674002304729735,-0.1888806080653931,-0.1888806080653931,-0.09770244734139792,0.1888806080653931,0.15996726704962735,0.15996726704962735,0.1888806080653931,0.15996726704962735,0.1888806080653931,0.1888806080653931
2015-04-16,-0.20237208007006408,0.0,0.08674002304729735,-0.1888806080653931,-0.1888806080653931,-0.09770244734139792,0.1888806080653931,0.15996726704962735,0.15996726704962735,0.1888806080653931,0.15996726704962735,0.1888806080653931,0.1888806080653931
2015-04-17,-0.20237208007006408,0.0,0.08674002304729735,-0.1888806080653931,-0.1888806080653931,-0.09770244734139792,0.1888806080653931,0.15996726704962735,0.15996726704962735,0.1888806080653931,0.15996726704962735,0.1888806080653931,0.1888806080653931
2015-04-20,-0.20237208007006408,0.0,0.08674002304729735,-0.1888806080653931,-0.1888806080653931,-0.09770244734139792,0.1888806080653931,0.15996726704962735,0.15996726704962735,0.1888806080653931,0.15996726704962735,0.1888806080653931,0.1888806080653931
2015-04-21,-0.20237208007006408,0.0,0.08674002304729735,-0.1888806080653931,-0.1888806080653931,-0.09770244734139792,0.1888806080653931,0.15996726704962735,0.15996726704962735,0.1888806080653931,0.15996726704962735,0.1888806080653931,0.1888806080653931
2015-04-22,-0.20237208007006408,0.0,0.08674002304729735,-0.1888806080653931,-0.1888806080653931,-0.09770244734139792,0.1888806080653931,0.15996726704962735,0.15996726704962735,0.1888806080653931,0.15996726704962735,0.1888806080653931,0.1888806080653931
2015-04-23,-0.20237208007006408,0.0,0.08674002304729735,-0.1888806080653931,-0.1888806080653931,-0.09770244734139792,0.1888806080653931,0.15996726704962735,0.15996726704962735,0.1888806080653931,0.15996726704962735,0.1888806080653931,0.1888806080653931
2015-04-24,-0.20237208007006408,0.0,0.08674002304729735,-0.1888806080653931,-0.1888806080653931,-0.09770244734139792,0.1888806080653931,0.15996726704962735,0.15996726704962735,0.1888806080653931,0.15996726704962735,0.1888806080653931,0.1888806080653931
2015-04-27,-0.20237208007006408,0.0,0.08674002304729735,-0.1888806080653931,-0.1888806080653931,-0.09770244734139792,0.1888806080653931,0.15996726704962735,0.15996726704962735,0.1888806080653931,0.15996726704962735,0.1888806080653931,0.1888806080653931
2015-04-28,-0.20237208007006408,0.0,0.08674002304729735,-0.1888806080653931,-0.1888806080653931,-0.09770244734139792,0.1888806080653931,0.15996726704962735,0.15996726704962735,0.1888806080653931,0.15996726704962735,0.1888806080653931,0.1888806080653931
2015-04-29,-0.20237208007006408,0.0,0.08674002304729735,-0.1888806080653931,-0.1888806080653931,-0.09770244734139792,0.1888806080653931,0.15996726704962735,0.15996726704962735,0.1888806080653931,0.15996726704962735,0.1888806080653931,0.1888806080653931
2015-04-30,-0.17973575517314697,0.02608518397632259,0.09633915612955046,-0.1876653268449625,-0.1876653268449625,-0.13127630322219025,0.19175152159570905,0.14685721347633818,0.14685721347633818,0.19175152159570905,0.14685721347633818,0.17949293734346944,0.1876653268449625
2015-05-01,-0.15709943027622986,0.05217036795264518,0.10593828921180357,-0.1864500456245319,-0.1864500456245319,-0.16485015910298256,0.19462243512602498,0.133747159903049,0.133747159903049,0.19462243512602498,0.133747159903049,0.1701052666215458,0.1864500456245319
2015-05-04,-0.13446310537931278,0.07825555192896777,0.11553742229405668,-0.1852347644041013,-0.1852347644041013,-0.1984240149837749,0.1974933486563409,0.12063710632975982,0.12063710632975982,0.1974933486563409,0.12063710632975982,0.16071759589962212,0.1852347644041013
2015-05-05,-0.13443597236686983,0.07828681891354362,0.11554892828712526,-0.185233307708254,-0.185233307708254,-0.1984642582588436,0.19749678987451105,0.1206213919746977,0.1206213919746977,0.19749678987451105,0.1206213919746977,0.1607063433757399,0.185233307708254
2015-05-06,-0.13443597236686983,0.07828681891354362,0.11554892828712526,-0.185233307708254,-0.185233307708254,-0.1984642582588436,0.19749678987451105,0.1206213919746977,0.1206213919746977,0.19749678987451105,0.1206213919746977,0.1607063433757399,0.185233307708254
2015-05-07,-0.13443597236686983,0.07828681891354362,0.11554892828712526,-0.185233307708254,-0.185233307708254,-0.1984642582588436,0.19749678987451105,0.1206213919746977,0.1206213919746977,0.19749678987451105,0.1206213919746977,0.1607063433757399,0.185233307708254
2015-05-08,-0.13443597236686983,0.07828681891354362,0.11554892828712526,-0.185233307708254,-0.185233307708254,-0.1984642582588436,0.19749678987451105,0.1206213919746977,0.1206213919746977,0.19749678987451105,0.1206213919746977,0.1607063433757399,0.185233307708254
2015-05-11,-0.13443597236686983,0.07828681891354362,0.11554892828712526,-0.185233307708254,-0.185233307708254,-0.1984642582588436,0.19749678987451105,0.1206213919746977,0.1206213919746977,0.19749678987451105,0.1206213919746977,0.1607063433757399,0.185233307708254
2015-05-12,-0.13443597236686983,0.07828681891354362,0.11554892828712526,-0.185233307708254,-0.185233307708254,-0.1984642582588436,0.19749678987451105,0.1206213919746977,0.1206213919746977,0.19749678987451105,0.1206213919746977,0.1607063433757399,0.185233307708254
2015-05-13,-0.13443597236686983,0.07828681891354362,0.11554892828712526,-0.185233307708254,-0.185233307708254,-0.1984642582588436,0.19749678987451105,0.1206213919746977,0.1206213919746977,0.19749678987451105,0.1206213919746977,0.1607063433757399,0.185233307708254
2015-05-14,-0.13443597236686983,0.07828681891354362,0.11554892828712526,-0.185233307708254,-0.185233307708254,-0.1984642582588436,0.19749678987451105,0.1206213919746977,0.1206213919746977,0.19749678987451105,0.1206213919746977,0.1607063433757399,0.185233307708254
2015-05-15,-0.13443597236686983,0.07828681891354362,0.11554892828712526,-0.185233307708254,-0.185233307708254,-0.1984642582588436,0.19749678987451105,0.1206213919746977,0.1206213919746977,0.19749678987451105,0.1206213919746977,0.1607063433757399,0.185233307708254
2015-05-18,-0.13443597236686983,0.07828681891354362,0.11554892828712526,-0.185233307708254,-0.185233307708254,-0.1984642582588436,0.19749678987451105,0.1206213919746977,0.1206213919746977,0.19749678987451105,0.1206213919746977,0.1607063433757399,0.185233307708254
2015-05-19,-0.13443597236686983,0.07828681891354362,0.11554892828712526,-0.185233307708254,-0.185233307708254,-0.1984642582588436,0.19749678987451105,0.1206213919746977,0.1206213919746977,0.19749678987451105,0.1206213919746977,0.1607063433757399,0.185233307708254
2015-05-20,-0.13443597236686983,0.07828681891354362,0.11554892828712526,-0.185233307708254,-0.185233307708254,-0.1984642582588436,0.19749678987451105,0.1206213919746977,0.1206213919746977,0.19749678987451105,0.1206213919746977,0.1607063433757399,0.185233307708254
2015-05-21,-0.13443597236686983,0.07828681891354362,0.11554892828712526,-0.185233307708254,-0.185233307708254,-0.1984642582588436,0.19749678987451105,0.1206213919746977,0.1206213919746977,0.19749678987451105,0.1206213919746977,0.1607063433757399,0.185233307708254
2015-05-22,-0.13443597236686983,0.07828681891354362,0.11554892828712526,-0.185233307708254,-0.185233307708254,-0.1984642582588436,0.19749678987451105,0.1206213919746977,0.1206213919746977,0.19749678987451105,0.1206213919746977,0.1607063433757399,0.185233307708254
2015-05-26,-0.13443597236686983,0.07828681891354362,0.11554892828712526,-0.185233307708254,-0.185233307708254,-0.1984642582588436,0.19749678987451105,0.1206213919746977,0.1206213919746977,0.19749678987451105,0.1206213919746977,0.1607063433757399,0.185233307708254
2015-05-27,-0.13443597236686983,0.07828681891354362,0.11554892828712526,-0.185233307708254,-0.185233307708254,-0.1984642582588436,0.19749678987451105,0.1206213919746977,0.1206213919746977,0.19749678987451105,0.1206213919746977,0.1607063433757399,0.185233307708254
2015-05-28,-0.13443597236686983,0.07828681891354362,0.11554892828712526,-0.185233307708254,-0.185233307708254,-0.1984642582588436,0.19749678987451105,0.1206213919746977,0.1206213919746977,0.19749678987451105,0.1206213919746977,0.1607063433757399,0.185233307708254
2015-05-29,-0.13443597236686983,0.07828681891354362,0.11554892828712526,-0.185233307708254,-0.185233307708254,-0.1984642582588436,0.19749678987451105,0.1206213919746977,0.1206213919746977,0.19749678987451105,0.1206213919746977,0.1607063433757399,0.185233307708254
2015-06-01,-0.13443597236686983,0.07828681891354362,0.11554892828712526,-0.185233307708254,-0.185233307708254,-0.1984642582588436,0.19749678987451105,0.1206213919746977,0.1206213919746977,0.19749678987451105,0.1206213919746977,0.1607063433757399,0.185233307708254
2015-06-02,-0.13443597236686983,0.07828681891354362,0.11554892828712526,-0.185233307708254,-0.185233307708254,-0.1984642582588436,0.19749678987451105,0.1206213919746977,0.1206213919746977,0.19749678987451105,0.1206213919746977,0.1607063433757399,0.185233307708254
2015-06-03,-0.13443597236686983,0.07828681891354362,0.11554892828712526,-0.185233307708254,-0.185233307708254,-0.1984642582588436,0.19749678987451105,0.1206213919746977,0.1206213919746977,0.19749678987451105,0.1206213919746977,0.1607063433757399,0.185233307708254
2015-06-04,-0.13443597236686983,0.07828681891354362,0.11554892828712526,-0.185233307708254,-0.185233307708254,-0.1984642582588436,0.19749678987451105,0.1206213919746977,0.1206213919746977,0.19749678987451105,0.1206213919746977,0.1607063433757399,0.185233307708254
2015-06-05,-0.13443597236686983,0.07828681891354362,0.11554892828712526,-0.185233307708254,-0.185233307708254,-0.1984642582588436,0.19749678987451105,0.1206213919746977,0.1206213919746977,0.19749678987451105,0.1206213919746977,0.1607063433757399,0.185233307708254
2015-06-08,-0.13443597236686983,0.07828681891354362,0.11554892828712526,-0.185233307708254,-0.185233307708254,-0.1984642582588436,0.19749678987451105,0.1206213919746977,0.1206213919746977,0.19749678987451105,0.1206213919746977,0.1607063433757399,0.185233307708254
2015-06-09,-0.13443597236686983,0.07828681891354362,0.11554892828712526,-0.185233307708254,-0.185233307708254,-0.1984642582588436,0.19749678987451105,0.1206213919746977,0.1206213919746977,0.19749678987451105,0.1206213919746977,0.1607063433757399,0.185233307708254
2015-06-10,-0.13443597236686983,0.07828681891354362,0.11554892828712526,-0.185233307708254,-0.185233307708254,-0.1984642582588436,0.19749678987451105,0.1206213919746977,0.1206213919746977,0.19749678987451105,0.1206213919746977,0.1607063433757399,0.185233307708254
2015-06-11,-0.13443597236686983,0.07828681891354362,0.11554892828712526,-0.185233307708254,-0.185233307708254,-0.1984642582588436,0.19749678987451105,0.1206213919746977,0.1206213919746977,0.19749678987451105,0.1206213919746977,0.1607063433757399,0.185233307708254
2015-06-12,-0.13443597236686983,0.07828681891354362,0.11554892828712526,-0.185233307708254,-0.185233307708254,-0.1984642582588436,0.19749678987451105,0.1206213919746977,0.1206213919746977,0.19749678987451105,0.1206213919746977,0.1607063433757399,0.185233307708254
2015-06-15,-0.13443597236686983,0.07828681891354362,0.11554892828712526,-0.185233307708254,-0.185233307708254,-0.1984642582588436,0.19749678987451105,0.1206213919746977,0.1206213919746977,0.19749678987451105,0.1206213919746977,0.1607063433757399,0.185233307708254
2015-06-16,-0.13443597236686983,0.07828681891354362,0.11554892828712526,-0.185233307708254,-0.185233307708254,-0.1984642582588436,0.19749678987451105,0.1206213919746977,0.1206213919746977,0.19749678987451105,0.1206213919746977,0.1607063433757399,0.185233307708254
2015-06-17,-0.13443597236686983,0.07828681891354362,0.11554892828712526,-0.185233307708254,-0.185233307708254,-0.1984642582588436,0.19749678987451105,0.1206213919746977,0.1206213919746977,0.19749678987451105,0.1206213919746977,0.1607063433757399,0.185233307708254
2015-06-18,-0.13443597236686983,0.07828681891354362,0.11554892828712526,-0.185233307708254,-0.185233307708254,-0.1984642582588436,0.19749678987451105,0.1206213919746977,0.1206213919746977,0.19749678987451105,0.1206213919746977,0.1607063433757399,0.185233307708254
2015-06-19,-0.13443597236686983,0.07828681891354362,0.11554892828712526,-0.185233307708254,-0.185233307708254,-0.1984642582588436,0.19749678987451105,0.1206213919746977,0.1206213919746977,0.19749678987451105,0.1206213919746977,0.1607063433757399,0.185233307708254
2015-06-22,-0.13443597236686983,0.07828681891354362,0.11554892828712526,-0.185233307708254,-0.185233307708254,-0.1984642582588436,0.19749678987451105,0.1206213919746977,0.1206213919746977,0.19749678987451105,0.1206213919746977,0.1607063433757399,0.185233307708254
2015-06-23,-0.13443597236686983,0.07828681891354362,0.11554892828712526,-0.185233307708254,-0.185233307708254,-0.1984642582588436,0.19749678987451105,0.1206213919746977,0.1206213919746977,0.19749678987451105,0.1206213919746977,0.1607063433757399,0.185233307708254
2015-06-24,-0.13443597236686983,0.07828681891354362,0.11554892828712526,-0.185233307708254,-0.185233307708254,-0.1984642582588436,0.19749678987451105,0.1206213919746977,0.1206213919746977,0.19749678987451105,0.1206213919746977,0.1607063433757399,0.185233307708254
2015-06-25,-0.13443597236686983,0.07828681891354362,0.11554892828712526,-0.185233307708254,-0.185233307708254,-0.1984642582588436,0.19749678987451105,0.1206213919746977,0.1206213919746977,0.19749678987451105,0.1206213919746977,0.1607063433757399,0.185233307708254
2015-06-26,-0.13443597236686983,0.07828681891354362,0.11554892828712526,-0.185233307708254,-0.185233307708254,-0.1984642582588436,0.19749678987451105,0.1206213919746977,0.1206213919746977,0.19749678987451105,0.1206213919746977,0.1607063433757399,0.185233307708254
2015-06-29,-0.13443597236686983,0.07828681891354362,0.11554892828712526,-0.185233307708254,-0.185233307708254,-0.1984642582588436,0.19749678987451105,0.1206213919746977,0.1206213919746977,0.19749678987451105,0.1206213919746977,0.1607063433757399,0.185233307708254
2015-06-30,-0.13900847516474912,0.06559431146994886,0.11131629428537305,-0.1895149613771362,-0.1895149613771362,-0.20003769170916258,0.16547697465712918,0.130536419558701,0.130536419558701,0.20223219432809264,0.130536419558701,0.11309766479892133,0.18948994167715247
2015-07-01,-0.14358097796262842,0.052901804026354096,0.10708366028362085,-0.1937966150460184,-0.1937966150460184,-0.20161112515948157,0.1334571594397473,0.14045144714270427,0.14045144714270427,0.20696759878167426,0.14045144714270427,0.06548898622210272,0.19374657564605094
2015-07-02,-0.14815348076050772,0.040209296582759325,0.10285102628186864,-0.19807826871490058,-0.19807826871490058,-0.20318455860980053,0.10143734422236544,0.15036647472670756,0.15036647472670756,0.21170300323525587,0.15036647472670756,0.01788030764528411,0.1980032096149494
2015-07-06,-0.152725983558387,0.027516789139164558,0.09861839228011643,-0.20235992238378278,-0.20235992238378278,-0.20475799206011952,0.06941752900498357,0.16028150231071084,0.16028150231071084,0.21643840768883746,0.16028150231071084,-0.0297283709315345,0.20225984358384788
2015-07-07,-0.15729848635626634,0.01482428169556979,0.09438575827836423,-0.20664157605266495,-0.20664157605266495,-0.20633142551043848,0.03739771378760169,0.17019652989471412,0.17019652989471412,0.22117381214241907,0.17019652989471412,-0.07733704950835311,0.20651647755274632
2015-07-08,-0.16187098915414563,0.00213177425197502,0.09015312427661203,-0.21092322972154715,-0.21092322972154715,-0.20790485896075747,0.005377898570219815,0.1801115574787174,0.1801115574787174,0.22590921659600066,0.1801115574787174,-0.12494572808517172,0.2107731115216448
2015-07-09,-0.16263896536175637,0.0,0.08944223084416242,-0.21164235626827244,-0.21164235626827244,-0.20816912549213373,0.0,0.18177683918961107,0.18177683918961107,0.2267045530046413,0.18177683918961107,-0.1329418593154775,0.2114880358764506
2015-07-10,-0.16263896536175637,0.0,0.08944223084416242,-0.21164235626827244,-0.21164235626827244,-0.20816912549213373,0.0,0.18177683918961107,0.18177683918961107,0.2267045530046413,0.18177683918961107,-0.1329418593154775,0.2114880358764506
2015-07-13,-0.16263896536175637,0.0,0.08944223084416242,-0.21164235626827244,-0.21164235626827244,-0.20816912549213373,0.0,0.18177683918961107,0.18177683918961107,0.2267045530046413,0.18177683918961107,-0.1329418593154775,0.2114880358764506
2015-07-14,-0.16263896536175637,0.0,0.08944223084416242,-0.21164235626827244,-0.21164235626827244,-0.20816912549213373,0.0,0.18177683918961107,0.18177683918961107,0.2267045530046413,0.18177683918961107,-0.1329418593154775,0.2114880358764506
2015-07-15,-0.16263896536175637,0.0,0.08944223084416242,-0.21164235626827244,-0.21164235626827244,-0.20816912549213373,0.0,0.18177683918961107,0.18177683918961107,0.2267045530046413,0.18177683918961107,-0.1329418593154775,0.2114880358764506
2015-07-16,-0.16263896536175637,0.0,0.08944223084416242,-0.21164235626827244,-0.21164235626827244,-0.20816912549213373,0.0,0.18177683918961107,0.18177683918961107,0.2267045530046413,0.18177683918961107,-0.1329418593154775,0.2114880358764506
2015-07-17,-0.16263896536175637,0.0,0.08944223084416242,-0.21164235626827244,-0.21164235626827244,-0.20816912549213373,0.0,0.18177683918961107,0.18177683918961107,0.2267045530046413,0.18177683918961107,-0.1329418593154775,0.2114880358764506
2015-07-20,-0.16263896536175637,0.0,0.08944223084416242,-0.21164235626827244,-0.21164235626827244,-0.20816912549213373,0.0,0.18177683918961107,0.18177683918961107,0.2267045530046413,0.18177683918961107,-0.1329418593154775,0.2114880358764506
2015-07-21,-0.16263896536175637,0.0,0.08944223084416242,-0.21164235626827244,-0.21164235626827244,-0.20816912549213373,0.0,0.18177683918961107,0.18177683918961107,0.2267045530046413,0.18177683918961107,-0.1329418593154775,0.2114880358764506
2015-07-22,-0.16263896536175637,0.0,0.08944223084416242,-0.21164235626827244,-0.21164235626827244,-0.20816912549213373,0.0,0.18177683918961107,0.18177683918961107,0.2267045530046413,0.18177683918961107,-0.1329418593154775,0.2114880358764506
2015-07-23,-0.16263896536175637,0.0,0.08944223084416242,-0.21164235626827244,-0.21164235626827244,-0.20816912549213373,0.0,0.18177683918961107,0.18177683918961107,0.2267045530046413,0.18177683918961107,-0.1329418593154775,0.2114880358764506
2015-07-24,-0.16263896536175637,0.0,0.08944223084416242,-0.21164235626827244,-0.21164235626827244,-0.20816912549213373,0.0,0.18177683918961107,0.18177683918961107,0.2267045530046413,0.18177683918961107,-0.1329418593154775,0.2114880358764506
2015-07-27,-0.16263896536175637,0.0,0.08944223084416242,-0.21164235626827244,-0.21164235626827244,-0.20816912549213373,0.0,0.18177683918961107,0.18177683918961107,0.2267045530046413,0.18177683918961107,-0.1329418593154775,0.2114880358764506
2015-07-28,-0.16263896536175637,0.0,0.08944223084416242,-0.21164235626827244,-0.21164235626827244,-0.20816912549213373,0.0,0.18177683918961107,0.18177683918961107,0.2267045530046413,0.18177683918961107,-0.1329418593154775,0.2114880358764506
2015-07-29,-0.16263896536175637,0.0,0.08944223084416242,-0.21164235626827244,-0.21164235626827244,-0.20816912549213373,0.0,0.18177683918961107,0.18177683918961107,0.2267045530046413,0.18177683918961107,-0.1329418593154775,0.2114880358764506
2015-07-30,-0.16263896536175637,0.0,0.08944223084416242,-0.21164235626827244,-0.21164235626827244,-0.20816912549213373,0.0,0.18177683918961107,0.18177683918961107,0.2267045530046413,0.18177683918961107,-0.1329418593154775,0.2114880358764506
2015-07-31,-0.17831746310059074,-0.042712558394059554,0.06991036003686676,-0.20667613277764607,-0.2166197803501549,-0.2139050133797956,0.0,0.16714251655454362,0.18479403550134432,0.22839278273222138,0.17494032116340563,-0.10391079427467242,0.21267824173469901
2015-08-03,-0.1939959608394251,-0.08542511678811912,0.05037848922957111,-0.2017099092870197,-0.22159720443203734,-0.21964090126745744,0.0,0.15250819391947618,0.18781123181307757,0.23008101245980148,0.1681038031372002,-0.07487972923386735,0.21386844759294743
2015-08-04,-0.20967445857825948,-0.12813767518217867,0.03084661842227545,-0.19674368579639334,-0.2265746285139198,-0.22537678915511933,0.0,0.13787387128440873,0.19082842812481082,0.23176924218738157,0.16126728511099475,-0.045848664193062265,0.21505865345119585
2015-08-05,-0.22535295631709384,-0.17085023357623824,0.011314747614979796,-0.19177746230576698,-0.23155205259580225,-0.23111267704278118,0.0,0.1232395486493413,0.19384562443654407,0.2334574719149617,0.1544307670847893,-0.016817599152257195,0.21624885930944426
2015-08-06,-0.2344354577654794,-0.1955934761968249,0.0,-0.1889005456012477,-0.2344354577654794,-0.2344354577654794,0.0,0.11476193435598213,0.1955934761968249,0.2344354577654794,0.15047039499371032,0.0,0.2169383415934926
2015-08-07,-0.2344354577654794,-0.1955934761968249,0.0,-0.1889005456012477,-0.2344354577654794,-0.2344354577654794,0.0,0.11476193435598213,0.1955934761968249,0.2344354577654794,0.15047039499371032,0.0,0.2169383415934926
2015-08-10,-0.2344354577654794,-0.1955934761968249,0.0,-0.1889005456012477,-0.2344354577654794,-0.2344354577654794,0.0,0.11476193435598213,0.1955934761968249,0.2344354577654794,0.15047039499371032,0.0,0.2169383415934926
2015-08-11,-0.2344354577654794,-0.1955934761968249,0.0,-0.1889005456012477,-0.2344354577654794,-0.2344354577654794,0.0,0.11476193435598213,0.1955934761968249,0.2344354577654794,0.15047039499371032,0.0,0.2169383415934926
2015-08-12,-0.2344354577654794,-0.1955934761968249,0.0,-0.1889005456012477,-0.2344354577654794,-0.2344354577654794,0.0,0.11476193435598213,0.1955934761968249,0.2344354577654794,0.15047039499371032,0.0,0.2169383415934926
2015-08-13,-0.2344354577654794,-0.1955934761968249,0.0,-0.1889005456012477,-0.2344354577654794,-0.2344354577654794,0.0,0.11476193435598213,0.1955934761968249,0.2344354577654794,0.15047039499371032,0.0,0.2169383415934926
2015-08-14,-0.2344354577654794,-0.1955934761968249,0.0,-0.1889005456012477,-0.2344354577654794,-0.2344354577654794,0.0,0.11476193435598213,0.1955934761968249,0.2344354577654794,0.15047039499371032,0.0,0.2169383415934926
2015-08-17,-0.2344354577654794,-0.1955934761968249,0.0,-0.1889005456012477,-0.2344354577654794,-0.2344354577654794,0.0,0.11476193435598213,0.1955934761968249,0.2344354577654794,0.15047039499371032,0.0,0.2169383415934926
2015-08-18,-0.2344354577654794,-0.1955934761968249,0.0,-0.1889005456012477,-0.2344354577654794,-0.2344354577654794,0.0,0.11476193435598213,0.1955934761968249,0.2344354577654794,0.15047039499371032,0.0,0.2169383415934926
2015-08-19,-0.2344354577654794,-0.1955934761968249,0.0,-0.1889005456012477,-0.2344354577654794,-0.2344354577654794,0.0,0.11476193435598213,0.1955934761968249,0.2344354577654794,0.15047039499371032,0.0,0.2169383415934926
2015-08-20,-0.2344354577654794,-0.1955934761968249,0.0,-0.1889005456012477,-0.2344354577654794,-0.2344354577654794,0.0,0.11476193435598213,0.1955934761968249,0.2344354577654794,0.15047039499371032,0.0,0.2169383415934926
2015-08-21,-0.2344354577654794,-0.1955934761968249,0.0,-0.1889005456012477,-0.2344354577654794,-0.2344354577654794,0.0,0.11476193435598213,0.1955934761968249,0.2344354577654794,0.15047039499371032,0.0,0.2169383415934926
2015-08-24,-0.2344354577654794,-0.1955934761968249,0.0,-0.1889005456012477,-0.2344354577654794,-0.2344354577654794,0.0,0.11476193435598213,0.1955934761968249,0.2344354577654794,0.15047039499371032,0.0,0.2169383415934926
2015-08-25,-0.2344354577654794,-0.1955934761968249,0.0,-0.1889005456012477,-0.2344354577654794,-0.2344354577654794,0.0,0.11476193435598213,0.1955934761968249,0.2344354577654794,0.15047039499371032,0.0,0.2169383415934926
2015-08-26,-0.2344354577654794,-0.1955934761968249,0.0,-0.1889005456012477,-0.2344354577654794,-0.2344354577654794,0.0,0.11476193435598213,0.1955934761968249,0.2344354577654794,0.15047039499371032,0.0,0.2169383415934926
2015-08-27,-0.2344354577654794,-0.1955934761968249,0.0,-0.1889005456012477,-0.2344354577654794,-0.2344354577654794,0.0,0.11476193435598213,0.1955934761968249,0.2344354577654794,0.15047039499371032,0.0,0.2169383415934926
2015-08-28,-0.2344354577654794,-0.1955934761968249,0.0,-0.1889005456012477,-0.2344354577654794,-0.2344354577654794,0.0,0.11476193435598213,0.1955934761968249,0.2344354577654794,0.15047039499371032,0.0,0.2169383415934926
2015-08-31,-0.23553729008406324,-0.19208381115458928,-0.01052490330698951,-0.1755280529827401,-0.21783949496131153,-0.23553729008406324,0.017697795122751717,0.0961128982405012,0.174104694731853,0.23553729008406324,0.12929351479616796,0.008321665076436302,0.20158102029832795
2015-09-01,-0.2366391224026471,-0.18857414611235365,-0.021049806613979018,-0.1621555603642325,-0.20124353215714366,-0.2366391224026471,0.03539559024550343,0.07746386212502028,0.1526159132668811,0.2366391224026471,0.10811663459862561,0.0166433301528726,0.18622369900316332
2015-09-02,-0.23774095472123094,-0.18506448107011803,-0.03157470992096853,-0.14878306774572492,-0.1846475693529758,-0.23774095472123094,0.05309338536825514,0.058814826009539356,0.13112713180190919,0.23774095472123094,0.08693975440108326,0.024964995229308902,0.17086637770799867
2015-09-03,-0.2388427870398148,-0.1815548160278824,-0.042099613227958035,-0.13541057512721733,-0.16805160654880794,-0.2388427870398148,0.07079118049100686,0.04016578989405843,0.10963835033693728,0.2388427870398148,0.0657628742035409,0.0332866603057452,0.15550905641283405
2015-09-04,-0.23994461935839864,-0.17804515098564677,-0.05262451653494755,-0.12203808250870972,-0.15145564374464007,-0.23994461935839864,0.08848897561375857,0.021516753778577508,0.08814956887196537,0.23994461935839864,0.04458599400599855,0.0416083253821815,0.1401517351176694
2015-09-08,-0.2410464516769825,-0.17453548594341114,-0.06314941984193706,-0.10866558989020211,-0.1348596809404722,-0.2410464516769825,0.10618677073651028,0.0028677176630965834,0.06666078740699347,0.2410464516769825,0.023409113808456197,0.049929990458617804,0.12479441382250477
2015-09-09,-0.24214828399556634,-0.1710258209011755,-0.07367432314892657,-0.09529309727169452,-0.11826371813630435,-0.24214828399556634,0.123884565859262,-0.015781318452384334,0.04517200594202156,0.24214828399556634,0.002232233610913844,0.058251655535054105,0.10943709252734013
2015-09-10,-0.2432501163141502,-0.16751615585893986,-0.08419922645591607,-0.08192060465318693,-0.10166775533213648,-0.2432501163141502,0.1415823609820137,-0.03443035456786525,0.023683224477049653,0.2432501163141502,-0.018944646586628505,0.0665733206114904,0.0940797712321755
2015-09-11,-0.24435194863273405,-0.1640064908167042,-0.09472412976290558,-0.06854811203467932,-0.0850717925279686,-0.24435194863273405,0.15928015610476542,-0.053079390683346175,0.002194443012077746,0.24435194863273405,-0.04012152678417086,0.07489498568792671,0.07872244993701086
2015-09-14,-0.2454537809513179,-0.16049682577446858,-0.10524903306989508,-0.055175619416171724,-0.06847582972380073,-0.2454537809513179,0.17697795122751714,-0.0717284267988271,-0.019294338452894164,0.2454537809513179,-0.06129840698171321,0.08321665076436302,0.06336512864184622
2015-09-15,-0.24655561326990175,-0.15698716073223293,-0.1157739363768846,-0.04180312679766412,-0.05187986691963285,-0.24655561326990175,0.19467574635026885,-0.09037746291430802,-0.04078311991786608,0.24655561326990175,-0.08247528717925556,0.09153831584079933,0.048007807346681586
2015-09-16,-0.2476574455884856,-0.1534774956899973,-0.12629883968387412,-0.02843063417915652,-0.035283904115464976,-0.2476574455884856,0.21237354147302057,-0.10902649902978895,-0.06227190138283799,0.2476574455884856,-0.10365216737679792,0.09985998091723562,0.03265048605151695
2015-09-17,-0.24875927790706942,-0.14996783064776165,-0.13682374299086364,-0.015058141560648915,-0.0186879413112971,-0.24875927790706942,0.2300713365957723,-0.12767553514526986,-0.0837606828478099,0.24875927790706942,-0.12482904757434027,0.10818164599367193,0.017293164756352314
2015-09-18,-0.24986111022565327,-0.14645816560552602,-0.14734864629785316,-0.001685648942141309,-0.0020919785071292253,-0.24986111022565327,0.24776913171852405,-0.1463245712607508,-0.10524946431278182,0.24986111022565327,-0.14600592777188262,0.11650331107010822,0.0019358434611876814
2015-09-21,-0.25,-0.14601576018908727,-0.1486753467591428,0.0,0.0,-0.25,0.25,-0.1486753467591428,-0.1079581995334843,0.25,-0.1486753467591428,0.11755228573273284,0.0
2015-09-22,-0.25,-0.14601576018908727,-0.1486753467591428,0.0,0.0,-0.25,0.25,-0.1486753467591428,-0.1079581995334843,0.25,-0.1486753467591428,0.11755228573273284,0.0
2015-09-23,-0.25,-0.14601576018908727,-0.1486753467591428,0.0,0.0,-0.25,0.25,-0.1486753467591428,-0.1079581995334843,0.25,-0.1486753467591428,0.11755228573273284,0.0
2015-09-24,-0.25,-0.14601576018908727,-0.1486753467591428,0.0,0.0,-0.25,0.25,-0.1486753467591428,-0.1079581995334843,0.25,-0.1486753467591428,0.11755228573273284,0.0
2015-09-25,-0.25,-0.14601576018908727,-0.1486753467591428,0.0,0.0,-0.25,0.25,-0.1486753467591428,-0.1079581995334843,0.25,-0.1486753467591428,0.11755228573273284,0.0
2015-09-28,-0.25,-0.14601576018908727,-0.1486753467591428,0.0,0.0,-0.25,0.25,-0.1486753467591428,-0.1079581995334843,0.25,-0.1486753467591428,0.11755228573273284,0.0
2015-09-29,-0.25,-0.14601576018908727,-0.1486753467591428,0.0,0.0,-0.25,0.25,-0.1486753467591428,-0.1079581995334843,0.25,-0.1486753467591428,0.11755228573273284,0.0
2015-09-30,-0.23944830352538865,-0.14735832664745763,-0.15315366736651245,-0.019922250917307642,0.0,-0.23944830352538865,0.23944830352538865,-0.13813360342986164,-0.0897800713222126,0.23944830352538865,-0.1420295811050438,0.09775869403880239,0.026890847229924606
2015-10-01,-0.2288966070507773,-0.14870089310582799,-0.15763198797388212,-0.039844501834615284,0.0,-0.2288966070507773,0.2288966070507773,-0.1275918601005805,-0.07160194311094091,0.2288966070507773,-0.1353838154509448,0.07796510234487193,0.05378169445984922
2015-10-02,-0.21834491057616595,-0.15004345956419837,-0.16211030858125178,-0.059766752751922926,0.0,-0.21834491057616595,0.21834491057616595,-0.11705011677129934,-0.053423814899669214,0.21834491057616595,-0.12873804979684583,0.05817151065094148,0.08067254168977382
2015-10-05,-0.2077932141015546,-0.15138602602256873,-0.16658862918862144,-0.07968900366923057,0.0,-0.2077932141015546,0.2077932141015546,-0.1065083734420182,-0.03524568668839753,0.2077932141015546,-0.12209228414274685,0.03837791895701102,0.10756338891969841
2015-10-06,-0.19724151762694322,-0.1527285924809391,-0.1710669497959911,-0.09961125458653819,0.0,-0.19724151762694322,0.19724151762694322,-0.09596663011273707,-0.017067558477125853,0.19724151762694322,-0.11544651848864787,0.01858432726308058,0.13445423614962299
2015-10-07,-0.18733446369266396,-0.15398913654088559,-0.17527167307427702,-0.11831638080059383,0.0,-0.18733446369266396,0.18733446369266396,-0.08606892124897224,0.0,0.18733446369266396,-0.10920676747532426,0.0,0.1597022211050602
2015-10-08,-0.18733446369266396,-0.15398913654088559,-0.17527167307427702,-0.11831638080059383,0.0,-0.18733446369266396,0.18733446369266396,-0.08606892124897224,0.0,0.18733446369266396,-0.10920676747532426,0.0,0.1597022211050602
2015-10-09,-0.18733446369266396,-0.15398913654088559,-0.17527167307427702,-0.11831638080059383,0.0,-0.18733446369266396,0.18733446369266396,-0.08606892124897224,0.0,0.18733446369266396,-0.10920676747532426,0.0,0.1597022211050602
2015-10-12,-0.18733446369266396,-0.15398913654088559,-0.17527167307427702,-0.11831638080059383,0.0,-0.18733446369266396,0.18733446369266396,-0.08606892124897224,0.0,0.18733446369266396,-0.10920676747532426,0.0,0.1597022211050602
2015-10-13,-0.18733446369266396,-0.15398913654088559,-0.17527167307427702,-0.11831638080059383,0.0,-0.18733446369266396,0.18733446369266396,-0.08606892124897224,0.0,0.18733446369266396,-0.10920676747532426,0.0,0.1597022211050602
2015-10-14,-0.18733446369266396,-0.15398913654088559,-0.17527167307427702,-0.11831638080059383,0.0,-0.18733446369266396,0.18733446369266396,-0.08606892124897224,0.0,0.18733446369266396,-0.10920676747532426,0.0,0.1597022211050602
2015-10-15,-0.18733446369266396,-0.15398913654088559,-0.17527167307427702,-0.11831638080059383,0.0,-0.18733446369266396,0.18733446369266396,-0.08606892124897224,0.0,0.18733446369266396,-0.10920676747532426,0.0,0.1597022211050602
2015-10-16,-0.18733446369266396,-0.15398913654088559,-0.17527167307427702,-0.11831638080059383,0.0,-0.18733446369266396,0.18733446369266396,-0.08606892124897224,0.0,0.18733446369266396,-0.10920676747532426,0.0,0.1597022211050602
2015-10-19,-0.18733446369266396,-0.15398913654088559,-0.17527167307427702,-0.11831638080059383,0.0,-0.18733446369266396,0.18733446369266396,-0.08606892124897224,0.0,0.18733446369266396,-0.10920676747532426,0.0,0.1597022211050602
2015-10-20,-0.18733446369266396,-0.15398913654088559,-0.17527167307427702,-0.11831638080059383,0.0,-0.18733446369266396,0.18733446369266396,-0.08606892124897224,0.0,0.18733446369266396,-0.10920676747532426,0.0,0.1597022211050602
2015-10-21,-0.18733446369266396,-0.15398913654088559,-0.17527167307427702,-0.11831638080059383,0.0,-0.18733446369266396,0.18733446369266396,-0.08606892124897224,0.0,0.18733446369266396,-0.10920676747532426,0.0,0.1597022211050602
2015-10-22,-0.18733446369266396,-0.15398913654088559,-0.17527167307427702,-0.11831638080059383,0.0,-0.18733446369266396,0.18733446369266396,-0.08606892124897224,0.0,0.18733446369266396,-0.10920676747532426,0.0,0.1597022211050602
2015-10-23,-0.18733446369266396,-0.15398913654088559,-0.17527167307427702,-0.11831638080059383,0.0,-0.18733446369266396,0.18733446369266396,-0.08606892124897224,0.0,0.18733446369266396,-0.10920676747532426,0.0,0.1597022211050602
2015-10-26,-0.18733446369266396,-0.15398913654088559,-0.17527167307427702,-0.11831638080059383,0.0,-0.18733446369266396,0.18733446369266396,-0.08606892124897224,0.0,0.18733446369266396,-0.10920676747532426,0.0,0.1597022211050602
2015-10-27,-0.18733446369266396,-0.15398913654088559,-0.17527167307427702,-0.11831638080059383,0.0,-0.18733446369266396,0.18733446369266396,-0.08606892124897224,0.0,0.18733446369266396,-0.10920676747532426,0.0,0.1597022211050602
2015-10-28,-0.18733446369266396,-0.15398913654088559,-0.17527167307427702,-0.11831638080059383,0.0,-0.18733446369266396,0.18733446369266396,-0.08606892124897224,0.0,0.18733446369266396,-0.10920676747532426,0.0,0.1597022211050602
2015-10-29,-0.18733446369266396,-0.15398913654088559,-0.17527167307427702,-0.11831638080059383,0.0,-0.18733446369266396,0.18733446369266396,-0.08606892124897224,0.0,0.18733446369266396,-0.10920676747532426,0.0,0.1597022211050602
2015-10-30,-0.18733446369266396,-0.15398913654088559,-0.17527167307427702,-0.11831638080059383,0.0,-0.18733446369266396,0.18733446369266396,-0.08606892124897224,0.0,0.18733446369266396,-0.10920676747532426,0.0,0.1597022211050602
2015-11-02,-0.18733446369266396,-0.15398913654088559,-0.17527167307427702,-0.11831638080059383,0.0,-0.18733446369266396,0.18733446369266396,-0.08606892124897224,0.0,0.18733446369266396,-0.10920676747532426,0.0,0.1597022211050602
2015-11-03,-0.18733446369266396,-0.15398913654088559,-0.17527167307427702,-0.11831638080059383,0.0,-0.18733446369266396,0.18733446369266396,-0.08606892124897224,0.0,0.18733446369266396,-0.10920676747532426,0.0,0.1597022211050602
2015-11-04,-0.18733446369266396,-0.15398913654088559,-0.17527167307427702,-0.11831638080059383,0.0,-0.18733446369266396,0.18733446369266396,-0.08606892124897224,0.0,0.18733446369266396,-0.10920676747532426,0.0,0.1597022211050602
2015-11-05,-0.18733446369266396,-0.15398913654088559,-0.17527167307427702,-0.11831638080059383,0.0,-0.18733446369266396,0.18733446369266396,-0.08606892124897224,0.0,0.18733446369266396,-0.10920676747532426,0.0,0.1597022211050602
2015-11-06,-0.18733446369266396,-0.15398913654088559,-0.17527167307427702,-0.11831638080059383,0.0,-0.18733446369266396,0.18733446369266396,-0.08606892124897224,0.0,0.18733446369266396,-0.10920676747532426,0.0,0.1597022211050602
2015-11-09,-0.18733446369266396,-0.15398913654088559,-0.17527167307427702,-0.11831638080059383,0.0,-0.18733446369266396,0.18733446369266396,-0.08606892124897224,0.0,0.18733446369266396,-0.10920676747532426,0.0,0.1597022211050602
2015-11-10,-0.18733446369266396,-0.15398913654088559,-0.17527167307427702,-0.11831638080059383,0.0,-0.18733446369266396,0.18733446369266396,-0.08606892124897224,0.0,0.18733446369266396,-0.10920676747532426,0.0,0.1597022211050602
2015-11-11,-0.18733446369266396,-0.15398913654088559,-0.17527167307427702,-0.11831638080059383,0.0,-0.18733446369266396,0.18733446369266396,-0.08606892124897224,0.0,0.18733446369266396,-0.10920676747532426,0.0,0.1597022211050602
2015-11-12,-0.18733446369266396,-0.15398913654088559,-0.17527167307427702,-0.11831638080059383,0.0,-0.18733446369266396,0.18733446369266396,-0.08606892124897224,0.0,0.18733446369266396,-0.10920676747532426,0.0,0.1597022211050602
2015-11-13,-0.18733446369266396,-0.15398913654088559,-0.17527167307427702,-0.11831638080059383,0.0,-0.18733446369266396,0.18733446369266396,-0.08606892124897224,0.0,0.18733446369266396,-0.10920676747532426,0.0,0.1597022211050602
2015-11-16,-0.18733446369266396,-0.15398913654088559,-0.17527167307427702,-0.11831638080059383,0.0,-0.18733446369266396,0.18733446369266396,-0.08606892124897224,0.0,0.18733446369266396,-0.10920676747532426,0.0,0.1597022211050602
2015-11-17,-0.18733446369266396,-0.15398913654088559,-0.17527167307427702,-0.11831638080059383,0.0,-0.18733446369266396,0.18733446369266396,-0.08606892124897224,0.0,0.18733446369266396,-0.10920676747532426,0.0,0.1597022211050602
2015-11-18,-0.18733446369266396,-0.15398913654088559,-0.17527167307427702,-0.11831638080059383,0.0,-0.18733446369266396,0.18733446369266396,-0.08606892124897224,0.0,0.18733446369266396,-0.10920676747532426,0.0,0.1597022211050602
2015-11-19,-0.18733446369266396,-0.15398913654088559,-0.17527167307427702,-0.11831638080059383,0.0,-0.18733446369266396,0.18733446369266396,-0.08606892124897224,0.0,0.18733446369266396,-0.10920676747532426,0.0,0.1597022211050602
2015-11-20,-0.18733446369266396,-0.15398913654088559,-0.17527167307427702,-0.11831638080059383,0.0,-0.18733446369266396,0.18733446369266396,-0.08606892124897224,0.0,0.18733446369266396,-0.10920676747532426,0.0,0.1597022211050602
2015-11-23,-0.18733446369266396,-0.15398913654088559,-0.17527167307427702,-0.11831638080059383,0.0,-0.18733446369266396,0.18733446369266396,-0.08606892124897224,0.0,0.18733446369266396,-0.10920676747532426,0.0,0.1597022211050602
2015-11-24,-0.18733446369266396,-0.15398913654088559,-0.17527167307427702,-0.11831638080059383,0.0,-0.18733446369266396,0.18733446369266396,-0.08606892124897224,0.0,0.18733446369266396,-0.10920676747532426,0.0,0.1597022211050602
2015-11-25,-0.18733446369266396,-0.15398913654088559,-0.17527167307427702,-0.11831638080059383,0.0,-0.18733446369266396,0.18733446369266396,-0.08606892124897224,0.0,0.18733446369266396,-0.10920676747532426,0.0,0.1597022211050602
2015-11-27,-0.18733446369266396,-0.15398913654088559,-0.17527167307427702,-0.11831638080059383,0.0,-0.18733446369266396,0.18733446369266396,-0.08606892124897224,0.0,0.18733446369266396,-0.10920676747532426,0.0,0.1597022211050602
2015-11-30,-0.18778405045474225,-0.14411334096808198,-0.15722242126745156,-0.12505483689466113,-0.01892252504534143,-0.18831713517631501,0.1680430011991635,-0.07720565426968008,0.020274133977151533,0.1680430011991635,-0.08442197559133136,0.0,0.1621788165128555
2015-12-01,-0.18823363721682054,-0.13423754539527838,-0.1391731694606261,-0.13179329298872844,-0.03784505009068286,-0.18929980665996607,0.14875153870566302,-0.06834238729038793,0.040548267954303066,0.14875153870566302,-0.059637183707338455,0.0,0.16465541192065083
2015-12-02,-0.1886832239788988,-0.12436174982247479,-0.12112391765380065,-0.13853174908279575,-0.05676757513602429,-0.19028247814361712,0.12946007621216254,-0.059479120311095764,0.0608224019314546,0.12946007621216254,-0.034852391823345555,0.0,0.16713200732844613
2015-12-03,-0.1891328107409771,-0.1144859542496712,-0.1030746658469752,-0.14527020517686307,-0.07569010018136572,-0.19126514962726818,0.11016861371866206,-0.0506158533318036,0.08109653590860613,0.11016861371866206,-0.010067599939352655,0.0,0.16960860273624145
2015-12-04,-0.18958239750305536,-0.10461015867686761,-0.08502541404014974,-0.15200866127093038,-0.09461262522670716,-0.19224782111091923,0.09087715122516157,-0.041752586352511445,0.10137066988575766,0.09087715122516157,0.014717191944640245,0.0,0.17208519814403675
2015-12-07,-0.19003198426513365,-0.09473436310406402,-0.06697616223332428,-0.1587471173649977,-0.11353515027204858,-0.19323049259457029,0.07158568873166109,-0.03288931937321928,0.1216448038629092,0.07158568873166109,0.039501983828633146,0.0,0.17456179355183207
2015-12-08,-0.19048157102721192,-0.08485856753126043,-0.04892691042649882,-0.165485573459065,-0.13245767531739,-0.19421316407822134,0.0522942262381606,-0.02402605239392712,0.14191893784006074,0.0522942262381606,0.06428677571262605,0.0,0.17703838895962737
2015-12-09,-0.1909311577892902,-0.07498277195845685,-0.030877658619673357,-0.17222402955313232,-0.15138020036273142,-0.1951958355618724,0.033002763744660116,-0.01516278541463496,0.16219307181721226,0.033002763744660116,0.08907156759661894,0.0,0.1795149843674227
2015-12-10,-0.19138074455136847,-0.06510697638565326,-0.012828406812847894,-0.1789624856471996,-0.17030272540807287,-0.19617850704552345,0.013711301251159633,-0.006299518435342799,0.1824672057943638,0.013711301251159633,0.11385635948061185,0.0,0.181991579775218
2015-12-11,-0.19170028587880622,-0.05808780880107018,0.0,-0.18375180638970928,-0.18375180638970928,-0.19687693541754567,0.0,0.0,0.19687693541754567,0.0,0.13147201449293744,0.0,0.18375180638970928
2015-12-14,-0.19170028587880622,-0.05808780880107018,0.0,-0.18375180638970928,-0.18375180638970928,-0.19687693541754567,0.0,0.0,0.19687693541754567,0.0,0.13147201449293744,0.0,0.18375180638970928
2015-12-15,-0.19170028587880622,-0.05808780880107018,0.0,-0.18375180638970928,-0.18375180638970928,-0.19687693541754567,0.0,0.0,0.19687693541754567,0.0,0.13147201449293744,0.0,0.18375180638970928
2015-12-16,-0.19170028587880622,-0.05808780880107018,0.0,-0.18375180638970928,-0.18375180638970928,-0.19687693541754567,0.0,0.0,0.19687693541754567,0.0,0.13147201449293744,0.0,0.18375180638970928
2015-12-17,-0.19170028587880622,-0.05808780880107018,0.0,-0.18375180638970928,-0.18375180638970928,-0.19687693541754567,0.0,0.0,0.19687693541754567,0.0,0.13147201449293744,0.0,0.18375180638970928
2015-12-18,-0.19170028587880622,-0.05808780880107018,0.0,-0.18375180638970928,-0.18375180638970928,-0.19687693541754567,0.0,0.0,0.19687693541754567,0.0,0.13147201449293744,0.0,0.18375180638970928
2015-12-21,-0.19170028587880622,-0.05808780880107018,0.0,-0.18375180638970928,-0.18375180638970928,-0.19687693541754567,0.0,0.0,0.19687693541754567,0.0,0.13147201449293744,0.0,0.18375180638970928
2015-12-22,-0.19170028587880622,-0.05808780880107018,0.0,-0.18375180638970928,-0.18375180638970928,-0.19687693541754567,0.0,0.0,0.19687693541754567,0.0,0.13147201449293744,0.0,0.18375180638970928
2015-12-23,-0.19170028587880622,-0.05808780880107018,0.0,-0.18375180638970928,-0.18375180638970928,-0.19687693541754567,0.0,0.0,0.19687693541754567,0.0,0.13147201449293744,0.0,0.18375180638970928
2015-12-24,-0.19170028587880622,-0.05808780880107018,0.0,-0.18375180638970928,-0.18375180638970928,-0.19687693541754567,0.0,0.0,0.19687693541754567,0.0,0.13147201449293744,0.0,0.18375180638970928
2015-12-28,-0.19170028587880622,-0.05808780880107018,0.0,-0.18375180638970928,-0.18375180638970928,-0.19687693541754567,0.0,0.0,0.19687693541754567,0.0,0.13147201449293744,0.0,0.18375180638970928
2015-12-29,-0.19170028587880622,-0.05808780880107018,0.0,-0.18375180638970928,-0.18375180638970928,-0.19687693541754567,0.0,0.0,0.19687693541754567,0.0,0.13147201449293744,0.0,0.18375180638970928
2015-12-30,-0.19170028587880622,-0.05808780880107018,0.0,-0.18375180638970928,-0.18375180638970928,-0.19687693541754567,0.0,0.0,0.19687693541754567,0.0,0.13147201449293744,0.0,0.18375180638970928
2015-12-31,-0.20147684775711494,-0.07121525888393657,0.0,-0.1948612873523566,-0.15293757457914664,-0.20578539982229566,0.04192371277320997,-0.014454216679296097,0.20516049325039762,0.0,0.13097917188007788,0.0,0.1948612873523566
2016-01-04,-0.21125340963542366,-0.08434270896680295,0.0,-0.20597076831500394,-0.122123342768584,-0.21469386422704564,0.08384742554641994,-0.028908433358592195,0.21344405108324957,0.0,0.13048632926721832,0.0,0.20597076831500394
2016-01-05,-0.22102997151373238,-0.09747015904966932,0.0,-0.21708024927765127,-0.09130911095802136,-0.22360232863179563,0.1257711383196299,-0.04336265003788829,0.22172760891610152,0.0,0.12999348665435875,0.0,0.21708024927765127
2016-01-06,-0.2308065333920411,-0.1105976091325357,0.0,-0.2281897302402986,-0.06049487914745871,-0.23251079303654565,0.16769485109283988,-0.05781686671718439,0.23001116674895347,0.0,0.1295006440414992,0.0,0.2281897302402986
2016-01-07,-0.24058309527034985,-0.12372505921540208,0.0,-0.23929921120294592,-0.02968064733689607,-0.24141925744129564,0.20961856386604985,-0.07227108339648049,0.23829472458180542,0.0,0.12900780142863963,0.0,0.23929921120294592
2016-01-08,-0.25,-0.13636958070591365,0.0,-0.25,0.0,-0.25,0.25,-0.08619356280231823,0.24627354943920082,0.0,0.12853308935810004,0.0,0.25
2016-01-11,-0.25,-0.13636958070591365,0.0,-0.25,0.0,-0.25,0.25,-0.08619356280231823,0.24627354943920082,0.0,0.12853308935810004,0.0,0.25
2016-01-12,-0.25,-0.13636958070591365,0.0,-0.25,0.0,-0.25,0.25,-0.08619356280231823,0.24627354943920082,0.0,0.12853308935810004,0.0,0.25
2016-01-13,-0.25,-0.13636958070591365,0.0,-0.25,0.0,-0.25,0.25,-0.08619356280231823,0.24627354943920082,0.0,0.12853308935810004,0.0,0.25
2016-01-14,-0.25,-0.13636958070591365,0.0,-0.25,0.0,-0.25,0.25,-0.08619356280231823,0.24627354943920082,0.0,0.12853308935810004,0.0,0.25
2016-01-15,-0.25,-0.13636958070591365,0.0,-0.25,0.0,-0.25,0.25,-0.08619356280231823,0.24627354943920082,0.0,0.12853308935810004,0.0,0.25
2016-01-19,-0.25,-0.13636958070591365,0.0,-0.25,0.0,-0.25,0.25,-0.08619356280231823,0.24627354943920082,0.0,0.12853308935810004,0.0,0.25
2016-01-20,-0.25,-0.13636958070591365,0.0,-0.25,0.0,-0.25,0.25,-0.08619356280231823,0.24627354943920082,0.0,0.12853308935810004,0.0,0.25
2016-01-21,-0.25,-0.13636958070591365,0.0,-0.25,0.0,-0.25,0.25,-0.08619356280231823,0.24627354943920082,0.0,0.12853308935810004,0.0,0.25
2016-01-22,-0.25,-0.13636958070591365,0.0,-0.25,0.0,-0.25,0.25,-0.08619356280231823,0.24627354943920082,0.0,0.12853308935810004,0.0,0.25
2016-01-25,-0.25,-0.13636958070591365,0.0,-0.25,0.0,-0.25,0.25,-0.08619356280231823,0.24627354943920082,0.0,0.12853308935810004,0.0,0.25
2016-01-26,-0.25,-0.13636958070591365,0.0,-0.25,0.0,-0.25,0.25,-0.08619356280231823,0.24627354943920082,0.0,0.12853308935810004,0.0,0.25
2016-01-27,-0.25,-0.13636958070591365,0.0,-0.25,0.0,-0.25,0.25,-0.08619356280231823,0.24627354943920082,0.0,0.12853308935810004,0.0,0.25
2016-01-28,-0.25,-0.13636958070591365,0.0,-0.25,0.0,-0.25,0.25,-0.08619356280231823,0.24627354943920082,0.0,0.12853308935810004,0.0,0.25
2016-01-29,-0.25,-0.13636958070591365,0.0,-0.25,0.0,-0.25,0.25,-0.08619356280231823,0.24627354943920082,0.0,0.12853308935810004,0.0,0.25
2016-02-01,-0.25,-0.13636958070591365,0.0,-0.25,0.0,-0.25,0.25,-0.08619356280231823,0.24627354943920082,0.0,0.12853308935810004,0.0,0.25
2016-02-02,-0.25,-0.13636958070591365,0.0,-0.25,0.0,-0.25,0.25,-0.08619356280231823,0.24627354943920082,0.0,0.12853308935810004,0.0,0.25
2016-02-03,-0.25,-0.13636958070591365,0.0,-0.25,0.0,-0.25,0.25,-0.08619356280231823,0.24627354943920082,0.0,0.12853308935810004,0.0,0.25
2016-02-04,-0.25,-0.13636958070591365,0.0,-0.25,0.0,-0.25,0.25,-0.08619356280231823,0.24627354943920082,0.0,0.12853308935810004,0.0,0.25
2016-02-05,-0.25,-0.13636958070591365,0.0,-0.25,0.0,-0.25,0.25,-0.08619356280231823,0.24627354943920082,0.0,0.12853308935810004,0.0,0.25
2016-02-08,-0.25,-0.13636958070591365,0.0,-0.25,0.0,-0.25,0.25,-0.08619356280231823,0.24627354943920082,0.0,0.12853308935810004,0.0,0.25
2016-02-09,-0.25,-0.13636958070591365,0.0,-0.25,0.0,-0.25,0.25,-0.08619356280231823,0.24627354943920082,0.0,0.12853308935810004,0.0,0.25
2016-02-10,-0.25,-0.13636958070591365,0.0,-0.25,0.0,-0.25,0.25,-0.08619356280231823,0.24627354943920082,0.0,0.12853308935810004,0.0,0.25
2016-02-11,-0.25,-0.13636958070591365,0.0,-0.25,0.0,-0.25,0.25,-0.08619356280231823,0.24627354943920082,0.0,0.12853308935810004,0.0,0.25
2016-02-12,-0.25,-0.13636958070591365,0.0,-0.25,0.0,-0.25,0.25,-0.08619356280231823,0.24627354943920082,0.0,0.12853308935810004,0.0,0.25
2016-02-16,-0.25,-0.13636958070591365,0.0,-0.25,0.0,-0.25,0.25,-0.08619356280231823,0.24627354943920082,0.0,0.12853308935810004,0.0,0.25
2016-02-17,-0.25,-0.13636958070591365,0.0,-0.25,0.0,-0.25,0.25,-0.08619356280231823,0.24627354943920082,0.0,0.12853308935810004,0.0,0.25
2016-02-18,-0.25,-0.13636958070591365,0.0,-0.25,0.0,-0.25,0.25,-0.08619356280231823,0.24627354943920082,0.0,0.12853308935810004,0.0,0.25
2016-02-19,-0.25,-0.13636958070591365,0.0,-0.25,0.0,-0.25,0.25,-0.08619356280231823,0.24627354943920082,0.0,0.12853308935810004,0.0,0.25
2016-02-22,-0.25,-0.13636958070591365,0.0,-0.25,0.0,-0.25,0.25,-0.08619356280231823,0.24627354943920082,0.0,0.12853308935810004,0.0,0.25
2016-02-23,-0.25,-0.13636958070591365,0.0,-0.25,0.0,-0.25,0.25,-0.08619356280231823,0.24627354943920082,0.0,0.12853308935810004,0.0,0.25
2016-02-24,-0.25,-0.13636958070591365,0.0,-0.25,0.0,-0.25,0.25,-0.08619356280231823,0.24627354943920082,0.0,0.12853308935810004,0.0,0.25
2016-02-25,-0.25,-0.13636958070591365,0.0,-0.25,0.0,-0.25,0.25,-0.08619356280231823,0.24627354943920082,0.0,0.12853308935810004,0.0,0.25
2016-02-26,-0.25,-0.13636958070591365,0.0,-0.25,0.0,-0.25,0.25,-0.08619356280231823,0.24627354943920082,0.0,0.12853308935810004,0.0,0.25
2016-02-29,-0.2442831088490982,-0.13253814007332237,-0.008438761636114869,-0.23315255758244358,0.011130551266654643,-0.22627716179564117,0.24383567273962037,-0.08863491504049538,0.2258468658572343,0.010683115157176789,0.11458324855381384,0.009799313232279425,0.23315255758244358
2016-03-01,-0.23856621769819641,-0.1287066994407311,-0.016877523272229737,-0.21630511516488715,0.02226110253330929,-0.20255432359128234,0.23767134547924074,-0.09107626727867253,0.20542018227526776,0.021366230314353578,0.10063340774952764,0.019598626464558854,0.21630511516488715
2016-03-02,-0.23284932654729462,-0.12487525880813982,-0.025316284908344606,-0.19945767274733073,0.033391653799963936,-0.1788314853869235,0.2315070182188611,-0.09351761951684967,0.18499349869330123,0.03204934547153036,0.08668356694524144,0.02939793969683828,0.19945767274733073
2016-03-03,-0.22713243539639286,-0.12104381817554855,-0.033755046544459474,-0.1826102303297743,0.04452220506661858,-0.15510864718256467,0.22534269095848147,-0.09595897175502682,0.1645668151113347,0.042732460628707156,0.07273372614095525,0.03919725292911771,0.1826102303297743
2016-03-04,-0.2214155442454911,-0.11721237754295727,-0.042193808180574346,-0.16576278791221788,0.055652756333273226,-0.13138580897820584,0.21917836369810184,-0.09840032399320398,0.14414013152936817,0.05341557578588395,0.05878388533666905,0.04899656616139714,0.16576278791221788
2016-03-07,-0.2156986530945893,-0.11338093691036598,-0.05063256981668922,-0.14891534549466146,0.06678330759992787,-0.107662970773847,0.2130140364377222,-0.10084167623138111,0.12371344794740165,0.06409869094306074,0.044834044532382857,0.05879587939367656,0.14891534549466146
2016-03-08,-0.2099817619436875,-0.10954949627777469,-0.05907133145280409,-0.13206790307710503,0.07791385886658252,-0.08394013256948815,0.20684970917734258,-0.10328302846955825,0.10328676436543513,0.07478180610023753,0.030884203728096662,0.06859519262595598,0.13206790307710503
2016-03-09,-0.20426487079278574,-0.10571805564518341,-0.06751009308891896,-0.11522046065954861,0.08904441013323716,-0.0602172943651293,0.20068538191696295,-0.1057243807077354,0.0828600807834686,0.08546492125741433,0.016934362923810464,0.0783945058582354,0.11522046065954861
2016-03-10,-0.19854797964188395,-0.10188661501259212,-0.07594885472503383,-0.09837301824199218,0.10017496139989181,-0.03649445616077045,0.19452105465658331,-0.10816573294591256,0.062433397201502074,0.09614803641459112,0.002984522119524267,0.08819381909051482,0.09837301824199218
2016-03-11,-0.19283108849098218,-0.09805517438000085,-0.0843876163611487,-0.08152557582443576,0.11130551266654645,-0.012771617956411598,0.18835672739620368,-0.1106070851840897,0.04200671361953555,0.10683115157176791,-0.01096531868476193,0.09799313232279426,0.08152557582443576
2016-03-14,-0.1871141973400804,-0.09422373374740955,-0.09282637799726356,-0.06467813340687933,0.1224360639332011,0.01095122024794725,0.18219240013582405,-0.11304843742226683,0.021580030037569028,0.1175142667289447,-0.024915159489048128,0.1077924455550737,0.06467813340687933
2016-03-15,-0.18139730618917863,-0.09039229311481828,-0.10126513963337844,-0.047830690989322903,0.13356661519985574,0.0346740584523061,0.17602807287544442,-0.11548978966044399,0.0011533464556025032,0.12819738188612148,-0.038865000293334326,0.11759175878735312,0.047830690989322903
2016-03-16,-0.17568041503827683,-0.08656085248222699,-0.10970390126949331,-0.030983248571766476,0.14469716646651037,0.05839689665666495,0.16986374561506476,-0.11793114189862113,-0.019273337126364018,0.13888049704329827,-0.052814841097620524,0.12739107201963254,0.030983248571766476
2016-03-17,-0.16996352388737507,-0.08272941184963571,-0.11814266290560817,-0.014135806154210048,0.155827717733165,0.0821197348610238,0.16369941835468513,-0.12037249413679828,-0.039700020708330536,0.14956361220047507,-0.06676468190190671,0.13719038525191196,0.014135806154210048
2016-03-18,-0.16516678007837693,-0.07951465077603592,-0.12522318561719764,0.0,0.16516678007837693,0.10202432536047264,0.15852725435114268,-0.122420904876998,-0.05683898057722819,0.15852725435114268,-0.07846926237199567,0.1454124755171701,0.0
2016-03-21,-0.16516678007837693,-0.07951465077603592,-0.12522318561719764,0.0,0.16516678007837693,0.10202432536047264,0.15852725435114268,-0.122420904876998,-0.05683898057722819,0.15852725435114268,-0.07846926237199567,0.1454124755171701,0.0
2016-03-22,-0.16516678007837693,-0.07951465077603592,-0.12522318561719764,0.0,0.16516678007837693,0.10202432536047264,0.15852725435114268,-0.122420904876998,-0.05683898057722819,0.15852725435114268,-0.07846926237199567,0.1454124755171701,0.0
2016-03-23,-0.16516678007837693,-0.07951465077603592,-0.12522318561719764,0.0,0.16516678007837693,0.10202432536047264,0.15852725435114268,-0.122420904876998,-0.05683898057722819,0.15852725435114268,-0.07846926237199567,0.1454124755171701,0.0
2016-03-24,-0.16516678007837693,-0.07951465077603592,-0.12522318561719764,0.0,0.16516678007837693,0.10202432536047264,0.15852725435114268,-0.122420904876998,-0.05683898057722819,0.15852725435114268,-0.07846926237199567,0.1454124755171701,0.0
2016-03-28,-0.16516678007837693,-0.07951465077603592,-0.12522318561719764,0.0,0.16516678007837693,0.10202432536047264,0.15852725435114268,-0.122420904876998,-0.05683898057722819,0.15852725435114268,-0.07846926237199567,0.1454124755171701,0.0
2016-03-29,-0.16516678007837693,-0.07951465077603592,-0.12522318561719764,0.0,0.16516678007837693,0.10202432536047264,0.15852725435114268,-0.122420904876998,-0.05683898057722819,0.15852725435114268,-0.07846926237199567,0.1454124755171701,0.0
2016-03-30,-0.16516678007837693,-0.07951465077603592,-0.12522318561719764,0.0,0.16516678007837693,0.10202432536047264,0.15852725435114268,-0.122420904876998,-0.05683898057722819,0.15852725435114268,-0.07846926237199567,0.1454124755171701,0.0
2016-03-31,-0.1472400464616905,-0.05195852424075817,-0.10803869946085595,0.0,0.16593612764305588,0.10713815730754202,0.16159755663659667,-0.10518019662123626,-0.037141200034446334,0.16159755663659667,-0.05127541945186431,0.13423593762680727,0.0
2016-04-01,-0.12931331284500408,-0.024402397705480416,-0.09085421330451426,0.0,0.16670547520773482,0.11225198925461138,0.16466785892205069,-0.08793948836547451,-0.01744341949166448,0.16466785892205069,-0.024081576531732953,0.12305939973644445,0.0
2016-04-04,-0.11343824844817929,0.0,-0.0756364480277246,0.0,0.16738677289385934,0.11678055609841727,0.16738677289385934,-0.07267193546602571,0.0,0.16738677289385934,0.0,0.11316198827617095,0.0
2016-04-05,-0.11343824844817929,0.0,-0.0756364480277246,0.0,0.16738677289385934,0.11678055609841727,0.16738677289385934,-0.07267193546602571,0.0,0.16738677289385934,0.0,0.11316198827617095,0.0
2016-04-06,-0.11343824844817929,0.0,-0.0756364480277246,0.0,0.16738677289385934,0.11678055609841727,0.16738677289385934,-0.07267193546602571,0.0,0.16738677289385934,0.0,0.11316198827617095,0.0
2016-04-07,-0.11343824844817929,0.0,-0.0756364480277246,0.0,0.16738677289385934,0.11678055609841727,0.16738677289385934,-0.07267193546602571,0.0,0.16738677289385934,0.0,0.11316198827617095,0.0
2016-04-08,-0.11343824844817929,0.0,-0.0756364480277246,0.0,0.16738677289385934,0.11678055609841727,0.16738677289385934,-0.07267193546602571,0.0,0.16738677289385934,0.0,0.11316198827617095,0.0
2016-04-11,-0.11343824844817929,0.0,-0.0756364480277246,0.0,0.16738677289385934,0.11678055609841727,0.16738677289385934,-0.07267193546602571,0.0,0.16738677289385934,0.0,0.11316198827617095,0.0
2016-04-12,-0.11343824844817929,0.0,-0.0756364480277246,0.0,0.16738677289385934,0.11678055609841727,0.16738677289385934,-0.07267193546602571,0.0,0.16738677289385934,0.0,0.11316198827617095,0.0
2016-04-13,-0.11343824844817929,0.0,-0.0756364480277246,0.0,0.16738677289385934,0.11678055609841727,0.16738677289385934,-0.07267193546602571,0.0,0.16738677289385934,0.0,0.11316198827617095,0.0
2016-04-14,-0.11343824844817929,0.0,-0.0756364480277246,0.0,0.16738677289385934,0.11678055609841727,0.16738677289385934,-0.07267193546602571,0.0,0.16738677289385934,0.0,0.11316198827617095,0.0
2016-04-15,-0.11343824844817929,0.0,-0.0756364480277246,0.0,0.16738677289385934,0.11678055609841727,0.16738677289385934,-0.07267193546602571,0.0,0.16738677289385934,0.0,0.11316198827617095,0.0
2016-04-18,-0.11343824844817929,0.0,-0.0756364480277246,0.0,0.16738677289385934,0.11678055609841727,0.16738677289385934,-0.07267193546602571,0.0,0.16738677289385934,0.0,0.11316198827617095,0.0
2016-04-19,-0.11343824844817929,0.0,-0.0756364480277246,0.0,0.16738677289385934,0.11678055609841727,0.16738677289385934,-0.07267193546602571,0.0,0.16738677289385934,0.0,0.11316198827617095,0.0
2016-04-20,-0.11343824844817929,0.0,-0.0756364480277246,0.0,0.16738677289385934,0.11678055609841727,0.16738677289385934,-0.07267193546602571,0.0,0.16738677289385934,0.0,0.11316198827617095,0.0
2016-04-21,-0.11343824844817929,0.0,-0.0756364480277246,0.0,0.16738677289385934,0.11678055609841727,0.16738677289385934,-0.07267193546602571,0.0,0.16738677289385934,0.0,0.11316198827617095,0.0
2016-04-22,-0.11343824844817929,0.0,-0.0756364480277246,0.0,0.16738677289385934,0.11678055609841727,0.16738677289385934,-0.07267193546602571,0.0,0.16738677289385934,0.0,0.11316198827617095,0.0
2016-04-25,-0.11343824844817929,0.0,-0.0756364480277246,0.0,0.16738677289385934,0.11678055609841727,0.16738677289385934,-0.07267193546602571,0.0,0.16738677289385934,0.0,0.11316198827617095,0.0
2016-04-26,-0.11343824844817929,0.0,-0.0756364480277246,0.0,0.16738677289385934,0.11678055609841727,0.16738677289385934,-0.07267193546602571,0.0,0.16738677289385934,0.0,0.11316198827617095,0.0
2016-04-27,-0.11343824844817929,0.0,-0.0756364480277246,0.0,0.16738677289385934,0.11678055609841727,0.16738677289385934,-0.07267193546602571,0.0,0.16738677289385934,0.0,0.11316198827617095,0.0
2016-04-28,-0.11343824844817929,0.0,-0.0756364480277246,0.0,0.16738677289385934,0.11678055609841727,0.16738677289385934,-0.07267193546602571,0.0,0.16738677289385934,0.0,0.11316198827617095,0.0
2016-04-29,-0.11343824844817929,0.0,-0.0756364480277246,0.0,0.16738677289385934,0.11678055609841727,0.16738677289385934,-0.07267193546602571,0.0,0.16738677289385934,0.0,0.11316198827617095,0.0
2016-05-02,-0.11343824844817929,0.0,-0.0756364480277246,0.0,0.16738677289385934,0.11678055609841727,0.16738677289385934,-0.07267193546602571,0.0,0.16738677289385934,0.0,0.11316198827617095,0.0
2016-05-03,-0.11343824844817929,0.0,-0.0756364480277246,0.0,0.16738677289385934,0.11678055609841727,0.16738677289385934,-0.07267193546602571,0.0,0.16738677289385934,0.0,0.11316198827617095,0.0
2016-05-04,-0.11343824844817929,0.0,-0.0756364480277246,0.0,0.16738677289385934,0.11678055609841727,0.16738677289385934,-0.07267193546602571,0.0,0.16738677289385934,0.0,0.11316198827617095,0.0
2016-05-05,-0.11343824844817929,0.0,-0.0756364480277246,0.0,0.16738677289385934,0.11678055609841727,0.16738677289385934,-0.07267193546602571,0.0,0.16738677289385934,0.0,0.11316198827617095,0.0
2016-05-06,-0.11343824844817929,0.0,-0.0756364480277246,0.0,0.16738677289385934,0.11678055609841727,0.16738677289385934,-0.07267193546602571,0.0,0.16738677289385934,0.0,0.11316198827617095,0.0
2016-05-09,-0.11343824844817929,0.0,-0.0756364480277246,0.0,0.16738677289385934,0.11678055609841727,0.16738677289385934,-0.07267193546602571,0.0,0.16738677289385934,0.0,0.11316198827617095,0.0
2016-05-10,-0.11343824844817929,0.0,-0.0756364480277246,0.0,0.16738677289385934,0.11678055609841727,0.16738677289385934,-0.07267193546602571,0.0,0.16738677289385934,0.0,0.11316198827617095,0.0
2016-05-11,-0.11343824844817929,0.0,-0.0756364480277246,0.0,0.16738677289385934,0.11678055609841727,0.16738677289385934,-0.07267193546602571,0.0,0.16738677289385934,0.0,0.11316198827617095,0.0
2016-05-12,-0.11343824844817929,0.0,-0.0756364480277246,0.0,0.16738677289385934,0.11678055609841727,0.16738677289385934,-0.07267193546602571,0.0,0.16738677289385934,0.0,0.11316198827617095,0.0
2016-05-13,-0.11343824844817929,0.0,-0.0756364480277246,0.0,0.16738677289385934,0.11678055609841727,0.16738677289385934,-0.07267193546602571,0.0,0.16738677289385934,0.0,0.11316198827617095,0.0
2016-05-16,-0.11343824844817929,0.0,-0.0756364480277246,0.0,0.16738677289385934,0.11678055609841727,0.16738677289385934,-0.07267193546602571,0.0,0.16738677289385934,0.0,0.11316198827617095,0.0
2016-05-17,-0.11343824844817929,0.0,-0.0756364480277246,0.0,0.16738677289385934,0.11678055609841727,0.16738677289385934,-0.07267193546602571,0.0,0.16738677289385934,0.0,0.11316198827617095,0.0
2016-05-18,-0.11343824844817929,0.0,-0.0756364480277246,0.0,0.16738677289385934,0.11678055609841727,0.16738677289385934,-0.07267193546602571,0.0,0.16738677289385934,0.0,0.11316198827617095,0.0
2016-05-19,-0.11343824844817929,0.0,-0.0756364480277246,0.0,0.16738677289385934,0.11678055609841727,0.16738677289385934,-0.07267193546602571,0.0,0.16738677289385934,0.0,0.11316198827617095,0.0
2016-05-20,-0.11343824844817929,0.0,-0.0756364480277246,0.0,0.16738677289385934,0.11678055609841727,0.16738677289385934,-0.07267193546602571,0.0,0.16738677289385934,0.0,0.11316198827617095,0.0
2016-05-23,-0.11343824844817929,0.0,-0.0756364480277246,0.0,0.16738677289385934,0.11678055609841727,0.16738677289385934,-0.07267193546602571,0.0,0.16738677289385934,0.0,0.11316198827617095,0.0
2016-05-24,-0.11343824844817929,0.0,-0.0756364480277246,0.0,0.16738677289385934,0.11678055609841727,0.16738677289385934,-0.07267193546602571,0.0,0.16738677289385934,0.0,0.11316198827617095,0.0
2016-05-25,-0.11343824844817929,0.0,-0.0756364480277246,0.0,0.16738677289385934,0.11678055609841727,0.16738677289385934,-0.07267193546602571,0.0,0.16738677289385934,0.0,0.11316198827617095,0.0
2016-05-26,-0.11343824844817929,0.0,-0.0756364480277246,0.0,0.16738677289385934,0.11678055609841727,0.16738677289385934,-0.07267193546602571,0.0,0.16738677289385934,0.0,0.11316198827617095,0.0
2016-05-27,-0.11343824844817929,0.0,-0.0756364480277246,0.0,0.16738677289385934,0.11678055609841727,0.16738677289385934,-0.07267193546602571,0.0,0.16738677289385934,0.0,0.11316198827617095,0.0
2016-05-31,-0.09866902731077709,-0.014094167171550235,-0.08034054230343085,0.026977989618789163,0.17767331385516474,0.12158946834770407,0.17597275996352554,-0.06321033058351501,0.0,0.17597275996352554,0.0,0.12880783254658099,-0.03207965129370677
2016-06-01,-0.08389980617337489,-0.02818833434310047,-0.0850446365791371,0.05395597923757832,0.18795985481647015,0.12639838059699085,0.18455874703319175,-0.05374872570100431,0.0,0.18455874703319175,0.0,0.144453676816991,-0.06415930258741354
2016-06-02,-0.06913058503597269,-0.042282501514650704,-0.08974873085484335,0.08093396885636749,0.19824639577777556,0.13120729284627763,0.19314473410285796,-0.044287120818493605,0.0,0.19314473410285796,0.0,0.16009952108740105,-0.0962389538811203
2016-06-03,-0.0543613638985705,-0.056376668686200934,-0.09445282513054959,0.10791195847515665,0.20853293673908097,0.13601620509556445,0.20173072117252416,-0.034825515935982904,0.0,0.20173072117252416,0.0,0.17574536535781107,-0.12831860517482707
2016-06-06,-0.039592142761168306,-0.07047083585775117,-0.09915691940625584,0.1348899480939458,0.21881947770038637,0.14082511734485123,0.2103167082421904,-0.025363911053472202,0.0,0.2103167082421904,0.0,0.1913912096282211,-0.16039825646853384
2016-06-07,-0.024822921623766113,-0.08456500302930141,-0.10386101368196209,0.16186793771273497,0.22910601866169178,0.14563402959413801,0.2189026953118566,-0.0159023061709615,0.0,0.2189026953118566,0.0,0.20703705389863114,-0.1924779077622406
2016-06-08,-0.010053700486363922,-0.09865917020085165,-0.10856510795766834,0.18884592733152414,0.23939255962299721,0.15044294184342483,0.2274886823815228,-0.0064407012884508,0.0,0.2274886823815228,0.0,0.22268289816904116,-0.22455755905594738
2016-06-09,0.0,-0.10825334812189757,-0.11176727782617965,0.20721037761825392,0.246394811190873,0.15371646337646622,0.23333333333333334,0.0,0.0,0.23333333333333334,0.0,0.23333333333333334,-0.246394811190873
2016-06-10,0.0,-0.10825334812189757,-0.11176727782617965,0.20721037761825392,0.246394811190873,0.15371646337646622,0.23333333333333334,0.0,0.0,0.23333333333333334,0.0,0.23333333333333334,-0.246394811190873
2016-06-13,0.0,-0.10825334812189757,-0.11176727782617965,0.20721037761825392,0.246394811190873,0.15371646337646622,0.23333333333333334,0.0,0.0,0.23333333333333334,0.0,0.23333333333333334,-0.246394811190873
2016-06-14,0.0,-0.10825334812189757,-0.11176727782617965,0.20721037761825392,0.246394811190873,0.15371646337646622,0.23333333333333334,0.0,0.0,0.23333333333333334,0.0,0.23333333333333334,-0.246394811190873
2016-06-15,0.0,-0.10825334812189757,-0.11176727782617965,0.20721037761825392,0.246394811190873,0.15371646337646622,0.23333333333333334,0.0,0.0,0.23333333333333334,0.0,0.23333333333333334,-0.246394811190873
2016-06-16,0.0,-0.10825334812189757,-0.11176727782617965,0.20721037761825392,0.246394811190873,0.15371646337646622,0.23333333333333334,0.0,0.0,0.23333333333333334,0.0,0.23333333333333334,-0.246394811190873
2016-06-17,0.0,-0.10825334812189757,-0.11176727782617965,0.20721037761825392,0.246394811190873,0.15371646337646622,0.23333333333333334,0.0,0.0,0.23333333333333334,0.0,0.23333333333333334,-0.246394811190873
2016-06-20,0.0,-0.10825334812189757,-0.11176727782617965,0.20721037761825392,0.246394811190873,0.15371646337646622,0.23333333333333334,0.0,0.0,0.23333333333333334,0.0,0.23333333333333334,-0.246394811190873
2016-06-21,0.0,-0.10825334812189757,-0.11176727782617965,0.20721037761825392,0.246394811190873,0.15371646337646622,0.23333333333333334,0.0,0.0,0.23333333333333334,0.0,0.23333333333333334,-0.246394811190873
2016-06-22,0.0,-0.10825334812189757,-0.11176727782617965,0.20721037761825392,0.246394811190873,0.15371646337646622,0.23333333333333334,0.0,0.0,0.23333333333333334,0.0,0.23333333333333334,-0.246394811190873
2016-06-23,0.0,-0.10825334812189757,-0.11176727782617965,0.20721037761825392,0.246394811190873,0.15371646337646622,0.23333333333333334,0.0,0.0,0.23333333333333334,0.0,0.23333333333333334,-0.246394811190873
2016-06-24,0.0,-0.10825334812189757,-0.11176727782617965,0.20721037761825392,0.246394811190873,0.15371646337646622,0.23333333333333334,0.0,0.0,0.23333333333333334,0.0,0.23333333333333334,-0.246394811190873
2016-06-27,0.0,-0.10825334812189757,-0.11176727782617965,0.20721037761825392,0.246394811190873,0.15371646337646622,0.23333333333333334,0.0,0.0,0.23333333333333334,0.0,0.23333333333333334,-0.246394811190873
2016-06-28,0.0,-0.10825334812189757,-0.11176727782617965,0.20721037761825392,0.246394811190873,0.15371646337646622,0.23333333333333334,0.0,0.0,0.23333333333333334,0.0,0.23333333333333334,-0.246394811190873
2016-06-29,0.0,-0.10825334812189757,-0.11176727782617965,0.20721037761825392,0.246394811190873,0.15371646337646622,0.23333333333333334,0.0,0.0,0.23333333333333334,0.0,0.23333333333333334,-0.246394811190873
2016-06-30,0.0,-0.07961858378975119,-0.08220302215997731,0.1917798288193958,0.23951504328023063,0.15100187686266225,0.2260221611607221,0.0,0.0,0.2260221611607221,0.03796279234987068,0.2260221611607221,-0.23951504328023063
2016-07-01,0.0,-0.0509838194576048,-0.05263876649377497,0.17634928002053765,0.23263527536958825,0.1482872903488583,0.21871098898811087,0.0,0.0,0.21871098898811087,0.07592558469974137,0.21871098898811087,-0.23263527536958825
2016-07-05,0.0,-0.022349055125458425,-0.023074510827572642,0.16091873122167955,0.22575550745894588,0.14557270383505433,0.21139981681549963,0.0,0.0,0.21139981681549963,0.11388837704961205,0.21139981681549963,-0.22575550745894588
2016-07-06,0.0,0.0,0.0,0.14887539181362278,0.2203859395273986,0.14345400493688593,0.20569354355890535,0.0,0.0,0.20569354355890535,0.14351783476409763,0.20569354355890535,-0.2203859395273986
2016-07-07,0.0,0.0,0.0,0.14887539181362278,0.2203859395273986,0.14345400493688593,0.20569354355890535,0.0,0.0,0.20569354355890535,0.14351783476409763,0.20569354355890535,-0.2203859395273986
2016-07-08,0.0,0.0,0.0,0.14887539181362278,0.2203859395273986,0.14345400493688593,0.20569354355890535,0.0,0.0,0.20569354355890535,0.14351783476409763,0.20569354355890535,-0.2203859395273986
2016-07-11,0.0,0.0,0.0,0.14887539181362278,0.2203859395273986,0.14345400493688593,0.20569354355890535,0.0,0.0,0.20569354355890535,0.14351783476409763,0.20569354355890535,-0.2203859395273986
2016-07-12,0.0,0.0,0.0,0.14887539181362278,0.2203859395273986,0.14345400493688593,0.20569354355890535,0.0,0.0,0.20569354355890535,0.14351783476409763,0.20569354355890535,-0.2203859395273986
2016-07-13,0.0,0.0,0.0,0.14887539181362278,0.2203859395273986,0.14345400493688593,0.20569354355890535,0.0,0.0,0.20569354355890535,0.14351783476409763,0.20569354355890535,-0.2203859395273986
2016-07-14,0.0,0.0,0.0,0.14887539181362278,0.2203859395273986,0.14345400493688593,0.20569354355890535,0.0,0.0,0.20569354355890535,0.14351783476409763,0.20569354355890535,-0.2203859395273986
2016-07-15,0.0,0.0,0.0,0.14887539181362278,0.2203859395273986,0.14345400493688593,0.20569354355890535,0.0,0.0,0.20569354355890535,0.14351783476409763,0.20569354355890535,-0.2203859395273986
2016-07-18,0.0,0.0,0.0,0.14887539181362278,0.2203859395273986,0.14345400493688593,0.20569354355890535,0.0,0.0,0.20569354355890535,0.14351783476409763,0.20569354355890535,-0.2203859395273986
2016-07-19,0.0,0.0,0.0,0.14887539181362278,0.2203859395273986,0.14345400493688593,0.20569354355890535,0.0,0.0,0.20569354355890535,0.14351783476409763,0.20569354355890535,-0.2203859395273986
2016-07-20,0.0,0.0,0.0,0.14887539181362278,0.2203859395273986,0.14345400493688593,0.20569354355890535,0.0,0.0,0.20569354355890535,0.14351783476409763,0.20569354355890535,-0.2203859395273986
2016-07-21,0.0,0.0,0.0,0.14887539181362278,0.2203859395273986,0.14345400493688593,0.20569354355890535,0.0,0.0,0.20569354355890535,0.14351783476409763,0.20569354355890535,-0.2203859395273986
2016-07-22,0.0,0.0,0.0,0.14887539181362278,0.2203859395273986,0.14345400493688593,0.20569354355890535,0.0,0.0,0.20569354355890535,0.14351783476409763,0.20569354355890535,-0.2203859395273986
2016-07-25,0.0,0.0,0.0,0.14887539181362278,0.2203859395273986,0.14345400493688593,0.20569354355890535,0.0,0.0,0.20569354355890535,0.14351783476409763,0.20569354355890535,-0.2203859395273986
2016-07-26,0.0,0.0,0.0,0.14887539181362278,0.2203859395273986,0.14345400493688593,0.20569354355890535,0.0,0.0,0.20569354355890535,0.14351783476409763,0.20569354355890535,-0.2203859395273986
2016-07-27,0.0,0.0,0.0,0.14887539181362278,0.2203859395273986,0.14345400493688593,0.20569354355890535,0.0,0.0,0.20569354355890535,0.14351783476409763,0.20569354355890535,-0.2203859395273986
2016-07-28,0.0,0.0,0.0,0.14887539181362278,0.2203859395273986,0.14345400493688593,0.20569354355890535,0.0,0.0,0.20569354355890535,0.14351783476409763,0.20569354355890535,-0.2203859395273986
2016-07-29,0.0,0.0,0.0,0.14887539181362278,0.2203859395273986,0.14345400493688593,0.20569354355890535,0.0,0.0,0.20569354355890535,0.14351783476409763,0.20569354355890535,-0.2203859395273986
2016-08-01,0.0,0.0,0.0,0.14887539181362278,0.2203859395273986,0.14345400493688593,0.20569354355890535,0.0,0.0,0.20569354355890535,0.14351783476409763,0.20569354355890535,-0.2203859395273986
2016-08-02,0.0,0.0,0.0,0.14887539181362278,0.2203859395273986,0.14345400493688593,0.20569354355890535,0.0,0.0,0.20569354355890535,0.14351783476409763,0.20569354355890535,-0.2203859395273986
2016-08-03,0.0,0.0,0.0,0.14887539181362278,0.2203859395273986,0.14345400493688593,0.20569354355890535,0.0,0.0,0.20569354355890535,0.14351783476409763,0.20569354355890535,-0.2203859395273986
2016-08-04,0.0,0.0,0.0,0.14887539181362278,0.2203859395273986,0.14345400493688593,0.20569354355890535,0.0,0.0,0.20569354355890535,0.14351783476409763,0.20569354355890535,-0.2203859395273986
2016-08-05,0.0,0.0,0.0,0.14887539181362278,0.2203859395273986,0.14345400493688593,0.20569354355890535,0.0,0.0,0.20569354355890535,0.14351783476409763,0.20569354355890535,-0.2203859395273986
2016-08-08,0.0,0.0,0.0,0.14887539181362278,0.2203859395273986,0.14345400493688593,0.20569354355890535,0.0,0.0,0.20569354355890535,0.14351783476409763,0.20569354355890535,-0.2203859395273986
2016-08-09,0.0,0.0,0.0,0.14887539181362278,0.2203859395273986,0.14345400493688593,0.20569354355890535,0.0,0.0,0.20569354355890535,0.14351783476409763,0.20569354355890535,-0.2203859395273986
2016-08-10,0.0,0.0,0.0,0.14887539181362278,0.2203859395273986,0.14345400493688593,0.20569354355890535,0.0,0.0,0.20569354355890535,0.14351783476409763,0.20569354355890535,-0.2203859395273986
2016-08-11,0.0,0.0,0.0,0.14887539181362278,0.2203859395273986,0.14345400493688593,0.20569354355890535,0.0,0.0,0.20569354355890535,0.14351783476409763,0.20569354355890535,-0.2203859395273986
2016-08-12,0.0,0.0,0.0,0.14887539181362278,0.2203859395273986,0.14345400493688593,0.20569354355890535,0.0,0.0,0.20569354355890535,0.14351783476409763,0.20569354355890535,-0.2203859395273986
2016-08-15,0.0,0.0,0.0,0.14887539181362278,0.2203859395273986,0.14345400493688593,0.20569354355890535,0.0,0.0,0.20569354355890535,0.14351783476409763,0.20569354355890535,-0.2203859395273986
2016-08-16,0.0,0.0,0.0,0.14887539181362278,0.2203859395273986,0.14345400493688593,0.20569354355890535,0.0,0.0,0.20569354355890535,0.14351783476409763,0.20569354355890535,-0.2203859395273986
2016-08-17,0.0,0.0,0.0,0.14887539181362278,0.2203859395273986,0.14345400493688593,0.20569354355890535,0.0,0.0,0.20569354355890535,0.14351783476409763,0.20569354355890535,-0.2203859395273986
2016-08-18,0.0,0.0,0.0,0.14887539181362278,0.2203859395273986,0.14345400493688593,0.20569354355890535,0.0,0.0,0.20569354355890535,0.14351783476409763,0.20569354355890535,-0.2203859395273986
2016-08-19,0.0,0.0,0.0,0.14887539181362278,0.2203859395273986,0.14345400493688593,0.20569354355890535,0.0,0.0,0.20569354355890535,0.14351783476409763,0.20569354355890535,-0.2203859395273986
2016-08-22,0.0,0.0,0.0,0.14887539181362278,0.2203859395273986,0.14345400493688593,0.20569354355890535,0.0,0.0,0.20569354355890535,0.14351783476409763,0.20569354355890535,-0.2203859395273986
2016-08-23,0.0,0.0,0.0,0.14887539181362278,0.2203859395273986,0.14345400493688593,0.20569354355890535,0.0,0.0,0.20569354355890535,0.14351783476409763,0.20569354355890535,-0.2203859395273986
2016-08-24,0.0,0.0,0.0,0.14887539181362278,0.2203859395273986,0.14345400493688593,0.20569354355890535,0.0,0.0,0.20569354355890535,0.14351783476409763,0.20569354355890535,-0.2203859395273986
2016-08-25,0.0,0.0,0.0,0.14887539181362278,0.2203859395273986,0.14345400493688593,0.20569354355890535,0.0,0.0,0.20569354355890535,0.14351783476409763,0.20569354355890535,-0.2203859395273986
2016-08-26,0.0,0.0,0.0,0.14887539181362278,0.2203859395273986,0.14345400493688593,0.20569354355890535,0.0,0.0,0.20569354355890535,0.14351783476409763,0.20569354355890535,-0.2203859395273986
2016-08-29,0.0,0.0,0.0,0.14887539181362278,0.2203859395273986,0.14345400493688593,0.20569354355890535,0.0,0.0,0.20569354355890535,0.14351783476409763,0.20569354355890535,-0.2203859395273986
2016-08-30,0.0,0.0,0.0,0.14887539181362278,0.2203859395273986,0.14345400493688593,0.20569354355890535,0.0,0.0,0.20569354355890535,0.14351783476409763,0.20569354355890535,-0.2203859395273986
2016-08-31,0.012171672873645676,0.020435586551149354,0.01042304365967793,0.12534572628233662,0.22045257821963835,0.1468403120561427,0.20575573967166244,0.022285726053410462,0.022285726053410462,0.20575573967166244,0.14312065393386952,0.20575573967166244,-0.18555407522997452
2016-09-01,0.024343345747291353,0.04087117310229871,0.02084608731935586,0.10181606075105044,0.2205192169118781,0.15022661917539948,0.2058179357844195,0.044571452106820925,0.044571452106820925,0.2058179357844195,0.14272347310364142,0.2058179357844195,-0.15072221093255045
2016-09-02,0.03651501862093703,0.06130675965344806,0.03126913097903379,0.07828639521976427,0.2205858556041178,0.15361292629465625,0.2058801318971766,0.06685717816023139,0.06685717816023139,0.2058801318971766,0.1423262922734133,0.2058801318971766,-0.11589034663512637
2016-09-06,0.048686691494582705,0.08174234620459742,0.04169217463871172,0.054756729688478105,0.22065249429635755,0.15699923341391303,0.20594232800993367,0.08914290421364185,0.08914290421364185,0.20594232800993367,0.14192911144318524,0.20594232800993367,-0.08105848233770228
2016-09-07,0.06085836436822838,0.10217793275574677,0.05211521829838965,0.03122706415719194,0.22071913298859727,0.1603855405331698,0.20600452412269077,0.11142863026705231,0.11142863026705231,0.20600452412269077,0.14153193061295713,0.20600452412269077,-0.0462266180402782
2016-09-08,0.07303003724187407,0.12261351930689612,0.06253826195806758,0.007697398625905769,0.22078577168083702,0.1637718476524266,0.20606672023544784,0.13371435632046277,0.13371435632046277,0.20606672023544784,0.14113474978272905,0.20606672023544784,-0.011394753742854112
2016-09-09,0.07701182856517187,0.12929873357945945,0.06594801386623146,0.0,0.22080757159029157,0.16487963032498537,0.20608706681760544,0.1410048176690418,0.1410048176690418,0.20608706681760544,0.1410048176690418,0.20608706681760544,0.0
2016-09-12,0.07701182856517187,0.12929873357945945,0.06594801386623146,0.0,0.22080757159029157,0.16487963032498537,0.20608706681760544,0.1410048176690418,0.1410048176690418,0.20608706681760544,0.1410048176690418,0.20608706681760544,0.0
2016-09-13,0.07701182856517187,0.12929873357945945,0.06594801386623146,0.0,0.22080757159029157,0.16487963032498537,0.20608706681760544,0.1410048176690418,0.1410048176690418,0.20608706681760544,0.1410048176690418,0.20608706681760544,0.0
2016-09-14,0.07701182856517187,0.12929873357945945,0.06594801386623146,0.0,0.22080757159029157,0.16487963032498537,0.20608706681760544,0.1410048176690418,0.1410048176690418,0.20608706681760544,0.1410048176690418,0.20608706681760544,0.0
2016-09-15,0.07701182856517187,0.12929873357945945,0.06594801386623146,0.0,0.22080757159029157,0.16487963032498537,0.20608706681760544,0.1410048176690418,0.1410048176690418,0.20608706681760544,0.1410048176690418,0.20608706681760544,0.0
2016-09-16,0.07701182856517187,0.12929873357945945,0.06594801386623146,0.0,0.22080757159029157,0.16487963032498537,0.20608706681760544,0.1410048176690418,0.1410048176690418,0.20608706681760544,0.1410048176690418,0.20608706681760544,0.0
2016-09-19,0.07701182856517187,0.12929873357945945,0.06594801386623146,0.0,0.22080757159029157,0.16487963032498537,0.20608706681760544,0.1410048176690418,0.1410048176690418,0.20608706681760544,0.1410048176690418,0.20608706681760544,0.0
2016-09-20,0.07701182856517187,0.12929873357945945,0.06594801386623146,0.0,0.22080757159029157,0.16487963032498537,0.20608706681760544,0.1410048176690418,0.1410048176690418,0.20608706681760544,0.1410048176690418,0.20608706681760544,0.0
2016-09-21,0.07701182856517187,0.12929873357945945,0.06594801386623146,0.0,0.22080757159029157,0.16487963032498537,0.20608706681760544,0.1410048176690418,0.1410048176690418,0.20608706681760544,0.1410048176690418,0.20608706681760544,0.0
2016-09-22,0.07701182856517187,0.12929873357945945,0.06594801386623146,0.0,0.22080757159029157,0.16487963032498537,0.20608706681760544,0.1410048176690418,0.1410048176690418,0.20608706681760544,0.1410048176690418,0.20608706681760544,0.0
2016-09-23,0.07701182856517187,0.12929873357945945,0.06594801386623146,0.0,0.22080757159029157,0.16487963032498537,0.20608706681760544,0.1410048176690418,0.1410048176690418,0.20608706681760544,0.1410048176690418,0.20608706681760544,0.0
2016-09-26,0.07701182856517187,0.12929873357945945,0.06594801386623146,0.0,0.22080757159029157,0.16487963032498537,0.20608706681760544,0.1410048176690418,0.1410048176690418,0.20608706681760544,0.1410048176690418,0.20608706681760544,0.0
2016-09-27,0.07701182856517187,0.12929873357945945,0.06594801386623146,0.0,0.22080757159029157,0.16487963032498537,0.20608706681760544,0.1410048176690418,0.1410048176690418,0.20608706681760544,0.1410048176690418,0.20608706681760544,0.0
2016-09-28,0.07701182856517187,0.12929873357945945,0.06594801386623146,0.0,0.22080757159029157,0.16487963032498537,0.20608706681760544,0.1410048176690418,0.1410048176690418,0.20608706681760544,0.1410048176690418,0.20608706681760544,0.0
2016-09-29,0.07701182856517187,0.12929873357945945,0.06594801386623146,0.0,0.22080757159029157,0.16487963032498537,0.20608706681760544,0.1410048176690418,0.1410048176690418,0.20608706681760544,0.1410048176690418,0.20608706681760544,0.0
2016-09-30,0.03503529670613049,0.12584004077203512,0.10528641326791029,0.0,0.23193691515983206,0.18309695609304594,0.21647445414917657,0.1394323028025281,0.1394323028025281,0.21647445414917657,0.1394323028025281,0.21647445414917657,0.0
2016-10-03,0.0,0.12295327706486692,0.13811981883867624,0.0,0.24122591157841852,0.19830186667545188,0.22514418413985726,0.13811981883867624,0.13811981883867624,0.22514418413985726,0.13811981883867624,0.22514418413985726,0.0
2016-10-04,0.0,0.12295327706486692,0.13811981883867624,0.0,0.24122591157841852,0.19830186667545188,0.22514418413985726,0.13811981883867624,0.13811981883867624,0.22514418413985726,0.13811981883867624,0.22514418413985726,0.0
2016-10-05,0.0,0.12295327706486692,0.13811981883867624,0.0,0.24122591157841852,0.19830186667545188,0.22514418413985726,0.13811981883867624,0.13811981883867624,0.22514418413985726,0.13811981883867624,0.22514418413985726,0.0
2016-10-06,0.0,0.12295327706486692,0.13811981883867624,0.0,0.24122591157841852,0.19830186667545188,0.22514418413985726,0.13811981883867624,0.13811981883867624,0.22514418413985726,0.13811981883867624,0.22514418413985726,0.0
2016-10-07,0.0,0.12295327706486692,0.13811981883867624,0.0,0.24122591157841852,0.19830186667545188,0.22514418413985726,0.13811981883867624,0.13811981883867624,0.22514418413985726,0.13811981883867624,0.22514418413985726,0.0
2016-10-10,0.0,0.12295327706486692,0.13811981883867624,0.0,0.24122591157841852,0.19830186667545188,0.22514418413985726,0.13811981883867624,0.13811981883867624,0.22514418413985726,0.13811981883867624,0.22514418413985726,0.0
2016-10-11,0.0,0.12295327706486692,0.13811981883867624,0.0,0.24122591157841852,0.19830186667545188,0.22514418413985726,0.13811981883867624,0.13811981883867624,0.22514418413985726,0.13811981883867624,0.22514418413985726,0.0
2016-10-12,0.0,0.12295327706486692,0.13811981883867624,0.0,0.24122591157841852,0.19830186667545188,0.22514418413985726,0.13811981883867624,0.13811981883867624,0.22514418413985726,0.13811981883867624,0.22514418413985726,0.0
2016-10-13,0.0,0.12295327706486692,0.13811981883867624,0.0,0.24122591157841852,0.19830186667545188,0.22514418413985726,0.13811981883867624,0.13811981883867624,0.22514418413985726,0.13811981883867624,0.22514418413985726,0.0
2016-10-14,0.0,0.12295327706486692,0.13811981883867624,0.0,0.24122591157841852,0.19830186667545188,0.22514418413985726,0.13811981883867624,0.13811981883867624,0.22514418413985726,0.13811981883867624,0.22514418413985726,0.0
2016-10-17,0.0,0.12295327706486692,0.13811981883867624,0.0,0.24122591157841852,0.19830186667545188,0.22514418413985726,0.13811981883867624,0.13811981883867624,0.22514418413985726,0.13811981883867624,0.22514418413985726,0.0
2016-10-18,0.0,0.12295327706486692,0.13811981883867624,0.0,0.24122591157841852,0.19830186667545188,0.22514418413985726,0.13811981883867624,0.13811981883867624,0.22514418413985726,0.13811981883867624,0.22514418413985726,0.0
2016-10-19,0.0,0.12295327706486692,0.13811981883867624,0.0,0.24122591157841852,0.19830186667545188,0.22514418413985726,0.13811981883867624,0.13811981883867624,0.22514418413985726,0.13811981883867624,0.22514418413985726,0.0
2016-10-20,0.0,0.12295327706486692,0.13811981883867624,0.0,0.24122591157841852,0.19830186667545188,0.22514418413985726,0.13811981883867624,0.13811981883867624,0.22514418413985726,0.13811981883867624,0.22514418413985726,0.0
2016-10-21,0.0,0.12295327706486692,0.13811981883867624,0.0,0.24122591157841852,0.19830186667545188,0.22514418413985726,0.13811981883867624,0.13811981883867624,0.22514418413985726,0.13811981883867624,0.22514418413985726,0.0
2016-10-24,0.0,0.12295327706486692,0.13811981883867624,0.0,0.24122591157841852,0.19830186667545188,0.22514418413985726,0.13811981883867624,0.13811981883867624,0.22514418413985726,0.13811981883867624,0.22514418413985726,0.0
2016-10-25,0.0,0.12295327706486692,0.13811981883867624,0.0,0.24122591157841852,0.19830186667545188,0.22514418413985726,0.13811981883867624,0.13811981883867624,0.22514418413985726,0.13811981883867624,0.22514418413985726,0.0
2016-10-26,0.0,0.12295327706486692,0.13811981883867624,0.0,0.24122591157841852,0.19830186667545188,0.22514418413985726,0.13811981883867624,0.13811981883867624,0.22514418413985726,0.13811981883867624,0.22514418413985726,0.0
2016-10-27,0.0,0.12295327706486692,0.13811981883867624,0.0,0.24122591157841852,0.19830186667545188,0.22514418413985726,0.13811981883867624,0.13811981883867624,0.22514418413985726,0.13811981883867624,0.22514418413985726,0.0
2016-10-28,0.0,0.12295327706486692,0.13811981883867624,0.0,0.24122591157841852,0.19830186667545188,0.22514418413985726,0.13811981883867624,0.13811981883867624,0.22514418413985726,0.13811981883867624,0.22514418413985726,0.0
2016-10-31,0.0,0.11961848187349995,0.11911268531711204,-0.03195856086533899,0.23998856219146178,0.17101287883020935,0.22840264978391112,0.13452466578174968,0.15335400052997525,0.22840264978391112,0.14187395483403875,0.21902997384736145,0.03195856086533899
2016-11-01,0.0,0.116283686682133,0.10010555179554784,-0.06391712173067798,0.23875121280450504,0.14372389098496682,0.23166111542796497,0.13092951272482312,0.16858818222127425,0.23166111542796497,0.14562809082940126,0.21291576355486563,0.06391712173067798
2016-11-02,0.0,0.11294889149076603,0.08109841827398363,-0.09587568259601698,0.2375138634175483,0.1164349031397243,0.23491958107201885,0.12733435966789655,0.18382236391257326,0.23491958107201885,0.14938222682476376,0.20680155326236982,0.09587568259601698
2016-11-03,0.0,0.10961409629939908,0.06209128475241943,-0.12783424346135597,0.23627651403059155,0.08914591529448176,0.23817804671607273,0.12373920661097,0.19905654560387226,0.23817804671607273,0.15313636282012624,0.20068734296987403,0.12783424346135597
2016-11-04,0.0,0.10627930110803212,0.043084151230855225,-0.15979280432669496,0.2350391646436348,0.06185692744923922,0.2414365123601266,0.12014405355404345,0.21429072729517126,0.2414365123601266,0.15689049881548875,0.19457313267737822,0.15979280432669496
2016-11-07,0.0,0.10294450591666517,0.02407701770929102,-0.19175136519203395,0.2338018152566781,0.03456793960399668,0.24469497800418047,0.1165489004971169,0.22952490898647027,0.24469497800418047,0.16064463481085126,0.18845892238488243,0.19175136519203395
2016-11-08,0.0,0.0996097107252982,0.0050698841877268135,-0.22370992605737294,0.23256446586972135,0.007278951758754131,0.24795344364823432,0.11295374744019035,0.24475909067776927,0.24795344364823432,0.16439877080621373,0.18234471209238662,0.22370992605737294
2016-11-09,0.0,0.09872020124766775,0.0,-0.23223442041155123,0.23223442041155123,0.0,0.24882259329809064,0.11199479118226274,0.24882259329809064,0.24882259329809064,0.1654001335156339,0.18071383292551002,0.23223442041155123
2016-11-10,0.0,0.09872020124766775,0.0,-0.23223442041155123,0.23223442041155123,0.0,0.24882259329809064,0.11199479118226274,0.24882259329809064,0.24882259329809064,0.1654001335156339,0.18071383292551002,0.23223442041155123
2016-11-11,0.0,0.09872020124766775,0.0,-0.23223442041155123,0.23223442041155123,0.0,0.24882259329809064,0.11199479118226274,0.24882259329809064,0.24882259329809064,0.1654001335156339,0.18071383292551002,0.23223442041155123
2016-11-14,0.0,0.09872020124766775,0.0,-0.23223442041155123,0.23223442041155123,0.0,0.24882259329809064,0.11199479118226274,0.24882259329809064,0.24882259329809064,0.1654001335156339,0.18071383292551002,0.23223442041155123
2016-11-15,0.0,0.09872020124766775,0.0,-0.23223442041155123,0.23223442041155123,0.0,0.24882259329809064,0.11199479118226274,0.24882259329809064,0.24882259329809064,0.1654001335156339,0.18071383292551002,0.23223442041155123
2016-11-16,0.0,0.09872020124766775,0.0,-0.23223442041155123,0.23223442041155123,0.0,0.24882259329809064,0.11199479118226274,0.24882259329809064,0.24882259329809064,0.1654001335156339,0.18071383292551002,0.23223442041155123
2016-11-17,0.0,0.09872020124766775,0.0,-0.23223442041155123,0.23223442041155123,0.0,0.24882259329809064,0.11199479118226274,0.24882259329809064,0.24882259329809064,0.1654001335156339,0.18071383292551002,0.23223442041155123
2016-11-18,0.0,0.09872020124766775,0.0,-0.23223442041155123,0.23223442041155123,0.0,0.24882259329809064,0.11199479118226274,0.24882259329809064,0.24882259329809064,0.1654001335156339,0.18071383292551002,0.23223442041155123
2016-11-21,0.0,0.09872020124766775,0.0,-0.23223442041155123,0.23223442041155123,0.0,0.24882259329809064,0.11199479118226274,0.24882259329809064,0.24882259329809064,0.1654001335156339,0.18071383292551002,0.23223442041155123
2016-11-22,0.0,0.09872020124766775,0.0,-0.23223442041155123,0.23223442041155123,0.0,0.24882259329809064,0.11199479118226274,0.24882259329809064,0.24882259329809064,0.1654001335156339,0.18071383292551002,0.23223442041155123
2016-11-23,0.0,0.09872020124766775,0.0,-0.23223442041155123,0.23223442041155123,0.0,0.24882259329809064,0.11199479118226274,0.24882259329809064,0.24882259329809064,0.1654001335156339,0.18071383292551002,0.23223442041155123
2016-11-25,0.0,0.09872020124766775,0.0,-0.23223442041155123,0.23223442041155123,0.0,0.24882259329809064,0.11199479118226274,0.24882259329809064,0.24882259329809064,0.1654001335156339,0.18071383292551002,0.23223442041155123
2016-11-28,0.0,0.09872020124766775,0.0,-0.23223442041155123,0.23223442041155123,0.0,0.24882259329809064,0.11199479118226274,0.24882259329809064,0.24882259329809064,0.1654001335156339,0.18071383292551002,0.23223442041155123
2016-11-29,0.0,0.09872020124766775,0.0,-0.23223442041155123,0.23223442041155123,0.0,0.24882259329809064,0.11199479118226274,0.24882259329809064,0.24882259329809064,0.1654001335156339,0.18071383292551002,0.23223442041155123
2016-11-30,0.0,0.09046772110103603,0.0,-0.2337195277248889,0.2128208665533825,0.0,0.20712369584997486,0.12305277559186337,0.24418819638754374,0.2280223570214813,0.1724722292948797,0.1466136923811043,0.2337195277248889
2016-12-01,0.0,0.0822152409544043,0.0,-0.23520463503822658,0.19340731269521377,0.0,0.16542479840185909,0.134110760001464,0.23955379947699684,0.20722212074487195,0.1795443250741255,0.11251355183669859,0.23520463503822658
2016-12-02,0.0,0.07396276080777256,0.0,-0.23668974235156426,0.17399375883704504,0.0,0.1237259009537433,0.14516874441106462,0.23491940256644994,0.18642188446826258,0.1866164208533713,0.07841341129229287,0.23668974235156426
2016-12-05,0.0,0.06571028066114082,0.0,-0.23817484966490193,0.1545802049788763,0.0,0.08202700350562753,0.15622672882066524,0.23028500565590304,0.16562164819165323,0.1936885166326171,0.04431327074788716,0.23817484966490193
2016-12-06,0.0,0.05745780051450909,0.0,-0.23965995697823964,0.13516665112070758,0.0,0.04032810605751176,0.16728471323026586,0.22565060874535614,0.14482141191504388,0.20076061241186288,0.01021313020348144,0.23965995697823964
2016-12-07,0.0,0.049205320367877364,0.0,-0.2411450642915773,0.11575309726253885,0.0,-0.0013707913906039898,0.1783426976398665,0.22101621183480924,0.12402117563843454,0.20783270819110866,-0.023887010340924268,0.2411450642915773
2016-12-08,0.0,0.04095284022124563,0.0,-0.242630171604915,0.09633954340437012,0.0,-0.043069688838719755,0.1894006820494671,0.21638181492426234,0.10322093936182518,0.21490480397035447,-0.057987150885329984,0.242630171604915
2016-12-09,0.0,0.032700360074613896,0.0,-0.2441152789182527,0.07692598954620139,0.0,-0.08476858628683553,0.20045866645906774,0.21174741801371544,0.08242070308521582,0.22197689974960028,-0.09208729142973571,0.2441152789182527
2016-12-12,0.0,0.024447879927982162,0.0,-0.2456003862315904,0.05751243568803266,0.0,-0.1264674837349513,0.21151665086866836,0.2071130211031685,0.06162046680860646,0.22904899552884606,-0.12618743197414142,0.2456003862315904
2016-12-13,0.0,0.016195399781350428,0.0,-0.24708549354492806,0.038098881829863936,0.0,-0.16816638118306707,0.22257463527826898,0.2024786241926216,0.0408202305319971,0.23612109130809183,-0.16028757251854714,0.24708549354492806
2016-12-14,0.0,0.007942919634718697,0.0,-0.24857060085826577,0.018685327971695212,0.0,-0.20986527863118282,0.23363261968786958,0.19784422728207468,0.020019994255387738,0.24319318708733764,-0.19438771306295283,0.24857060085826577
2016-12-15,0.0,0.0,0.0,-0.25,0.0,0.0,-0.25,0.24427580572731483,0.19338367220507918,0.0,0.25,-0.2272087160904339,0.25
2016-12-16,0.0,0.0,0.0,-0.25,0.0,0.0,-0.25,0.24427580572731483,0.19338367220507918,0.0,0.25,-0.2272087160904339,0.25
2016-12-19,0.0,0.0,0.0,-0.25,0.0,0.0,-0.25,0.24427580572731483,0.19338367220507918,0.0,0.25,-0.2272087160904339,0.25
2016-12-20,0.0,0.0,0.0,-0.25,0.0,0.0,-0.25,0.24427580572731483,0.19338367220507918,0.0,0.25,-0.2272087160904339,0.25
2016-12-21,0.0,0.0,0.0,-0.25,0.0,0.0,-0.25,0.24427580572731483,0.19338367220507918,0.0,0.25,-0.2272087160904339,0.25
2016-12-22,0.0,0.0,0.0,-0.25,0.0,0.0,-0.25,0.24427580572731483,0.19338367220507918,0.0,0.25,-0.2272087160904339,0.25
2016-12-23,0.0,0.0,0.0,-0.25,0.0,0.0,-0.25,0.24427580572731483,0.19338367220507918,0.0,0.25,-0.2272087160904339,0.25
2016-12-27,0.0,0.0,0.0,-0.25,0.0,0.0,-0.25,0.24427580572731483,0.19338367220507918,0.0,0.25,-0.2272087160904339,0.25
2016-12-28,0.0,0.0,0.0,-0.25,0.0,0.0,-0.25,0.24427580572731483,0.19338367220507918,0.0,0.25,-0.2272087160904339,0.25
2016-12-29,0.0,0.0,0.0,-0.25,0.0,0.0,-0.25,0.24427580572731483,0.19338367220507918,0.0,0.25,-0.2272087160904339,0.25
2016-12-30,0.0,0.0,0.0,-0.25,0.0,0.0,-0.25,0.24427580572731483,0.19338367220507918,0.0,0.25,-0.2272087160904339,0.25
2017-01-03,0.0,0.0,0.0,-0.25,0.0,0.0,-0.25,0.24427580572731483,0.19338367220507918,0.0,0.25,-0.2272087160904339,0.25
2017-01-04,0.0,0.0,0.0,-0.25,0.0,0.0,-0.25,0.24427580572731483,0.19338367220507918,0.0,0.25,-0.2272087160904339,0.25
2017-01-05,0.0,0.0,0.0,-0.25,0.0,0.0,-0.25,0.24427580572731483,0.19338367220507918,0.0,0.25,-0.2272087160904339,0.25
2017-01-06,0.0,0.0,0.0,-0.25,0.0,0.0,-0.25,0.24427580572731483,0.19338367220507918,0.0,0.25,-0.2272087160904339,0.25
2017-01-09,0.0,0.0,0.0,-0.25,0.0,0.0,-0.25,0.24427580572731483,0.19338367220507918,0.0,0.25,-0.2272087160904339,0.25
2017-01-10,0.0,0.0,0.0,-0.25,0.0,0.0,-0.25,0.24427580572731483,0.19338367220507918,0.0,0.25,-0.2272087160904339,0.25
2017-01-11,0.0,0.0,0.0,-0.25,0.0,0.0,-0.25,0.24427580572731483,0.19338367220507918,0.0,0.25,-0.2272087160904339,0.25
2017-01-12,0.0,0.0,0.0,-0.25,0.0,0.0,-0.25,0.24427580572731483,0.19338367220507918,0.0,0.25,-0.2272087160904339,0.25
2017-01-13,0.0,0.0,0.0,-0.25,0.0,0.0,-0.25,0.24427580572731483,0.19338367220507918,0.0,0.25,-0.2272087160904339,0.25
2017-01-17,0.0,0.0,0.0,-0.25,0.0,0.0,-0.25,0.24427580572731483,0.19338367220507918,0.0,0.25,-0.2272087160904339,0.25
2017-01-18,0.0,0.0,0.0,-0.25,0.0,0.0,-0.25,0.24427580572731483,0.19338367220507918,0.0,0.25,-0.2272087160904339,0.25
2017-01-19,0.0,0.0,0.0,-0.25,0.0,0.0,-0.25,0.24427580572731483,0.19338367220507918,0.0,0.25,-0.2272087160904339,0.25
2017-01-20,0.0,0.0,0.0,-0.25,0.0,0.0,-0.25,0.24427580572731483,0.19338367220507918,0.0,0.25,-0.2272087160904339,0.25
2017-01-23,0.0,0.0,0.0,-0.25,0.0,0.0,-0.25,0.24427580572731483,0.19338367220507918,0.0,0.25,-0.2272087160904339,0.25
2017-01-24,0.0,0.0,0.0,-0.25,0.0,0.0,-0.25,0.24427580572731483,0.19338367220507918,0.0,0.25,-0.2272087160904339,0.25
2017-01-25,0.0,0.0,0.0,-0.25,0.0,0.0,-0.25,0.24427580572731483,0.19338367220507918,0.0,0.25,-0.2272087160904339,0.25
2017-01-26,0.0,0.0,0.0,-0.25,0.0,0.0,-0.25,0.24427580572731483,0.19338367220507918,0.0,0.25,-0.2272087160904339,0.25
2017-01-27,0.0,0.0,0.0,-0.25,0.0,0.0,-0.25,0.24427580572731483,0.19338367220507918,0.0,0.25,-0.2272087160904339,0.25
2017-01-30,0.0,0.0,0.0,-0.25,0.0,0.0,-0.25,0.24427580572731483,0.19338367220507918,0.0,0.25,-0.2272087160904339,0.25
2017-01-31,0.03292118399548302,0.011179184946950615,0.020250032560100457,-0.25,-0.019922991180963214,0.0,-0.25,0.2323584433034401,0.1881680269476373,0.0,0.23732884856461745,-0.23020998029475437,0.21707881600451698
2017-02-01,0.06584236799096604,0.022358369893901234,0.040500065120200913,-0.25,-0.039845982361926435,0.0,-0.25,0.22044108087956538,0.1829523816901954,0.0,0.2246576971292349,-0.23321124449907485,0.18415763200903396
2017-02-02,0.09876355198644907,0.03353755484085185,0.060750097680301374,-0.25,-0.05976897354288965,0.0,-0.25,0.20852371845569065,0.1777367364327535,0.0,0.21198654569385234,-0.23621250870339533,0.15123644801355093
2017-02-03,0.1316847359819321,0.04471673978780246,0.08100013024040183,-0.25,-0.07969196472385287,0.0,-0.25,0.19660635603181592,0.1725210911753116,0.0,0.19931539425846978,-0.23921377290771578,0.11831526401806791
2017-02-06,0.1646059199774151,0.05589592473475308,0.10125016280050228,-0.25,-0.09961495590481609,0.0,-0.25,0.1846889936079412,0.16730544591786972,0.0,0.1866442428230872,-0.24221503711203624,0.08539408002258489
2017-02-07,0.19752710397289813,0.06707510968170369,0.12150019536060273,-0.25,-0.1195379470857793,0.0,-0.25,0.17277163118406647,0.16208980066042783,0.0,0.17397309138770461,-0.24521630131635672,0.052472896027101874
2017-02-08,0.23044828796838115,0.0782542946286543,0.1417502279207032,-0.25,-0.13946093826674252,0.0,-0.25,0.16085426876019174,0.15687415540298594,0.0,0.16130193995232206,-0.2482175655206772,0.019551712031618852
2017-02-09,0.25,0.08489355173620475,0.15377661206594878,-0.25,-0.15129309431654073,0.0,-0.25,0.15377661206594878,0.15377661206594878,0.0,0.15377661206594878,-0.25,0.0
2017-02-10,0.25,0.08489355173620475,0.15377661206594878,-0.25,-0.15129309431654073,0.0,-0.25,0.15377661206594878,0.15377661206594878,0.0,0.15377661206594878,-0.25,0.0
2017-02-13,0.25,0.08489355173620475,0.15377661206594878,-0.25,-0.15129309431654073,0.0,-0.25,0.15377661206594878,0.15377661206594878,0.0,0.15377661206594878,-0.25,0.0
2017-02-14,0.25,0.08489355173620475,0.15377661206594878,-0.25,-0.15129309431654073,0.0,-0.25,0.15377661206594878,0.15377661206594878,0.0,0.15377661206594878,-0.25,0.0
2017-02-15,0.25,0.08489355173620475,0.15377661206594878,-0.25,-0.15129309431654073,0.0,-0.25,0.15377661206594878,0.15377661206594878,0.0,0.15377661206594878,-0.25,0.0
2017-02-16,0.25,0.08489355173620475,0.15377661206594878,-0.25,-0.15129309431654073,0.0,-0.25,0.15377661206594878,0.15377661206594878,0.0,0.15377661206594878,-0.25,0.0
2017-02-17,0.25,0.08489355173620475,0.15377661206594878,-0.25,-0.15129309431654073,0.0,-0.25,0.15377661206594878,0.15377661206594878,0.0,0.15377661206594878,-0.25,0.0
2017-02-21,0.25,0.08489355173620475,0.15377661206594878,-0.25,-0.15129309431654073,0.0,-0.25,0.15377661206594878,0.15377661206594878,0.0,0.15377661206594878,-0.25,0.0
2017-02-22,0.25,0.08489355173620475,0.15377661206594878,-0.25,-0.15129309431654073,0.0,-0.25,0.15377661206594878,0.15377661206594878,0.0,0.15377661206594878,-0.25,0.0
2017-02-23,0.25,0.08489355173620475,0.15377661206594878,-0.25,-0.15129309431654073,0.0,-0.25,0.15377661206594878,0.15377661206594878,0.0,0.15377661206594878,-0.25,0.0
2017-02-24,0.25,0.08489355173620475,0.15377661206594878,-0.25,-0.15129309431654073,0.0,-0.25,0.15377661206594878,0.15377661206594878,0.0,0.15377661206594878,-0.25,0.0
2017-02-27,0.25,0.08489355173620475,0.15377661206594878,-0.25,-0.15129309431654073,0.0,-0.25,0.15377661206594878,0.15377661206594878,0.0,0.15377661206594878,-0.25,0.0
2017-02-28,0.2464502778506468,0.10010456445457443,0.14748905338180912,-0.2464502778506468,-0.15981208729459923,0.0,-0.2464502778506468,0.14748905338180912,0.14748905338180912,0.0,0.14748905338180912,-0.23400529545367413,0.07447588857262773
2017-03-01,0.2429005557012936,0.1153155771729441,0.14120149469766946,-0.2429005557012936,-0.16833108027265772,0.0,-0.2429005557012936,0.14120149469766946,0.14120149469766946,0.0,0.14120149469766946,-0.21801059090734826,0.14895177714525543
2017-03-02,0.2393508335519404,0.1305265898913138,0.1349139360135298,-0.2393508335519404,-0.17685007325071622,0.0,-0.2393508335519404,0.1349139360135298,0.1349139360135298,0.0,0.1349139360135298,-0.2020158863610224,0.22342766571788314
2017-03-03,0.23862641984949823,0.133630795115719,0.133630795115719,-0.23862641984949823,-0.17858859671386632,0.0,-0.23862641984949823,0.133630795115719,0.133630795115719,0.0,0.133630795115719,-0.19875174830954598,0.23862641984949823
2017-03-06,0.23862641984949823,0.133630795115719,0.133630795115719,-0.23862641984949823,-0.17858859671386632,0.0,-0.23862641984949823,0.133630795115719,0.133630795115719,0.0,0.133630795115719,-0.19875174830954598,0.23862641984949823
2017-03-07,0.23862641984949823,0.133630795115719,0.133630795115719,-0.23862641984949823,-0.17858859671386632,0.0,-0.23862641984949823,0.133630795115719,0.133630795115719,0.0,0.133630795115719,-0.19875174830954598,0.23862641984949823
2017-03-08,0.23862641984949823,0.133630795115719,0.133630795115719,-0.23862641984949823,-0.17858859671386632,0.0,-0.23862641984949823,0.133630795115719,0.133630795115719,0.0,0.133630795115719,-0.19875174830954598,0.23862641984949823
2017-03-09,0.23862641984949823,0.133630795115719,0.133630795115719,-0.23862641984949823,-0.17858859671386632,0.0,-0.23862641984949823,0.133630795115719,0.133630795115719,0.0,0.133630795115719,-0.19875174830954598,0.23862641984949823
2017-03-10,0.23862641984949823,0.133630795115719,0.133630795115719,-0.23862641984949823,-0.17858859671386632,0.0,-0.23862641984949823,0.133630795115719,0.133630795115719,0.0,0.133630795115719,-0.19875174830954598,0.23862641984949823
2017-03-13,0.23862641984949823,0.133630795115719,0.133630795115719,-0.23862641984949823,-0.17858859671386632,0.0,-0.23862641984949823,0.133630795115719,0.133630795115719,0.0,0.133630795115719,-0.19875174830954598,0.23862641984949823
2017-03-14,0.23862641984949823,0.133630795115719,0.133630795115719,-0.23862641984949823,-0.17858859671386632,0.0,-0.23862641984949823,0.133630795115719,0.133630795115719,0.0,0.133630795115719,-0.19875174830954598,0.23862641984949823
2017-03-15,0.23862641984949823,0.133630795115719,0.133630795115719,-0.23862641984949823,-0.17858859671386632,0.0,-0.23862641984949823,0.133630795115719,0.133630795115719,0.0,0.133630795115719,-0.19875174830954598,0.23862641984949823
2017-03-16,0.23862641984949823,0.133630795115719,0.133630795115719,-0.23862641984949823,-0.17858859671386632,0.0,-0.23862641984949823,0.133630795115719,0.133630795115719,0.0,0.133630795115719,-0.19875174830954598,0.23862641984949823
2017-03-17,0.23862641984949823,0.133630795115719,0.133630795115719,-0.23862641984949823,-0.17858859671386632,0.0,-0.23862641984949823,0.133630795115719,0.133630795115719,0.0,0.133630795115719,-0.19875174830954598,0.23862641984949823
2017-03-20,0.23862641984949823,0.133630795115719,0.133630795115719,-0.23862641984949823,-0.17858859671386632,0.0,-0.23862641984949823,0.133630795115719,0.133630795115719,0.0,0.133630795115719,-0.19875174830954598,0.23862641984949823
2017-03-21,0.23862641984949823,0.133630795115719,0.133630795115719,-0.23862641984949823,-0.17858859671386632,0.0,-0.23862641984949823,0.133630795115719,0.133630795115719,0.0,0.133630795115719,-0.19875174830954598,0.23862641984949823
2017-03-22,0.23862641984949823,0.133630795115719,0.133630795115719,-0.23862641984949823,-0.17858859671386632,0.0,-0.23862641984949823,0.133630795115719,0.133630795115719,0.0,0.133630795115719,-0.19875174830954598,0.23862641984949823
2017-03-23,0.23862641984949823,0.133630795115719,0.133630795115719,-0.23862641984949823,-0.17858859671386632,0.0,-0.23862641984949823,0.133630795115719,0.133630795115719,0.0,0.133630795115719,-0.19875174830954598,0.23862641984949823
2017-03-24,0.23862641984949823,0.133630795115719,0.133630795115719,-0.23862641984949823,-0.17858859671386632,0.0,-0.23862641984949823,0.133630795115719,0.133630795115719,0.0,0.133630795115719,-0.19875174830954598,0.23862641984949823
2017-03-27,0.23862641984949823,0.133630795115719,0.133630795115719,-0.23862641984949823,-0.17858859671386632,0.0,-0.23862641984949823,0.133630795115719,0.133630795115719,0.0,0.133630795115719,-0.19875174830954598,0.23862641984949823
2017-03-28,0.23862641984949823,0.133630795115719,0.133630795115719,-0.23862641984949823,-0.17858859671386632,0.0,-0.23862641984949823,0.133630795115719,0.133630795115719,0.0,0.133630795115719,-0.19875174830954598,0.23862641984949823
2017-03-29,0.23862641984949823,0.133630795115719,0.133630795115719,-0.23862641984949823,-0.17858859671386632,0.0,-0.23862641984949823,0.133630795115719,0.133630795115719,0.0,0.133630795115719,-0.19875174830954598,0.23862641984949823
2017-03-30,0.23862641984949823,0.133630795115719,0.133630795115719,-0.23862641984949823,-0.17858859671386632,0.0,-0.23862641984949823,0.133630795115719,0.133630795115719,0.0,0.133630795115719,-0.19875174830954598,0.23862641984949823
2017-03-31,0.21417217099634692,0.13526178542986758,0.13526178542986758,-0.23606288110317553,-0.1602869770142103,0.0,-0.21417217099634692,0.13037038953194463,0.13526178542986758,0.02561980445058705,0.13526178542986758,-0.17838382460593452,0.21417217099634692
2017-04-03,0.1897179221431956,0.1368927757440162,0.1368927757440162,-0.23349934235685282,-0.14198535731455425,0.0,-0.1897179221431956,0.12710998394817025,0.1368927757440162,0.0512396089011741,0.1368927757440162,-0.15801590090232306,0.1897179221431956
2017-04-04,0.1652636732900443,0.1385237660581648,0.1385237660581648,-0.23093580361053012,-0.12368373761489822,0.0,-0.1652636732900443,0.12384957836439588,0.1385237660581648,0.07685941335176115,0.1385237660581648,-0.1376479771987116,0.1652636732900443
2017-04-05,0.14080942443689298,0.14015475637231342,0.14015475637231342,-0.22837226486420742,-0.10538211791524218,0.0,-0.14080942443689298,0.1205891727806215,0.14015475637231342,0.1024792178023482,0.14015475637231342,-0.11728005349510015,0.14080942443689298
2017-04-06,0.11635517558374166,0.14178574668646202,0.14178574668646202,-0.22580872611788472,-0.08708049821558615,0.0,-0.11635517558374166,0.11732876719684714,0.14178574668646202,0.12809902225293526,0.14178574668646202,-0.0969121297914887,0.11635517558374166
2017-04-07,0.09190092673059035,0.14341673700061064,0.14341673700061064,-0.223245187371562,-0.06877887851593012,0.0,-0.09190092673059035,0.11406836161307277,0.14341673700061064,0.1537188267035223,0.14341673700061064,-0.07654420608787725,0.09190092673059035
2017-04-10,0.06744667787743902,0.14504772731475923,0.14504772731475923,-0.22068164862523929,-0.05047725881627409,0.0,-0.06744667787743902,0.1108079560292984,0.14504772731475923,0.17933863115410936,0.14504772731475923,-0.056176282384265794,0.06744667787743902
2017-04-11,0.04299242902428771,0.14667871762890786,0.14667871762890786,-0.21811810987891656,-0.032175639116618054,0.0,-0.04299242902428771,0.10754755044552403,0.14667871762890786,0.2049584356046964,0.14667871762890786,-0.035808358680654344,0.04299242902428771
2017-04-12,0.018538180171136395,0.14830970794305645,0.14830970794305645,-0.21555457113259385,-0.013874019416962025,0.0,-0.018538180171136395,0.10428714486174966,0.14830970794305645,0.23057824005528346,0.14830970794305645,-0.015440434977042897,0.018538180171136395
2017-04-13,0.0,0.14954612262431005,0.14954612262431005,-0.21361121382726833,0.0,0.0,0.0,0.10181550950275971,0.14954612262431005,0.25,0.14954612262431005,0.0,0.0
2017-04-17,0.0,0.14954612262431005,0.14954612262431005,-0.21361121382726833,0.0,0.0,0.0,0.10181550950275971,0.14954612262431005,0.25,0.14954612262431005,0.0,0.0
2017-04-18,0.0,0.14954612262431005,0.14954612262431005,-0.21361121382726833,0.0,0.0,0.0,0.10181550950275971,0.14954612262431005,0.25,0.14954612262431005,0.0,0.0
2017-04-19,0.0,0.14954612262431005,0.14954612262431005,-0.21361121382726833,0.0,0.0,0.0,0.10181550950275971,0.14954612262431005,0.25,0.14954612262431005,0.0,0.0
2017-04-20,0.0,0.14954612262431005,0.14954612262431005,-0.21361121382726833,0.0,0.0,0.0,0.10181550950275971,0.14954612262431005,0.25,0.14954612262431005,0.0,0.0
2017-04-21,0.0,0.14954612262431005,0.14954612262431005,-0.21361121382726833,0.0,0.0,0.0,0.10181550950275971,0.14954612262431005,0.25,0.14954612262431005,0.0,0.0
2017-04-24,0.0,0.14954612262431005,0.14954612262431005,-0.21361121382726833,0.0,0.0,0.0,0.10181550950275971,0.14954612262431005,0.25,0.14954612262431005,0.0,0.0
2017-04-25,0.0,0.14954612262431005,0.14954612262431005,-0.21361121382726833,0.0,0.0,0.0,0.10181550950275971,0.14954612262431005,0.25,0.14954612262431005,0.0,0.0
2017-04-26,0.0,0.14954612262431005,0.14954612262431005,-0.21361121382726833,0.0,0.0,0.0,0.10181550950275971,0.14954612262431005,0.25,0.14954612262431005,0.0,0.0
2017-04-27,0.0,0.14954612262431005,0.14954612262431005,-0.21361121382726833,0.0,0.0,0.0,0.10181550950275971,0.14954612262431005,0.25,0.14954612262431005,0.0,0.0
2017-04-28,0.0,0.14954612262431005,0.14954612262431005,-0.21361121382726833,0.0,0.0,0.0,0.10181550950275971,0.14954612262431005,0.25,0.14954612262431005,0.0,0.0
2017-05-01,0.0,0.14954612262431005,0.14954612262431005,-0.21361121382726833,0.0,0.0,0.0,0.10181550950275971,0.14954612262431005,0.25,0.14954612262431005,0.0,0.0
2017-05-02,0.0,0.14954612262431005,0.14954612262431005,-0.21361121382726833,0.0,0.0,0.0,0.10181550950275971,0.14954612262431005,0.25,0.14954612262431005,0.0,0.0
2017-05-03,0.0,0.14954612262431005,0.14954612262431005,-0.21361121382726833,0.0,0.0,0.0,0.10181550950275971,0.14954612262431005,0.25,0.14954612262431005,0.0,0.0
2017-05-04,0.0,0.14954612262431005,0.14954612262431005,-0.21361121382726833,0.0,0.0,0.0,0.10181550950275971,0.14954612262431005,0.25,0.14954612262431005,0.0,0.0
2017-05-05,0.0,0.14954612262431005,0.14954612262431005,-0.21361121382726833,0.0,0.0,0.0,0.10181550950275971,0.14954612262431005,0.25,0.14954612262431005,0.0,0.0
2017-05-08,0.0,0.14954612262431005,0.14954612262431005,-0.21361121382726833,0.0,0.0,0.0,0.10181550950275971,0.14954612262431005,0.25,0.14954612262431005,0.0,0.0
2017-05-09,0.0,0.14954612262431005,0.14954612262431005,-0.21361121382726833,0.0,0.0,0.0,0.10181550950275971,0.14954612262431005,0.25,0.14954612262431005,0.0,0.0
2017-05-10,0.0,0.14954612262431005,0.14954612262431005,-0.21361121382726833,0.0,0.0,0.0,0.10181550950275971,0.14954612262431005,0.25,0.14954612262431005,0.0,0.0
2017-05-11,0.0,0.14954612262431005,0.14954612262431005,-0.21361121382726833,0.0,0.0,0.0,0.10181550950275971,0.14954612262431005,0.25,0.14954612262431005,0.0,0.0
2017-05-12,0.0,0.14954612262431005,0.14954612262431005,-0.21361121382726833,0.0,0.0,0.0,0.10181550950275971,0.14954612262431005,0.25,0.14954612262431005,0.0,0.0
2017-05-15,0.0,0.14954612262431005,0.14954612262431005,-0.21361121382726833,0.0,0.0,0.0,0.10181550950275971,0.14954612262431005,0.25,0.14954612262431005,0.0,0.0
2017-05-16,0.0,0.14954612262431005,0.14954612262431005,-0.21361121382726833,0.0,0.0,0.0,0.10181550950275971,0.14954612262431005,0.25,0.14954612262431005,0.0,0.0
2017-05-17,0.0,0.14954612262431005,0.14954612262431005,-0.21361121382726833,0.0,0.0,0.0,0.10181550950275971,0.14954612262431005,0.25,0.14954612262431005,0.0,0.0
2017-05-18,0.0,0.14954612262431005,0.14954612262431005,-0.21361121382726833,0.0,0.0,0.0,0.10181550950275971,0.14954612262431005,0.25,0.14954612262431005,0.0,0.0
2017-05-19,0.0,0.14954612262431005,0.14954612262431005,-0.21361121382726833,0.0,0.0,0.0,0.10181550950275971,0.14954612262431005,0.25,0.14954612262431005,0.0,0.0
2017-05-22,0.0,0.14954612262431005,0.14954612262431005,-0.21361121382726833,0.0,0.0,0.0,0.10181550950275971,0.14954612262431005,0.25,0.14954612262431005,0.0,0.0
2017-05-23,0.0,0.14954612262431005,0.14954612262431005,-0.21361121382726833,0.0,0.0,0.0,0.10181550950275971,0.14954612262431005,0.25,0.14954612262431005,0.0,0.0
2017-05-24,0.0,0.14954612262431005,0.14954612262431005,-0.21361121382726833,0.0,0.0,0.0,0.10181550950275971,0.14954612262431005,0.25,0.14954612262431005,0.0,0.0
2017-05-25,0.0,0.14954612262431005,0.14954612262431005,-0.21361121382726833,0.0,0.0,0.0,0.10181550950275971,0.14954612262431005,0.25,0.14954612262431005,0.0,0.0
2017-05-26,0.0,0.14954612262431005,0.14954612262431005,-0.21361121382726833,0.0,0.0,0.0,0.10181550950275971,0.14954612262431005,0.25,0.14954612262431005,0.0,0.0
2017-05-30,0.0,0.14954612262431005,0.14954612262431005,-0.21361121382726833,0.0,0.0,0.0,0.10181550950275971,0.14954612262431005,0.25,0.14954612262431005,0.0,0.0
2017-05-31,0.0,0.14956942025976713,0.14956942025976713,-0.11628192251588827,0.0,0.0,0.0,0.10172231896093134,0.14956942025976713,0.25,0.14956942025976713,0.0,-0.052484327604963237
2017-06-01,0.0,0.14959271789522421,0.14959271789522421,-0.01895263120450824,0.0,0.0,0.0,0.10162912841910299,0.14959271789522421,0.25,0.14959271789522421,0.0,-0.10496865520992646
2017-06-02,0.0,0.14961601553068132,0.14961601553068132,0.07837666010687178,0.0,0.0,0.0,0.10153593787727462,0.14961601553068132,0.25,0.14961601553068132,0.0,-0.15745298281488967
2017-06-05,0.0,0.1496393131661384,0.1496393131661384,0.1757059514182518,0.0,0.0,0.0,0.10144274733544627,0.1496393131661384,0.25,0.1496393131661384,0.0,-0.20993731041985292
2017-06-06,0.0,0.14965709687376813,0.14965709687376813,0.25,0.0,0.0,0.0,0.1013716125049274,0.14965709687376813,0.25,0.14965709687376813,0.0,-0.25
2017-06-07,0.0,0.14965709687376813,0.14965709687376813,0.25,0.0,0.0,0.0,0.1013716125049274,0.14965709687376813,0.25,0.14965709687376813,0.0,-0.25
2017-06-08,0.0,0.14965709687376813,0.14965709687376813,0.25,0.0,0.0,0.0,0.1013716125049274,0.14965709687376813,0.25,0.14965709687376813,0.0,-0.25
2017-06-09,0.0,0.14965709687376813,0.14965709687376813,0.25,0.0,0.0,0.0,0.1013716125049274,0.14965709687376813,0.25,0.14965709687376813,0.0,-0.25
2017-06-12,0.0,0.14965709687376813,0.14965709687376813,0.25,0.0,0.0,0.0,0.1013716125049274,0.14965709687376813,0.25,0.14965709687376813,0.0,-0.25
2017-06-13,0.0,0.14965709687376813,0.14965709687376813,0.25,0.0,0.0,0.0,0.1013716125049274,0.14965709687376813,0.25,0.14965709687376813,0.0,-0.25
2017-06-14,0.0,0.14965709687376813,0.14965709687376813,0.25,0.0,0.0,0.0,0.1013716125049274,0.14965709687376813,0.25,0.14965709687376813,0.0,-0.25
2017-06-15,0.0,0.14965709687376813,0.14965709687376813,0.25,0.0,0.0,0.0,0.1013716125049274,0.14965709687376813,0.25,0.14965709687376813,0.0,-0.25
2017-06-16,0.0,0.14965709687376813,0.14965709687376813,0.25,0.0,0.0,0.0,0.1013716125049274,0.14965709687376813,0.25,0.14965709687376813,0.0,-0.25
2017-06-19,0.0,0.14965709687376813,0.14965709687376813,0.25,0.0,0.0,0.0,0.1013716125049274,0.14965709687376813,0.25,0.14965709687376813,0.0,-0.25
2017-06-20,0.0,0.14965709687376813,0.14965709687376813,0.25,0.0,0.0,0.0,0.1013716125049274,0.14965709687376813,0.25,0.14965709687376813,0.0,-0.25
2017-06-21,0.0,0.14965709687376813,0.14965709687376813,0.25,0.0,0.0,0.0,0.1013716125049274,0.14965709687376813,0.25,0.14965709687376813,0.0,-0.25
2017-06-22,0.0,0.14965709687376813,0.14965709687376813,0.25,0.0,0.0,0.0,0.1013716125049274,0.14965709687376813,0.25,0.14965709687376813,0.0,-0.25
2017-06-23,0.0,0.14965709687376813,0.14965709687376813,0.25,0.0,0.0,0.0,0.1013716125049274,0.14965709687376813,0.25,0.14965709687376813,0.0,-0.25
2017-06-26,0.0,0.14965709687376813,0.14965709687376813,0.25,0.0,0.0,0.0,0.1013716125049274,0.14965709687376813,0.25,0.14965709687376813,0.0,-0.25
2017-06-27,0.0,0.14965709687376813,0.14965709687376813,0.25,0.0,0.0,0.0,0.1013716125049274,0.14965709687376813,0.25,0.14965709687376813,0.0,-0.25
2017-06-28,0.0,0.14965709687376813,0.14965709687376813,0.25,0.0,0.0,0.0,0.1013716125049274,0.14965709687376813,0.25,0.14965709687376813,0.0,-0.25
2017-06-29,0.0,0.14965709687376813,0.14965709687376813,0.25,0.0,0.0,0.0,0.1013716125049274,0.14965709687376813,0.25,0.14965709687376813,0.0,-0.25
2017-06-30,-0.03535767466215379,0.14829128691599375,0.14829128691599375,0.25,0.0,0.0,0.033000496351343535,0.10683485233602495,0.14829128691599375,0.24764282168918975,0.14829128691599375,0.033000496351343535,-0.21464232533784622
2017-07-03,-0.07071534932430758,0.14692547695821936,0.14692547695821936,0.25,0.0,0.0,0.06600099270268707,0.1122980921671225,0.14692547695821936,0.2452856433783795,0.14692547695821936,0.06600099270268707,-0.17928465067569244
2017-07-05,-0.10607302398646137,0.14555966700044498,0.14555966700044498,0.25,0.0,0.0,0.09900148905403061,0.11776133199822005,0.14555966700044498,0.24292846506756924,0.14555966700044498,0.09900148905403061,-0.14392697601353865
2017-07-06,-0.14143069864861516,0.14419385704267057,0.14419385704267057,0.25,0.0,0.0,0.13200198540537414,0.12322457182931758,0.14419385704267057,0.24057128675675898,0.14419385704267057,0.13200198540537414,-0.10856930135138486
2017-07-07,-0.17678837331076894,0.14282804708489621,0.14282804708489621,0.25,0.0,0.0,0.16500248175671767,0.12868781166041512,0.14282804708489621,0.23821410844594873,0.14282804708489621,0.16500248175671767,-0.07321162668923106
2017-07-10,-0.21214604797292272,0.14146223712712183,0.14146223712712183,0.25,0.0,0.0,0.1980029781080612,0.13415105149151266,0.14146223712712183,0.23585693013513848,0.14146223712712183,0.1980029781080612,-0.037853952027077274
2017-07-11,-0.2475037226350765,0.14009642716934742,0.14009642716934742,0.25,0.0,0.0,0.23100347445940472,0.13961429132261022,0.14009642716934742,0.23349975182432822,0.14009642716934742,0.23100347445940472,-0.002496277364923506
2017-07-12,-0.25,0.13999999999999999,0.13999999999999999,0.25,0.0,0.0,0.2333333333333333,0.13999999999999999,0.13999999999999999,0.2333333333333333,0.13999999999999999,0.2333333333333333,0.0
2017-07-13,-0.25,0.13999999999999999,0.13999999999999999,0.25,0.0,0.0,0.2333333333333333,0.13999999999999999,0.13999999999999999,0.2333333333333333,0.13999999999999999,0.2333333333333333,0.0
2017-07-14,-0.25,0.13999999999999999,0.13999999999999999,0.25,0.0,0.0,0.2333333333333333,0.13999999999999999,0.13999999999999999,0.2333333333333333,0.13999999999999999,0.2333333333333333,0.0
2017-07-17,-0.25,0.13999999999999999,0.13999999999999999,0.25,0.0,0.0,0.2333333333333333,0.13999999999999999,0.13999999999999999,0.2333333333333333,0.13999999999999999,0.2333333333333333,0.0
2017-07-18,-0.25,0.13999999999999999,0.13999999999999999,0.25,0.0,0.0,0.2333333333333333,0.13999999999999999,0.13999999999999999,0.2333333333333333,0.13999999999999999,0.2333333333333333,0.0
2017-07-19,-0.25,0.13999999999999999,0.13999999999999999,0.25,0.0,0.0,0.2333333333333333,0.13999999999999999,0.13999999999999999,0.2333333333333333,0.13999999999999999,0.2333333333333333,0.0
2017-07-20,-0.25,0.13999999999999999,0.13999999999999999,0.25,0.0,0.0,0.2333333333333333,0.13999999999999999,0.13999999999999999,0.2333333333333333,0.13999999999999999,0.2333333333333333,0.0
2017-07-21,-0.25,0.13999999999999999,0.13999999999999999,0.25,0.0,0.0,0.2333333333333333,0.13999999999999999,0.13999999999999999,0.2333333333333333,0.13999999999999999,0.2333333333333333,0.0
2017-07-24,-0.25,0.13999999999999999,0.13999999999999999,0.25,0.0,0.0,0.2333333333333333,0.13999999999999999,0.13999999999999999,0.2333333333333333,0.13999999999999999,0.2333333333333333,0.0
2017-07-25,-0.25,0.13999999999999999,0.13999999999999999,0.25,0.0,0.0,0.2333333333333333,0.13999999999999999,0.13999999999999999,0.2333333333333333,0.13999999999999999,0.2333333333333333,0.0
2017-07-26,-0.25,0.13999999999999999,0.13999999999999999,0.25,0.0,0.0,0.2333333333333333,0.13999999999999999,0.13999999999999999,0.2333333333333333,0.13999999999999999,0.2333333333333333,0.0
2017-07-27,-0.25,0.13999999999999999,0.13999999999999999,0.25,0.0,0.0,0.2333333333333333,0.13999999999999999,0.13999999999999999,0.2333333333333333,0.13999999999999999,0.2333333333333333,0.0
2017-07-28,-0.25,0.13999999999999999,0.13999999999999999,0.25,0.0,0.0,0.2333333333333333,0.13999999999999999,0.13999999999999999,0.2333333333333333,0.13999999999999999,0.2333333333333333,0.0
2017-07-31,-0.2378915124161263,0.13999999999999999,0.13999999999999999,0.25,0.0,0.0,0.1894587612009295,0.13999999999999999,0.13999999999999999,0.23646723134279074,0.13999999999999999,0.1894587612009295,-0.04700847014186123
2017-08-01,-0.2257830248322526,0.13999999999999999,0.13999999999999999,0.25,0.0,0.0,0.1455841890685257,0.13999999999999999,0.13999999999999999,0.23960112935224814,0.13999999999999999,0.1455841890685257,-0.09401694028372246
2017-08-02,-0.2136745372483789,0.13999999999999999,0.13999999999999999,0.25,0.0,0.0,0.10170961693612188,0.13999999999999999,0.13999999999999999,0.24273502736170557,0.13999999999999999,0.10170961693612188,-0.1410254104255837
2017-08-03,-0.2015660496645052,0.13999999999999999,0.13999999999999999,0.25,0.0,0.0,0.05783504480371808,0.13999999999999999,0.13999999999999999,0.24586892537116298,0.13999999999999999,0.05783504480371808,-0.1880338805674449
2017-08-04,-0.18945756208063147,0.13999999999999999,0.13999999999999999,0.25,0.0,0.0,0.013960472671314304,0.13999999999999999,0.13999999999999999,0.2490028233806204,0.13999999999999999,0.013960472671314304,-0.2350423507093061
2017-08-07,-0.18560475618897534,0.13999999999999999,0.13999999999999999,0.25,0.0,0.0,0.0,0.13999999999999999,0.13999999999999999,0.25,0.13999999999999999,0.0,-0.25
2017-08-08,-0.18560475618897534,0.13999999999999999,0.13999999999999999,0.25,0.0,0.0,0.0,0.13999999999999999,0.13999999999999999,0.25,0.13999999999999999,0.0,-0.25
2017-08-09,-0.18560475618897534,0.13999999999999999,0.13999999999999999,0.25,0.0,0.0,0.0,0.13999999999999999,0.13999999999999999,0.25,0.13999999999999999,0.0,-0.25
2017-08-10,-0.18560475618897534,0.13999999999999999,0.13999999999999999,0.25,0.0,0.0,0.0,0.13999999999999999,0.13999999999999999,0.25,0.13999999999999999,0.0,-0.25
2017-08-11,-0.18560475618897534,0.13999999999999999,0.13999999999999999,0.25,0.0,0.0,0.0,0.13999999999999999,0.13999999999999999,0.25,0.13999999999999999,0.0,-0.25
2017-08-14,-0.18560475618897534,0.13999999999999999,0.13999999999999999,0.25,0.0,0.0,0.0,0.13999999999999999,0.13999999999999999,0.25,0.13999999999999999,0.0,-0.25
2017-08-15,-0.18560475618897534,0.13999999999999999,0.13999999999999999,0.25,0.0,0.0,0.0,0.13999999999999999,0.13999999999999999,0.25,0.13999999999999999,0.0,-0.25
2017-08-16,-0.18560475618897534,0.13999999999999999,0.13999999999999999,0.25,0.0,0.0,0.0,0.13999999999999999,0.13999999999999999,0.25,0.13999999999999999,0.0,-0.25
2017-08-17,-0.18560475618897534,0.13999999999999999,0.13999999999999999,0.25,0.0,0.0,0.0,0.13999999999999999,0.13999999999999999,0.25,0.13999999999999999,0.0,-0.25
2017-08-18,-0.18560475618897534,0.13999999999999999,0.13999999999999999,0.25,0.0,0.0,0.0,0.13999999999999999,0.13999999999999999,0.25,0.13999999999999999,0.0,-0.25
2017-08-21,-0.18560475618897534,0.13999999999999999,0.13999999999999999,0.25,0.0,0.0,0.0,0.13999999999999999,0.13999999999999999,0.25,0.13999999999999999,0.0,-0.25
2017-08-22,-0.18560475618897534,0.13999999999999999,0.13999999999999999,0.25,0.0,0.0,0.0,0.13999999999999999,0.13999999999999999,0.25,0.13999999999999999,0.0,-0.25
2017-08-23,-0.18560475618897534,0.13999999999999999,0.13999999999999999,0.25,0.0,0.0,0.0,0.13999999999999999,0.13999999999999999,0.25,0.13999999999999999,0.0,-0.25
2017-08-24,-0.18560475618897534,0.13999999999999999,0.13999999999999999,0.25,0.0,0.0,0.0,0.13999999999999999,0.13999999999999999,0.25,0.13999999999999999,0.0,-0.25
2017-08-25,-0.18560475618897534,0.13999999999999999,0.13999999999999999,0.25,0.0,0.0,0.0,0.13999999999999999,0.13999999999999999,0.25,0.13999999999999999,0.0,-0.25
2017-08-28,-0.18560475618897534,0.13999999999999999,0.13999999999999999,0.25,0.0,0.0,0.0,0.13999999999999999,0.13999999999999999,0.25,0.13999999999999999,0.0,-0.25
2017-08-29,-0.18560475618897534,0.13999999999999999,0.13999999999999999,0.25,0.0,0.0,0.0,0.13999999999999999,0.13999999999999999,0.25,0.13999999999999999,0.0,-0.25
2017-08-30,-0.18560475618897534,0.13999999999999999,0.13999999999999999,0.25,0.0,0.0,0.0,0.13999999999999999,0.13999999999999999,0.25,0.13999999999999999,0.0,-0.25
2017-08-31,-0.1258100202927497,0.15127565801297177,0.15127565801297177,0.25,0.0,0.0,0.0,0.0948973679481128,0.15127565801297177,0.25,0.15127565801297177,0.0,-0.25
2017-09-01,-0.0660152843965241,0.16255131602594358,0.16255131602594358,0.25,0.0,0.0,0.0,0.04979473589622563,0.16255131602594358,0.25,0.16255131602594358,0.0,-0.25
2017-09-05,-0.0062205485002984895,0.1738269740389154,0.1738269740389154,0.25,0.0,0.0,0.0,0.0046921038443384355,0.1738269740389154,0.25,0.1738269740389154,0.0,-0.25
2017-09-06,0.0,0.175,0.175,0.25,0.0,0.0,0.0,0.0,0.175,0.25,0.175,0.0,-0.25
2017-09-07,0.0,0.175,0.175,0.25,0.0,0.0,0.0,0.0,0.175,0.25,0.175,0.0,-0.25
2017-09-08,0.0,0.175,0.175,0.25,0.0,0.0,0.0,0.0,0.175,0.25,0.175,0.0,-0.25
2017-09-11,0.0,0.175,0.175,0.25,0.0,0.0,0.0,0.0,0.175,0.25,0.175,0.0,-0.25
2017-09-12,0.0,0.175,0.175,0.25,0.0,0.0,0.0,0.0,0.175,0.25,0.175,0.0,-0.25
2017-09-13,0.0,0.175,0.175,0.25,0.0,0.0,0.0,0.0,0.175,0.25,0.175,0.0,-0.25
2017-09-14,0.0,0.175,0.175,0.25,0.0,0.0,0.0,0.0,0.175,0.25,0.175,0.0,-0.25
2017-09-15,0.0,0.175,0.175,0.25,0.0,0.0,0.0,0.0,0.175,0.25,0.175,0.0,-0.25
2017-09-18,0.0,0.175,0.175,0.25,0.0,0.0,0.0,0.0,0.175,0.25,0.175,0.0,-0.25
2017-09-19,0.0,0.175,0.175,0.25,0.0,0.0,0.0,0.0,0.175,0.25,0.175,0.0,-0.25
2017-09-20,0.0,0.175,0.175,0.25,0.0,0.0,0.0,0.0,0.175,0.25,0.175,0.0,-0.25
2017-09-21,0.0,0.175,0.175,0.25,0.0,0.0,0.0,0.0,0.175,0.25,0.175,0.0,-0.25
2017-09-22,0.0,0.175,0.175,0.25,0.0,0.0,0.0,0.0,0.175,0.25,0.175,0.0,-0.25
2017-09-25,0.0,0.175,0.175,0.25,0.0,0.0,0.0,0.0,0.175,0.25,0.175,0.0,-0.25
2017-09-26,0.0,0.175,0.175,0.25,0.0,0.0,0.0,0.0,0.175,0.25,0.175,0.0,-0.25
2017-09-27,0.0,0.175,0.175,0.25,0.0,0.0,0.0,0.0,0.175,0.25,0.175,0.0,-0.25
2017-09-28,0.0,0.175,0.175,0.25,0.0,0.0,0.0,0.0,0.175,0.25,0.175,0.0,-0.25
2017-09-29,0.0,0.175,0.175,0.25,0.0,0.0,0.0,0.0,0.175,0.25,0.175,0.0,-0.25
2017-10-02,0.0,0.175,0.175,0.25,0.0,0.0,0.0,0.0,0.175,0.25,0.175,0.0,-0.25
2017-10-03,0.0,0.175,0.175,0.25,0.0,0.0,0.0,0.0,0.175,0.25,0.175,0.0,-0.25
2017-10-04,0.0,0.175,0.175,0.25,0.0,0.0,0.0,0.0,0.175,0.25,0.175,0.0,-0.25
2017-10-05,0.0,0.175,0.175,0.25,0.0,0.0,0.0,0.0,0.175,0.25,0.175,0.0,-0.25
2017-10-06,0.0,0.175,0.175,0.25,0.0,0.0,0.0,0.0,0.175,0.25,0.175,0.0,-0.25
2017-10-09,0.0,0.175,0.175,0.25,0.0,0.0,0.0,0.0,0.175,0.25,0.175,0.0,-0.25
2017-10-10,0.0,0.175,0.175,0.25,0.0,0.0,0.0,0.0,0.175,0.25,0.175,0.0,-0.25
2017-10-11,0.0,0.175,0.175,0.25,0.0,0.0,0.0,0.0,0.175,0.25,0.175,0.0,-0.25
2017-10-12,0.0,0.175,0.175,0.25,0.0,0.0,0.0,0.0,0.175,0.25,0.175,0.0,-0.25
2017-10-13,0.0,0.175,0.175,0.25,0.0,0.0,0.0,0.0,0.175,0.25,0.175,0.0,-0.25
2017-10-16,0.0,0.175,0.175,0.25,0.0,0.0,0.0,0.0,0.175,0.25,0.175,0.0,-0.25
2017-10-17,0.0,0.175,0.175,0.25,0.0,0.0,0.0,0.0,0.175,0.25,0.175,0.0,-0.25
2017-10-18,0.0,0.175,0.175,0.25,0.0,0.0,0.0,0.0,0.175,0.25,0.175,0.0,-0.25
2017-10-19,0.0,0.175,0.175,0.25,0.0,0.0,0.0,0.0,0.175,0.25,0.175,0.0,-0.25
2017-10-20,0.0,0.175,0.175,0.25,0.0,0.0,0.0,0.0,0.175,0.25,0.175,0.0,-0.25
2017-10-23,0.0,0.175,0.175,0.25,0.0,0.0,0.0,0.0,0.175,0.25,0.175,0.0,-0.25
2017-10-24,0.0,0.175,0.175,0.25,0.0,0.0,0.0,0.0,0.175,0.25,0.175,0.0,-0.25
2017-10-25,0.0,0.175,0.175,0.25,0.0,0.0,0.0,0.0,0.175,0.25,0.175,0.0,-0.25
2017-10-26,0.0,0.175,0.175,0.25,0.0,0.0,0.0,0.0,0.175,0.25,0.175,0.0,-0.25
2017-10-27,0.0,0.175,0.175,0.25,0.0,0.0,0.0,0.0,0.175,0.25,0.175,0.0,-0.25
2017-10-30,0.0,0.175,0.175,0.25,0.0,0.0,0.0,0.0,0.175,0.25,0.175,0.0,-0.25
2017-10-31,0.035828025477707005,0.169984076433121,0.169984076433121,0.24761146496815287,-0.033439490445859865,0.0,0.0,0.020063694267515923,0.169984076433121,0.214171974522293,0.169984076433121,0.0,-0.24761146496815287
2017-11-01,0.07165605095541402,0.164968152866242,0.164968152866242,0.24522292993630573,-0.06687898089171973,0.0,0.0,0.040127388535031845,0.164968152866242,0.178343949044586,0.164968152866242,0.0,-0.24522292993630573
2017-11-02,0.10748407643312102,0.15995222929936304,0.15995222929936304,0.2428343949044586,-0.1003184713375796,0.0,0.0,0.06019108280254777,0.15995222929936304,0.14251592356687898,0.15995222929936304,0.0,-0.2428343949044586
2017-11-03,0.14331210191082802,0.15493630573248407,0.15493630573248407,0.24044585987261147,-0.13375796178343946,0.0,0.0,0.08025477707006369,0.15493630573248407,0.10668789808917198,0.15493630573248407,0.0,-0.24044585987261147
2017-11-06,0.17914012738853502,0.14992038216560508,0.14992038216560508,0.23805732484076433,-0.16719745222929933,0.0,0.0,0.10031847133757961,0.14992038216560508,0.07085987261146498,0.14992038216560508,0.0,-0.23805732484076433
2017-11-07,0.21496815286624202,0.1449044585987261,0.1449044585987261,0.2356687898089172,-0.2006369426751592,0.0,0.0,0.12038216560509553,0.1449044585987261,0.035031847133757975,0.1449044585987261,0.0,-0.2356687898089172
2017-11-08,0.25,0.13999999999999999,0.13999999999999999,0.2333333333333333,-0.2333333333333333,0.0,0.0,0.13999999999999999,0.13999999999999999,0.0,0.13999999999999999,0.0,-0.2333333333333333
2017-11-09,0.25,0.13999999999999999,0.13999999999999999,0.2333333333333333,-0.2333333333333333,0.0,0.0,0.13999999999999999,0.13999999999999999,0.0,0.13999999999999999,0.0,-0.2333333333333333
2017-11-10,0.25,0.13999999999999999,0.13999999999999999,0.2333333333333333,-0.2333333333333333,0.0,0.0,0.13999999999999999,0.13999999999999999,0.0,0.13999999999999999,0.0,-0.2333333333333333
2017-11-13,0.25,0.13999999999999999,0.13999999999999999,0.2333333333333333,-0.2333333333333333,0.0,0.0,0.13999999999999999,0.13999999999999999,0.0,0.13999999999999999,0.0,-0.2333333333333333
2017-11-14,0.25,0.13999999999999999,0.13999999999999999,0.2333333333333333,-0.2333333333333333,0.0,0.0,0.13999999999999999,0.13999999999999999,0.0,0.13999999999999999,0.0,-0.2333333333333333
2017-11-15,0.25,0.13999999999999999,0.13999999999999999,0.2333333333333333,-0.2333333333333333,0.0,0.0,0.13999999999999999,0.13999999999999999,0.0,0.13999999999999999,0.0,-0.2333333333333333
2017-11-16,0.25,0.13999999999999999,0.13999999999999999,0.2333333333333333,-0.2333333333333333,0.0,0.0,0.13999999999999999,0.13999999999999999,0.0,0.13999999999999999,0.0,-0.2333333333333333
2017-11-17,0.25,0.13999999999999999,0.13999999999999999,0.2333333333333333,-0.2333333333333333,0.0,0.0,0.13999999999999999,0.13999999999999999,0.0,0.13999999999999999,0.0,-0.2333333333333333
2017-11-20,0.25,0.13999999999999999,0.13999999999999999,0.2333333333333333,-0.2333333333333333,0.0,0.0,0.13999999999999999,0.13999999999999999,0.0,0.13999999999999999,0.0,-0.2333333333333333
2017-11-21,0.25,0.13999999999999999,0.13999999999999999,0.2333333333333333,-0.2333333333333333,0.0,0.0,0.13999999999999999,0.13999999999999999,0.0,0.13999999999999999,0.0,-0.2333333333333333
2017-11-22,0.25,0.13999999999999999,0.13999999999999999,0.2333333333333333,-0.2333333333333333,0.0,0.0,0.13999999999999999,0.13999999999999999,0.0,0.13999999999999999,0.0,-0.2333333333333333
2017-11-24,0.25,0.13999999999999999,0.13999999999999999,0.2333333333333333,-0.2333333333333333,0.0,0.0,0.13999999999999999,0.13999999999999999,0.0,0.13999999999999999,0.0,-0.2333333333333333
2017-11-27,0.25,0.13999999999999999,0.13999999999999999,0.2333333333333333,-0.2333333333333333,0.0,0.0,0.13999999999999999,0.13999999999999999,0.0,0.13999999999999999,0.0,-0.2333333333333333
2017-11-28,0.25,0.13999999999999999,0.13999999999999999,0.2333333333333333,-0.2333333333333333,0.0,0.0,0.13999999999999999,0.13999999999999999,0.0,0.13999999999999999,0.0,-0.2333333333333333
2017-11-29,0.25,0.13999999999999999,0.13999999999999999,0.2333333333333333,-0.2333333333333333,0.0,0.0,0.13999999999999999,0.13999999999999999,0.0,0.13999999999999999,0.0,-0.2333333333333333
2017-11-30,0.25,0.13999999999999999,0.13999999999999999,0.2365942028985507,-0.18768115942028984,0.048913043478260865,0.0,0.13999999999999999,0.13999999999999999,0.0,0.13999999999999999,0.048913043478260865,-0.2365942028985507
2017-12-01,0.25,0.13999999999999999,0.13999999999999999,0.2398550724637681,-0.14202898550724638,0.09782608695652173,0.0,0.13999999999999999,0.13999999999999999,0.0,0.13999999999999999,0.09782608695652173,-0.2398550724637681
2017-12-04,0.25,0.13999999999999999,0.13999999999999999,0.2431159420289855,-0.09637681159420292,0.1467391304347826,0.0,0.13999999999999999,0.13999999999999999,0.0,0.13999999999999999,0.1467391304347826,-0.2431159420289855
2017-12-05,0.25,0.13999999999999999,0.13999999999999999,0.2463768115942029,-0.05072463768115944,0.19565217391304346,0.0,0.13999999999999999,0.13999999999999999,0.0,0.13999999999999999,0.19565217391304346,-0.2463768115942029
2017-12-06,0.25,0.13999999999999999,0.13999999999999999,0.24963768115942028,-0.005072463768115959,0.24456521739130432,0.0,0.13999999999999999,0.13999999999999999,0.0,0.13999999999999999,0.24456521739130432,-0.24963768115942028
2017-12-07,0.25,0.13999999999999999,0.13999999999999999,0.25,0.0,0.25,0.0,0.13999999999999999,0.13999999999999999,0.0,0.13999999999999999,0.25,-0.25
2017-12-08,0.25,0.13999999999999999,0.13999999999999999,0.25,0.0,0.25,0.0,0.13999999999999999,0.13999999999999999,0.0,0.13999999999999999,0.25,-0.25
2017-12-11,0.25,0.13999999999999999,0.13999999999999999,0.25,0.0,0.25,0.0,0.13999999999999999,0.13999999999999999,0.0,0.13999999999999999,0.25,-0.25
2017-12-12,0.25,0.13999999999999999,0.13999999999999999,0.25,0.0,0.25,0.0,0.13999999999999999,0.13999999999999999,0.0,0.13999999999999999,0.25,-0.25
2017-12-13,0.25,0.13999999999999999,0.13999999999999999,0.25,0.0,0.25,0.0,0.13999999999999999,0.13999999999999999,0.0,0.13999999999999999,0.25,-0.25
2017-12-14,0.25,0.13999999999999999,0.13999999999999999,0.25,0.0,0.25,0.0,0.13999999999999999,0.13999999999999999,0.0,0.13999999999999999,0.25,-0.25
2017-12-15,0.25,0.13999999999999999,0.13999999999999999,0.25,0.0,0.25,0.0,0.13999999999999999,0.13999999999999999,0.0,0.13999999999999999,0.25,-0.25
2017-12-18,0.25,0.13999999999999999,0.13999999999999999,0.25,0.0,0.25,0.0,0.13999999999999999,0.13999999999999999,0.0,0.13999999999999999,0.25,-0.25
2017-12-19,0.25,0.13999999999999999,0.13999999999999999,0.25,0.0,0.25,0.0,0.13999999999999999,0.13999999999999999,0.0,0.13999999999999999,0.25,-0.25
2017-12-20,0.25,0.13999999999999999,0.13999999999999999,0.25,0.0,0.25,0.0,0.13999999999999999,0.13999999999999999,0.0,0.13999999999999999,0.25,-0.25
2017-12-21,0.25,0.13999999999999999,0.13999999999999999,0.25,0.0,0.25,0.0,0.13999999999999999,0.13999999999999999,0.0,0.13999999999999999,0.25,-0.25
2017-12-22,0.25,0.13999999999999999,0.13999999999999999,0.25,0.0,0.25,0.0,0.13999999999999999,0.13999999999999999,0.0,0.13999999999999999,0.25,-0.25
2017-12-26,0.25,0.13999999999999999,0.13999999999999999,0.25,0.0,0.25,0.0,0.13999999999999999,0.13999999999999999,0.0,0.13999999999999999,0.25,-0.25
2017-12-27,0.25,0.13999999999999999,0.13999999999999999,0.25,0.0,0.25,0.0,0.13999999999999999,0.13999999999999999,0.0,0.13999999999999999,0.25,-0.25
2017-12-28,0.25,0.13999999999999999,0.13999999999999999,0.25,0.0,0.25,0.0,0.13999999999999999,0.13999999999999999,0.0,0.13999999999999999,0.25,-0.25
2017-12-29,0.25,0.13999999999999999,0.13999999999999999,0.25,0.0,0.25,0.0,0.13999999999999999,0.13999999999999999,0.0,0.13999999999999999,0.25,-0.25
2018-01-02,0.25,0.13999999999999999,0.13999999999999999,0.25,0.0,0.25,0.0,0.13999999999999999,0.13999999999999999,0.0,0.13999999999999999,0.25,-0.25
2018-01-03,0.25,0.13999999999999999,0.13999999999999999,0.25,0.0,0.25,0.0,0.13999999999999999,0.13999999999999999,0.0,0.13999999999999999,0.25,-0.25
2018-01-04,0.25,0.13999999999999999,0.13999999999999999,0.25,0.0,0.25,0.0,0.13999999999999999,0.13999999999999999,0.0,0.13999999999999999,0.25,-0.25
2018-01-05,0.25,0.13999999999999999,0.13999999999999999,0.25,0.0,0.25,0.0,0.13999999999999999,0.13999999999999999,0.0,0.13999999999999999,0.25,-0.25
2018-01-08,0.25,0.13999999999999999,0.13999999999999999,0.25,0.0,0.25,0.0,0.13999999999999999,0.13999999999999999,0.0,0.13999999999999999,0.25,-0.25
2018-01-09,0.25,0.13999999999999999,0.13999999999999999,0.25,0.0,0.25,0.0,0.13999999999999999,0.13999999999999999,0.0,0.13999999999999999,0.25,-0.25
2018-01-10,0.25,0.13999999999999999,0.13999999999999999,0.25,0.0,0.25,0.0,0.13999999999999999,0.13999999999999999,0.0,0.13999999999999999,0.25,-0.25
2018-01-11,0.25,0.13999999999999999,0.13999999999999999,0.25,0.0,0.25,0.0,0.13999999999999999,0.13999999999999999,0.0,0.13999999999999999,0.25,-0.25
2018-01-12,0.25,0.13999999999999999,0.13999999999999999,0.25,0.0,0.25,0.0,0.13999999999999999,0.13999999999999999,0.0,0.13999999999999999,0.25,-0.25
2018-01-16,0.25,0.13999999999999999,0.13999999999999999,0.25,0.0,0.25,0.0,0.13999999999999999,0.13999999999999999,0.0,0.13999999999999999,0.25,-0.25
2018-01-17,0.25,0.13999999999999999,0.13999999999999999,0.25,0.0,0.25,0.0,0.13999999999999999,0.13999999999999999,0.0,0.13999999999999999,0.25,-0.25
2018-01-18,0.25,0.13999999999999999,0.13999999999999999,0.25,0.0,0.25,0.0,0.13999999999999999,0.13999999999999999,0.0,0.13999999999999999,0.25,-0.25
2018-01-19,0.25,0.13999999999999999,0.13999999999999999,0.25,0.0,0.25,0.0,0.13999999999999999,0.13999999999999999,0.0,0.13999999999999999,0.25,-0.25
2018-01-22,0.25,0.13999999999999999,0.13999999999999999,0.25,0.0,0.25,0.0,0.13999999999999999,0.13999999999999999,0.0,0.13999999999999999,0.25,-0.25
2018-01-23,0.25,0.13999999999999999,0.13999999999999999,0.25,0.0,0.25,0.0,0.13999999999999999,0.13999999999999999,0.0,0.13999999999999999,0.25,-0.25
2018-01-24,0.25,0.13999999999999999,0.13999999999999999,0.25,0.0,0.25,0.0,0.13999999999999999,0.13999999999999999,0.0,0.13999999999999999,0.25,-0.25
2018-01-25,0.25,0.13999999999999999,0.13999999999999999,0.25,0.0,0.25,0.0,0.13999999999999999,0.13999999999999999,0.0,0.13999999999999999,0.25,-0.25
2018-01-26,0.25,0.13999999999999999,0.13999999999999999,0.25,0.0,0.25,0.0,0.13999999999999999,0.13999999999999999,0.0,0.13999999999999999,0.25,-0.25
2018-01-29,0.25,0.13999999999999999,0.13999999999999999,0.25,0.0,0.25,0.0,0.13999999999999999,0.13999999999999999,0.0,0.13999999999999999,0.25,-0.25
2018-01-30,0.25,0.13999999999999999,0.13999999999999999,0.25,0.0,0.25,0.0,0.13999999999999999,0.13999999999999999,0.0,0.13999999999999999,0.25,-0.25
2018-01-31,0.2469192149703332,0.13827476038338657,0.13827476038338657,0.24418073938840712,0.03833865814696487,0.2469192149703332,0.0,0.13827476038338657,0.13827476038338657,-0.041077133728890936,0.13827476038338657,0.20584208124144227,-0.24418073938840712
2018-02-01,0.2438384299406664,0.13654952076677315,0.13654952076677315,0.23836147877681424,0.07667731629392974,0.2438384299406664,0.0,0.13654952076677315,0.13654952076677315,-0.08215426745778187,0.13654952076677315,0.1616841624828845,-0.23836147877681424
2018-02-02,0.24075764491099957,0.13482428115015974,0.13482428115015974,0.23254221816522136,0.11501597444089462,0.24075764491099957,0.0,0.13482428115015974,0.13482428115015974,-0.1232314011866728,0.13482428115015974,0.11752624372432675,-0.23254221816522136
2018-02-05,0.23767685988133275,0.13309904153354632,0.13309904153354632,0.22672295755362848,0.1533546325878595,0.23767685988133275,0.0,0.13309904153354632,0.13309904153354632,-0.16430853491556377,0.13309904153354632,0.07336832496576899,-0.22672295755362848
2018-02-06,0.23459607485166595,0.13137380191693293,0.13137380191693293,0.2209036969420356,0.19169329073482438,0.23459607485166595,0.0,0.13137380191693293,0.13137380191693293,-0.20538566864445473,0.13137380191693293,0.029210406207211215,-0.2209036969420356
2018-02-07,0.23255813953488372,0.13023255813953488,0.13023255813953488,0.21705426356589144,0.21705426356589144,0.23255813953488372,0.0,0.13023255813953488,0.13023255813953488,-0.23255813953488372,0.13023255813953488,0.0,-0.21705426356589144
2018-02-08,0.23255813953488372,0.13023255813953488,0.13023255813953488,0.21705426356589144,0.21705426356589144,0.23255813953488372,0.0,0.13023255813953488,0.13023255813953488,-0.23255813953488372,0.13023255813953488,0.0,-0.21705426356589144
2018-02-09,0.23255813953488372,0.13023255813953488,0.13023255813953488,0.21705426356589144,0.21705426356589144,0.23255813953488372,0.0,0.13023255813953488,0.13023255813953488,-0.23255813953488372,0.13023255813953488,0.0,-0.21705426356589144
2018-02-12,0.23255813953488372,0.13023255813953488,0.13023255813953488,0.21705426356589144,0.21705426356589144,0.23255813953488372,0.0,0.13023255813953488,0.13023255813953488,-0.23255813953488372,0.13023255813953488,0.0,-0.21705426356589144
2018-02-13,0.23255813953488372,0.13023255813953488,0.13023255813953488,0.21705426356589144,0.21705426356589144,0.23255813953488372,0.0,0.13023255813953488,0.13023255813953488,-0.23255813953488372,0.13023255813953488,0.0,-0.21705426356589144
2018-02-14,0.23255813953488372,0.13023255813953488,0.13023255813953488,0.21705426356589144,0.21705426356589144,0.23255813953488372,0.0,0.13023255813953488,0.13023255813953488,-0.23255813953488372,0.13023255813953488,0.0,-0.21705426356589144
2018-02-15,0.23255813953488372,0.13023255813953488,0.13023255813953488,0.21705426356589144,0.21705426356589144,0.23255813953488372,0.0,0.13023255813953488,0.13023255813953488,-0.23255813953488372,0.13023255813953488,0.0,-0.21705426356589144
2018-02-16,0.23255813953488372,0.13023255813953488,0.13023255813953488,0.21705426356589144,0.21705426356589144,0.23255813953488372,0.0,0.13023255813953488,0.13023255813953488,-0.23255813953488372,0.13023255813953488,0.0,-0.21705426356589144
2018-02-20,0.23255813953488372,0.13023255813953488,0.13023255813953488,0.21705426356589144,0.21705426356589144,0.23255813953488372,0.0,0.13023255813953488,0.13023255813953488,-0.23255813953488372,0.13023255813953488,0.0,-0.21705426356589144
2018-02-21,0.23255813953488372,0.13023255813953488,0.13023255813953488,0.21705426356589144,0.21705426356589144,0.23255813953488372,0.0,0.13023255813953488,0.13023255813953488,-0.23255813953488372,0.13023255813953488,0.0,-0.21705426356589144
2018-02-22,0.23255813953488372,0.13023255813953488,0.13023255813953488,0.21705426356589144,0.21705426356589144,0.23255813953488372,0.0,0.13023255813953488,0.13023255813953488,-0.23255813953488372,0.13023255813953488,0.0,-0.21705426356589144
2018-02-23,0.23255813953488372,0.13023255813953488,0.13023255813953488,0.21705426356589144,0.21705426356589144,0.23255813953488372,0.0,0.13023255813953488,0.13023255813953488,-0.23255813953488372,0.13023255813953488,0.0,-0.21705426356589144
2018-02-26,0.23255813953488372,0.13023255813953488,0.13023255813953488,0.21705426356589144,0.21705426356589144,0.23255813953488372,0.0,0.13023255813953488,0.13023255813953488,-0.23255813953488372,0.13023255813953488,0.0,-0.21705426356589144
2018-02-27,0.23255813953488372,0.13023255813953488,0.13023255813953488,0.21705426356589144,0.21705426356589144,0.23255813953488372,0.0,0.13023255813953488,0.13023255813953488,-0.23255813953488372,0.13023255813953488,0.0,-0.21705426356589144
2018-02-28,0.21980322122764165,0.12418275228889092,0.12418275228889092,0.20697125381481818,0.20697125381481818,0.21921166659489044,-0.025391812316636043,0.12418275228889092,0.12418275228889092,-0.21994121392183122,0.12418275228889092,-0.025391812316636043,-0.20697125381481818
2018-03-01,0.20704830292039952,0.11813294643824693,0.11813294643824693,0.19688824406374486,0.19688824406374486,0.20586519365489708,-0.050783624633272094,0.11813294643824693,0.11813294643824693,-0.20732428830877866,0.11813294643824693,-0.050783624633272094,-0.19688824406374486
2018-03-02,0.1942933846131574,0.11208314058760294,0.11208314058760294,0.18680523431267154,0.18680523431267154,0.19251872071490372,-0.07617543694990814,0.11208314058760294,0.11208314058760294,-0.1947073626957261,0.11208314058760294,-0.07617543694990814,-0.18680523431267154
2018-03-05,0.18153846630591525,0.10603333473695895,0.10603333473695895,0.17672222456159825,0.17672222456159825,0.1791722477749104,-0.10156724926654419,0.10603333473695895,0.10603333473695895,-0.18209043708267356,0.10603333473695895,-0.10156724926654419,-0.17672222456159825
2018-03-06,0.16878354799867312,0.09998352888631497,0.09998352888631497,0.16663921481052493,0.16663921481052493,0.16582577483491703,-0.12695906158318024,0.09998352888631497,0.09998352888631497,-0.169473511469621,0.09998352888631497,-0.12695906158318024,-0.16663921481052493
2018-03-07,0.15602862969143097,0.09393372303567098,0.09393372303567098,0.15655620505945161,0.15655620505945161,0.1524793018949237,-0.15235087389981627,0.09393372303567098,0.09393372303567098,-0.15685658585656845,0.09393372303567098,-0.15235087389981627,-0.15655620505945161
2018-03-08,0.15451660927047803,0.09321655419392462,0.09321655419392462,0.15536092365654103,0.15536092365654103,0.15089715615734514,-0.15536092365654103,0.09321655419392462,0.09321655419392462,-0.15536092365654103,0.09321655419392462,-0.15536092365654103,-0.15536092365654103
2018-03-09,0.15451660927047803,0.09321655419392462,0.09321655419392462,0.15536092365654103,0.15536092365654103,0.15089715615734514,-0.15536092365654103,0.09321655419392462,0.09321655419392462,-0.15536092365654103,0.09321655419392462,-0.15536092365654103,-0.15536092365654103
2018-03-12,0.15451660927047803,0.09321655419392462,0.09321655419392462,0.15536092365654103,0.15536092365654103,0.15089715615734514,-0.15536092365654103,0.09321655419392462,0.09321655419392462,-0.15536092365654103,0.09321655419392462,-0.15536092365654103,-0.15536092365654103
2018-03-13,0.15451660927047803,0.09321655419392462,0.09321655419392462,0.15536092365654103,0.15536092365654103,0.15089715615734514,-0.15536092365654103,0.09321655419392462,0.09321655419392462,-0.15536092365654103,0.09321655419392462,-0.15536092365654103,-0.15536092365654103
2018-03-14,0.15451660927047803,0.09321655419392462,0.09321655419392462,0.15536092365654103,0.15536092365654103,0.15089715615734514,-0.15536092365654103,0.09321655419392462,0.09321655419392462,-0.15536092365654103,0.09321655419392462,-0.15536092365654103,-0.15536092365654103
2018-03-15,0.15451660927047803,0.09321655419392462,0.09321655419392462,0.15536092365654103,0.15536092365654103,0.15089715615734514,-0.15536092365654103,0.09321655419392462,0.09321655419392462,-0.15536092365654103,0.09321655419392462,-0.15536092365654103,-0.15536092365654103
2018-03-16,0.15451660927047803,0.09321655419392462,0.09321655419392462,0.15536092365654103,0.15536092365654103,0.15089715615734514,-0.15536092365654103,0.09321655419392462,0.09321655419392462,-0.15536092365654103,0.09321655419392462,-0.15536092365654103,-0.15536092365654103
2018-03-19,0.15451660927047803,0.09321655419392462,0.09321655419392462,0.15536092365654103,0.15536092365654103,0.15089715615734514,-0.15536092365654103,0.09321655419392462,0.09321655419392462,-0.15536092365654103,0.09321655419392462,-0.15536092365654103,-0.15536092365654103
2018-03-20,0.15451660927047803,0.09321655419392462,0.09321655419392462,0.15536092365654103,0.15536092365654103,0.15089715615734514,-0.15536092365654103,0.09321655419392462,0.09321655419392462,-0.15536092365654103,0.09321655419392462,-0.15536092365654103,-0.15536092365654103
2018-03-21,0.15451660927047803,0.09321655419392462,0.09321655419392462,0.15536092365654103,0.15536092365654103,0.15089715615734514,-0.15536092365654103,0.09321655419392462,0.09321655419392462,-0.15536092365654103,0.09321655419392462,-0.15536092365654103,-0.15536092365654103
2018-03-22,0.15451660927047803,0.09321655419392462,0.09321655419392462,0.15536092365654103,0.15536092365654103,0.15089715615734514,-0.15536092365654103,0.09321655419392462,0.09321655419392462,-0.15536092365654103,0.09321655419392462,-0.15536092365654103,-0.15536092365654103
2018-03-23,0.15451660927047803,0.09321655419392462,0.09321655419392462,0.15536092365654103,0.15536092365654103,0.15089715615734514,-0.15536092365654103,0.09321655419392462,0.09321655419392462,-0.15536092365654103,0.09321655419392462,-0.15536092365654103,-0.15536092365654103
2018-03-26,0.15451660927047803,0.09321655419392462,0.09321655419392462,0.15536092365654103,0.15536092365654103,0.15089715615734514,-0.15536092365654103,0.09321655419392462,0.09321655419392462,-0.15536092365654103,0.09321655419392462,-0.15536092365654103,-0.15536092365654103
2018-03-27,0.15451660927047803,0.09321655419392462,0.09321655419392462,0.15536092365654103,0.15536092365654103,0.15089715615734514,-0.15536092365654103,0.09321655419392462,0.09321655419392462,-0.15536092365654103,0.09321655419392462,-0.15536092365654103,-0.15536092365654103
2018-03-28,0.15451660927047803,0.09321655419392462,0.09321655419392462,0.15536092365654103,0.15536092365654103,0.15089715615734514,-0.15536092365654103,0.09321655419392462,0.09321655419392462,-0.15536092365654103,0.09321655419392462,-0.15536092365654103,-0.15536092365654103
2018-03-29,0.15451660927047803,0.09321655419392462,0.09321655419392462,0.15536092365654103,0.15536092365654103,0.15089715615734514,-0.15536092365654103,0.09321655419392462,0.09321655419392462,-0.15536092365654103,0.09321655419392462,-0.15536092365654103,-0.15536092365654103
2018-04-02,0.15451660927047803,0.09321655419392462,0.09321655419392462,0.15536092365654103,0.15536092365654103,0.15089715615734514,-0.15536092365654103,0.09321655419392462,0.09321655419392462,-0.15536092365654103,0.09321655419392462,-0.15536092365654103,-0.15536092365654103
2018-04-03,0.15451660927047803,0.09321655419392462,0.09321655419392462,0.15536092365654103,0.15536092365654103,0.15089715615734514,-0.15536092365654103,0.09321655419392462,0.09321655419392462,-0.15536092365654103,0.09321655419392462,-0.15536092365654103,-0.15536092365654103
2018-04-04,0.15451660927047803,0.09321655419392462,0.09321655419392462,0.15536092365654103,0.15536092365654103,0.15089715615734514,-0.15536092365654103,0.09321655419392462,0.09321655419392462,-0.15536092365654103,0.09321655419392462,-0.15536092365654103,-0.15536092365654103
2018-04-05,0.15451660927047803,0.09321655419392462,0.09321655419392462,0.15536092365654103,0.15536092365654103,0.15089715615734514,-0.15536092365654103,0.09321655419392462,0.09321655419392462,-0.15536092365654103,0.09321655419392462,-0.15536092365654103,-0.15536092365654103
2018-04-06,0.15451660927047803,0.09321655419392462,0.09321655419392462,0.15536092365654103,0.15536092365654103,0.15089715615734514,-0.15536092365654103,0.09321655419392462,0.09321655419392462,-0.15536092365654103,0.09321655419392462,-0.15536092365654103,-0.15536092365654103
2018-04-09,0.15451660927047803,0.09321655419392462,0.09321655419392462,0.15536092365654103,0.15536092365654103,0.15089715615734514,-0.15536092365654103,0.09321655419392462,0.09321655419392462,-0.15536092365654103,0.09321655419392462,-0.15536092365654103,-0.15536092365654103
2018-04-10,0.15451660927047803,0.09321655419392462,0.09321655419392462,0.15536092365654103,0.15536092365654103,0.15089715615734514,-0.15536092365654103,0.09321655419392462,0.09321655419392462,-0.15536092365654103,0.09321655419392462,-0.15536092365654103,-0.15536092365654103
2018-04-11,0.15451660927047803,0.09321655419392462,0.09321655419392462,0.15536092365654103,0.15536092365654103,0.15089715615734514,-0.15536092365654103,0.09321655419392462,0.09321655419392462,-0.15536092365654103,0.09321655419392462,-0.15536092365654103,-0.15536092365654103
2018-04-12,0.15451660927047803,0.09321655419392462,0.09321655419392462,0.15536092365654103,0.15536092365654103,0.15089715615734514,-0.15536092365654103,0.09321655419392462,0.09321655419392462,-0.15536092365654103,0.09321655419392462,-0.15536092365654103,-0.15536092365654103
2018-04-13,0.15451660927047803,0.09321655419392462,0.09321655419392462,0.15536092365654103,0.15536092365654103,0.15089715615734514,-0.15536092365654103,0.09321655419392462,0.09321655419392462,-0.15536092365654103,0.09321655419392462,-0.15536092365654103,-0.15536092365654103
2018-04-16,0.15451660927047803,0.09321655419392462,0.09321655419392462,0.15536092365654103,0.15536092365654103,0.15089715615734514,-0.15536092365654103,0.09321655419392462,0.09321655419392462,-0.15536092365654103,0.09321655419392462,-0.15536092365654103,-0.15536092365654103
2018-04-17,0.15451660927047803,0.09321655419392462,0.09321655419392462,0.15536092365654103,0.15536092365654103,0.15089715615734514,-0.15536092365654103,0.09321655419392462,0.09321655419392462,-0.15536092365654103,0.09321655419392462,-0.15536092365654103,-0.15536092365654103
2018-04-18,0.15451660927047803,0.09321655419392462,0.09321655419392462,0.15536092365654103,0.15536092365654103,0.15089715615734514,-0.15536092365654103,0.09321655419392462,0.09321655419392462,-0.15536092365654103,0.09321655419392462,-0.15536092365654103,-0.15536092365654103
2018-04-19,0.15451660927047803,0.09321655419392462,0.09321655419392462,0.15536092365654103,0.15536092365654103,0.15089715615734514,-0.15536092365654103,0.09321655419392462,0.09321655419392462,-0.15536092365654103,0.09321655419392462,-0.15536092365654103,-0.15536092365654103
2018-04-20,0.15451660927047803,0.09321655419392462,0.09321655419392462,0.15536092365654103,0.15536092365654103,0.15089715615734514,-0.15536092365654103,0.09321655419392462,0.09321655419392462,-0.15536092365654103,0.09321655419392462,-0.15536092365654103,-0.15536092365654103
2018-04-23,0.15451660927047803,0.09321655419392462,0.09321655419392462,0.15536092365654103,0.15536092365654103,0.15089715615734514,-0.15536092365654103,0.09321655419392462,0.09321655419392462,-0.15536092365654103,0.09321655419392462,-0.15536092365654103,-0.15536092365654103
2018-04-24,0.15451660927047803,0.09321655419392462,0.09321655419392462,0.15536092365654103,0.15536092365654103,0.15089715615734514,-0.15536092365654103,0.09321655419392462,0.09321655419392462,-0.15536092365654103,0.09321655419392462,-0.15536092365654103,-0.15536092365654103
2018-04-25,0.15451660927047803,0.09321655419392462,0.09321655419392462,0.15536092365654103,0.15536092365654103,0.15089715615734514,-0.15536092365654103,0.09321655419392462,0.09321655419392462,-0.15536092365654103,0.09321655419392462,-0.15536092365654103,-0.15536092365654103
2018-04-26,0.15451660927047803,0.09321655419392462,0.09321655419392462,0.15536092365654103,0.15536092365654103,0.15089715615734514,-0.15536092365654103,0.09321655419392462,0.09321655419392462,-0.15536092365654103,0.09321655419392462,-0.15536092365654103,-0.15536092365654103
2018-04-27,0.15451660927047803,0.09321655419392462,0.09321655419392462,0.15536092365654103,0.15536092365654103,0.15089715615734514,-0.15536092365654103,0.09321655419392462,0.09321655419392462,-0.15536092365654103,0.09321655419392462,-0.15536092365654103,-0.15536092365654103
2018-04-30,0.16451337701435703,0.06778074900076915,0.06778074900076915,0.16512730510872126,0.15366776262559337,0.1097221663563432,-0.1641075047159444,0.09200493236695031,0.09149525432774205,-0.1641075047159444,0.08775757527323719,-0.1567350278727871,-0.16459884629332414
2018-05-01,0.17451014475823606,0.042344943807613694,0.042344943807613694,0.17489368656090148,0.15197460159464574,0.06854717655534127,-0.17285408577534778,0.09079331053997602,0.08977395446155949,-0.17285408577534778,0.08229859635254975,-0.15810913208903316,-0.17383676893010724
2018-05-02,0.18450691250211507,0.01690913861445824,0.01690913861445824,0.1846600680130817,0.15028144056369808,0.027372186754339348,-0.18160066683475118,0.08958168871300172,0.08805265459537691,-0.18160066683475118,0.07683961743186231,-0.15948323630527922,-0.18307469156689032
2018-05-03,0.19115253390840267,0.0,0.0,0.19115253390840267,0.1491558660300247,0.0,-0.18741519287050823,0.08877623037327027,0.08690837401085028,-0.18741519287050823,0.07321061372773942,-0.16039670920251103,-0.18921585018910844
2018-05-04,0.19115253390840267,0.0,0.0,0.19115253390840267,0.1491558660300247,0.0,-0.18741519287050823,0.08877623037327027,0.08690837401085028,-0.18741519287050823,0.07321061372773942,-0.16039670920251103,-0.18921585018910844
2018-05-07,0.19115253390840267,0.0,0.0,0.19115253390840267,0.1491558660300247,0.0,-0.18741519287050823,0.08877623037327027,0.08690837401085028,-0.18741519287050823,0.07321061372773942,-0.16039670920251103,-0.18921585018910844
2018-05-08,0.19115253390840267,0.0,0.0,0.19115253390840267,0.1491558660300247,0.0,-0.18741519287050823,0.08877623037327027,0.08690837401085028,-0.18741519287050823,0.07321061372773942,-0.16039670920251103,-0.18921585018910844
2018-05-09,0.19115253390840267,0.0,0.0,0.19115253390840267,0.1491558660300247,0.0,-0.18741519287050823,0.08877623037327027,0.08690837401085028,-0.18741519287050823,0.07321061372773942,-0.16039670920251103,-0.18921585018910844
2018-05-10,0.19115253390840267,0.0,0.0,0.19115253390840267,0.1491558660300247,0.0,-0.18741519287050823,0.08877623037327027,0.08690837401085028,-0.18741519287050823,0.07321061372773942,-0.16039670920251103,-0.18921585018910844
2018-05-11,0.19115253390840267,0.0,0.0,0.19115253390840267,0.1491558660300247,0.0,-0.18741519287050823,0.08877623037327027,0.08690837401085028,-0.18741519287050823,0.07321061372773942,-0.16039670920251103,-0.18921585018910844
2018-05-14,0.19115253390840267,0.0,0.0,0.19115253390840267,0.1491558660300247,0.0,-0.18741519287050823,0.08877623037327027,0.08690837401085028,-0.18741519287050823,0.07321061372773942,-0.16039670920251103,-0.18921585018910844
2018-05-15,0.19115253390840267,0.0,0.0,0.19115253390840267,0.1491558660300247,0.0,-0.18741519287050823,0.08877623037327027,0.08690837401085028,-0.18741519287050823,0.07321061372773942,-0.16039670920251103,-0.18921585018910844
2018-05-16,0.19115253390840267,0.0,0.0,0.19115253390840267,0.1491558660300247,0.0,-0.18741519287050823,0.08877623037327027,0.08690837401085028,-0.18741519287050823,0.07321061372773942,-0.16039670920251103,-0.18921585018910844
2018-05-17,0.19115253390840267,0.0,0.0,0.19115253390840267,0.1491558660300247,0.0,-0.18741519287050823,0.08877623037327027,0.08690837401085028,-0.18741519287050823,0.07321061372773942,-0.16039670920251103,-0.18921585018910844
2018-05-18,0.19115253390840267,0.0,0.0,0.19115253390840267,0.1491558660300247,0.0,-0.18741519287050823,0.08877623037327027,0.08690837401085028,-0.18741519287050823,0.07321061372773942,-0.16039670920251103,-0.18921585018910844
2018-05-21,0.19115253390840267,0.0,0.0,0.19115253390840267,0.1491558660300247,0.0,-0.18741519287050823,0.08877623037327027,0.08690837401085028,-0.18741519287050823,0.07321061372773942,-0.16039670920251103,-0.18921585018910844
2018-05-22,0.19115253390840267,0.0,0.0,0.19115253390840267,0.1491558660300247,0.0,-0.18741519287050823,0.08877623037327027,0.08690837401085028,-0.18741519287050823,0.07321061372773942,-0.16039670920251103,-0.18921585018910844
2018-05-23,0.19115253390840267,0.0,0.0,0.19115253390840267,0.1491558660300247,0.0,-0.18741519287050823,0.08877623037327027,0.08690837401085028,-0.18741519287050823,0.07321061372773942,-0.16039670920251103,-0.18921585018910844
2018-05-24,0.19115253390840267,0.0,0.0,0.19115253390840267,0.1491558660300247,0.0,-0.18741519287050823,0.08877623037327027,0.08690837401085028,-0.18741519287050823,0.07321061372773942,-0.16039670920251103,-0.18921585018910844
2018-05-25,0.19115253390840267,0.0,0.0,0.19115253390840267,0.1491558660300247,0.0,-0.18741519287050823,0.08877623037327027,0.08690837401085028,-0.18741519287050823,0.07321061372773942,-0.16039670920251103,-0.18921585018910844
2018-05-29,0.19115253390840267,0.0,0.0,0.19115253390840267,0.1491558660300247,0.0,-0.18741519287050823,0.08877623037327027,0.08690837401085028,-0.18741519287050823,0.07321061372773942,-0.16039670920251103,-0.18921585018910844
2018-05-30,0.19115253390840267,0.0,0.0,0.19115253390840267,0.1491558660300247,0.0,-0.18741519287050823,0.08877623037327027,0.08690837401085028,-0.18741519287050823,0.07321061372773942,-0.16039670920251103,-0.18921585018910844
2018-05-31,0.19675690211532396,0.0,0.017161230519219015,0.1729480256286203,0.13495093166372,0.0,-0.1933754886420692,0.09748281167683992,0.09381277364602511,-0.1933754886420692,0.08339959440792036,-0.1451212474494058,-0.1473869064764884
2018-06-01,0.20236127032224524,0.0,0.03432246103843803,0.15474351734883793,0.1207459972974153,0.0,-0.19933578441363015,0.10618939298040958,0.10071717328119995,-0.19933578441363015,0.0935885750881013,-0.12984578569630056,-0.10555796276386832
2018-06-04,0.20796563852916652,0.0,0.051483691557657044,0.13653900906905558,0.1065410629311106,0.0,-0.2052960801851911,0.11489597428397923,0.10762157291637478,-0.2052960801851911,0.10377755576828224,-0.11457032394319534,-0.06372901905124827
2018-06-05,0.2135700067360878,0.0,0.06864492207687606,0.11833450078927323,0.0923361285648059,0.0,-0.21125637595675206,0.12360255558754887,0.11452597255154962,-0.21125637595675206,0.11396653644846318,-0.09929486219009012,-0.021900075338628207
2018-06-06,0.2191743749430091,0.0,0.08580615259609507,0.10012999250949087,0.0781311941985012,0.0,-0.21721667172831302,0.13230913689111853,0.12143037218672445,-0.21721667172831302,0.12415551712864412,-0.08401940043698489,0.019928868373991854
2018-06-07,0.22477874314993038,0.0,0.10296738311531409,0.08192548422970851,0.0639262598321965,0.0,-0.22317696749987398,0.1410157181946882,0.12833477182189929,-0.22317696749987398,0.13434449780882507,-0.06874393868387965,0.06175781208661192
2018-06-08,0.23038311135685166,0.0,0.1201286136345331,0.06372097594992615,0.04972132546589181,0.0,-0.22913726327143494,0.14972229949825785,0.13523917145707412,-0.22913726327143494,0.144533478489006,-0.053468476930774424,0.10358675579923199
2018-06-11,0.23598747956377294,0.0,0.13728984415375212,0.04551646767014379,0.03551639109958712,0.0,-0.2350975590429959,0.1584288808018275,0.14214357109224895,-0.2350975590429959,0.15472245916918695,-0.038193015177669196,0.14541569951185204
2018-06-12,0.24159184777069423,0.0,0.15445107467297112,0.027311959390361434,0.02131145673328242,0.0,-0.24105785481455685,0.16713546210539715,0.1490479707274238,-0.24105785481455685,0.1649114398493679,-0.022917553424563968,0.1872446432244721
2018-06-13,0.24719621597761554,0.0,0.17161230519219015,0.009107451110579076,0.0071065223669777265,0.0,-0.2470181505861178,0.17584204340896678,0.15595237036259865,-0.2470181505861178,0.17510042052954883,-0.007642091671458738,0.22907358693709218
2018-06-14,0.25,0.0,0.18019781959055176,0.0,0.0,0.0,-0.25,0.18019781959055176,0.15940654122834458,-0.25,0.18019781959055176,0.0,0.25
2018-06-15,0.25,0.0,0.18019781959055176,0.0,0.0,0.0,-0.25,0.18019781959055176,0.15940654122834458,-0.25,0.18019781959055176,0.0,0.25
2018-06-18,0.25,0.0,0.18019781959055176,0.0,0.0,0.0,-0.25,0.18019781959055176,0.15940654122834458,-0.25,0.18019781959055176,0.0,0.25
2018-06-19,0.25,0.0,0.18019781959055176,0.0,0.0,0.0,-0.25,0.18019781959055176,0.15940654122834458,-0.25,0.18019781959055176,0.0,0.25
2018-06-20,0.25,0.0,0.18019781959055176,0.0,0.0,0.0,-0.25,0.18019781959055176,0.15940654122834458,-0.25,0.18019781959055176,0.0,0.25
2018-06-21,0.25,0.0,0.18019781959055176,0.0,0.0,0.0,-0.25,0.18019781959055176,0.15940654122834458,-0.25,0.18019781959055176,0.0,0.25
2018-06-22,0.25,0.0,0.18019781959055176,0.0,0.0,0.0,-0.25,0.18019781959055176,0.15940654122834458,-0.25,0.18019781959055176,0.0,0.25
2018-06-25,0.25,0.0,0.18019781959055176,0.0,0.0,0.0,-0.25,0.18019781959055176,0.15940654122834458,-0.25,0.18019781959055176,0.0,0.25
2018-06-26,0.25,0.0,0.18019781959055176,0.0,0.0,0.0,-0.25,0.18019781959055176,0.15940654122834458,-0.25,0.18019781959055176,0.0,0.25
2018-06-27,0.25,0.0,0.18019781959055176,0.0,0.0,0.0,-0.25,0.18019781959055176,0.15940654122834458,-0.25,0.18019781959055176,0.0,0.25
2018-06-28,0.25,0.0,0.18019781959055176,0.0,0.0,0.0,-0.25,0.18019781959055176,0.15940654122834458,-0.25,0.18019781959055176,0.0,0.25
2018-06-29,0.25,0.0,0.18019781959055176,0.0,0.0,0.0,-0.25,0.18019781959055176,0.15940654122834458,-0.25,0.18019781959055176,0.0,0.25
2018-07-02,0.25,0.0,0.18019781959055176,0.0,0.0,0.0,-0.25,0.18019781959055176,0.15940654122834458,-0.25,0.18019781959055176,0.0,0.25
2018-07-03,0.25,0.0,0.18019781959055176,0.0,0.0,0.0,-0.25,0.18019781959055176,0.15940654122834458,-0.25,0.18019781959055176,0.0,0.25
2018-07-05,0.25,0.0,0.18019781959055176,0.0,0.0,0.0,-0.25,0.18019781959055176,0.15940654122834458,-0.25,0.18019781959055176,0.0,0.25
2018-07-06,0.25,0.0,0.18019781959055176,0.0,0.0,0.0,-0.25,0.18019781959055176,0.15940654122834458,-0.25,0.18019781959055176,0.0,0.25
2018-07-09,0.25,0.0,0.18019781959055176,0.0,0.0,0.0,-0.25,0.18019781959055176,0.15940654122834458,-0.25,0.18019781959055176,0.0,0.25
2018-07-10,0.25,0.0,0.18019781959055176,0.0,0.0,0.0,-0.25,0.18019781959055176,0.15940654122834458,-0.25,0.18019781959055176,0.0,0.25
2018-07-11,0.25,0.0,0.18019781959055176,0.0,0.0,0.0,-0.25,0.18019781959055176,0.15940654122834458,-0.25,0.18019781959055176,0.0,0.25
2018-07-12,0.25,0.0,0.18019781959055176,0.0,0.0,0.0,-0.25,0.18019781959055176,0.15940654122834458,-0.25,0.18019781959055176,0.0,0.25
2018-07-13,0.25,0.0,0.18019781959055176,0.0,0.0,0.0,-0.25,0.18019781959055176,0.15940654122834458,-0.25,0.18019781959055176,0.0,0.25
2018-07-16,0.25,0.0,0.18019781959055176,0.0,0.0,0.0,-0.25,0.18019781959055176,0.15940654122834458,-0.25,0.18019781959055176,0.0,0.25
2018-07-17,0.25,0.0,0.18019781959055176,0.0,0.0,0.0,-0.25,0.18019781959055176,0.15940654122834458,-0.25,0.18019781959055176,0.0,0.25
2018-07-18,0.25,0.0,0.18019781959055176,0.0,0.0,0.0,-0.25,0.18019781959055176,0.15940654122834458,-0.25,0.18019781959055176,0.0,0.25
2018-07-19,0.25,0.0,0.18019781959055176,0.0,0.0,0.0,-0.25,0.18019781959055176,0.15940654122834458,-0.25,0.18019781959055176,0.0,0.25
2018-07-20,0.25,0.0,0.18019781959055176,0.0,0.0,0.0,-0.25,0.18019781959055176,0.15940654122834458,-0.25,0.18019781959055176,0.0,0.25
2018-07-23,0.25,0.0,0.18019781959055176,0.0,0.0,0.0,-0.25,0.18019781959055176,0.15940654122834458,-0.25,0.18019781959055176,0.0,0.25
2018-07-24,0.25,0.0,0.18019781959055176,0.0,0.0,0.0,-0.25,0.18019781959055176,0.15940654122834458,-0.25,0.18019781959055176,0.0,0.25
2018-07-25,0.25,0.0,0.18019781959055176,0.0,0.0,0.0,-0.25,0.18019781959055176,0.15940654122834458,-0.25,0.18019781959055176,0.0,0.25
2018-07-26,0.25,0.0,0.18019781959055176,0.0,0.0,0.0,-0.25,0.18019781959055176,0.15940654122834458,-0.25,0.18019781959055176,0.0,0.25
2018-07-27,0.25,0.0,0.18019781959055176,0.0,0.0,0.0,-0.25,0.18019781959055176,0.15940654122834458,-0.25,0.18019781959055176,0.0,0.25
2018-07-30,0.25,0.0,0.18019781959055176,0.0,0.0,0.0,-0.25,0.18019781959055176,0.15940654122834458,-0.25,0.18019781959055176,0.0,0.25
2018-07-31,0.23966955380093458,-0.009870370466749536,0.16169720966999676,-0.025667083489956145,0.0,-0.025667083489956145,-0.22433291651004386,0.182363030771706,0.16370635831984157,-0.22433291651004386,0.182363030771706,0.0,0.25
2018-08-01,0.22933910760186915,-0.019740740933499073,0.14319659974944177,-0.05133416697991229,0.0,-0.05133416697991229,-0.19866583302008772,0.18452824195286022,0.16800617541133855,-0.19866583302008772,0.18452824195286022,0.0,0.25
2018-08-02,0.21900866140280373,-0.029611111400248608,0.12469598982888679,-0.07700125046986844,0.0,-0.07700125046986844,-0.17299874953013158,0.18669345313401445,0.17230599250283554,-0.17299874953013158,0.18669345313401445,0.0,0.25
2018-08-03,0.20867821520373833,-0.039481481866998146,0.1061953799083318,-0.10266833395982458,0.0,-0.10266833395982458,-0.14733166604017545,0.18885866431516868,0.17660580959433256,-0.14733166604017545,0.18885866431516868,0.0,0.25
2018-08-06,0.19834776900467294,-0.049351852333747684,0.08769476998777682,-0.12833541744978072,0.0,-0.12833541744978072,-0.12166458255021931,0.1910238754963229,0.18090562668582955,-0.12166458255021931,0.1910238754963229,0.0,0.25
2018-08-07,0.1880173228056075,-0.05922222280049722,0.06919416006722184,-0.15400250093973686,0.0,-0.15400250093973686,-0.09599749906026316,0.19318908667747714,0.18520544377732656,-0.09599749906026316,0.19318908667747714,0.0,0.25
2018-08-08,0.17768687660654212,-0.06909259326724676,0.050693550146666856,-0.179669584429693,0.0,-0.179669584429693,-0.070330415570307,0.1953542978586314,0.18950526086882355,-0.070330415570307,0.1953542978586314,0.0,0.25
2018-08-09,0.1673564304074767,-0.07896296373399629,0.03219294022611187,-0.20533666791964914,0.0,-0.20533666791964914,-0.044663332080350865,0.19751950903978563,0.19380507796032057,-0.044663332080350865,0.19751950903978563,0.0,0.25
2018-08-10,0.1570259842084113,-0.08883333420074581,0.013692330305556883,-0.23100375140960527,0.0,-0.23100375140960527,-0.018996248590394723,0.19968472022093986,0.19810489505181753,-0.018996248590394723,0.19968472022093986,0.0,0.25
2018-08-13,0.14938040483730994,-0.09613841080358757,0.0,-0.25,0.0,-0.25,0.0,0.20128719639880413,0.20128719639880413,0.0,0.20128719639880413,0.0,0.25
2018-08-14,0.14938040483730994,-0.09613841080358757,0.0,-0.25,0.0,-0.25,0.0,0.20128719639880413,0.20128719639880413,0.0,0.20128719639880413,0.0,0.25
2018-08-15,0.14938040483730994,-0.09613841080358757,0.0,-0.25,0.0,-0.25,0.0,0.20128719639880413,0.20128719639880413,0.0,0.20128719639880413,0.0,0.25
2018-08-16,0.14938040483730994,-0.09613841080358757,0.0,-0.25,0.0,-0.25,0.0,0.20128719639880413,0.20128719639880413,0.0,0.20128719639880413,0.0,0.25
2018-08-17,0.14938040483730994,-0.09613841080358757,0.0,-0.25,0.0,-0.25,0.0,0.20128719639880413,0.20128719639880413,0.0,0.20128719639880413,0.0,0.25
2018-08-20,0.14938040483730994,-0.09613841080358757,0.0,-0.25,0.0,-0.25,0.0,0.20128719639880413,0.20128719639880413,0.0,0.20128719639880413,0.0,0.25
2018-08-21,0.14938040483730994,-0.09613841080358757,0.0,-0.25,0.0,-0.25,0.0,0.20128719639880413,0.20128719639880413,0.0,0.20128719639880413,0.0,0.25
2018-08-22,0.14938040483730994,-0.09613841080358757,0.0,-0.25,0.0,-0.25,0.0,0.20128719639880413,0.20128719639880413,0.0,0.20128719639880413,0.0,0.25
2018-08-23,0.14938040483730994,-0.09613841080358757,0.0,-0.25,0.0,-0.25,0.0,0.20128719639880413,0.20128719639880413,0.0,0.20128719639880413,0.0,0.25
2018-08-24,0.14938040483730994,-0.09613841080358757,0.0,-0.25,0.0,-0.25,0.0,0.20128719639880413,0.20128719639880413,0.0,0.20128719639880413,0.0,0.25
2018-08-27,0.14938040483730994,-0.09613841080358757,0.0,-0.25,0.0,-0.25,0.0,0.20128719639880413,0.20128719639880413,0.0,0.20128719639880413,0.0,0.25
2018-08-28,0.14938040483730994,-0.09613841080358757,0.0,-0.25,0.0,-0.25,0.0,0.20128719639880413,0.20128719639880413,0.0,0.20128719639880413,0.0,0.25
2018-08-29,0.14938040483730994,-0.09613841080358757,0.0,-0.25,0.0,-0.25,0.0,0.20128719639880413,0.20128719639880413,0.0,0.20128719639880413,0.0,0.25
2018-08-30,0.14938040483730994,-0.09613841080358757,0.0,-0.25,0.0,-0.25,0.0,0.20128719639880413,0.20128719639880413,0.0,0.20128719639880413,0.0,0.25
2018-08-31,0.126172761219218,-0.09627683537173616,0.0,-0.2448815715774027,-0.03372141078417042,-0.247290243776272,0.0,0.19871194906727518,0.19871194906727518,0.03613008298303975,0.19871194906727518,0.03613008298303975,0.2448815715774027
2018-09-04,0.10296511760112606,-0.09641525993988474,0.0,-0.2397631431548054,-0.06744282156834085,-0.24458048755254402,0.0,0.1961367017357462,0.1961367017357462,0.0722601659660795,0.1961367017357462,0.0722601659660795,0.2397631431548054
2018-09-05,0.07975747398303411,-0.09655368450803332,0.0,-0.2346447147322081,-0.10116423235251128,-0.24187073132881604,0.0,0.1935614544042172,0.1935614544042172,0.10839024894911925,0.1935614544042172,0.10839024894911925,0.2346447147322081
2018-09-06,0.056549830364942155,-0.09669210907618192,0.0,-0.2295262863096108,-0.13488564313668172,-0.23916097510508805,0.0,0.19098620707268824,0.19098620707268824,0.144520331932159,0.19098620707268824,0.144520331932159,0.2295262863096108
2018-09-07,0.033342186746850216,-0.0968305336443305,0.0,-0.2244078578870135,-0.16860705392085212,-0.2364512188813601,0.0,0.18841095974115923,0.18841095974115923,0.18065041491519873,0.18841095974115923,0.18065041491519873,0.2244078578870135
2018-09-10,0.01013454312875827,-0.0969689582124791,0.0,-0.21928942946441618,-0.20232846470502255,-0.2337414626576321,0.0,0.18583571240963026,0.18583571240963026,0.21678049789823847,0.18583571240963026,0.21678049789823847,0.21928942946441618
2018-09-11,0.0,-0.09702940682066472,0.0,-0.21705426356589144,-0.21705426356589144,-0.23255813953488372,0.0,0.1847111279590032,0.1847111279590032,0.23255813953488372,0.1847111279590032,0.23255813953488372,0.21705426356589144
2018-09-12,0.0,-0.09702940682066472,0.0,-0.21705426356589144,-0.21705426356589144,-0.23255813953488372,0.0,0.1847111279590032,0.1847111279590032,0.23255813953488372,0.1847111279590032,0.23255813953488372,0.21705426356589144
2018-09-13,0.0,-0.09702940682066472,0.0,-0.21705426356589144,-0.21705426356589144,-0.23255813953488372,0.0,0.1847111279590032,0.1847111279590032,0.23255813953488372,0.1847111279590032,0.23255813953488372,0.21705426356589144
2018-09-14,0.0,-0.09702940682066472,0.0,-0.21705426356589144,-0.21705426356589144,-0.23255813953488372,0.0,0.1847111279590032,0.1847111279590032,0.23255813953488372,0.1847111279590032,0.23255813953488372,0.21705426356589144
2018-09-17,0.0,-0.09702940682066472,0.0,-0.21705426356589144,-0.21705426356589144,-0.23255813953488372,0.0,0.1847111279590032,0.1847111279590032,0.23255813953488372,0.1847111279590032,0.23255813953488372,0.21705426356589144
2018-09-18,0.0,-0.09702940682066472,0.0,-0.21705426356589144,-0.21705426356589144,-0.23255813953488372,0.0,0.1847111279590032,0.1847111279590032,0.23255813953488372,0.1847111279590032,0.23255813953488372,0.21705426356589144
2018-09-19,0.0,-0.09702940682066472,0.0,-0.21705426356589144,-0.21705426356589144,-0.23255813953488372,0.0,0.1847111279590032,0.1847111279590032,0.23255813953488372,0.1847111279590032,0.23255813953488372,0.21705426356589144
2018-09-20,0.0,-0.09702940682066472,0.0,-0.21705426356589144,-0.21705426356589144,-0.23255813953488372,0.0,0.1847111279590032,0.1847111279590032,0.23255813953488372,0.1847111279590032,0.23255813953488372,0.21705426356589144
2018-09-21,0.0,-0.09702940682066472,0.0,-0.21705426356589144,-0.21705426356589144,-0.23255813953488372,0.0,0.1847111279590032,0.1847111279590032,0.23255813953488372,0.1847111279590032,0.23255813953488372,0.21705426356589144
2018-09-24,0.0,-0.09702940682066472,0.0,-0.21705426356589144,-0.21705426356589144,-0.23255813953488372,0.0,0.1847111279590032,0.1847111279590032,0.23255813953488372,0.1847111279590032,0.23255813953488372,0.21705426356589144
2018-09-25,0.0,-0.09702940682066472,0.0,-0.21705426356589144,-0.21705426356589144,-0.23255813953488372,0.0,0.1847111279590032,0.1847111279590032,0.23255813953488372,0.1847111279590032,0.23255813953488372,0.21705426356589144
2018-09-26,0.0,-0.09702940682066472,0.0,-0.21705426356589144,-0.21705426356589144,-0.23255813953488372,0.0,0.1847111279590032,0.1847111279590032,0.23255813953488372,0.1847111279590032,0.23255813953488372,0.21705426356589144
2018-09-27,0.0,-0.09702940682066472,0.0,-0.21705426356589144,-0.21705426356589144,-0.23255813953488372,0.0,0.1847111279590032,0.1847111279590032,0.23255813953488372,0.1847111279590032,0.23255813953488372,0.21705426356589144
2018-09-28,0.0,-0.09702940682066472,0.0,-0.21705426356589144,-0.21705426356589144,-0.23255813953488372,0.0,0.1847111279590032,0.1847111279590032,0.23255813953488372,0.1847111279590032,0.23255813953488372,0.21705426356589144
2018-10-01,0.0,-0.09702940682066472,0.0,-0.21705426356589144,-0.21705426356589144,-0.23255813953488372,0.0,0.1847111279590032,0.1847111279590032,0.23255813953488372,0.1847111279590032,0.23255813953488372,0.21705426356589144
2018-10-02,0.0,-0.09702940682066472,0.0,-0.21705426356589144,-0.21705426356589144,-0.23255813953488372,0.0,0.1847111279590032,0.1847111279590032,0.23255813953488372,0.1847111279590032,0.23255813953488372,0.21705426356589144
2018-10-03,0.0,-0.09702940682066472,0.0,-0.21705426356589144,-0.21705426356589144,-0.23255813953488372,0.0,0.1847111279590032,0.1847111279590032,0.23255813953488372,0.1847111279590032,0.23255813953488372,0.21705426356589144
2018-10-04,0.0,-0.09702940682066472,0.0,-0.21705426356589144,-0.21705426356589144,-0.23255813953488372,0.0,0.1847111279590032,0.1847111279590032,0.23255813953488372,0.1847111279590032,0.23255813953488372,0.21705426356589144
2018-10-05,0.0,-0.09702940682066472,0.0,-0.21705426356589144,-0.21705426356589144,-0.23255813953488372,0.0,0.1847111279590032,0.1847111279590032,0.23255813953488372,0.1847111279590032,0.23255813953488372,0.21705426356589144
2018-10-08,0.0,-0.09702940682066472,0.0,-0.21705426356589144,-0.21705426356589144,-0.23255813953488372,0.0,0.1847111279590032,0.1847111279590032,0.23255813953488372,0.1847111279590032,0.23255813953488372,0.21705426356589144
2018-10-09,0.0,-0.09702940682066472,0.0,-0.21705426356589144,-0.21705426356589144,-0.23255813953488372,0.0,0.1847111279590032,0.1847111279590032,0.23255813953488372,0.1847111279590032,0.23255813953488372,0.21705426356589144
2018-10-10,0.0,-0.09702940682066472,0.0,-0.21705426356589144,-0.21705426356589144,-0.23255813953488372,0.0,0.1847111279590032,0.1847111279590032,0.23255813953488372,0.1847111279590032,0.23255813953488372,0.21705426356589144
2018-10-11,0.0,-0.09702940682066472,0.0,-0.21705426356589144,-0.21705426356589144,-0.23255813953488372,0.0,0.1847111279590032,0.1847111279590032,0.23255813953488372,0.1847111279590032,0.23255813953488372,0.21705426356589144
2018-10-12,0.0,-0.09702940682066472,0.0,-0.21705426356589144,-0.21705426356589144,-0.23255813953488372,0.0,0.1847111279590032,0.1847111279590032,0.23255813953488372,0.1847111279590032,0.23255813953488372,0.21705426356589144
2018-10-15,0.0,-0.09702940682066472,0.0,-0.21705426356589144,-0.21705426356589144,-0.23255813953488372,0.0,0.1847111279590032,0.1847111279590032,0.23255813953488372,0.1847111279590032,0.23255813953488372,0.21705426356589144
2018-10-16,0.0,-0.09702940682066472,0.0,-0.21705426356589144,-0.21705426356589144,-0.23255813953488372,0.0,0.1847111279590032,0.1847111279590032,0.23255813953488372,0.1847111279590032,0.23255813953488372,0.21705426356589144
2018-10-17,0.0,-0.09702940682066472,0.0,-0.21705426356589144,-0.21705426356589144,-0.23255813953488372,0.0,0.1847111279590032,0.1847111279590032,0.23255813953488372,0.1847111279590032,0.23255813953488372,0.21705426356589144
2018-10-18,0.0,-0.09702940682066472,0.0,-0.21705426356589144,-0.21705426356589144,-0.23255813953488372,0.0,0.1847111279590032,0.1847111279590032,0.23255813953488372,0.1847111279590032,0.23255813953488372,0.21705426356589144
2018-10-19,0.0,-0.09702940682066472,0.0,-0.21705426356589144,-0.21705426356589144,-0.23255813953488372,0.0,0.1847111279590032,0.1847111279590032,0.23255813953488372,0.1847111279590032,0.23255813953488372,0.21705426356589144
2018-10-22,0.0,-0.09702940682066472,0.0,-0.21705426356589144,-0.21705426356589144,-0.23255813953488372,0.0,0.1847111279590032,0.1847111279590032,0.23255813953488372,0.1847111279590032,0.23255813953488372,0.21705426356589144
2018-10-23,0.0,-0.09702940682066472,0.0,-0.21705426356589144,-0.21705426356589144,-0.23255813953488372,0.0,0.1847111279590032,0.1847111279590032,0.23255813953488372,0.1847111279590032,0.23255813953488372,0.21705426356589144
2018-10-24,0.0,-0.09702940682066472,0.0,-0.21705426356589144,-0.21705426356589144,-0.23255813953488372,0.0,0.1847111279590032,0.1847111279590032,0.23255813953488372,0.1847111279590032,0.23255813953488372,0.21705426356589144
2018-10-25,0.0,-0.09702940682066472,0.0,-0.21705426356589144,-0.21705426356589144,-0.23255813953488372,0.0,0.1847111279590032,0.1847111279590032,0.23255813953488372,0.1847111279590032,0.23255813953488372,0.21705426356589144
2018-10-26,0.0,-0.09702940682066472,0.0,-0.21705426356589144,-0.21705426356589144,-0.23255813953488372,0.0,0.1847111279590032,0.1847111279590032,0.23255813953488372,0.1847111279590032,0.23255813953488372,0.21705426356589144
2018-10-29,0.0,-0.09702940682066472,0.0,-0.21705426356589144,-0.21705426356589144,-0.23255813953488372,0.0,0.1847111279590032,0.1847111279590032,0.23255813953488372,0.1847111279590032,0.23255813953488372,0.21705426356589144
2018-10-30,0.0,-0.09702940682066472,0.0,-0.21705426356589144,-0.21705426356589144,-0.23255813953488372,0.0,0.1847111279590032,0.1847111279590032,0.23255813953488372,0.1847111279590032,0.23255813953488372,0.21705426356589144
2018-10-31,0.0,-0.10620157214256301,-0.018045851380107402,-0.21951131337918045,-0.2008666412665757,-0.2272445026956129,0.0,0.15318487498214295,0.17093561429362322,0.23385893061250732,0.17093561429362322,0.1965695863872978,0.21951131337918045
2018-11-01,0.0,-0.1153737374644613,-0.036091702760214804,-0.22196836319246946,-0.18467901896725994,-0.22193086585634206,0.0,0.12165862200528268,0.15716010062824323,0.2351597216901309,0.15716010062824323,0.16058103323971187,0.22196836319246946
2018-11-02,0.0,-0.1245459027863596,-0.0541375541403222,-0.22442541300575847,-0.1684913966679442,-0.21661722901707123,0.0,0.09013236902842242,0.14338458696286327,0.2364605127677545,0.14338458696286327,0.12459248009212597,0.22442541300575847
2018-11-05,0.0,-0.1337180681082579,-0.07218340552042961,-0.22688246281904748,-0.15230377436862844,-0.2113035921778004,0.0,0.05860611605156216,0.12960907329748328,0.2377613038453781,0.12960907329748328,0.08860392694454004,0.22688246281904748
2018-11-06,0.0,-0.1428902334301562,-0.09022925690053701,-0.22933951263233648,-0.13611615206931268,-0.20598995533852957,0.0,0.027079863074701893,0.1158335596321033,0.23906209492300168,0.1158335596321033,0.05261537379695413,0.22933951263233648
2018-11-07,0.0,-0.1520623987520545,-0.1082751082806444,-0.2317965624456255,-0.11992852976999693,-0.20067631849925874,0.0,-0.004446389902158364,0.10205804596672333,0.24036288600062528,0.10205804596672333,0.016626820649368212,0.2317965624456255
2018-11-08,0.0,-0.16123456407395279,-0.1263209596607518,-0.2342536122589145,-0.10374090747068118,-0.1953626816599879,0.0,-0.03597264287901863,0.08828253230134334,0.24166367707824885,0.08828253230134334,-0.01936173249821771,0.2342536122589145
2018-11-09,0.0,-0.17040672939585108,-0.1443668110408592,-0.23671066207220348,-0.08755328517136543,-0.19004904482071708,0.0,-0.0674988958558789,0.07450701863596336,0.24296446815587244,0.07450701863596336,-0.05535028564580363,0.23671066207220348
2018-11-12,0.0,-0.17957889471774938,-0.1624126624209666,-0.2391677118854925,-0.07136566287204968,-0.18473540798144625,0.0,-0.09902514883273916,0.060731504970583376,0.244265259233496,0.060731504970583376,-0.09133883879338955,0.2391677118854925
2018-11-13,0.0,-0.1887510600396477,-0.18045851380107403,-0.24162476169878147,-0.05517804057273393,-0.17942177114217542,0.0,-0.13055140180959943,0.04695599130520339,0.2455660503111196,0.04695599130520339,-0.12732739194097548,0.24162476169878147
2018-11-14,0.0,-0.197923225361546,-0.19850436518118142,-0.24408181151207048,-0.03899041827341817,-0.17410813430290462,0.0,-0.1620776547864597,0.03318047763982341,0.24686684138874318,0.03318047763982341,-0.1633159450885614,0.24408181151207048
2018-11-15,0.0,-0.20709539068344432,-0.2165502165612888,-0.24653886132535946,-0.022802795974102414,-0.16879449746363379,0.0,-0.19360390776331995,0.019404963974443433,0.24816763246636678,0.019404963974443433,-0.19930449823614732,0.24653886132535946
2018-11-16,0.0,-0.21626755600534261,-0.23459606794139623,-0.24899591113864847,-0.006615173674786659,-0.16348086062436298,0.0,-0.22513016074018022,0.005629450309063453,0.24946842354399035,0.005629450309063453,-0.23529305138373324,0.24899591113864847
2018-11-19,0.0,-0.22001581905820478,-0.241970618618542,-0.25,0.0,-0.16130940950655387,0.0,-0.2380135623232531,0.0,0.25,0.0,-0.25,0.25
2018-11-20,0.0,-0.22001581905820478,-0.241970618618542,-0.25,0.0,-0.16130940950655387,0.0,-0.2380135623232531,0.0,0.25,0.0,-0.25,0.25
2018-11-21,0.0,-0.22001581905820478,-0.241970618618542,-0.25,0.0,-0.16130940950655387,0.0,-0.2380135623232531,0.0,0.25,0.0,-0.25,0.25
2018-11-23,0.0,-0.22001581905820478,-0.241970618618542,-0.25,0.0,-0.16130940950655387,0.0,-0.2380135623232531,0.0,0.25,0.0,-0.25,0.25
2018-11-26,0.0,-0.22001581905820478,-0.241970618618542,-0.25,0.0,-0.16130940950655387,0.0,-0.2380135623232531,0.0,0.25,0.0,-0.25,0.25
2018-11-27,0.0,-0.22001581905820478,-0.241970618618542,-0.25,0.0,-0.16130940950655387,0.0,-0.2380135623232531,0.0,0.25,0.0,-0.25,0.25
2018-11-28,0.0,-0.22001581905820478,-0.241970618618542,-0.25,0.0,-0.16130940950655387,0.0,-0.2380135623232531,0.0,0.25,0.0,-0.25,0.25
2018-11-29,0.0,-0.22001581905820478,-0.241970618618542,-0.25,0.0,-0.16130940950655387,0.0,-0.2380135623232531,0.0,0.25,0.0,-0.25,0.25
2018-11-30,-0.022987041063919546,-0.2059819926233401,-0.2347664458567392,-0.24237409240524374,-0.02145457165965824,-0.15746112026075446,-0.02145457165965824,-0.22584480005725788,-0.008656541514755681,0.24237409240524374,-0.007688593014521153,-0.24237409240524374,0.24237409240524374
2018-12-03,-0.045974082127839086,-0.19194816618847543,-0.2275622730949364,-0.23474818481048748,-0.04290914331931647,-0.15361283101495504,-0.04290914331931647,-0.21367603779126265,-0.01731308302951136,0.23474818481048748,-0.015377186029042304,-0.23474818481048748,0.23474818481048748
2018-12-04,-0.06896112319175862,-0.17791433975361076,-0.2203581003331336,-0.22712227721573122,-0.06436371497897471,-0.14976454176915563,-0.06436371497897471,-0.20150727552526743,-0.025969624544267038,0.22712227721573122,-0.023065779043563456,-0.22712227721573122,0.22712227721573122
2018-12-06,-0.09194816425567816,-0.1638805133187461,-0.2131539275713308,-0.21949636962097496,-0.08581828663863295,-0.14591625252335622,-0.08581828663863295,-0.1893385132592722,-0.03462616605902272,0.21949636962097496,-0.03075437205808461,-0.21949636962097496,0.21949636962097496
2018-12-07,-0.1149352053195977,-0.14984668688388142,-0.205949754809528,-0.2118704620262187,-0.10727285829829117,-0.1420679632775568,-0.10727285829829117,-0.17716975099327698,-0.04328270757377839,0.2118704620262187,-0.03844296507260576,-0.2118704620262187,0.2118704620262187
2018-12-10,-0.13792224638351724,-0.13581286044901675,-0.19874558204772522,-0.20424455443146244,-0.1287274299579494,-0.1382196740317574,-0.1287274299579494,-0.16500098872728175,-0.05193924908853407,0.20424455443146244,-0.04613155808712691,-0.20424455443146244,0.20424455443146244
2018-12-11,-0.16090928744743677,-0.12177903401415208,-0.19154140928592242,-0.19661864683670618,-0.1501820016176076,-0.134371384785958,-0.1501820016176076,-0.15283222646128652,-0.06059579060328975,0.19661864683670618,-0.05382015110164806,-0.19661864683670618,0.19661864683670618
2018-12-12,-0.1838963285113563,-0.1077452075792874,-0.18433723652411962,-0.18899273924194993,-0.17163657327726584,-0.13052309554015862,-0.17163657327726584,-0.1406634641952913,-0.06925233211804542,0.18899273924194993,-0.06150874411616921,-0.18899273924194993,0.18899273924194993
2018-12-13,-0.1976157344486512,-0.09936936828887727,-0.18003755435594748,-0.1844413521520744,-0.1844413521520744,-0.12822631266234327,-0.1844413521520744,-0.13340075522733863,-0.07441883470198993,0.1844413521520744,-0.06609754388206998,-0.1844413521520744,0.1844413521520744
2018-12-14,-0.1976157344486512,-0.09936936828887727,-0.18003755435594748,-0.1844413521520744,-0.1844413521520744,-0.12822631266234327,-0.1844413521520744,-0.13340075522733863,-0.07441883470198993,0.1844413521520744,-0.06609754388206998,-0.1844413521520744,0.1844413521520744
2018-12-17,-0.1976157344486512,-0.09936936828887727,-0.18003755435594748,-0.1844413521520744,-0.1844413521520744,-0.12822631266234327,-0.1844413521520744,-0.13340075522733863,-0.07441883470198993,0.1844413521520744,-0.06609754388206998,-0.1844413521520744,0.1844413521520744
2018-12-18,-0.1976157344486512,-0.09936936828887727,-0.18003755435594748,-0.1844413521520744,-0.1844413521520744,-0.12822631266234327,-0.1844413521520744,-0.13340075522733863,-0.07441883470198993,0.1844413521520744,-0.06609754388206998,-0.1844413521520744,0.1844413521520744
2018-12-19,-0.1976157344486512,-0.09936936828887727,-0.18003755435594748,-0.1844413521520744,-0.1844413521520744,-0.12822631266234327,-0.1844413521520744,-0.13340075522733863,-0.07441883470198993,0.1844413521520744,-0.06609754388206998,-0.1844413521520744,0.1844413521520744
2018-12-20,-0.1976157344486512,-0.09936936828887727,-0.18003755435594748,-0.1844413521520744,-0.1844413521520744,-0.12822631266234327,-0.1844413521520744,-0.13340075522733863,-0.07441883470198993,0.1844413521520744,-0.06609754388206998,-0.1844413521520744,0.1844413521520744
2018-12-21,-0.1976157344486512,-0.09936936828887727,-0.18003755435594748,-0.1844413521520744,-0.1844413521520744,-0.12822631266234327,-0.1844413521520744,-0.13340075522733863,-0.07441883470198993,0.1844413521520744,-0.06609754388206998,-0.1844413521520744,0.1844413521520744
2018-12-24,-0.1976157344486512,-0.09936936828887727,-0.18003755435594748,-0.1844413521520744,-0.1844413521520744,-0.12822631266234327,-0.1844413521520744,-0.13340075522733863,-0.07441883470198993,0.1844413521520744,-0.06609754388206998,-0.1844413521520744,0.1844413521520744
2018-12-26,-0.1976157344486512,-0.09936936828887727,-0.18003755435594748,-0.1844413521520744,-0.1844413521520744,-0.12822631266234327,-0.1844413521520744,-0.13340075522733863,-0.07441883470198993,0.1844413521520744,-0.06609754388206998,-0.1844413521520744,0.1844413521520744
2018-12-27,-0.1976157344486512,-0.09936936828887727,-0.18003755435594748,-0.1844413521520744,-0.1844413521520744,-0.12822631266234327,-0.1844413521520744,-0.13340075522733863,-0.07441883470198993,0.1844413521520744,-0.06609754388206998,-0.1844413521520744,0.1844413521520744
2018-12-28,-0.1976157344486512,-0.09936936828887727,-0.18003755435594748,-0.1844413521520744,-0.1844413521520744,-0.12822631266234327,-0.1844413521520744,-0.13340075522733863,-0.07441883470198993,0.1844413521520744,-0.06609754388206998,-0.1844413521520744,0.1844413521520744
2018-12-31,-0.1957707381045335,-0.09526378007952398,-0.17389328680134253,-0.1842697840781978,-0.1610133563686992,-0.11193882898626276,-0.1379211825049439,-0.13162824068980097,-0.07452744765275349,0.18410553023245452,-0.07284531146927278,-0.14207970650961374,0.1842697840781978
2019-01-02,-0.1939257417604158,-0.09115819187017069,-0.16774901924673757,-0.1840982160043212,-0.137585360585324,-0.09565134531018224,-0.09140101285781338,-0.12985572615226332,-0.07463606060351705,0.18376970831283462,-0.07959307905647559,-0.09971806086715307,0.1840982160043212
2019-01-03,-0.1920807454162981,-0.08705260366081738,-0.16160475169213262,-0.18392664793044458,-0.1141573648019488,-0.07936386163410172,-0.04488084321068286,-0.12808321161472566,-0.0747446735542806,0.18343388639321473,-0.0863408466436784,-0.057356415224692384,0.18392664793044458
2019-01-04,-0.1902357490721804,-0.08294701545146407,-0.15546048413752767,-0.183755079856568,-0.09072936901857359,-0.06307637795802122,0.0016393264364476592,-0.126310697077188,-0.07485328650504416,0.18309806447359483,-0.09308861423088122,-0.014994769582231712,0.183755079856568
2019-01-07,-0.18839075272806272,-0.07884142724211078,-0.1493162165829227,-0.1835835117826914,-0.06730137323519839,-0.04678889428194071,0.04815949608357818,-0.12453818253965034,-0.07496189945580772,0.18276224255397494,-0.09983638181808402,0.027366876060228966,0.1835835117826914
2019-01-08,-0.18654575638394502,-0.07473583903275748,-0.14317194902831776,-0.1834119437088148,-0.04387337745182317,-0.030501410605860195,0.09467966573070871,-0.12276566800211267,-0.07507051240657128,0.18242642063435505,-0.10658414940528683,0.06972852170268964,0.1834119437088148
2019-01-09,-0.18470076003982736,-0.07063025082340418,-0.1370276814737128,-0.1832403756349382,-0.020445381668447955,-0.014213926929779686,0.14119983537783926,-0.12099315346457501,-0.07517912535733484,0.18209059871473515,-0.11333191699248965,0.11209016734515032,0.1832403756349382
2019-01-10,-0.1830906498630471,-0.06704734434306099,-0.13166563956502753,-0.1830906498630471,0.0,0.0,0.1817975302259602,-0.11944629744804174,-0.07527391081201182,0.1817975302259602,-0.11922062744838968,0.14905875916461142,0.1830906498630471
2019-01-11,-0.1830906498630471,-0.06704734434306099,-0.13166563956502753,-0.1830906498630471,0.0,0.0,0.1817975302259602,-0.11944629744804174,-0.07527391081201182,0.1817975302259602,-0.11922062744838968,0.14905875916461142,0.1830906498630471
2019-01-14,-0.1830906498630471,-0.06704734434306099,-0.13166563956502753,-0.1830906498630471,0.0,0.0,0.1817975302259602,-0.11944629744804174,-0.07527391081201182,0.1817975302259602,-0.11922062744838968,0.14905875916461142,0.1830906498630471
2019-01-15,-0.1830906498630471,-0.06704734434306099,-0.13166563956502753,-0.1830906498630471,0.0,0.0,0.1817975302259602,-0.11944629744804174,-0.07527391081201182,0.1817975302259602,-0.11922062744838968,0.14905875916461142,0.1830906498630471
2019-01-16,-0.1830906498630471,-0.06704734434306099,-0.13166563956502753,-0.1830906498630471,0.0,0.0,0.1817975302259602,-0.11944629744804174,-0.07527391081201182,0.1817975302259602,-0.11922062744838968,0.14905875916461142,0.1830906498630471
2019-01-17,-0.1830906498630471,-0.06704734434306099,-0.13166563956502753,-0.1830906498630471,0.0,0.0,0.1817975302259602,-0.11944629744804174,-0.07527391081201182,0.1817975302259602,-0.11922062744838968,0.14905875916461142,0.1830906498630471
2019-01-18,-0.1830906498630471,-0.06704734434306099,-0.13166563956502753,-0.1830906498630471,0.0,0.0,0.1817975302259602,-0.11944629744804174,-0.07527391081201182,0.1817975302259602,-0.11922062744838968,0.14905875916461142,0.1830906498630471
2019-01-22,-0.1830906498630471,-0.06704734434306099,-0.13166563956502753,-0.1830906498630471,0.0,0.0,0.1817975302259602,-0.11944629744804174,-0.07527391081201182,0.1817975302259602,-0.11922062744838968,0.14905875916461142,0.1830906498630471
2019-01-23,-0.1830906498630471,-0.06704734434306099,-0.13166563956502753,-0.1830906498630471,0.0,0.0,0.1817975302259602,-0.11944629744804174,-0.07527391081201182,0.1817975302259602,-0.11922062744838968,0.14905875916461142,0.1830906498630471
2019-01-24,-0.1830906498630471,-0.06704734434306099,-0.13166563956502753,-0.1830906498630471,0.0,0.0,0.1817975302259602,-0.11944629744804174,-0.07527391081201182,0.1817975302259602,-0.11922062744838968,0.14905875916461142,0.1830906498630471
2019-01-25,-0.1830906498630471,-0.06704734434306099,-0.13166563956502753,-0.1830906498630471,0.0,0.0,0.1817975302259602,-0.11944629744804174,-0.07527391081201182,0.1817975302259602,-0.11922062744838968,0.14905875916461142,0.1830906498630471
2019-01-28,-0.1830906498630471,-0.06704734434306099,-0.13166563956502753,-0.1830906498630471,0.0,0.0,0.1817975302259602,-0.11944629744804174,-0.07527391081201182,0.1817975302259602,-0.11922062744838968,0.14905875916461142,0.1830906498630471
2019-01-29,-0.1830906498630471,-0.06704734434306099,-0.13166563956502753,-0.1830906498630471,0.0,0.0,0.1817975302259602,-0.11944629744804174,-0.07527391081201182,0.1817975302259602,-0.11922062744838968,0.14905875916461142,0.1830906498630471
2019-01-30,-0.1830906498630471,-0.06704734434306099,-0.13166563956502753,-0.1830906498630471,0.0,0.0,0.1817975302259602,-0.11944629744804174,-0.07527391081201182,0.1817975302259602,-0.11922062744838968,0.14905875916461142,0.1830906498630471
2019-01-31,-0.1649397519565063,-0.03150844418216007,-0.1428973840742227,-0.1891959939625317,0.0,0.0,0.18171138207979676,-0.09937620671556321,-0.0633316251058336,0.18171138207979676,-0.09580479072586326,0.1663260189354952,0.1891959939625317
2019-02-01,-0.1488473419225704,0.0,-0.15285533981663493,-0.19460893282390737,0.0,0.0,0.1816350039689802,-0.08158225893687213,-0.052743710429889214,0.1816350039689802,-0.07504453700360529,0.1816350039689802,0.19460893282390737
2019-02-04,-0.1488473419225704,0.0,-0.15285533981663493,-0.19460893282390737,0.0,0.0,0.1816350039689802,-0.08158225893687213,-0.052743710429889214,0.1816350039689802,-0.07504453700360529,0.1816350039689802,0.19460893282390737
2019-02-05,-0.1488473419225704,0.0,-0.15285533981663493,-0.19460893282390737,0.0,0.0,0.1816350039689802,-0.08158225893687213,-0.052743710429889214,0.1816350039689802,-0.07504453700360529,0.1816350039689802,0.19460893282390737
2019-02-06,-0.1488473419225704,0.0,-0.15285533981663493,-0.19460893282390737,0.0,0.0,0.1816350039689802,-0.08158225893687213,-0.052743710429889214,0.1816350039689802,-0.07504453700360529,0.1816350039689802,0.19460893282390737
2019-02-07,-0.1488473419225704,0.0,-0.15285533981663493,-0.19460893282390737,0.0,0.0,0.1816350039689802,-0.08158225893687213,-0.052743710429889214,0.1816350039689802,-0.07504453700360529,0.1816350039689802,0.19460893282390737
2019-02-08,-0.1488473419225704,0.0,-0.15285533981663493,-0.19460893282390737,0.0,0.0,0.1816350039689802,-0.08158225893687213,-0.052743710429889214,0.1816350039689802,-0.07504453700360529,0.1816350039689802,0.19460893282390737
2019-02-11,-0.1488473419225704,0.0,-0.15285533981663493,-0.19460893282390737,0.0,0.0,0.1816350039689802,-0.08158225893687213,-0.052743710429889214,0.1816350039689802,-0.07504453700360529,0.1816350039689802,0.19460893282390737
2019-02-12,-0.1488473419225704,0.0,-0.15285533981663493,-0.19460893282390737,0.0,0.0,0.1816350039689802,-0.08158225893687213,-0.052743710429889214,0.1816350039689802,-0.07504453700360529,0.1816350039689802,0.19460893282390737
2019-02-13,-0.1488473419225704,0.0,-0.15285533981663493,-0.19460893282390737,0.0,0.0,0.1816350039689802,-0.08158225893687213,-0.052743710429889214,0.1816350039689802,-0.07504453700360529,0.1816350039689802,0.19460893282390737
2019-02-14,-0.1488473419225704,0.0,-0.15285533981663493,-0.19460893282390737,0.0,0.0,0.1816350039689802,-0.08158225893687213,-0.052743710429889214,0.1816350039689802,-0.07504453700360529,0.1816350039689802,0.19460893282390737
2019-02-15,-0.1488473419225704,0.0,-0.15285533981663493,-0.19460893282390737,0.0,0.0,0.1816350039689802,-0.08158225893687213,-0.052743710429889214,0.1816350039689802,-0.07504453700360529,0.1816350039689802,0.19460893282390737
2019-02-19,-0.1488473419225704,0.0,-0.15285533981663493,-0.19460893282390737,0.0,0.0,0.1816350039689802,-0.08158225893687213,-0.052743710429889214,0.1816350039689802,-0.07504453700360529,0.1816350039689802,0.19460893282390737
2019-02-20,-0.1488473419225704,0.0,-0.15285533981663493,-0.19460893282390737,0.0,0.0,0.1816350039689802,-0.08158225893687213,-0.052743710429889214,0.1816350039689802,-0.07504453700360529,0.1816350039689802,0.19460893282390737
2019-02-21,-0.1488473419225704,0.0,-0.15285533981663493,-0.19460893282390737,0.0,0.0,0.1816350039689802,-0.08158225893687213,-0.052743710429889214,0.1816350039689802,-0.07504453700360529,0.1816350039689802,0.19460893282390737
2019-02-22,-0.1488473419225704,0.0,-0.15285533981663493,-0.19460893282390737,0.0,0.0,0.1816350039689802,-0.08158225893687213,-0.052743710429889214,0.1816350039689802,-0.07504453700360529,0.1816350039689802,0.19460893282390737
2019-02-25,-0.1488473419225704,0.0,-0.15285533981663493,-0.19460893282390737,0.0,0.0,0.1816350039689802,-0.08158225893687213,-0.052743710429889214,0.1816350039689802,-0.07504453700360529,0.1816350039689802,0.19460893282390737
2019-02-26,-0.1488473419225704,0.0,-0.15285533981663493,-0.19460893282390737,0.0,0.0,0.1816350039689802,-0.08158225893687213,-0.052743710429889214,0.1816350039689802,-0.07504453700360529,0.1816350039689802,0.19460893282390737
2019-02-27,-0.1488473419225704,0.0,-0.15285533981663493,-0.19460893282390737,0.0,0.0,0.1816350039689802,-0.08158225893687213,-0.052743710429889214,0.1816350039689802,-0.07504453700360529,0.1816350039689802,0.19460893282390737
2019-02-28,-0.12149800859598212,0.0,-0.12476957365247501,-0.19811537856158223,0.0,0.03926405150601547,0.18490768665747673,-0.06659226741682724,-0.04305253758933909,0.18490768665747673,-0.06125579190180329,0.18490768665747673,0.19811537856158223
2019-03-01,-0.09414867526939383,0.0,-0.0966838074883151,-0.2016218242992571,0.0,0.07852810301203093,0.18818036934597326,-0.05160227589678235,-0.03336136474878898,0.18818036934597326,-0.047467046800001286,0.18818036934597326,0.2016218242992571
2019-03-04,-0.06679934194280554,0.0,-0.06859804132415516,-0.20512827003693196,0.0,0.11779215451804641,0.1914530520344698,-0.03661228437673747,-0.02367019190823886,0.1914530520344698,-0.033678301698199284,0.1914530520344698,0.20512827003693196
2019-03-05,-0.03945000861621725,0.0,-0.040512275159995226,-0.2086347157746068,0.0,0.1570562060240619,0.19472573472296634,-0.021622292856692583,-0.01397901906768874,0.19472573472296634,-0.01988955659639729,0.19472573472296634,0.2086347157746068
2019-03-06,-0.012100675289628965,0.0,-0.012426508995835295,-0.21214116151228166,0.0,0.19632025753007737,0.19799841741146285,-0.006632301336647698,-0.004287846227138622,0.19799841741146285,-0.006100811494595291,0.19799841741146285,0.21214116151228166
2019-03-07,0.0,0.0,0.0,-0.2136925836542999,0.0,0.2136925836542999,0.1994464114106799,0.0,0.0,0.1994464114106799,0.0,0.1994464114106799,0.2136925836542999
2019-03-08,0.0,0.0,0.0,-0.2136925836542999,0.0,0.2136925836542999,0.1994464114106799,0.0,0.0,0.1994464114106799,0.0,0.1994464114106799,0.2136925836542999
2019-03-11,0.0,0.0,0.0,-0.2136925836542999,0.0,0.2136925836542999,0.1994464114106799,0.0,0.0,0.1994464114106799,0.0,0.1994464114106799,0.2136925836542999
2019-03-12,0.0,0.0,0.0,-0.2136925836542999,0.0,0.2136925836542999,0.1994464114106799,0.0,0.0,0.1994464114106799,0.0,0.1994464114106799,0.2136925836542999
2019-03-13,0.0,0.0,0.0,-0.2136925836542999,0.0,0.2136925836542999,0.1994464114106799,0.0,0.0,0.1994464114106799,0.0,0.1994464114106799,0.2136925836542999
2019-03-14,0.0,0.0,0.0,-0.2136925836542999,0.0,0.2136925836542999,0.1994464114106799,0.0,0.0,0.1994464114106799,0.0,0.1994464114106799,0.2136925836542999
2019-03-15,0.0,0.0,0.0,-0.2136925836542999,0.0,0.2136925836542999,0.1994464114106799,0.0,0.0,0.1994464114106799,0.0,0.1994464114106799,0.2136925836542999
2019-03-18,0.0,0.0,0.0,-0.2136925836542999,0.0,0.2136925836542999,0.1994464114106799,0.0,0.0,0.1994464114106799,0.0,0.1994464114106799,0.2136925836542999
2019-03-19,0.0,0.0,0.0,-0.2136925836542999,0.0,0.2136925836542999,0.1994464114106799,0.0,0.0,0.1994464114106799,0.0,0.1994464114106799,0.2136925836542999
2019-03-20,0.0,0.0,0.0,-0.2136925836542999,0.0,0.2136925836542999,0.1994464114106799,0.0,0.0,0.1994464114106799,0.0,0.1994464114106799,0.2136925836542999
2019-03-21,0.0,0.0,0.0,-0.2136925836542999,0.0,0.2136925836542999,0.1994464114106799,0.0,0.0,0.1994464114106799,0.0,0.1994464114106799,0.2136925836542999
2019-03-22,0.0,0.0,0.0,-0.2136925836542999,0.0,0.2136925836542999,0.1994464114106799,0.0,0.0,0.1994464114106799,0.0,0.1994464114106799,0.2136925836542999
2019-03-25,0.0,0.0,0.0,-0.2136925836542999,0.0,0.2136925836542999,0.1994464114106799,0.0,0.0,0.1994464114106799,0.0,0.1994464114106799,0.2136925836542999
2019-03-26,0.0,0.0,0.0,-0.2136925836542999,0.0,0.2136925836542999,0.1994464114106799,0.0,0.0,0.1994464114106799,0.0,0.1994464114106799,0.2136925836542999
2019-03-27,0.0,0.0,0.0,-0.2136925836542999,0.0,0.2136925836542999,0.1994464114106799,0.0,0.0,0.1994464114106799,0.0,0.1994464114106799,0.2136925836542999
2019-03-28,0.0,0.0,0.0,-0.2136925836542999,0.0,0.2136925836542999,0.1994464114106799,0.0,0.0,0.1994464114106799,0.0,0.1994464114106799,0.2136925836542999
2019-03-29,0.0,0.0,0.0,-0.2136925836542999,0.0,0.2136925836542999,0.1994464114106799,0.0,0.0,0.1994464114106799,0.0,0.1994464114106799,0.2136925836542999
2019-04-01,0.0,0.0,0.0,-0.2136925836542999,0.0,0.2136925836542999,0.1994464114106799,0.0,0.0,0.1994464114106799,0.0,0.1994464114106799,0.2136925836542999
2019-04-02,0.0,0.0,0.0,-0.2136925836542999,0.0,0.2136925836542999,0.1994464114106799,0.0,0.0,0.1994464114106799,0.0,0.1994464114106799,0.2136925836542999
2019-04-03,0.0,0.0,0.0,-0.2136925836542999,0.0,0.2136925836542999,0.1994464114106799,0.0,0.0,0.1994464114106799,0.0,0.1994464114106799,0.2136925836542999
2019-04-04,0.0,0.0,0.0,-0.2136925836542999,0.0,0.2136925836542999,0.1994464114106799,0.0,0.0,0.1994464114106799,0.0,0.1994464114106799,0.2136925836542999
2019-04-05,0.0,0.0,0.0,-0.2136925836542999,0.0,0.2136925836542999,0.1994464114106799,0.0,0.0,0.1994464114106799,0.0,0.1994464114106799,0.2136925836542999
2019-04-08,0.0,0.0,0.0,-0.2136925836542999,0.0,0.2136925836542999,0.1994464114106799,0.0,0.0,0.1994464114106799,0.0,0.1994464114106799,0.2136925836542999
2019-04-09,0.0,0.0,0.0,-0.2136925836542999,0.0,0.2136925836542999,0.1994464114106799,0.0,0.0,0.1994464114106799,0.0,0.1994464114106799,0.2136925836542999
2019-04-10,0.0,0.0,0.0,-0.2136925836542999,0.0,0.2136925836542999,0.1994464114106799,0.0,0.0,0.1994464114106799,0.0,0.1994464114106799,0.2136925836542999
2019-04-11,0.0,0.0,0.0,-0.2136925836542999,0.0,0.2136925836542999,0.1994464114106799,0.0,0.0,0.1994464114106799,0.0,0.1994464114106799,0.2136925836542999
2019-04-12,0.0,0.0,0.0,-0.2136925836542999,0.0,0.2136925836542999,0.1994464114106799,0.0,0.0,0.1994464114106799,0.0,0.1994464114106799,0.2136925836542999
2019-04-15,0.0,0.0,0.0,-0.2136925836542999,0.0,0.2136925836542999,0.1994464114106799,0.0,0.0,0.1994464114106799,0.0,0.1994464114106799,0.2136925836542999
2019-04-16,0.0,0.0,0.0,-0.2136925836542999,0.0,0.2136925836542999,0.1994464114106799,0.0,0.0,0.1994464114106799,0.0,0.1994464114106799,0.2136925836542999
2019-04-17,0.0,0.0,0.0,-0.2136925836542999,0.0,0.2136925836542999,0.1994464114106799,0.0,0.0,0.1994464114106799,0.0,0.1994464114106799,0.2136925836542999
2019-04-18,0.0,0.0,0.0,-0.2136925836542999,0.0,0.2136925836542999,0.1994464114106799,0.0,0.0,0.1994464114106799,0.0,0.1994464114106799,0.2136925836542999
2019-04-22,0.0,0.0,0.0,-0.2136925836542999,0.0,0.2136925836542999,0.1994464114106799,0.0,0.0,0.1994464114106799,0.0,0.1994464114106799,0.2136925836542999
2019-04-23,0.0,0.0,0.0,-0.2136925836542999,0.0,0.2136925836542999,0.1994464114106799,0.0,0.0,0.1994464114106799,0.0,0.1994464114106799,0.2136925836542999
2019-04-24,0.0,0.0,0.0,-0.2136925836542999,0.0,0.2136925836542999,0.1994464114106799,0.0,0.0,0.1994464114106799,0.0,0.1994464114106799,0.2136925836542999
2019-04-25,0.0,0.0,0.0,-0.2136925836542999,0.0,0.2136925836542999,0.1994464114106799,0.0,0.0,0.1994464114106799,0.0,0.1994464114106799,0.2136925836542999
2019-04-26,0.0,0.0,0.0,-0.2136925836542999,0.0,0.2136925836542999,0.1994464114106799,0.0,0.0,0.1994464114106799,0.0,0.1994464114106799,0.2136925836542999
2019-04-29,0.0,0.0,0.0,-0.2136925836542999,0.0,0.2136925836542999,0.1994464114106799,0.0,0.0,0.1994464114106799,0.0,0.1994464114106799,0.2136925836542999
2019-04-30,0.0,0.021044334668559407,0.021044334668559407,-0.21476958706605115,-0.02805911289141254,0.18671047417463862,0.20232222212107523,0.0,0.021044334668559407,0.20232222212107523,0.021044334668559407,0.20232222212107523,0.21476958706605115
2019-05-01,0.0,0.04208866933711883,0.04208866933711883,-0.21584659047780239,-0.05611822578282509,0.1597283646949773,0.20519803283147056,0.0,0.04208866933711883,0.20519803283147056,0.04208866933711883,0.20519803283147056,0.21584659047780239
2019-05-02,0.0,0.06313300400567824,0.06313300400567824,-0.21692359388955365,-0.08417733867423764,0.13274625521531602,0.2080738435418659,0.0,0.06313300400567824,0.2080738435418659,0.06313300400567824,0.2080738435418659,0.21692359388955365
2019-05-03,0.0,0.08417733867423766,0.08417733867423766,-0.2180005973013049,-0.1122364515656502,0.10576414573565472,0.21094965425226123,0.0,0.08417733867423766,0.21094965425226123,0.08417733867423766,0.21094965425226123,0.2180005973013049
2019-05-06,0.0,0.10522167334279706,0.10522167334279706,-0.21907760071305615,-0.14029556445706273,0.07878203625599342,0.21382546496265656,0.0,0.10522167334279706,0.21382546496265656,0.10522167334279706,0.21382546496265656,0.21907760071305615
2019-05-07,0.0,0.12626600801135646,0.12626600801135646,-0.2201546041248074,-0.16835467734847526,0.051799926776332134,0.21670127567305192,0.0,0.12626600801135646,0.21670127567305192,0.12626600801135646,0.21670127567305192,0.2201546041248074
2019-05-08,0.0,0.14731034267991586,0.14731034267991586,-0.22123160753655866,-0.1964137902398878,0.024817817296670843,0.21957708638344725,0.0,0.14731034267991586,0.21957708638344725,0.14731034267991586,0.21957708638344725,0.22123160753655866
2019-05-09,0.0,0.16666666666666666,0.16666666666666666,-0.22222222222222218,-0.22222222222222218,0.0,0.22222222222222218,0.0,0.16666666666666666,0.22222222222222218,0.16666666666666666,0.22222222222222218,0.22222222222222218
2019-05-10,0.0,0.16666666666666666,0.16666666666666666,-0.22222222222222218,-0.22222222222222218,0.0,0.22222222222222218,0.0,0.16666666666666666,0.22222222222222218,0.16666666666666666,0.22222222222222218,0.22222222222222218
2019-05-13,0.0,0.16666666666666666,0.16666666666666666,-0.22222222222222218,-0.22222222222222218,0.0,0.22222222222222218,0.0,0.16666666666666666,0.22222222222222218,0.16666666666666666,0.22222222222222218,0.22222222222222218
2019-05-14,0.0,0.16666666666666666,0.16666666666666666,-0.22222222222222218,-0.22222222222222218,0.0,0.22222222222222218,0.0,0.16666666666666666,0.22222222222222218,0.16666666666666666,0.22222222222222218,0.22222222222222218
2019-05-15,0.0,0.16666666666666666,0.16666666666666666,-0.22222222222222218,-0.22222222222222218,0.0,0.22222222222222218,0.0,0.16666666666666666,0.22222222222222218,0.16666666666666666,0.22222222222222218,0.22222222222222218
2019-05-16,0.0,0.16666666666666666,0.16666666666666666,-0.22222222222222218,-0.22222222222222218,0.0,0.22222222222222218,0.0,0.16666666666666666,0.22222222222222218,0.16666666666666666,0.22222222222222218,0.22222222222222218
2019-05-17,0.0,0.16666666666666666,0.16666666666666666,-0.22222222222222218,-0.22222222222222218,0.0,0.22222222222222218,0.0,0.16666666666666666,0.22222222222222218,0.16666666666666666,0.22222222222222218,0.22222222222222218
2019-05-20,0.0,0.16666666666666666,0.16666666666666666,-0.22222222222222218,-0.22222222222222218,0.0,0.22222222222222218,0.0,0.16666666666666666,0.22222222222222218,0.16666666666666666,0.22222222222222218,0.22222222222222218
2019-05-21,0.0,0.16666666666666666,0.16666666666666666,-0.22222222222222218,-0.22222222222222218,0.0,0.22222222222222218,0.0,0.16666666666666666,0.22222222222222218,0.16666666666666666,0.22222222222222218,0.22222222222222218
2019-05-22,0.0,0.16666666666666666,0.16666666666666666,-0.22222222222222218,-0.22222222222222218,0.0,0.22222222222222218,0.0,0.16666666666666666,0.22222222222222218,0.16666666666666666,0.22222222222222218,0.22222222222222218
2019-05-23,0.0,0.16666666666666666,0.16666666666666666,-0.22222222222222218,-0.22222222222222218,0.0,0.22222222222222218,0.0,0.16666666666666666,0.22222222222222218,0.16666666666666666,0.22222222222222218,0.22222222222222218
2019-05-24,0.0,0.16666666666666666,0.16666666666666666,-0.22222222222222218,-0.22222222222222218,0.0,0.22222222222222218,0.0,0.16666666666666666,0.22222222222222218,0.16666666666666666,0.22222222222222218,0.22222222222222218
2019-05-28,0.0,0.16666666666666666,0.16666666666666666,-0.22222222222222218,-0.22222222222222218,0.0,0.22222222222222218,0.0,0.16666666666666666,0.22222222222222218,0.16666666666666666,0.22222222222222218,0.22222222222222218
2019-05-29,0.0,0.16666666666666666,0.16666666666666666,-0.22222222222222218,-0.22222222222222218,0.0,0.22222222222222218,0.0,0.16666666666666666,0.22222222222222218,0.16666666666666666,0.22222222222222218,0.22222222222222218
2019-05-30,0.0,0.16666666666666666,0.16666666666666666,-0.22222222222222218,-0.22222222222222218,0.0,0.22222222222222218,0.0,0.16666666666666666,0.22222222222222218,0.16666666666666666,0.22222222222222218,0.22222222222222218
2019-05-31,-0.03054298642533937,0.1162707390648567,0.14477752639517344,-0.2235796882855706,-0.19303670186023122,0.0,0.22154348919054798,0.0,0.1732843137254902,0.22154348919054798,0.1732843137254902,0.22154348919054798,0.2235796882855706
2019-06-03,-0.06108597285067874,0.06587481146304675,0.12288838612368022,-0.224937154348919,-0.16385118149824027,0.0,0.22086475615887377,0.0,0.17990196078431372,0.22086475615887377,0.17990196078431372,0.22086475615887377,0.224937154348919
2019-06-04,-0.09162895927601811,0.015478883861236789,0.100999245852187,-0.22629462041226742,-0.1346656611362493,0.0,0.22018602312719956,0.0,0.18651960784313726,0.22018602312719956,0.18651960784313726,0.22018602312719956,0.22629462041226742
2019-06-05,-0.12217194570135748,-0.03491704374057317,0.07911010558069378,-0.22765208647561583,-0.10548014077425837,0.0,0.21950729009552536,0.0,0.19313725490196076,0.21950729009552536,0.19313725490196076,0.21950729009552536,0.22765208647561583
2019-06-06,-0.15271493212669685,-0.08531297134238311,0.05722096530920058,-0.22900955253896424,-0.07629462041226742,0.0,0.21882855706385115,0.0,0.19975490196078427,0.21882855706385115,0.19975490196078427,0.21882855706385115,0.22900955253896424
2019-06-07,-0.1832579185520362,-0.13570889894419302,0.035331825037707376,-0.23036701860231268,-0.04710910005027649,0.0,0.21814982403217692,0.0,0.2063725490196078,0.21814982403217692,0.2063725490196078,0.21814982403217692,0.23036701860231268
2019-06-10,-0.21380090497737556,-0.18610482654600297,0.013442684766214165,-0.2317244846656611,-0.017923579688285552,0.0,0.21747109100050271,0.0,0.21299019607843134,0.21747109100050271,0.21299019607843134,0.21747109100050271,0.2317244846656611
2019-06-11,-0.2325581395348837,-0.21705426356589141,0.0,-0.2325581395348837,0.0,0.0,0.21705426356589141,0.0,0.21705426356589141,0.21705426356589141,0.21705426356589141,0.21705426356589141,0.2325581395348837
2019-06-12,-0.2325581395348837,-0.21705426356589141,0.0,-0.2325581395348837,0.0,0.0,0.21705426356589141,0.0,0.21705426356589141,0.21705426356589141,0.21705426356589141,0.21705426356589141,0.2325581395348837
2019-06-13,-0.2325581395348837,-0.21705426356589141,0.0,-0.2325581395348837,0.0,0.0,0.21705426356589141,0.0,0.21705426356589141,0.21705426356589141,0.21705426356589141,0.21705426356589141,0.2325581395348837
2019-06-14,-0.2325581395348837,-0.21705426356589141,0.0,-0.2325581395348837,0.0,0.0,0.21705426356589141,0.0,0.21705426356589141,0.21705426356589141,0.21705426356589141,0.21705426356589141,0.2325581395348837
2019-06-17,-0.2325581395348837,-0.21705426356589141,0.0,-0.2325581395348837,0.0,0.0,0.21705426356589141,0.0,0.21705426356589141,0.21705426356589141,0.21705426356589141,0.21705426356589141,0.2325581395348837
2019-06-18,-0.2325581395348837,-0.21705426356589141,0.0,-0.2325581395348837,0.0,0.0,0.21705426356589141,0.0,0.21705426356589141,0.21705426356589141,0.21705426356589141,0.21705426356589141,0.2325581395348837
2019-06-19,-0.2325581395348837,-0.21705426356589141,0.0,-0.2325581395348837,0.0,0.0,0.21705426356589141,0.0,0.21705426356589141,0.21705426356589141,0.21705426356589141,0.21705426356589141,0.2325581395348837
2019-06-20,-0.2325581395348837,-0.21705426356589141,0.0,-0.2325581395348837,0.0,0.0,0.21705426356589141,0.0,0.21705426356589141,0.21705426356589141,0.21705426356589141,0.21705426356589141,0.2325581395348837
2019-06-21,-0.2325581395348837,-0.21705426356589141,0.0,-0.2325581395348837,0.0,0.0,0.21705426356589141,0.0,0.21705426356589141,0.21705426356589141,0.21705426356589141,0.21705426356589141,0.2325581395348837
2019-06-24,-0.2325581395348837,-0.21705426356589141,0.0,-0.2325581395348837,0.0,0.0,0.21705426356589141,0.0,0.21705426356589141,0.21705426356589141,0.21705426356589141,0.21705426356589141,0.2325581395348837
2019-06-25,-0.2325581395348837,-0.21705426356589141,0.0,-0.2325581395348837,0.0,0.0,0.21705426356589141,0.0,0.21705426356589141,0.21705426356589141,0.21705426356589141,0.21705426356589141,0.2325581395348837
2019-06-26,-0.2325581395348837,-0.21705426356589141,0.0,-0.2325581395348837,0.0,0.0,0.21705426356589141,0.0,0.21705426356589141,0.21705426356589141,0.21705426356589141,0.21705426356589141,0.2325581395348837
2019-06-27,-0.2325581395348837,-0.21705426356589141,0.0,-0.2325581395348837,0.0,0.0,0.21705426356589141,0.0,0.21705426356589141,0.21705426356589141,0.21705426356589141,0.21705426356589141,0.2325581395348837
2019-06-28,-0.2325581395348837,-0.21705426356589141,0.0,-0.2325581395348837,0.0,0.0,0.21705426356589141,0.0,0.21705426356589141,0.21705426356589141,0.21705426356589141,0.21705426356589141,0.2325581395348837
2019-07-01,-0.2325581395348837,-0.21705426356589141,0.0,-0.2325581395348837,0.0,0.0,0.21705426356589141,0.0,0.21705426356589141,0.21705426356589141,0.21705426356589141,0.21705426356589141,0.2325581395348837
2019-07-02,-0.2325581395348837,-0.21705426356589141,0.0,-0.2325581395348837,0.0,0.0,0.21705426356589141,0.0,0.21705426356589141,0.21705426356589141,0.21705426356589141,0.21705426356589141,0.2325581395348837
2019-07-03,-0.2325581395348837,-0.21705426356589141,0.0,-0.2325581395348837,0.0,0.0,0.21705426356589141,0.0,0.21705426356589141,0.21705426356589141,0.21705426356589141,0.21705426356589141,0.2325581395348837
2019-07-05,-0.2325581395348837,-0.21705426356589141,0.0,-0.2325581395348837,0.0,0.0,0.21705426356589141,0.0,0.21705426356589141,0.21705426356589141,0.21705426356589141,0.21705426356589141,0.2325581395348837
2019-07-08,-0.2325581395348837,-0.21705426356589141,0.0,-0.2325581395348837,0.0,0.0,0.21705426356589141,0.0,0.21705426356589141,0.21705426356589141,0.21705426356589141,0.21705426356589141,0.2325581395348837
2019-07-09,-0.2325581395348837,-0.21705426356589141,0.0,-0.2325581395348837,0.0,0.0,0.21705426356589141,0.0,0.21705426356589141,0.21705426356589141,0.21705426356589141,0.21705426356589141,0.2325581395348837
2019-07-10,-0.2325581395348837,-0.21705426356589141,0.0,-0.2325581395348837,0.0,0.0,0.21705426356589141,0.0,0.21705426356589141,0.21705426356589141,0.21705426356589141,0.21705426356589141,0.2325581395348837
2019-07-11,-0.2325581395348837,-0.21705426356589141,0.0,-0.2325581395348837,0.0,0.0,0.21705426356589141,0.0,0.21705426356589141,0.21705426356589141,0.21705426356589141,0.21705426356589141,0.2325581395348837
2019-07-12,-0.2325581395348837,-0.21705426356589141,0.0,-0.2325581395348837,0.0,0.0,0.21705426356589141,0.0,0.21705426356589141,0.21705426356589141,0.21705426356589141,0.21705426356589141,0.2325581395348837
2019-07-15,-0.2325581395348837,-0.21705426356589141,0.0,-0.2325581395348837,0.0,0.0,0.21705426356589141,0.0,0.21705426356589141,0.21705426356589141,0.21705426356589141,0.21705426356589141,0.2325581395348837
2019-07-16,-0.2325581395348837,-0.21705426356589141,0.0,-0.2325581395348837,0.0,0.0,0.21705426356589141,0.0,0.21705426356589141,0.21705426356589141,0.21705426356589141,0.21705426356589141,0.2325581395348837
2019-07-17,-0.2325581395348837,-0.21705426356589141,0.0,-0.2325581395348837,0.0,0.0,0.21705426356589141,0.0,0.21705426356589141,0.21705426356589141,0.21705426356589141,0.21705426356589141,0.2325581395348837
2019-07-18,-0.2325581395348837,-0.21705426356589141,0.0,-0.2325581395348837,0.0,0.0,0.21705426356589141,0.0,0.21705426356589141,0.21705426356589141,0.21705426356589141,0.21705426356589141,0.2325581395348837
2019-07-19,-0.2325581395348837,-0.21705426356589141,0.0,-0.2325581395348837,0.0,0.0,0.21705426356589141,0.0,0.21705426356589141,0.21705426356589141,0.21705426356589141,0.21705426356589141,0.2325581395348837
2019-07-22,-0.2325581395348837,-0.21705426356589141,0.0,-0.2325581395348837,0.0,0.0,0.21705426356589141,0.0,0.21705426356589141,0.21705426356589141,0.21705426356589141,0.21705426356589141,0.2325581395348837
2019-07-23,-0.2325581395348837,-0.21705426356589141,0.0,-0.2325581395348837,0.0,0.0,0.21705426356589141,0.0,0.21705426356589141,0.21705426356589141,0.21705426356589141,0.21705426356589141,0.2325581395348837
2019-07-24,-0.2325581395348837,-0.21705426356589141,0.0,-0.2325581395348837,0.0,0.0,0.21705426356589141,0.0,0.21705426356589141,0.21705426356589141,0.21705426356589141,0.21705426356589141,0.2325581395348837
2019-07-25,-0.2325581395348837,-0.21705426356589141,0.0,-0.2325581395348837,0.0,0.0,0.21705426356589141,0.0,0.21705426356589141,0.21705426356589141,0.21705426356589141,0.21705426356589141,0.2325581395348837
2019-07-26,-0.2325581395348837,-0.21705426356589141,0.0,-0.2325581395348837,0.0,0.0,0.21705426356589141,0.0,0.21705426356589141,0.21705426356589141,0.21705426356589141,0.21705426356589141,0.2325581395348837
2019-07-29,-0.2325581395348837,-0.21705426356589141,0.0,-0.2325581395348837,0.0,0.0,0.21705426356589141,0.0,0.21705426356589141,0.21705426356589141,0.21705426356589141,0.21705426356589141,0.2325581395348837
2019-07-30,-0.2325581395348837,-0.21705426356589141,0.0,-0.2325581395348837,0.0,0.0,0.21705426356589141,0.0,0.21705426356589141,0.21705426356589141,0.21705426356589141,0.21705426356589141,0.2325581395348837
2019-07-31,-0.20221757968403742,-0.18873640770510156,0.0210806437319894,-0.22824761374445632,0.026030034060418917,0.027889322207591702,0.21476644176552048,0.0,0.21662572991269327,0.21476644176552048,0.21662572991269327,0.21476644176552048,0.22824761374445632
2019-08-01,-0.17187701983319115,-0.1604185518443117,0.0421612874639788,-0.22393708795402895,0.05206006812083783,0.055778644415183404,0.21247861996514955,0.0,0.21619719625949513,0.21247861996514955,0.21619719625949513,0.21247861996514955,0.22393708795402895
2019-08-02,-0.14153645998234488,-0.13210069598352184,0.0632419311959682,-0.2196265621636016,0.07809010218125675,0.0836679666227751,0.21019079816477862,0.0,0.21576866260629696,0.21019079816477862,0.21576866260629696,0.21019079816477862,0.2196265621636016
2019-08-05,-0.1111959001314986,-0.10378284012273198,0.0843225749279576,-0.21531603637317423,0.10412013624167567,0.11155728883036681,0.2079029763644077,0.0,0.2153401289530988,0.2079029763644077,0.2153401289530988,0.2079029763644077,0.21531603637317423
2019-08-06,-0.08085534028065233,-0.07546498426194213,0.10540321865994699,-0.21100551058274689,0.13015017030209458,0.1394466110379585,0.20561515456403676,0.0,0.21491159529990064,0.20561515456403676,0.21491159529990064,0.20561515456403676,0.21100551058274689
2019-08-07,-0.050514780429806054,-0.04714712840115229,0.12648386239193637,-0.2066949847923195,0.15618020436251348,0.16733593324555018,0.2033273327636658,0.0,0.2144830616467025,0.2033273327636658,0.2144830616467025,0.2033273327636658,0.2066949847923195
2019-08-08,-0.020174220578959776,-0.018829272540362443,0.14756450612392577,-0.20238445900189217,0.1822102384229324,0.1952252554531419,0.20103951096329487,0.0,0.21405452799350433,0.20103951096329487,0.21405452799350433,0.20103951096329487,0.20238445900189217
2019-08-09,0.0,0.0,0.16158156970766704,-0.19951827925653223,0.19951827925653223,0.21376958491771314,0.19951827925653223,0.0,0.21376958491771314,0.19951827925653223,0.21376958491771314,0.19951827925653223,0.19951827925653223
2019-08-12,0.0,0.0,0.16158156970766704,-0.19951827925653223,0.19951827925653223,0.21376958491771314,0.19951827925653223,0.0,0.21376958491771314,0.19951827925653223,0.21376958491771314,0.19951827925653223,0.19951827925653223
2019-08-13,0.0,0.0,0.16158156970766704,-0.19951827925653223,0.19951827925653223,0.21376958491771314,0.19951827925653223,0.0,0.21376958491771314,0.19951827925653223,0.21376958491771314,0.19951827925653223,0.19951827925653223
2019-08-14,0.0,0.0,0.16158156970766704,-0.19951827925653223,0.19951827925653223,0.21376958491771314,0.19951827925653223,0.0,0.21376958491771314,0.19951827925653223,0.21376958491771314,0.19951827925653223,0.19951827925653223
2019-08-15,0.0,0.0,0.16158156970766704,-0.19951827925653223,0.19951827925653223,0.21376958491771314,0.19951827925653223,0.0,0.21376958491771314,0.19951827925653223,0.21376958491771314,0.19951827925653223,0.19951827925653223
2019-08-16,0.0,0.0,0.16158156970766704,-0.19951827925653223,0.19951827925653223,0.21376958491771314,0.19951827925653223,0.0,0.21376958491771314,0.19951827925653223,0.21376958491771314,0.19951827925653223,0.19951827925653223
2019-08-19,0.0,0.0,0.16158156970766704,-0.19951827925653223,0.19951827925653223,0.21376958491771314,0.19951827925653223,0.0,0.21376958491771314,0.19951827925653223,0.21376958491771314,0.19951827925653223,0.19951827925653223
2019-08-20,0.0,0.0,0.16158156970766704,-0.19951827925653223,0.19951827925653223,0.21376958491771314,0.19951827925653223,0.0,0.21376958491771314,0.19951827925653223,0.21376958491771314,0.19951827925653223,0.19951827925653223
2019-08-21,0.0,0.0,0.16158156970766704,-0.19951827925653223,0.19951827925653223,0.21376958491771314,0.19951827925653223,0.0,0.21376958491771314,0.19951827925653223,0.21376958491771314,0.19951827925653223,0.19951827925653223
2019-08-22,0.0,0.0,0.16158156970766704,-0.19951827925653223,0.19951827925653223,0.21376958491771314,0.19951827925653223,0.0,0.21376958491771314,0.19951827925653223,0.21376958491771314,0.19951827925653223,0.19951827925653223
2019-08-23,0.0,0.0,0.16158156970766704,-0.19951827925653223,0.19951827925653223,0.21376958491771314,0.19951827925653223,0.0,0.21376958491771314,0.19951827925653223,0.21376958491771314,0.19951827925653223,0.19951827925653223
2019-08-26,0.0,0.0,0.16158156970766704,-0.19951827925653223,0.19951827925653223,0.21376958491771314,0.19951827925653223,0.0,0.21376958491771314,0.19951827925653223,0.21376958491771314,0.19951827925653223,0.19951827925653223
2019-08-27,0.0,0.0,0.16158156970766704,-0.19951827925653223,0.19951827925653223,0.21376958491771314,0.19951827925653223,0.0,0.21376958491771314,0.19951827925653223,0.21376958491771314,0.19951827925653223,0.19951827925653223
2019-08-28,0.0,0.0,0.16158156970766704,-0.19951827925653223,0.19951827925653223,0.21376958491771314,0.19951827925653223,0.0,0.21376958491771314,0.19951827925653223,0.21376958491771314,0.19951827925653223,0.19951827925653223
2019-08-29,0.0,0.0,0.16158156970766704,-0.19951827925653223,0.19951827925653223,0.21376958491771314,0.19951827925653223,0.0,0.21376958491771314,0.19951827925653223,0.21376958491771314,0.19951827925653223,0.19951827925653223
2019-08-30,0.0,0.0,0.16158156970766704,-0.19951827925653223,0.19951827925653223,0.21376958491771314,0.19951827925653223,0.0,0.21376958491771314,0.19951827925653223,0.21376958491771314,0.19951827925653223,0.19951827925653223
2019-09-03,0.0,0.0,0.16158156970766704,-0.19951827925653223,0.19951827925653223,0.21376958491771314,0.19951827925653223,0.0,0.21376958491771314,0.19951827925653223,0.21376958491771314,0.19951827925653223,0.19951827925653223
2019-09-04,0.0,0.0,0.16158156970766704,-0.19951827925653223,0.19951827925653223,0.21376958491771314,0.19951827925653223,0.0,0.21376958491771314,0.19951827925653223,0.21376958491771314,0.19951827925653223,0.19951827925653223
2019-09-05,0.0,0.0,0.16158156970766704,-0.19951827925653223,0.19951827925653223,0.21376958491771314,0.19951827925653223,0.0,0.21376958491771314,0.19951827925653223,0.21376958491771314,0.19951827925653223,0.19951827925653223
2019-09-06,0.0,0.0,0.16158156970766704,-0.19951827925653223,0.19951827925653223,0.21376958491771314,0.19951827925653223,0.0,0.21376958491771314,0.19951827925653223,0.21376958491771314,0.19951827925653223,0.19951827925653223
2019-09-09,0.0,0.0,0.16158156970766704,-0.19951827925653223,0.19951827925653223,0.21376958491771314,0.19951827925653223,0.0,0.21376958491771314,0.19951827925653223,0.21376958491771314,0.19951827925653223,0.19951827925653223
2019-09-10,0.0,0.0,0.16158156970766704,-0.19951827925653223,0.19951827925653223,0.21376958491771314,0.19951827925653223,0.0,0.21376958491771314,0.19951827925653223,0.21376958491771314,0.19951827925653223,0.19951827925653223
2019-09-11,0.0,0.0,0.16158156970766704,-0.19951827925653223,0.19951827925653223,0.21376958491771314,0.19951827925653223,0.0,0.21376958491771314,0.19951827925653223,0.21376958491771314,0.19951827925653223,0.19951827925653223
2019-09-12,0.0,0.0,0.16158156970766704,-0.19951827925653223,0.19951827925653223,0.21376958491771314,0.19951827925653223,0.0,0.21376958491771314,0.19951827925653223,0.21376958491771314,0.19951827925653223,0.19951827925653223
2019-09-13,0.0,0.0,0.16158156970766704,-0.19951827925653223,0.19951827925653223,0.21376958491771314,0.19951827925653223,0.0,0.21376958491771314,0.19951827925653223,0.21376958491771314,0.19951827925653223,0.19951827925653223
2019-09-16,0.0,0.0,0.16158156970766704,-0.19951827925653223,0.19951827925653223,0.21376958491771314,0.19951827925653223,0.0,0.21376958491771314,0.19951827925653223,0.21376958491771314,0.19951827925653223,0.19951827925653223
2019-09-17,0.0,0.0,0.16158156970766704,-0.19951827925653223,0.19951827925653223,0.21376958491771314,0.19951827925653223,0.0,0.21376958491771314,0.19951827925653223,0.21376958491771314,0.19951827925653223,0.19951827925653223
2019-09-18,0.0,0.0,0.16158156970766704,-0.19951827925653223,0.19951827925653223,0.21376958491771314,0.19951827925653223,0.0,0.21376958491771314,0.19951827925653223,0.21376958491771314,0.19951827925653223,0.19951827925653223
2019-09-19,0.0,0.0,0.16158156970766704,-0.19951827925653223,0.19951827925653223,0.21376958491771314,0.19951827925653223,0.0,0.21376958491771314,0.19951827925653223,0.21376958491771314,0.19951827925653223,0.19951827925653223
2019-09-20,0.0,0.0,0.16158156970766704,-0.19951827925653223,0.19951827925653223,0.21376958491771314,0.19951827925653223,0.0,0.21376958491771314,0.19951827925653223,0.21376958491771314,0.19951827925653223,0.19951827925653223
2019-09-23,0.0,0.0,0.16158156970766704,-0.19951827925653223,0.19951827925653223,0.21376958491771314,0.19951827925653223,0.0,0.21376958491771314,0.19951827925653223,0.21376958491771314,0.19951827925653223,0.19951827925653223
2019-09-24,0.0,0.0,0.16158156970766704,-0.19951827925653223,0.19951827925653223,0.21376958491771314,0.19951827925653223,0.0,0.21376958491771314,0.19951827925653223,0.21376958491771314,0.19951827925653223,0.19951827925653223
2019-09-25,0.0,0.0,0.16158156970766704,-0.19951827925653223,0.19951827925653223,0.21376958491771314,0.19951827925653223,0.0,0.21376958491771314,0.19951827925653223,0.21376958491771314,0.19951827925653223,0.19951827925653223
2019-09-26,0.0,0.0,0.16158156970766704,-0.19951827925653223,0.19951827925653223,0.21376958491771314,0.19951827925653223,0.0,0.21376958491771314,0.19951827925653223,0.21376958491771314,0.19951827925653223,0.19951827925653223
2019-09-27,0.0,0.0,0.16158156970766704,-0.19951827925653223,0.19951827925653223,0.21376958491771314,0.19951827925653223,0.0,0.21376958491771314,0.19951827925653223,0.21376958491771314,0.19951827925653223,0.19951827925653223
2019-09-30,-0.02361886117618351,0.0,0.1313307625223746,-0.20584903023690848,0.20584903023690848,0.22055253239668768,0.20584903023690848,0.0,0.17374829717353985,0.20584903023690848,0.20242799438459444,0.20584903023690848,0.20584903023690848
2019-10-01,-0.04723772235236702,0.0,0.10107995533708217,-0.21217978121728473,0.21217978121728473,0.22733547987566224,0.21217978121728473,0.0,0.13372700942936655,0.21217978121728473,0.19108640385147574,0.21217978121728473,0.21217978121728473
2019-10-02,-0.07085658352855054,0.0,0.07082914815178973,-0.21851053219766098,0.21851053219766098,0.23411842735463678,0.21851053219766098,0.0,0.09370572168519326,0.21851053219766098,0.17974481331835704,0.21851053219766098,0.21851053219766098
2019-10-03,-0.09447544470473404,0.0,0.0405783409664973,-0.22484128317803723,0.22484128317803723,0.24090137483361135,0.22484128317803723,0.0,0.05368443394101997,0.22484128317803723,0.16840322278523834,0.22484128317803723,0.22484128317803723
2019-10-04,-0.11809430588091754,0.0,0.010327533781204871,-0.23117203415841348,0.23117203415841348,0.2476843223125859,0.23117203415841348,0.0,0.013663146196846672,0.23117203415841348,0.1570616322521196,0.23117203415841348,0.23117203415841348
2019-10-07,-0.12615771341832754,0.0,0.0,-0.2333333333333333,0.2333333333333333,0.25,0.2333333333333333,0.0,0.0,0.2333333333333333,0.15318964765858703,0.2333333333333333,0.2333333333333333
2019-10-08,-0.12615771341832754,0.0,0.0,-0.2333333333333333,0.2333333333333333,0.25,0.2333333333333333,0.0,0.0,0.2333333333333333,0.15318964765858703,0.2333333333333333,0.2333333333333333
2019-10-09,-0.12615771341832754,0.0,0.0,-0.2333333333333333,0.2333333333333333,0.25,0.2333333333333333,0.0,0.0,0.2333333333333333,0.15318964765858703,0.2333333333333333,0.2333333333333333
2019-10-10,-0.12615771341832754,0.0,0.0,-0.2333333333333333,0.2333333333333333,0.25,0.2333333333333333,0.0,0.0,0.2333333333333333,0.15318964765858703,0.2333333333333333,0.2333333333333333
2019-10-11,-0.12615771341832754,0.0,0.0,-0.2333333333333333,0.2333333333333333,0.25,0.2333333333333333,0.0,0.0,0.2333333333333333,0.15318964765858703,0.2333333333333333,0.2333333333333333
2019-10-14,-0.12615771341832754,0.0,0.0,-0.2333333333333333,0.2333333333333333,0.25,0.2333333333333333,0.0,0.0,0.2333333333333333,0.15318964765858703,0.2333333333333333,0.2333333333333333
2019-10-15,-0.12615771341832754,0.0,0.0,-0.2333333333333333,0.2333333333333333,0.25,0.2333333333333333,0.0,0.0,0.2333333333333333,0.15318964765858703,0.2333333333333333,0.2333333333333333
2019-10-16,-0.12615771341832754,0.0,0.0,-0.2333333333333333,0.2333333333333333,0.25,0.2333333333333333,0.0,0.0,0.2333333333333333,0.15318964765858703,0.2333333333333333,0.2333333333333333
2019-10-17,-0.12615771341832754,0.0,0.0,-0.2333333333333333,0.2333333333333333,0.25,0.2333333333333333,0.0,0.0,0.2333333333333333,0.15318964765858703,0.2333333333333333,0.2333333333333333
2019-10-18,-0.12615771341832754,0.0,0.0,-0.2333333333333333,0.2333333333333333,0.25,0.2333333333333333,0.0,0.0,0.2333333333333333,0.15318964765858703,0.2333333333333333,0.2333333333333333
2019-10-21,-0.12615771341832754,0.0,0.0,-0.2333333333333333,0.2333333333333333,0.25,0.2333333333333333,0.0,0.0,0.2333333333333333,0.15318964765858703,0.2333333333333333,0.2333333333333333
2019-10-22,-0.12615771341832754,0.0,0.0,-0.2333333333333333,0.2333333333333333,0.25,0.2333333333333333,0.0,0.0,0.2333333333333333,0.15318964765858703,0.2333333333333333,0.2333333333333333
2019-10-23,-0.12615771341832754,0.0,0.0,-0.2333333333333333,0.2333333333333333,0.25,0.2333333333333333,0.0,0.0,0.2333333333333333,0.15318964765858703,0.2333333333333333,0.2333333333333333
2019-10-24,-0.12615771341832754,0.0,0.0,-0.2333333333333333,0.2333333333333333,0.25,0.2333333333333333,0.0,0.0,0.2333333333333333,0.15318964765858703,0.2333333333333333,0.2333333333333333
2019-10-25,-0.12615771341832754,0.0,0.0,-0.2333333333333333,0.2333333333333333,0.25,0.2333333333333333,0.0,0.0,0.2333333333333333,0.15318964765858703,0.2333333333333333,0.2333333333333333
2019-10-28,-0.12615771341832754,0.0,0.0,-0.2333333333333333,0.2333333333333333,0.25,0.2333333333333333,0.0,0.0,0.2333333333333333,0.15318964765858703,0.2333333333333333,0.2333333333333333
2019-10-29,-0.12615771341832754,0.0,0.0,-0.2333333333333333,0.2333333333333333,0.25,0.2333333333333333,0.0,0.0,0.2333333333333333,0.15318964765858703,0.2333333333333333,0.2333333333333333
2019-10-30,-0.12615771341832754,0.0,0.0,-0.2333333333333333,0.2333333333333333,0.25,0.2333333333333333,0.0,0.0,0.2333333333333333,0.15318964765858703,0.2333333333333333,0.2333333333333333
2019-10-31,-0.12998510499640342,0.0,0.05295235451990618,-0.2249885498133482,0.2249885498133482,0.24105916051430165,0.2249885498133482,0.0,0.028458983043236512,0.2249885498133482,0.14743791740541462,0.2249885498133482,0.2249885498133482
2019-11-01,-0.13381249657447927,0.0,0.10590470903981236,-0.21664376629336307,0.21664376629336307,0.2321183210286033,0.21664376629336307,0.0,0.056917966086473024,0.21664376629336307,0.1416861871522422,0.21664376629336307,0.21664376629336307
2019-11-04,-0.13763988815255515,0.0,0.15885706355971854,-0.20829898277337797,0.20829898277337797,0.22317748154290498,0.20829898277337797,0.0,0.08537694912970953,0.20829898277337797,0.13593445689906977,0.20829898277337797,0.20829898277337797
2019-11-05,-0.13936322513044178,0.0,0.18269960716906508,-0.20454162643314172,0.20454162643314172,0.21915174260693757,0.20454162643314172,0.0,0.09819100717184893,0.20454162643314172,0.13334465932285602,0.20454162643314172,0.20454162643314172
2019-11-06,-0.13936322513044178,0.0,0.18269960716906508,-0.20454162643314172,0.20454162643314172,0.21915174260693757,0.20454162643314172,0.0,0.09819100717184893,0.20454162643314172,0.13334465932285602,0.20454162643314172,0.20454162643314172
2019-11-07,-0.13936322513044178,0.0,0.18269960716906508,-0.20454162643314172,0.20454162643314172,0.21915174260693757,0.20454162643314172,0.0,0.09819100717184893,0.20454162643314172,0.13334465932285602,0.20454162643314172,0.20454162643314172
2019-11-08,-0.13936322513044178,0.0,0.18269960716906508,-0.20454162643314172,0.20454162643314172,0.21915174260693757,0.20454162643314172,0.0,0.09819100717184893,0.20454162643314172,0.13334465932285602,0.20454162643314172,0.20454162643314172
2019-11-11,-0.13936322513044178,0.0,0.18269960716906508,-0.20454162643314172,0.20454162643314172,0.21915174260693757,0.20454162643314172,0.0,0.09819100717184893,0.20454162643314172,0.13334465932285602,0.20454162643314172,0.20454162643314172
2019-11-12,-0.13936322513044178,0.0,0.18269960716906508,-0.20454162643314172,0.20454162643314172,0.21915174260693757,0.20454162643314172,0.0,0.09819100717184893,0.20454162643314172,0.13334465932285602,0.20454162643314172,0.20454162643314172
2019-11-13,-0.13936322513044178,0.0,0.18269960716906508,-0.20454162643314172,0.20454162643314172,0.21915174260693757,0.20454162643314172,0.0,0.09819100717184893,0.20454162643314172,0.13334465932285602,0.20454162643314172,0.20454162643314172
2019-11-14,-0.13936322513044178,0.0,0.18269960716906508,-0.20454162643314172,0.20454162643314172,0.21915174260693757,0.20454162643314172,0.0,0.09819100717184893,0.20454162643314172,0.13334465932285602,0.20454162643314172,0.20454162643314172
2019-11-15,-0.13936322513044178,0.0,0.18269960716906508,-0.20454162643314172,0.20454162643314172,0.21915174260693757,0.20454162643314172,0.0,0.09819100717184893,0.20454162643314172,0.13334465932285602,0.20454162643314172,0.20454162643314172
2019-11-18,-0.13936322513044178,0.0,0.18269960716906508,-0.20454162643314172,0.20454162643314172,0.21915174260693757,0.20454162643314172,0.0,0.09819100717184893,0.20454162643314172,0.13334465932285602,0.20454162643314172,0.20454162643314172
2019-11-19,-0.13936322513044178,0.0,0.18269960716906508,-0.20454162643314172,0.20454162643314172,0.21915174260693757,0.20454162643314172,0.0,0.09819100717184893,0.20454162643314172,0.13334465932285602,0.20454162643314172,0.20454162643314172
2019-11-20,-0.13936322513044178,0.0,0.18269960716906508,-0.20454162643314172,0.20454162643314172,0.21915174260693757,0.20454162643314172,0.0,0.09819100717184893,0.20454162643314172,0.13334465932285602,0.20454162643314172,0.20454162643314172
2019-11-21,-0.13936322513044178,0.0,0.18269960716906508,-0.20454162643314172,0.20454162643314172,0.21915174260693757,0.20454162643314172,0.0,0.09819100717184893,0.20454162643314172,0.13334465932285602,0.20454162643314172,0.20454162643314172
2019-11-22,-0.13936322513044178,0.0,0.18269960716906508,-0.20454162643314172,0.20454162643314172,0.21915174260693757,0.20454162643314172,0.0,0.09819100717184893,0.20454162643314172,0.13334465932285602,0.20454162643314172,0.20454162643314172
2019-11-25,-0.13936322513044178,0.0,0.18269960716906508,-0.20454162643314172,0.20454162643314172,0.21915174260693757,0.20454162643314172,0.0,0.09819100717184893,0.20454162643314172,0.13334465932285602,0.20454162643314172,0.20454162643314172
2019-11-26,-0.13936322513044178,0.0,0.18269960716906508,-0.20454162643314172,0.20454162643314172,0.21915174260693757,0.20454162643314172,0.0,0.09819100717184893,0.20454162643314172,0.13334465932285602,0.20454162643314172,0.20454162643314172
2019-11-27,-0.13936322513044178,0.0,0.18269960716906508,-0.20454162643314172,0.20454162643314172,0.21915174260693757,0.20454162643314172,0.0,0.09819100717184893,0.20454162643314172,0.13334465932285602,0.20454162643314172,0.20454162643314172
2019-11-29,-0.13936322513044178,0.0,0.18269960716906508,-0.20454162643314172,0.20454162643314172,0.21915174260693757,0.20454162643314172,0.0,0.09819100717184893,0.20454162643314172,0.13334465932285602,0.20454162643314172,0.20454162643314172
2019-12-02,-0.13936322513044178,0.0,0.18269960716906508,-0.20454162643314172,0.20454162643314172,0.21915174260693757,0.20454162643314172,0.0,0.09819100717184893,0.20454162643314172,0.13334465932285602,0.20454162643314172,0.20454162643314172
2019-12-03,-0.13936322513044178,0.0,0.18269960716906508,-0.20454162643314172,0.20454162643314172,0.21915174260693757,0.20454162643314172,0.0,0.09819100717184893,0.20454162643314172,0.13334465932285602,0.20454162643314172,0.20454162643314172
2019-12-04,-0.13936322513044178,0.0,0.18269960716906508,-0.20454162643314172,0.20454162643314172,0.21915174260693757,0.20454162643314172,0.0,0.09819100717184893,0.20454162643314172,0.13334465932285602,0.20454162643314172,0.20454162643314172
2019-12-05,-0.13936322513044178,0.0,0.18269960716906508,-0.20454162643314172,0.20454162643314172,0.21915174260693757,0.20454162643314172,0.0,0.09819100717184893,0.20454162643314172,0.13334465932285602,0.20454162643314172,0.20454162643314172
2019-12-06,-0.13936322513044178,0.0,0.18269960716906508,-0.20454162643314172,0.20454162643314172,0.21915174260693757,0.20454162643314172,0.0,0.09819100717184893,0.20454162643314172,0.13334465932285602,0.20454162643314172,0.20454162643314172
2019-12-09,-0.13936322513044178,0.0,0.18269960716906508,-0.20454162643314172,0.20454162643314172,0.21915174260693757,0.20454162643314172,0.0,0.09819100717184893,0.20454162643314172,0.13334465932285602,0.20454162643314172,0.20454162643314172
2019-12-10,-0.13936322513044178,0.0,0.18269960716906508,-0.20454162643314172,0.20454162643314172,0.21915174260693757,0.20454162643314172,0.0,0.09819100717184893,0.20454162643314172,0.13334465932285602,0.20454162643314172,0.20454162643314172
2019-12-11,-0.13936322513044178,0.0,0.18269960716906508,-0.20454162643314172,0.20454162643314172,0.21915174260693757,0.20454162643314172,0.0,0.09819100717184893,0.20454162643314172,0.13334465932285602,0.20454162643314172,0.20454162643314172
2019-12-12,-0.13936322513044178,0.0,0.18269960716906508,-0.20454162643314172,0.20454162643314172,0.21915174260693757,0.20454162643314172,0.0,0.09819100717184893,0.20454162643314172,0.13334465932285602,0.20454162643314172,0.20454162643314172
2019-12-13,-0.13936322513044178,0.0,0.18269960716906508,-0.20454162643314172,0.20454162643314172,0.21915174260693757,0.20454162643314172,0.0,0.09819100717184893,0.20454162643314172,0.13334465932285602,0.20454162643314172,0.20454162643314172
2019-12-16,-0.13936322513044178,0.0,0.18269960716906508,-0.20454162643314172,0.20454162643314172,0.21915174260693757,0.20454162643314172,0.0,0.09819100717184893,0.20454162643314172,0.13334465932285602,0.20454162643314172,0.20454162643314172
2019-12-17,-0.13936322513044178,0.0,0.18269960716906508,-0.20454162643314172,0.20454162643314172,0.21915174260693757,0.20454162643314172,0.0,0.09819100717184893,0.20454162643314172,0.13334465932285602,0.20454162643314172,0.20454162643314172
2019-12-18,-0.13936322513044178,0.0,0.18269960716906508,-0.20454162643314172,0.20454162643314172,0.21915174260693757,0.20454162643314172,0.0,0.09819100717184893,0.20454162643314172,0.13334465932285602,0.20454162643314172,0.20454162643314172
2019-12-19,-0.13936322513044178,0.0,0.18269960716906508,-0.20454162643314172,0.20454162643314172,0.21915174260693757,0.20454162643314172,0.0,0.09819100717184893,0.20454162643314172,0.13334465932285602,0.20454162643314172,0.20454162643314172
2019-12-20,-0.13936322513044178,0.0,0.18269960716906508,-0.20454162643314172,0.20454162643314172,0.21915174260693757,0.20454162643314172,0.0,0.09819100717184893,0.20454162643314172,0.13334465932285602,0.20454162643314172,0.20454162643314172
2019-12-23,-0.13936322513044178,0.0,0.18269960716906508,-0.20454162643314172,0.20454162643314172,0.21915174260693757,0.20454162643314172,0.0,0.09819100717184893,0.20454162643314172,0.13334465932285602,0.20454162643314172,0.20454162643314172
2019-12-24,-0.13936322513044178,0.0,0.18269960716906508,-0.20454162643314172,0.20454162643314172,0.21915174260693757,0.20454162643314172,0.0,0.09819100717184893,0.20454162643314172,0.13334465932285602,0.20454162643314172,0.20454162643314172
2019-12-26,-0.13936322513044178,0.0,0.18269960716906508,-0.20454162643314172,0.20454162643314172,0.21915174260693757,0.20454162643314172,0.0,0.09819100717184893,0.20454162643314172,0.13334465932285602,0.20454162643314172,0.20454162643314172
2019-12-27,-0.13936322513044178,0.0,0.18269960716906508,-0.20454162643314172,0.20454162643314172,0.21915174260693757,0.20454162643314172,0.0,0.09819100717184893,0.20454162643314172,0.13334465932285602,0.20454162643314172,0.20454162643314172
2019-12-30,-0.13936322513044178,0.0,0.18269960716906508,-0.20454162643314172,0.20454162643314172,0.21915174260693757,0.20454162643314172,0.0,0.09819100717184893,0.20454162643314172,0.13334465932285602,0.20454162643314172,0.20454162643314172
2019-12-31,-0.09998174511384543,0.013214125622169268,0.1752204565604944,-0.20339797987975422,0.15935089447252332,0.2179264070140224,0.2049710900728696,0.013214125622169268,0.1002836330477085,0.2049710900728696,0.1314556442649889,0.18137443717613877,0.20339797987975422
2020-01-02,-0.060600265097249036,0.026428251244338535,0.16774130595192363,-0.20225433332636664,0.11416016251190483,0.21670107142110714,0.2054005537125974,0.026428251244338535,0.10237625892356803,0.2054005537125974,0.12956662920712173,0.15820724791913574,0.20225433332636664
2020-01-03,-0.021218785080652634,0.0396423768665078,0.16026215534335286,-0.20111068677297905,0.06896943055128635,0.21547573582819188,0.2058300173523252,0.0396423768665078,0.10446888479942756,0.2058300173523252,0.12767761414925455,0.1350400586621327,0.20111068677297905
2020-01-06,0.01816269493594376,0.05285650248867707,0.1527830047347821,-0.19996704021959147,0.023778698590667877,0.2142504002352766,0.20625948099205302,0.05285650248867707,0.10656151067528709,0.20625948099205302,0.12578859909138737,0.11187286940512967,0.19996704021959147
2020-01-07,0.05754417495254017,0.06607062811084634,0.14530385412621133,-0.19882339366620388,-0.021412033369950616,0.21302506464236132,0.2066889446317808,0.06607062811084634,0.10865413655114663,0.2066889446317808,0.1238995840335202,0.08870568014812663,0.19882339366620388
2020-01-08,0.09692565496913656,0.0792847537330156,0.13782470351764056,-0.1976797471128163,-0.06660276533056908,0.21179972904944605,0.20711840827150862,0.0792847537330156,0.11074676242700615,0.20711840827150862,0.12201056897565303,0.0655384908911236,0.1976797471128163
2020-01-09,0.13630713498573294,0.09249887935518486,0.1303455529090698,-0.1965361005594287,-0.11179349729118754,0.21057439345653078,0.20754787191123641,0.09249887935518486,0.11283938830286569,0.20754787191123641,0.12012155391778587,0.04237130163412057,0.1965361005594287
2020-01-10,0.17568861500232932,0.10571300497735413,0.12286640230049903,-0.1953924540060411,-0.156984229251806,0.2093490578636155,0.20797733555096423,0.10571300497735413,0.11493201417872521,0.20797733555096423,0.11823253885991869,0.01920411237711754,0.1953924540060411
2020-01-13,0.20833333333333334,0.11666666666666665,0.11666666666666665,-0.19444444444444442,-0.19444444444444442,0.20833333333333334,0.20833333333333334,0.11666666666666665,0.11666666666666665,0.20833333333333334,0.11666666666666665,0.0,0.19444444444444442
2020-01-14,0.20833333333333334,0.11666666666666665,0.11666666666666665,-0.19444444444444442,-0.19444444444444442,0.20833333333333334,0.20833333333333334,0.11666666666666665,0.11666666666666665,0.20833333333333334,0.11666666666666665,0.0,0.19444444444444442
2020-01-15,0.20833333333333334,0.11666666666666665,0.11666666666666665,-0.19444444444444442,-0.19444444444444442,0.20833333333333334,0.20833333333333334,0.11666666666666665,0.11666666666666665,0.20833333333333334,0.11666666666666665,0.0,0.19444444444444442
2020-01-16,0.20833333333333334,0.11666666666666665,0.11666666666666665,-0.19444444444444442,-0.19444444444444442,0.20833333333333334,0.20833333333333334,0.11666666666666665,0.11666666666666665,0.20833333333333334,0.11666666666666665,0.0,0.19444444444444442
2020-01-17,0.20833333333333334,0.11666666666666665,0.11666666666666665,-0.19444444444444442,-0.19444444444444442,0.20833333333333334,0.20833333333333334,0.11666666666666665,0.11666666666666665,0.20833333333333334,0.11666666666666665,0.0,0.19444444444444442
2020-01-21,0.20833333333333334,0.11666666666666665,0.11666666666666665,-0.19444444444444442,-0.19444444444444442,0.20833333333333334,0.20833333333333334,0.11666666666666665,0.11666666666666665,0.20833333333333334,0.11666666666666665,0.0,0.19444444444444442
2020-01-22,0.20833333333333334,0.11666666666666665,0.11666666666666665,-0.19444444444444442,-0.19444444444444442,0.20833333333333334,0.20833333333333334,0.11666666666666665,0.11666666666666665,0.20833333333333334,0.11666666666666665,0.0,0.19444444444444442
2020-01-23,0.20833333333333334,0.11666666666666665,0.11666666666666665,-0.19444444444444442,-0.19444444444444442,0.20833333333333334,0.20833333333333334,0.11666666666666665,0.11666666666666665,0.20833333333333334,0.11666666666666665,0.0,0.19444444444444442
2020-01-24,0.20833333333333334,0.11666666666666665,0.11666666666666665,-0.19444444444444442,-0.19444444444444442,0.20833333333333334,0.20833333333333334,0.11666666666666665,0.11666666666666665,0.20833333333333334,0.11666666666666665,0.0,0.19444444444444442
2020-01-27,0.20833333333333334,0.11666666666666665,0.11666666666666665,-0.19444444444444442,-0.19444444444444442,0.20833333333333334,0.20833333333333334,0.11666666666666665,0.11666666666666665,0.20833333333333334,0.11666666666666665,0.0,0.19444444444444442
2020-01-28,0.20833333333333334,0.11666666666666665,0.11666666666666665,-0.19444444444444442,-0.19444444444444442,0.20833333333333334,0.20833333333333334,0.11666666666666665,0.11666666666666665,0.20833333333333334,0.11666666666666665,0.0,0.19444444444444442
2020-01-29,0.20833333333333334,0.11666666666666665,0.11666666666666665,-0.19444444444444442,-0.19444444444444442,0.20833333333333334,0.20833333333333334,0.11666666666666665,0.11666666666666665,0.20833333333333334,0.11666666666666665,0.0,0.19444444444444442
2020-01-30,0.20833333333333334,0.11666666666666665,0.11666666666666665,-0.19444444444444442,-0.19444444444444442,0.20833333333333334,0.20833333333333334,0.11666666666666665,0.11666666666666665,0.20833333333333334,0.11666666666666665,0.0,0.19444444444444442
2020-01-31,0.16954022988505746,0.11786056663437422,0.11952576986239012,-0.2015414773233538,-0.15823754789272026,0.212844159315691,0.20995723068698208,0.11952576986239012,0.11952576986239012,0.20995723068698208,0.11952576986239012,0.04041700080192463,0.2015414773233538
2020-02-03,0.13074712643678157,0.11905446660208178,0.12238487305811359,-0.2086385102022632,-0.12203065134099611,0.21735498529804867,0.2115811280406308,0.12238487305811359,0.12238487305811359,0.2115811280406308,0.12238487305811359,0.08083400160384926,0.2086385102022632
2020-02-04,0.09195402298850569,0.12024836656978935,0.12524397625383704,-0.2157355430811726,-0.08582375478927196,0.2218658112804063,0.21320502539427957,0.12524397625383704,0.12524397625383704,0.21320502539427957,0.12524397625383704,0.12125100240577388,0.2157355430811726
2020-02-05,0.05316091954022981,0.12144226653749693,0.1281030794495605,-0.22283257596008196,-0.049616858237547815,0.22637663726276397,0.2148289227479283,0.1281030794495605,0.1281030794495605,0.2148289227479283,0.1281030794495605,0.1616680032076985,0.22283257596008196
2020-02-06,0.014367816091953936,0.1226361665052045,0.13096218264528398,-0.22992960883899136,-0.013409961685823674,0.2308874632451216,0.21645282010157707,0.13096218264528398,0.13096218264528398,0.21645282010157707,0.13096218264528398,0.20208500400962312,0.22992960883899136
2020-02-07,0.0,0.12307835167842952,0.13202110975481118,-0.2325581395348837,0.0,0.2325581395348837,0.21705426356589141,0.13202110975481118,0.13202110975481118,0.21705426356589141,0.13202110975481118,0.21705426356589141,0.2325581395348837
2020-02-10,0.0,0.12307835167842952,0.13202110975481118,-0.2325581395348837,0.0,0.2325581395348837,0.21705426356589141,0.13202110975481118,0.13202110975481118,0.21705426356589141,0.13202110975481118,0.21705426356589141,0.2325581395348837
2020-02-11,0.0,0.12307835167842952,0.13202110975481118,-0.2325581395348837,0.0,0.2325581395348837,0.21705426356589141,0.13202110975481118,0.13202110975481118,0.21705426356589141,0.13202110975481118,0.21705426356589141,0.2325581395348837
2020-02-12,0.0,0.12307835167842952,0.13202110975481118,-0.2325581395348837,0.0,0.2325581395348837,0.21705426356589141,0.13202110975481118,0.13202110975481118,0.21705426356589141,0.13202110975481118,0.21705426356589141,0.2325581395348837
2020-02-13,0.0,0.12307835167842952,0.13202110975481118,-0.2325581395348837,0.0,0.2325581395348837,0.21705426356589141,0.13202110975481118,0.13202110975481118,0.21705426356589141,0.13202110975481118,0.21705426356589141,0.2325581395348837
2020-02-14,0.0,0.12307835167842952,0.13202110975481118,-0.2325581395348837,0.0,0.2325581395348837,0.21705426356589141,0.13202110975481118,0.13202110975481118,0.21705426356589141,0.13202110975481118,0.21705426356589141,0.2325581395348837
2020-02-18,0.0,0.12307835167842952,0.13202110975481118,-0.2325581395348837,0.0,0.2325581395348837,0.21705426356589141,0.13202110975481118,0.13202110975481118,0.21705426356589141,0.13202110975481118,0.21705426356589141,0.2325581395348837
2020-02-19,0.0,0.12307835167842952,0.13202110975481118,-0.2325581395348837,0.0,0.2325581395348837,0.21705426356589141,0.13202110975481118,0.13202110975481118,0.21705426356589141,0.13202110975481118,0.21705426356589141,0.2325581395348837
2020-02-20,0.0,0.12307835167842952,0.13202110975481118,-0.2325581395348837,0.0,0.2325581395348837,0.21705426356589141,0.13202110975481118,0.13202110975481118,0.21705426356589141,0.13202110975481118,0.21705426356589141,0.2325581395348837
2020-02-21,0.0,0.12307835167842952,0.13202110975481118,-0.2325581395348837,0.0,0.2325581395348837,0.21705426356589141,0.13202110975481118,0.13202110975481118,0.21705426356589141,0.13202110975481118,0.21705426356589141,0.2325581395348837
2020-02-24,0.0,0.12307835167842952,0.13202110975481118,-0.2325581395348837,0.0,0.2325581395348837,0.21705426356589141,0.13202110975481118,0.13202110975481118,0.21705426356589141,0.13202110975481118,0.21705426356589141,0.2325581395348837
2020-02-25,0.0,0.12307835167842952,0.13202110975481118,-0.2325581395348837,0.0,0.2325581395348837,0.21705426356589141,0.13202110975481118,0.13202110975481118,0.21705426356589141,0.13202110975481118,0.21705426356589141,0.2325581395348837
2020-02-26,0.0,0.12307835167842952,0.13202110975481118,-0.2325581395348837,0.0,0.2325581395348837,0.21705426356589141,0.13202110975481118,0.13202110975481118,0.21705426356589141,0.13202110975481118,0.21705426356589141,0.2325581395348837
2020-02-27,0.0,0.12307835167842952,0.13202110975481118,-0.2325581395348837,0.0,0.2325581395348837,0.21705426356589141,0.13202110975481118,0.13202110975481118,0.21705426356589141,0.13202110975481118,0.21705426356589141,0.2325581395348837
2020-02-28,0.0,0.12307835167842952,0.13202110975481118,-0.2325581395348837,0.0,0.2325581395348837,0.21705426356589141,0.13202110975481118,0.13202110975481118,0.21705426356589141,0.13202110975481118,0.21705426356589141,0.2325581395348837
2020-03-02,0.0,0.12307835167842952,0.13202110975481118,-0.2325581395348837,0.0,0.2325581395348837,0.21705426356589141,0.13202110975481118,0.13202110975481118,0.21705426356589141,0.13202110975481118,0.21705426356589141,0.2325581395348837
2020-03-03,0.0,0.12307835167842952,0.13202110975481118,-0.2325581395348837,0.0,0.2325581395348837,0.21705426356589141,0.13202110975481118,0.13202110975481118,0.21705426356589141,0.13202110975481118,0.21705426356589141,0.2325581395348837
2020-03-04,0.0,0.12307835167842952,0.13202110975481118,-0.2325581395348837,0.0,0.2325581395348837,0.21705426356589141,0.13202110975481118,0.13202110975481118,0.21705426356589141,0.13202110975481118,0.21705426356589141,0.2325581395348837
2020-03-05,0.0,0.12307835167842952,0.13202110975481118,-0.2325581395348837,0.0,0.2325581395348837,0.21705426356589141,0.13202110975481118,0.13202110975481118,0.21705426356589141,0.13202110975481118,0.21705426356589141,0.2325581395348837
2020-03-06,0.0,0.12307835167842952,0.13202110975481118,-0.2325581395348837,0.0,0.2325581395348837,0.21705426356589141,0.13202110975481118,0.13202110975481118,0.21705426356589141,0.13202110975481118,0.21705426356589141,0.2325581395348837
2020-03-09,0.0,0.12307835167842952,0.13202110975481118,-0.2325581395348837,0.0,0.2325581395348837,0.21705426356589141,0.13202110975481118,0.13202110975481118,0.21705426356589141,0.13202110975481118,0.21705426356589141,0.2325581395348837
2020-03-10,0.0,0.12307835167842952,0.13202110975481118,-0.2325581395348837,0.0,0.2325581395348837,0.21705426356589141,0.13202110975481118,0.13202110975481118,0.21705426356589141,0.13202110975481118,0.21705426356589141,0.2325581395348837
2020-03-11,0.0,0.12307835167842952,0.13202110975481118,-0.2325581395348837,0.0,0.2325581395348837,0.21705426356589141,0.13202110975481118,0.13202110975481118,0.21705426356589141,0.13202110975481118,0.21705426356589141,0.2325581395348837
2020-03-12,0.0,0.12307835167842952,0.13202110975481118,-0.2325581395348837,0.0,0.2325581395348837,0.21705426356589141,0.13202110975481118,0.13202110975481118,0.21705426356589141,0.13202110975481118,0.21705426356589141,0.2325581395348837
2020-03-13,0.0,0.12307835167842952,0.13202110975481118,-0.2325581395348837,0.0,0.2325581395348837,0.21705426356589141,0.13202110975481118,0.13202110975481118,0.21705426356589141,0.13202110975481118,0.21705426356589141,0.2325581395348837
2020-03-16,0.0,0.12307835167842952,0.13202110975481118,-0.2325581395348837,0.0,0.2325581395348837,0.21705426356589141,0.13202110975481118,0.13202110975481118,0.21705426356589141,0.13202110975481118,0.21705426356589141,0.2325581395348837
2020-03-17,0.0,0.12307835167842952,0.13202110975481118,-0.2325581395348837,0.0,0.2325581395348837,0.21705426356589141,0.13202110975481118,0.13202110975481118,0.21705426356589141,0.13202110975481118,0.21705426356589141,0.2325581395348837
2020-03-18,0.0,0.12307835167842952,0.13202110975481118,-0.2325581395348837,0.0,0.2325581395348837,0.21705426356589141,0.13202110975481118,0.13202110975481118,0.21705426356589141,0.13202110975481118,0.21705426356589141,0.2325581395348837
2020-03-19,0.0,0.12307835167842952,0.13202110975481118,-0.2325581395348837,0.0,0.2325581395348837,0.21705426356589141,0.13202110975481118,0.13202110975481118,0.21705426356589141,0.13202110975481118,0.21705426356589141,0.2325581395348837
2020-03-20,0.0,0.12307835167842952,0.13202110975481118,-0.2325581395348837,0.0,0.2325581395348837,0.21705426356589141,0.13202110975481118,0.13202110975481118,0.21705426356589141,0.13202110975481118,0.21705426356589141,0.2325581395348837
2020-03-23,0.0,0.12307835167842952,0.13202110975481118,-0.2325581395348837,0.0,0.2325581395348837,0.21705426356589141,0.13202110975481118,0.13202110975481118,0.21705426356589141,0.13202110975481118,0.21705426356589141,0.2325581395348837
2020-03-24,0.0,0.12307835167842952,0.13202110975481118,-0.2325581395348837,0.0,0.2325581395348837,0.21705426356589141,0.13202110975481118,0.13202110975481118,0.21705426356589141,0.13202110975481118,0.21705426356589141,0.2325581395348837
2020-03-25,0.0,0.12307835167842952,0.13202110975481118,-0.2325581395348837,0.0,0.2325581395348837,0.21705426356589141,0.13202110975481118,0.13202110975481118,0.21705426356589141,0.13202110975481118,0.21705426356589141,0.2325581395348837
2020-03-26,0.0,0.12307835167842952,0.13202110975481118,-0.2325581395348837,0.0,0.2325581395348837,0.21705426356589141,0.13202110975481118,0.13202110975481118,0.21705426356589141,0.13202110975481118,0.21705426356589141,0.2325581395348837
2020-03-27,0.0,0.12307835167842952,0.13202110975481118,-0.2325581395348837,0.0,0.2325581395348837,0.21705426356589141,0.13202110975481118,0.13202110975481118,0.21705426356589141,0.13202110975481118,0.21705426356589141,0.2325581395348837
2020-03-30,0.0,0.12307835167842952,0.13202110975481118,-0.2325581395348837,0.0,0.2325581395348837,0.21705426356589141,0.13202110975481118,0.13202110975481118,0.21705426356589141,0.13202110975481118,0.21705426356589141,0.2325581395348837
2020-03-31,-0.007680379598599647,0.10880341462469455,0.11664432575841849,-0.22193472676595064,-0.007522442555974288,0.22084502882373827,0.20788117356152913,0.11718767642052563,0.11974034356808319,0.20788117356152913,0.11754321067875675,0.20480702162539713,0.22193472676595064
2020-04-01,-0.015360759197199295,0.09452847757095956,0.10126754176202578,-0.21131131399701758,-0.015044885111948578,0.20913191811259282,0.19870808355716685,0.10235424308624008,0.1074595773813552,0.19870808355716685,0.10306531160270233,0.19255977968490284,0.21131131399701758
2020-04-02,-0.023041138795798943,0.08025354051722458,0.08589075776563307,-0.20068790122808453,-0.022567327667922868,0.1974188074014474,0.18953499355280456,0.08752080975195453,0.0951788111946272,0.18953499355280456,0.0885874125266479,0.18031253774440856,0.20068790122808453
2020-04-03,-0.03072151839439859,0.0659786034634896,0.07051397376924036,-0.19006448845915147,-0.03008977022389716,0.18570569669030196,0.18036190354844228,0.07268737641766898,0.08289804500789921,0.18036190354844228,0.07410951345059347,0.16806529580391427,0.19006448845915147
2020-04-06,-0.03840189799299824,0.05170366640975462,0.05513718977284766,-0.17944107569021842,-0.03761221277987145,0.17399258597915654,0.17118881354408,0.05785394308338343,0.07061727882117122,0.17118881354408,0.05963161437453904,0.15581805386342,0.17944107569021842
2020-04-07,-0.04608227759159789,0.03742872935601964,0.039760405776454955,-0.16881766292128536,-0.04513465533584574,0.16227947526801112,0.16201572353971772,0.04302050974909788,0.05833651263444323,0.16201572353971772,0.04515371529848461,0.1435708119229257,0.16881766292128536
2020-04-08,-0.05376265719019753,0.023153792302284655,0.024383621780062256,-0.1581942501523523,-0.05265709789182003,0.15056636455686567,0.15284263353535543,0.02818707641481233,0.046055746447715235,0.15284263353535543,0.030675816222430187,0.13132356998243142,0.1581942501523523
2020-04-09,-0.06144303678879718,0.008878855248549674,0.009006837783669553,-0.14757083738341925,-0.06017954044779432,0.13885325384572025,0.14366954353099315,0.013353643080526776,0.03377498026098724,0.14366954353099315,0.016197917146375758,0.11907632804193713,0.14757083738341925
2020-04-13,-0.06912341638739683,-0.005396081805185304,-0.006369946212723146,-0.1369474246144862,-0.0677019830037686,0.12714014313457483,0.13449645352663087,-0.0014797902537587726,0.021494214074259256,0.13449645352663087,0.0017200180703213358,0.10682908610144284,0.1369474246144862
2020-04-14,-0.07680379598599647,-0.019671018858920284,-0.021746730209115845,-0.12632401184555314,-0.07522442555974289,0.1154270324234294,0.12532336352226855,-0.016313223588044323,0.009213447887531267,0.12532336352226855,-0.012757881005733086,0.09458184416094856,0.12632401184555314
2020-04-15,-0.08448417558459612,-0.033945955912655264,-0.037123514205508544,-0.11570059907662009,-0.08274686811571717,0.10371392171228397,0.11615027351790626,-0.03114665692232987,-0.0030673182991967207,0.11615027351790626,-0.02723578008178751,0.08233460222045426,0.11570059907662009
2020-04-16,-0.09159459557173119,-0.047161552412661435,-0.051359189781458515,-0.10586554789014227,-0.08971107154022336,0.0928700388751336,0.10765791690018141,-0.04487930379269683,-0.014436730999496652,0.10765791690018141,-0.04063927682833783,0.07099622593800498,0.10586554789014227
2020-04-17,-0.09159459557173119,-0.047161552412661435,-0.051359189781458515,-0.10586554789014227,-0.08971107154022336,0.0928700388751336,0.10765791690018141,-0.04487930379269683,-0.014436730999496652,0.10765791690018141,-0.04063927682833783,0.07099622593800498,0.10586554789014227
2020-04-20,-0.09159459557173119,-0.047161552412661435,-0.051359189781458515,-0.10586554789014227,-0.08971107154022336,0.0928700388751336,0.10765791690018141,-0.04487930379269683,-0.014436730999496652,0.10765791690018141,-0.04063927682833783,0.07099622593800498,0.10586554789014227
2020-04-21,-0.09159459557173119,-0.047161552412661435,-0.051359189781458515,-0.10586554789014227,-0.08971107154022336,0.0928700388751336,0.10765791690018141,-0.04487930379269683,-0.014436730999496652,0.10765791690018141,-0.04063927682833783,0.07099622593800498,0.10586554789014227
2020-04-22,-0.09159459557173119,-0.047161552412661435,-0.051359189781458515,-0.10586554789014227,-0.08971107154022336,0.0928700388751336,0.10765791690018141,-0.04487930379269683,-0.014436730999496652,0.10765791690018141,-0.04063927682833783,0.07099622593800498,0.10586554789014227
2020-04-23,-0.09159459557173119,-0.047161552412661435,-0.051359189781458515,-0.10586554789014227,-0.08971107154022336,0.0928700388751336,0.10765791690018141,-0.04487930379269683,-0.014436730999496652,0.10765791690018141,-0.04063927682833783,0.07099622593800498,0.10586554789014227
2020-04-24,-0.09159459557173119,-0.047161552412661435,-0.051359189781458515,-0.10586554789014227,-0.08971107154022336,0.0928700388751336,0.10765791690018141,-0.04487930379269683,-0.014436730999496652,0.10765791690018141,-0.04063927682833783,0.07099622593800498,0.10586554789014227
2020-04-27,-0.09159459557173119,-0.047161552412661435,-0.051359189781458515,-0.10586554789014227,-0.08971107154022336,0.0928700388751336,0.10765791690018141,-0.04487930379269683,-0.014436730999496652,0.10765791690018141,-0.04063927682833783,0.07099622593800498,0.10586554789014227
2020-04-28,-0.09159459557173119,-0.047161552412661435,-0.051359189781458515,-0.10586554789014227,-0.08971107154022336,0.0928700388751336,0.10765791690018141,-0.04487930379269683,-0.014436730999496652,0.10765791690018141,-0.04063927682833783,0.07099622593800498,0.10586554789014227
2020-04-29,-0.09159459557173119,-0.047161552412661435,-0.051359189781458515,-0.10586554789014227,-0.08971107154022336,0.0928700388751336,0.10765791690018141,-0.04487930379269683,-0.014436730999496652,0.10765791690018141,-0.04063927682833783,0.07099622593800498,0.10586554789014227
2020-04-30,-0.08475252227344454,-0.04137096795323538,-0.04516270639492284,-0.10611625707574562,0.01014457415990365,0.09279341055931918,0.10681450805153705,-0.039181762515788136,-0.005624099418800389,0.10681450805153705,-0.027418238685694048,0.06967708816693892,0.10611625707574562
2020-05-01,-0.0803860058580104,-0.03767549715151606,-0.04120819651967078,-0.10627625620564551,0.07387106423310508,0.09274450742947775,0.10627625620564551,-0.035545670584492206,0.0,0.10627625620564551,-0.01898075525601617,0.06883523271166025,0.10627625620564551
2020-05-04,-0.0803860058580104,-0.03767549715151606,-0.04120819651967078,-0.10627625620564551,0.07387106423310508,0.09274450742947775,0.10627625620564551,-0.035545670584492206,0.0,0.10627625620564551,-0.01898075525601617,0.06883523271166025,0.10627625620564551
2020-05-05,-0.0803860058580104,-0.03767549715151606,-0.04120819651967078,-0.10627625620564551,0.07387106423310508,0.09274450742947775,0.10627625620564551,-0.035545670584492206,0.0,0.10627625620564551,-0.01898075525601617,0.06883523271166025,0.10627625620564551
2020-05-06,-0.0803860058580104,-0.03767549715151606,-0.04120819651967078,-0.10627625620564551,0.07387106423310508,0.09274450742947775,0.10627625620564551,-0.035545670584492206,0.0,0.10627625620564551,-0.01898075525601617,0.06883523271166025,0.10627625620564551
2020-05-07,-0.0803860058580104,-0.03767549715151606,-0.04120819651967078,-0.10627625620564551,0.07387106423310508,0.09274450742947775,0.10627625620564551,-0.035545670584492206,0.0,0.10627625620564551,-0.01898075525601617,0.06883523271166025,0.10627625620564551
2020-05-08,-0.0803860058580104,-0.03767549715151606,-0.04120819651967078,-0.10627625620564551,0.07387106423310508,0.09274450742947775,0.10627625620564551,-0.035545670584492206,0.0,0.10627625620564551,-0.01898075525601617,0.06883523271166025,0.10627625620564551
2020-05-11,-0.0803860058580104,-0.03767549715151606,-0.04120819651967078,-0.10627625620564551,0.07387106423310508,0.09274450742947775,0.10627625620564551,-0.035545670584492206,0.0,0.10627625620564551,-0.01898075525601617,0.06883523271166025,0.10627625620564551
2020-05-12,-0.0803860058580104,-0.03767549715151606,-0.04120819651967078,-0.10627625620564551,0.07387106423310508,0.09274450742947775,0.10627625620564551,-0.035545670584492206,0.0,0.10627625620564551,-0.01898075525601617,0.06883523271166025,0.10627625620564551
2020-05-13,-0.0803860058580104,-0.03767549715151606,-0.04120819651967078,-0.10627625620564551,0.07387106423310508,0.09274450742947775,0.10627625620564551,-0.035545670584492206,0.0,0.10627625620564551,-0.01898075525601617,0.06883523271166025,0.10627625620564551
2020-05-14,-0.0803860058580104,-0.03767549715151606,-0.04120819651967078,-0.10627625620564551,0.07387106423310508,0.09274450742947775,0.10627625620564551,-0.035545670584492206,0.0,0.10627625620564551,-0.01898075525601617,0.06883523271166025,0.10627625620564551
2020-05-15,-0.0803860058580104,-0.03767549715151606,-0.04120819651967078,-0.10627625620564551,0.07387106423310508,0.09274450742947775,0.10627625620564551,-0.035545670584492206,0.0,0.10627625620564551,-0.01898075525601617,0.06883523271166025,0.10627625620564551
2020-05-18,-0.0803860058580104,-0.03767549715151606,-0.04120819651967078,-0.10627625620564551,0.07387106423310508,0.09274450742947775,0.10627625620564551,-0.035545670584492206,0.0,0.10627625620564551,-0.01898075525601617,0.06883523271166025,0.10627625620564551
2020-05-19,-0.0803860058580104,-0.03767549715151606,-0.04120819651967078,-0.10627625620564551,0.07387106423310508,0.09274450742947775,0.10627625620564551,-0.035545670584492206,0.0,0.10627625620564551,-0.01898075525601617,0.06883523271166025,0.10627625620564551
2020-05-20,-0.0803860058580104,-0.03767549715151606,-0.04120819651967078,-0.10627625620564551,0.07387106423310508,0.09274450742947775,0.10627625620564551,-0.035545670584492206,0.0,0.10627625620564551,-0.01898075525601617,0.06883523271166025,0.10627625620564551
2020-05-21,-0.0803860058580104,-0.03767549715151606,-0.04120819651967078,-0.10627625620564551,0.07387106423310508,0.09274450742947775,0.10627625620564551,-0.035545670584492206,0.0,0.10627625620564551,-0.01898075525601617,0.06883523271166025,0.10627625620564551
2020-05-22,-0.0803860058580104,-0.03767549715151606,-0.04120819651967078,-0.10627625620564551,0.07387106423310508,0.09274450742947775,0.10627625620564551,-0.035545670584492206,0.0,0.10627625620564551,-0.01898075525601617,0.06883523271166025,0.10627625620564551
2020-05-26,-0.0803860058580104,-0.03767549715151606,-0.04120819651967078,-0.10627625620564551,0.07387106423310508,0.09274450742947775,0.10627625620564551,-0.035545670584492206,0.0,0.10627625620564551,-0.01898075525601617,0.06883523271166025,0.10627625620564551
2020-05-27,-0.0803860058580104,-0.03767549715151606,-0.04120819651967078,-0.10627625620564551,0.07387106423310508,0.09274450742947775,0.10627625620564551,-0.035545670584492206,0.0,0.10627625620564551,-0.01898075525601617,0.06883523271166025,0.10627625620564551
2020-05-28,-0.0803860058580104,-0.03767549715151606,-0.04120819651967078,-0.10627625620564551,0.07387106423310508,0.09274450742947775,0.10627625620564551,-0.035545670584492206,0.0,0.10627625620564551,-0.01898075525601617,0.06883523271166025,0.10627625620564551
2020-05-29,-0.0803860058580104,-0.03767549715151606,-0.04120819651967078,-0.10627625620564551,0.07387106423310508,0.09274450742947775,0.10627625620564551,-0.035545670584492206,0.0,0.10627625620564551,-0.01898075525601617,0.06883523271166025,0.10627625620564551
2020-06-01,-0.0803860058580104,-0.03767549715151606,-0.04120819651967078,-0.10627625620564551,0.07387106423310508,0.09274450742947775,0.10627625620564551,-0.035545670584492206,0.0,0.10627625620564551,-0.01898075525601617,0.06883523271166025,0.10627625620564551
2020-06-02,-0.0803860058580104,-0.03767549715151606,-0.04120819651967078,-0.10627625620564551,0.07387106423310508,0.09274450742947775,0.10627625620564551,-0.035545670584492206,0.0,0.10627625620564551,-0.01898075525601617,0.06883523271166025,0.10627625620564551
2020-06-03,-0.0803860058580104,-0.03767549715151606,-0.04120819651967078,-0.10627625620564551,0.07387106423310508,0.09274450742947775,0.10627625620564551,-0.035545670584492206,0.0,0.10627625620564551,-0.01898075525601617,0.06883523271166025,0.10627625620564551
2020-06-04,-0.0803860058580104,-0.03767549715151606,-0.04120819651967078,-0.10627625620564551,0.07387106423310508,0.09274450742947775,0.10627625620564551,-0.035545670584492206,0.0,0.10627625620564551,-0.01898075525601617,0.06883523271166025,0.10627625620564551
2020-06-05,-0.0803860058580104,-0.03767549715151606,-0.04120819651967078,-0.10627625620564551,0.07387106423310508,0.09274450742947775,0.10627625620564551,-0.035545670584492206,0.0,0.10627625620564551,-0.01898075525601617,0.06883523271166025,0.10627625620564551
2020-06-08,-0.0803860058580104,-0.03767549715151606,-0.04120819651967078,-0.10627625620564551,0.07387106423310508,0.09274450742947775,0.10627625620564551,-0.035545670584492206,0.0,0.10627625620564551,-0.01898075525601617,0.06883523271166025,0.10627625620564551
2020-06-09,-0.0803860058580104,-0.03767549715151606,-0.04120819651967078,-0.10627625620564551,0.07387106423310508,0.09274450742947775,0.10627625620564551,-0.035545670584492206,0.0,0.10627625620564551,-0.01898075525601617,0.06883523271166025,0.10627625620564551
2020-06-10,-0.0803860058580104,-0.03767549715151606,-0.04120819651967078,-0.10627625620564551,0.07387106423310508,0.09274450742947775,0.10627625620564551,-0.035545670584492206,0.0,0.10627625620564551,-0.01898075525601617,0.06883523271166025,0.10627625620564551
2020-06-11,-0.0803860058580104,-0.03767549715151606,-0.04120819651967078,-0.10627625620564551,0.07387106423310508,0.09274450742947775,0.10627625620564551,-0.035545670584492206,0.0,0.10627625620564551,-0.01898075525601617,0.06883523271166025,0.10627625620564551
2020-06-12,-0.0803860058580104,-0.03767549715151606,-0.04120819651967078,-0.10627625620564551,0.07387106423310508,0.09274450742947775,0.10627625620564551,-0.035545670584492206,0.0,0.10627625620564551,-0.01898075525601617,0.06883523271166025,0.10627625620564551
2020-06-15,-0.0803860058580104,-0.03767549715151606,-0.04120819651967078,-0.10627625620564551,0.07387106423310508,0.09274450742947775,0.10627625620564551,-0.035545670584492206,0.0,0.10627625620564551,-0.01898075525601617,0.06883523271166025,0.10627625620564551
2020-06-16,-0.0803860058580104,-0.03767549715151606,-0.04120819651967078,-0.10627625620564551,0.07387106423310508,0.09274450742947775,0.10627625620564551,-0.035545670584492206,0.0,0.10627625620564551,-0.01898075525601617,0.06883523271166025,0.10627625620564551
2020-06-17,-0.0803860058580104,-0.03767549715151606,-0.04120819651967078,-0.10627625620564551,0.07387106423310508,0.09274450742947775,0.10627625620564551,-0.035545670584492206,0.0,0.10627625620564551,-0.01898075525601617,0.06883523271166025,0.10627625620564551
2020-06-18,-0.0803860058580104,-0.03767549715151606,-0.04120819651967078,-0.10627625620564551,0.07387106423310508,0.09274450742947775,0.10627625620564551,-0.035545670584492206,0.0,0.10627625620564551,-0.01898075525601617,0.06883523271166025,0.10627625620564551
2020-06-19,-0.0803860058580104,-0.03767549715151606,-0.04120819651967078,-0.10627625620564551,0.07387106423310508,0.09274450742947775,0.10627625620564551,-0.035545670584492206,0.0,0.10627625620564551,-0.01898075525601617,0.06883523271166025,0.10627625620564551
2020-06-22,-0.0803860058580104,-0.03767549715151606,-0.04120819651967078,-0.10627625620564551,0.07387106423310508,0.09274450742947775,0.10627625620564551,-0.035545670584492206,0.0,0.10627625620564551,-0.01898075525601617,0.06883523271166025,0.10627625620564551
2020-06-23,-0.0803860058580104,-0.03767549715151606,-0.04120819651967078,-0.10627625620564551,0.07387106423310508,0.09274450742947775,0.10627625620564551,-0.035545670584492206,0.0,0.10627625620564551,-0.01898075525601617,0.06883523271166025,0.10627625620564551
2020-06-24,-0.0803860058580104,-0.03767549715151606,-0.04120819651967078,-0.10627625620564551,0.07387106423310508,0.09274450742947775,0.10627625620564551,-0.035545670584492206,0.0,0.10627625620564551,-0.01898075525601617,0.06883523271166025,0.10627625620564551
2020-06-25,-0.0803860058580104,-0.03767549715151606,-0.04120819651967078,-0.10627625620564551,0.07387106423310508,0.09274450742947775,0.10627625620564551,-0.035545670584492206,0.0,0.10627625620564551,-0.01898075525601617,0.06883523271166025,0.10627625620564551
2020-06-26,-0.0803860058580104,-0.03767549715151606,-0.04120819651967078,-0.10627625620564551,0.07387106423310508,0.09274450742947775,0.10627625620564551,-0.035545670584492206,0.0,0.10627625620564551,-0.01898075525601617,0.06883523271166025,0.10627625620564551
2020-06-29,-0.0803860058580104,-0.03767549715151606,-0.04120819651967078,-0.10627625620564551,0.07387106423310508,0.09274450742947775,0.10627625620564551,-0.035545670584492206,0.0,0.10627625620564551,-0.01898075525601617,0.06883523271166025,0.10627625620564551
2020-06-30,-0.08165237785345421,-0.03309029471220585,-0.03619305571232603,-0.07005789928088811,0.08816504071003292,0.1047415385619509,0.11532803251754763,-0.03121967337693121,0.018459061268896987,0.11532803251754763,-0.009026342817890212,0.08168204262875912,0.09334216943738972
2020-07-01,-0.08291874984889802,-0.02850509227289564,-0.03117791490498129,-0.03383954235613071,0.10245901718696077,0.11673856969442405,0.12437980882944974,-0.02689367616937021,0.036918122537793974,0.12437980882944974,0.0009280696202357431,0.094528852545858,0.08040808266913393
2020-07-02,-0.08418512184434183,-0.02391988983358543,-0.026162774097636544,0.0023788145686266943,0.11675299366388861,0.1287356008268972,0.13343158514135187,-0.022567678961809213,0.05537718380669096,0.13343158514135187,0.010882482058361702,0.10737566246295685,0.06747399590087814
2020-07-06,-0.08545149383978565,-0.01933468739427522,-0.021147633290291797,0.038597171493384104,0.13104697014081645,0.14073263195937036,0.142483361453254,-0.018241681754248215,0.07383624507558795,0.142483361453254,0.020836894496487658,0.12022247238005572,0.054539909132622355
2020-07-07,-0.08671786583522946,-0.01474948495496501,-0.01613249248294705,0.07481552841814151,0.1453409466177443,0.15272966309184352,0.1515351377651561,-0.013915684546687217,0.09229530634448493,0.1515351377651561,0.030791306934613617,0.1330692822971546,0.041605822364366565
2020-07-08,-0.08798423783067326,-0.0101642825156548,-0.011117351675602303,0.11103388534289893,0.15963492309467214,0.16472669422431668,0.16058691407705822,-0.009589687339126218,0.11075436761338192,0.16058691407705822,0.040745719372739575,0.14591609221425345,0.028671735596110776
2020-07-09,-0.08925060982611707,-0.005579080076344593,-0.006102210868257557,0.14725224226765632,0.1739288995716,0.17672372535678985,0.16963869038896032,-0.005263690131565219,0.1292134288822789,0.16963869038896032,0.05070013181086554,0.1587629021313523,0.015737648827854986
2020-07-10,-0.09051698182156087,-0.000993877637034385,-0.0010870700609128111,0.18347059919241374,0.18822287604852783,0.188720756489263,0.17869046670086244,-0.0009376929240042207,0.1476724901511759,0.17869046670086244,0.06065454424899149,0.17160971204845119,0.0028035620595991944
2020-07-13,-0.0907914776204045,0.0,0.0,0.1913212045853266,0.1913212045853266,0.1913212045853266,0.18065250832735832,0.0,0.15167363261732278,0.18065250832735832,0.06281223914753095,0.17439435618419777,0.0
2020-07-14,-0.0907914776204045,0.0,0.0,0.1913212045853266,0.1913212045853266,0.1913212045853266,0.18065250832735832,0.0,0.15167363261732278,0.18065250832735832,0.06281223914753095,0.17439435618419777,0.0
2020-07-15,-0.0907914776204045,0.0,0.0,0.1913212045853266,0.1913212045853266,0.1913212045853266,0.18065250832735832,0.0,0.15167363261732278,0.18065250832735832,0.06281223914753095,0.17439435618419777,0.0
2020-07-16,-0.0907914776204045,0.0,0.0,0.1913212045853266,0.1913212045853266,0.1913212045853266,0.18065250832735832,0.0,0.15167363261732278,0.18065250832735832,0.06281223914753095,0.17439435618419777,0.0
2020-07-17,-0.0907914776204045,0.0,0.0,0.1913212045853266,0.1913212045853266,0.1913212045853266,0.18065250832735832,0.0,0.15167363261732278,0.18065250832735832,0.06281223914753095,0.17439435618419777,0.0
2020-07-20,-0.0907914776204045,0.0,0.0,0.1913212045853266,0.1913212045853266,0.1913212045853266,0.18065250832735832,0.0,0.15167363261732278,0.18065250832735832,0.06281223914753095,0.17439435618419777,0.0
2020-07-21,-0.0907914776204045,0.0,0.0,0.1913212045853266,0.1913212045853266,0.1913212045853266,0.18065250832735832,0.0,0.15167363261732278,0.18065250832735832,0.06281223914753095,0.17439435618419777,0.0
2020-07-22,-0.0907914776204045,0.0,0.0,0.1913212045853266,0.1913212045853266,0.1913212045853266,0.18065250832735832,0.0,0.15167363261732278,0.18065250832735832,0.06281223914753095,0.17439435618419777,0.0
2020-07-23,-0.0907914776204045,0.0,0.0,0.1913212045853266,0.1913212045853266,0.1913212045853266,0.18065250832735832,0.0,0.15167363261732278,0.18065250832735832,0.06281223914753095,0.17439435618419777,0.0
2020-07-24,-0.0907914776204045,0.0,0.0,0.1913212045853266,0.1913212045853266,0.1913212045853266,0.18065250832735832,0.0,0.15167363261732278,0.18065250832735832,0.06281223914753095,0.17439435618419777,0.0
2020-07-27,-0.0907914776204045,0.0,0.0,0.1913212045853266,0.1913212045853266,0.1913212045853266,0.18065250832735832,0.0,0.15167363261732278,0.18065250832735832,0.06281223914753095,0.17439435618419777,0.0
2020-07-28,-0.0907914776204045,0.0,0.0,0.1913212045853266,0.1913212045853266,0.1913212045853266,0.18065250832735832,0.0,0.15167363261732278,0.18065250832735832,0.06281223914753095,0.17439435618419777,0.0
2020-07-29,-0.0907914776204045,0.0,0.0,0.1913212045853266,0.1913212045853266,0.1913212045853266,0.18065250832735832,0.0,0.15167363261732278,0.18065250832735832,0.06281223914753095,0.17439435618419777,0.0
2020-07-30,-0.0907914776204045,0.0,0.0,0.1913212045853266,0.1913212045853266,0.1913212045853266,0.18065250832735832,0.0,0.15167363261732278,0.18065250832735832,0.06281223914753095,0.17439435618419777,0.0
2020-07-31,-0.07302737045898103,0.013719868999898912,0.0,0.1981453995808714,0.1981453995808714,0.2013066694906512,0.18956412241295914,0.0,0.16941647448785702,0.18956412241295914,0.06773448574743378,0.18453042974790507,-0.04425777873691738
2020-08-03,-0.055263263297557555,0.027439737999797823,0.0,0.2049695945764162,0.2049695945764162,0.21129213439597583,0.19847573649855996,0.0,0.18715931635839123,0.19847573649855996,0.0726567323473366,0.19466650331161237,-0.08851555747383476
2020-08-04,-0.03749915613613408,0.04115960699969673,0.0,0.211793789571961,0.211793789571961,0.22127759930130045,0.20738735058416077,0.0,0.20490215822892544,0.20738735058416077,0.07757897894723943,0.20480257687531966,-0.13277333621075213
2020-08-05,-0.01973504897471061,0.05487947599959564,0.0,0.2186179845675058,0.2186179845675058,0.23126306420662507,0.2162989646697616,0.0,0.22264500009945967,0.2162989646697616,0.08250122554714227,0.21493865043902693,-0.1770311149476695
2020-08-06,-0.001970941813287136,0.06859934499949455,0.0,0.2254421795630506,0.2254421795630506,0.2412485291119497,0.22521057875536243,0.0,0.24038784196999388,0.22521057875536243,0.0874234721470451,0.22507472400273423,-0.22128889368458687
2020-08-07,0.0,0.07012157537330388,0.0,0.22619932942352614,0.22619932942352614,0.24235642438234944,0.22619932942352614,0.0,0.24235642438234944,0.22619932942352614,0.08796959932084006,0.22619932942352614,-0.22619932942352614
2020-08-10,0.0,0.07012157537330388,0.0,0.22619932942352614,0.22619932942352614,0.24235642438234944,0.22619932942352614,0.0,0.24235642438234944,0.22619932942352614,0.08796959932084006,0.22619932942352614,-0.22619932942352614
2020-08-11,0.0,0.07012157537330388,0.0,0.22619932942352614,0.22619932942352614,0.24235642438234944,0.22619932942352614,0.0,0.24235642438234944,0.22619932942352614,0.08796959932084006,0.22619932942352614,-0.22619932942352614
2020-08-12,0.0,0.07012157537330388,0.0,0.22619932942352614,0.22619932942352614,0.24235642438234944,0.22619932942352614,0.0,0.24235642438234944,0.22619932942352614,0.08796959932084006,0.22619932942352614,-0.22619932942352614
2020-08-13,0.0,0.07012157537330388,0.0,0.22619932942352614,0.22619932942352614,0.24235642438234944,0.22619932942352614,0.0,0.24235642438234944,0.22619932942352614,0.08796959932084006,0.22619932942352614,-0.22619932942352614
2020-08-14,0.0,0.07012157537330388,0.0,0.22619932942352614,0.22619932942352614,0.24235642438234944,0.22619932942352614,0.0,0.24235642438234944,0.22619932942352614,0.08796959932084006,0.22619932942352614,-0.22619932942352614
2020-08-17,0.0,0.07012157537330388,0.0,0.22619932942352614,0.22619932942352614,0.24235642438234944,0.22619932942352614,0.0,0.24235642438234944,0.22619932942352614,0.08796959932084006,0.22619932942352614,-0.22619932942352614
2020-08-18,0.0,0.07012157537330388,0.0,0.22619932942352614,0.22619932942352614,0.24235642438234944,0.22619932942352614,0.0,0.24235642438234944,0.22619932942352614,0.08796959932084006,0.22619932942352614,-0.22619932942352614
2020-08-19,0.0,0.07012157537330388,0.0,0.22619932942352614,0.22619932942352614,0.24235642438234944,0.22619932942352614,0.0,0.24235642438234944,0.22619932942352614,0.08796959932084006,0.22619932942352614,-0.22619932942352614
2020-08-20,0.0,0.07012157537330388,0.0,0.22619932942352614,0.22619932942352614,0.24235642438234944,0.22619932942352614,0.0,0.24235642438234944,0.22619932942352614,0.08796959932084006,0.22619932942352614,-0.22619932942352614
2020-08-21,0.0,0.07012157537330388,0.0,0.22619932942352614,0.22619932942352614,0.24235642438234944,0.22619932942352614,0.0,0.24235642438234944,0.22619932942352614,0.08796959932084006,0.22619932942352614,-0.22619932942352614
2020-08-24,0.0,0.07012157537330388,0.0,0.22619932942352614,0.22619932942352614,0.24235642438234944,0.22619932942352614,0.0,0.24235642438234944,0.22619932942352614,0.08796959932084006,0.22619932942352614,-0.22619932942352614
2020-08-25,0.0,0.07012157537330388,0.0,0.22619932942352614,0.22619932942352614,0.24235642438234944,0.22619932942352614,0.0,0.24235642438234944,0.22619932942352614,0.08796959932084006,0.22619932942352614,-0.22619932942352614
2020-08-26,0.0,0.07012157537330388,0.0,0.22619932942352614,0.22619932942352614,0.24235642438234944,0.22619932942352614,0.0,0.24235642438234944,0.22619932942352614,0.08796959932084006,0.22619932942352614,-0.22619932942352614
2020-08-27,0.0,0.07012157537330388,0.0,0.22619932942352614,0.22619932942352614,0.24235642438234944,0.22619932942352614,0.0,0.24235642438234944,0.22619932942352614,0.08796959932084006,0.22619932942352614,-0.22619932942352614
2020-08-28,0.0,0.07012157537330388,0.0,0.22619932942352614,0.22619932942352614,0.24235642438234944,0.22619932942352614,0.0,0.24235642438234944,0.22619932942352614,0.08796959932084006,0.22619932942352614,-0.22619932942352614
2020-08-31,0.0,0.09174994545152987,0.02275092762503544,0.21862147148025557,0.215662131794496,0.23318038384107398,0.2176350249183357,0.0,0.22791829195476754,0.2176350249183357,0.11859030161757864,0.2176350249183357,-0.21862147148025557
2020-09-01,0.0,0.11337831552975586,0.045501855250070875,0.21104361353698498,0.20512493416546587,0.22400434329979851,0.20907072041314526,0.0,0.21348015952718563,0.20907072041314526,0.14921100391431721,0.20907072041314526,-0.21104361353698498
2020-09-02,0.0,0.13500668560798185,0.06825278287510632,0.2034657555937144,0.1945877365364357,0.21482830275852305,0.20050641590795484,0.0,0.1990420270996037,0.20050641590795484,0.1798317062110558,0.20050641590795484,-0.2034657555937144
2020-09-03,0.0,0.1398677329660678,0.07336612873638419,0.2017626070808188,0.19221946668942616,0.21276595744680848,0.19858156028368792,0.0,0.19579700931791477,0.19858156028368792,0.18671380983069694,0.19858156028368792,-0.2017626070808188
2020-09-04,0.0,0.1398677329660678,0.07336612873638419,0.2017626070808188,0.19221946668942616,0.21276595744680848,0.19858156028368792,0.0,0.19579700931791477,0.19858156028368792,0.18671380983069694,0.19858156028368792,-0.2017626070808188
2020-09-08,0.0,0.1398677329660678,0.07336612873638419,0.2017626070808188,0.19221946668942616,0.21276595744680848,0.19858156028368792,0.0,0.19579700931791477,0.19858156028368792,0.18671380983069694,0.19858156028368792,-0.2017626070808188
2020-09-09,0.0,0.1398677329660678,0.07336612873638419,0.2017626070808188,0.19221946668942616,0.21276595744680848,0.19858156028368792,0.0,0.19579700931791477,0.19858156028368792,0.18671380983069694,0.19858156028368792,-0.2017626070808188
2020-09-10,0.0,0.1398677329660678,0.07336612873638419,0.2017626070808188,0.19221946668942616,0.21276595744680848,0.19858156028368792,0.0,0.19579700931791477,0.19858156028368792,0.18671380983069694,0.19858156028368792,-0.2017626070808188
2020-09-11,0.0,0.1398677329660678,0.07336612873638419,0.2017626070808188,0.19221946668942616,0.21276595744680848,0.19858156028368792,0.0,0.19579700931791477,0.19858156028368792,0.18671380983069694,0.19858156028368792,-0.2017626070808188
2020-09-14,0.0,0.1398677329660678,0.07336612873638419,0.2017626070808188,0.19221946668942616,0.21276595744680848,0.19858156028368792,0.0,0.19579700931791477,0.19858156028368792,0.18671380983069694,0.19858156028368792,-0.2017626070808188
2020-09-15,0.0,0.1398677329660678,0.07336612873638419,0.2017626070808188,0.19221946668942616,0.21276595744680848,0.19858156028368792,0.0,0.19579700931791477,0.19858156028368792,0.18671380983069694,0.19858156028368792,-0.2017626070808188
2020-09-16,0.0,0.1398677329660678,0.07336612873638419,0.2017626070808188,0.19221946668942616,0.21276595744680848,0.19858156028368792,0.0,0.19579700931791477,0.19858156028368792,0.18671380983069694,0.19858156028368792,-0.2017626070808188
2020-09-17,0.0,0.1398677329660678,0.07336612873638419,0.2017626070808188,0.19221946668942616,0.21276595744680848,0.19858156028368792,0.0,0.19579700931791477,0.19858156028368792,0.18671380983069694,0.19858156028368792,-0.2017626070808188
2020-09-18,0.0,0.1398677329660678,0.07336612873638419,0.2017626070808188,0.19221946668942616,0.21276595744680848,0.19858156028368792,0.0,0.19579700931791477,0.19858156028368792,0.18671380983069694,0.19858156028368792,-0.2017626070808188
2020-09-21,0.0,0.1398677329660678,0.07336612873638419,0.2017626070808188,0.19221946668942616,0.21276595744680848,0.19858156028368792,0.0,0.19579700931791477,0.19858156028368792,0.18671380983069694,0.19858156028368792,-0.2017626070808188
2020-09-22,0.0,0.1398677329660678,0.07336612873638419,0.2017626070808188,0.19221946668942616,0.21276595744680848,0.19858156028368792,0.0,0.19579700931791477,0.19858156028368792,0.18671380983069694,0.19858156028368792,-0.2017626070808188
2020-09-23,0.0,0.1398677329660678,0.07336612873638419,0.2017626070808188,0.19221946668942616,0.21276595744680848,0.19858156028368792,0.0,0.19579700931791477,0.19858156028368792,0.18671380983069694,0.19858156028368792,-0.2017626070808188
2020-09-24,0.0,0.1398677329660678,0.07336612873638419,0.2017626070808188,0.19221946668942616,0.21276595744680848,0.19858156028368792,0.0,0.19579700931791477,0.19858156028368792,0.18671380983069694,0.19858156028368792,-0.2017626070808188
2020-09-25,0.0,0.1398677329660678,0.07336612873638419,0.2017626070808188,0.19221946668942616,0.21276595744680848,0.19858156028368792,0.0,0.19579700931791477,0.19858156028368792,0.18671380983069694,0.19858156028368792,-0.2017626070808188
2020-09-28,0.0,0.1398677329660678,0.07336612873638419,0.2017626070808188,0.19221946668942616,0.21276595744680848,0.19858156028368792,0.0,0.19579700931791477,0.19858156028368792,0.18671380983069694,0.19858156028368792,-0.2017626070808188
2020-09-29,0.0,0.1398677329660678,0.07336612873638419,0.2017626070808188,0.19221946668942616,0.21276595744680848,0.19858156028368792,0.0,0.19579700931791477,0.19858156028368792,0.18671380983069694,0.19858156028368792,-0.2017626070808188
2020-09-30,0.0,0.12815920919170964,0.0762773794039807,0.19040037419887318,0.18408670132194857,0.20172909144580467,0.19005536394231207,0.02028446963484827,0.16945344791998027,0.19005536394231207,0.17071294356917593,0.18477672183507077,-0.19040037419887318
2020-10-01,0.0,0.11645068541735148,0.07918863007157721,0.17903814131692752,0.17595393595447098,0.19069222544480088,0.1815291676009362,0.04056893926969654,0.14310988652204576,0.1815291676009362,0.15471207730765493,0.17097188338645358,-0.17903814131692752
2020-10-02,0.0,0.10526881359187386,0.08196893205022565,0.16818698414411748,0.16818698414411748,0.18015180007977985,0.1733864814275593,0.05994100904346274,0.11795126425205325,0.1733864814275593,0.13943093349473684,0.15778798957723383,-0.16818698414411748
2020-10-05,0.0,0.10526881359187386,0.08196893205022565,0.16818698414411748,0.16818698414411748,0.18015180007977985,0.1733864814275593,0.05994100904346274,0.11795126425205325,0.1733864814275593,0.13943093349473684,0.15778798957723383,-0.16818698414411748
2020-10-06,0.0,0.10526881359187386,0.08196893205022565,0.16818698414411748,0.16818698414411748,0.18015180007977985,0.1733864814275593,0.05994100904346274,0.11795126425205325,0.1733864814275593,0.13943093349473684,0.15778798957723383,-0.16818698414411748
2020-10-07,0.0,0.10526881359187386,0.08196893205022565,0.16818698414411748,0.16818698414411748,0.18015180007977985,0.1733864814275593,0.05994100904346274,0.11795126425205325,0.1733864814275593,0.13943093349473684,0.15778798957723383,-0.16818698414411748
2020-10-08,0.0,0.10526881359187386,0.08196893205022565,0.16818698414411748,0.16818698414411748,0.18015180007977985,0.1733864814275593,0.05994100904346274,0.11795126425205325,0.1733864814275593,0.13943093349473684,0.15778798957723383,-0.16818698414411748
2020-10-09,0.0,0.10526881359187386,0.08196893205022565,0.16818698414411748,0.16818698414411748,0.18015180007977985,0.1733864814275593,0.05994100904346274,0.11795126425205325,0.1733864814275593,0.13943093349473684,0.15778798957723383,-0.16818698414411748
2020-10-12,0.0,0.10526881359187386,0.08196893205022565,0.16818698414411748,0.16818698414411748,0.18015180007977985,0.1733864814275593,0.05994100904346274,0.11795126425205325,0.1733864814275593,0.13943093349473684,0.15778798957723383,-0.16818698414411748
2020-10-13,0.0,0.10526881359187386,0.08196893205022565,0.16818698414411748,0.16818698414411748,0.18015180007977985,0.1733864814275593,0.05994100904346274,0.11795126425205325,0.1733864814275593,0.13943093349473684,0.15778798957723383,-0.16818698414411748
2020-10-14,0.0,0.10526881359187386,0.08196893205022565,0.16818698414411748,0.16818698414411748,0.18015180007977985,0.1733864814275593,0.05994100904346274,0.11795126425205325,0.1733864814275593,0.13943093349473684,0.15778798957723383,-0.16818698414411748
2020-10-15,0.0,0.10526881359187386,0.08196893205022565,0.16818698414411748,0.16818698414411748,0.18015180007977985,0.1733864814275593,0.05994100904346274,0.11795126425205325,0.1733864814275593,0.13943093349473684,0.15778798957723383,-0.16818698414411748
2020-10-16,0.0,0.10526881359187386,0.08196893205022565,0.16818698414411748,0.16818698414411748,0.18015180007977985,0.1733864814275593,0.05994100904346274,0.11795126425205325,0.1733864814275593,0.13943093349473684,0.15778798957723383,-0.16818698414411748
2020-10-19,0.0,0.10526881359187386,0.08196893205022565,0.16818698414411748,0.16818698414411748,0.18015180007977985,0.1733864814275593,0.05994100904346274,0.11795126425205325,0.1733864814275593,0.13943093349473684,0.15778798957723383,-0.16818698414411748
2020-10-20,0.0,0.10526881359187386,0.08196893205022565,0.16818698414411748,0.16818698414411748,0.18015180007977985,0.1733864814275593,0.05994100904346274,0.11795126425205325,0.1733864814275593,0.13943093349473684,0.15778798957723383,-0.16818698414411748
2020-10-21,0.0,0.10526881359187386,0.08196893205022565,0.16818698414411748,0.16818698414411748,0.18015180007977985,0.1733864814275593,0.05994100904346274,0.11795126425205325,0.1733864814275593,0.13943093349473684,0.15778798957723383,-0.16818698414411748
2020-10-22,0.0,0.10526881359187386,0.08196893205022565,0.16818698414411748,0.16818698414411748,0.18015180007977985,0.1733864814275593,0.05994100904346274,0.11795126425205325,0.1733864814275593,0.13943093349473684,0.15778798957723383,-0.16818698414411748
2020-10-23,0.0,0.10526881359187386,0.08196893205022565,0.16818698414411748,0.16818698414411748,0.18015180007977985,0.1733864814275593,0.05994100904346274,0.11795126425205325,0.1733864814275593,0.13943093349473684,0.15778798957723383,-0.16818698414411748
2020-10-26,0.0,0.10526881359187386,0.08196893205022565,0.16818698414411748,0.16818698414411748,0.18015180007977985,0.1733864814275593,0.05994100904346274,0.11795126425205325,0.1733864814275593,0.13943093349473684,0.15778798957723383,-0.16818698414411748
2020-10-27,0.0,0.10526881359187386,0.08196893205022565,0.16818698414411748,0.16818698414411748,0.18015180007977985,0.1733864814275593,0.05994100904346274,0.11795126425205325,0.1733864814275593,0.13943093349473684,0.15778798957723383,-0.16818698414411748
2020-10-28,0.0,0.10526881359187386,0.08196893205022565,0.16818698414411748,0.16818698414411748,0.18015180007977985,0.1733864814275593,0.05994100904346274,0.11795126425205325,0.1733864814275593,0.13943093349473684,0.15778798957723383,-0.16818698414411748
2020-10-29,0.0,0.10526881359187386,0.08196893205022565,0.16818698414411748,0.16818698414411748,0.18015180007977985,0.1733864814275593,0.05994100904346274,0.11795126425205325,0.1733864814275593,0.13943093349473684,0.15778798957723383,-0.16818698414411748
2020-10-30,0.0,0.10526881359187386,0.08196893205022565,0.16818698414411748,0.16818698414411748,0.18015180007977985,0.1733864814275593,0.05994100904346274,0.11795126425205325,0.1733864814275593,0.13943093349473684,0.15778798957723383,-0.16818698414411748
2020-11-02,0.0,0.10526881359187386,0.08196893205022565,0.16818698414411748,0.16818698414411748,0.18015180007977985,0.1733864814275593,0.05994100904346274,0.11795126425205325,0.1733864814275593,0.13943093349473684,0.15778798957723383,-0.16818698414411748
2020-11-03,0.0,0.10526881359187386,0.08196893205022565,0.16818698414411748,0.16818698414411748,0.18015180007977985,0.1733864814275593,0.05994100904346274,0.11795126425205325,0.1733864814275593,0.13943093349473684,0.15778798957723383,-0.16818698414411748
2020-11-04,0.0,0.10526881359187386,0.08196893205022565,0.16818698414411748,0.16818698414411748,0.18015180007977985,0.1733864814275593,0.05994100904346274,0.11795126425205325,0.1733864814275593,0.13943093349473684,0.15778798957723383,-0.16818698414411748
2020-11-05,0.0,0.10526881359187386,0.08196893205022565,0.16818698414411748,0.16818698414411748,0.18015180007977985,0.1733864814275593,0.05994100904346274,0.11795126425205325,0.1733864814275593,0.13943093349473684,0.15778798957723383,-0.16818698414411748
2020-11-06,0.0,0.10526881359187386,0.08196893205022565,0.16818698414411748,0.16818698414411748,0.18015180007977985,0.1733864814275593,0.05994100904346274,0.11795126425205325,0.1733864814275593,0.13943093349473684,0.15778798957723383,-0.16818698414411748
2020-11-09,0.0,0.10526881359187386,0.08196893205022565,0.16818698414411748,0.16818698414411748,0.18015180007977985,0.1733864814275593,0.05994100904346274,0.11795126425205325,0.1733864814275593,0.13943093349473684,0.15778798957723383,-0.16818698414411748
2020-11-10,0.0,0.10526881359187386,0.08196893205022565,0.16818698414411748,0.16818698414411748,0.18015180007977985,0.1733864814275593,0.05994100904346274,0.11795126425205325,0.1733864814275593,0.13943093349473684,0.15778798957723383,-0.16818698414411748
2020-11-11,0.0,0.10526881359187386,0.08196893205022565,0.16818698414411748,0.16818698414411748,0.18015180007977985,0.1733864814275593,0.05994100904346274,0.11795126425205325,0.1733864814275593,0.13943093349473684,0.15778798957723383,-0.16818698414411748
2020-11-12,0.0,0.10526881359187386,0.08196893205022565,0.16818698414411748,0.16818698414411748,0.18015180007977985,0.1733864814275593,0.05994100904346274,0.11795126425205325,0.1733864814275593,0.13943093349473684,0.15778798957723383,-0.16818698414411748
2020-11-13,0.0,0.10526881359187386,0.08196893205022565,0.16818698414411748,0.16818698414411748,0.18015180007977985,0.1733864814275593,0.05994100904346274,0.11795126425205325,0.1733864814275593,0.13943093349473684,0.15778798957723383,-0.16818698414411748
2020-11-16,0.0,0.10526881359187386,0.08196893205022565,0.16818698414411748,0.16818698414411748,0.18015180007977985,0.1733864814275593,0.05994100904346274,0.11795126425205325,0.1733864814275593,0.13943093349473684,0.15778798957723383,-0.16818698414411748
2020-11-17,0.0,0.10526881359187386,0.08196893205022565,0.16818698414411748,0.16818698414411748,0.18015180007977985,0.1733864814275593,0.05994100904346274,0.11795126425205325,0.1733864814275593,0.13943093349473684,0.15778798957723383,-0.16818698414411748
2020-11-18,0.0,0.10526881359187386,0.08196893205022565,0.16818698414411748,0.16818698414411748,0.18015180007977985,0.1733864814275593,0.05994100904346274,0.11795126425205325,0.1733864814275593,0.13943093349473684,0.15778798957723383,-0.16818698414411748
2020-11-19,0.0,0.10526881359187386,0.08196893205022565,0.16818698414411748,0.16818698414411748,0.18015180007977985,0.1733864814275593,0.05994100904346274,0.11795126425205325,0.1733864814275593,0.13943093349473684,0.15778798957723383,-0.16818698414411748
2020-11-20,0.0,0.10526881359187386,0.08196893205022565,0.16818698414411748,0.16818698414411748,0.18015180007977985,0.1733864814275593,0.05994100904346274,0.11795126425205325,0.1733864814275593,0.13943093349473684,0.15778798957723383,-0.16818698414411748
2020-11-23,0.0,0.10526881359187386,0.08196893205022565,0.16818698414411748,0.16818698414411748,0.18015180007977985,0.1733864814275593,0.05994100904346274,0.11795126425205325,0.1733864814275593,0.13943093349473684,0.15778798957723383,-0.16818698414411748
2020-11-24,0.0,0.10526881359187386,0.08196893205022565,0.16818698414411748,0.16818698414411748,0.18015180007977985,0.1733864814275593,0.05994100904346274,0.11795126425205325,0.1733864814275593,0.13943093349473684,0.15778798957723383,-0.16818698414411748
2020-11-25,0.0,0.10526881359187386,0.08196893205022565,0.16818698414411748,0.16818698414411748,0.18015180007977985,0.1733864814275593,0.05994100904346274,0.11795126425205325,0.1733864814275593,0.13943093349473684,0.15778798957723383,-0.16818698414411748
2020-11-27,0.0,0.10526881359187386,0.08196893205022565,0.16818698414411748,0.16818698414411748,0.18015180007977985,0.1733864814275593,0.05994100904346274,0.11795126425205325,0.1733864814275593,0.13943093349473684,0.15778798957723383,-0.16818698414411748
2020-11-30,0.0,0.12775647265487913,0.08497266729372813,0.166505088179497,0.166505088179497,0.1516862890758845,0.1754229541062011,0.07004104099053979,0.10081245800287184,0.1754229541062011,0.11593262559647204,0.1216006742333053,-0.166505088179497
2020-12-01,0.0,0.14518741969110266,0.08730096432961056,0.1652013935887173,0.1652013935887173,0.1296217063072756,0.17700149313076854,0.07786991821784055,0.08752758814796337,0.17700149313076854,0.09771829037963478,0.09355065909496485,-0.1652013935887173
2020-12-02,0.0,0.14518741969110266,0.08730096432961056,0.1652013935887173,0.1652013935887173,0.1296217063072756,0.17700149313076854,0.07786991821784055,0.08752758814796337,0.17700149313076854,0.09771829037963478,0.09355065909496485,-0.1652013935887173
2020-12-03,0.0,0.14518741969110266,0.08730096432961056,0.1652013935887173,0.1652013935887173,0.1296217063072756,0.17700149313076854,0.07786991821784055,0.08752758814796337,0.17700149313076854,0.09771829037963478,0.09355065909496485,-0.1652013935887173
2020-12-04,0.0,0.14518741969110266,0.08730096432961056,0.1652013935887173,0.1652013935887173,0.1296217063072756,0.17700149313076854,0.07786991821784055,0.08752758814796337,0.17700149313076854,0.09771829037963478,0.09355065909496485,-0.1652013935887173
2020-12-07,0.0,0.14518741969110266,0.08730096432961056,0.1652013935887173,0.1652013935887173,0.1296217063072756,0.17700149313076854,0.07786991821784055,0.08752758814796337,0.17700149313076854,0.09771829037963478,0.09355065909496485,-0.1652013935887173
2020-12-08,0.0,0.14518741969110266,0.08730096432961056,0.1652013935887173,0.1652013935887173,0.1296217063072756,0.17700149313076854,0.07786991821784055,0.08752758814796337,0.17700149313076854,0.09771829037963478,0.09355065909496485,-0.1652013935887173
2020-12-09,0.0,0.14518741969110266,0.08730096432961056,0.1652013935887173,0.1652013935887173,0.1296217063072756,0.17700149313076854,0.07786991821784055,0.08752758814796337,0.17700149313076854,0.09771829037963478,0.09355065909496485,-0.1652013935887173
2020-12-10,0.0,0.14518741969110266,0.08730096432961056,0.1652013935887173,0.1652013935887173,0.1296217063072756,0.17700149313076854,0.07786991821784055,0.08752758814796337,0.17700149313076854,0.09771829037963478,0.09355065909496485,-0.1652013935887173
2020-12-11,0.0,0.14518741969110266,0.08730096432961056,0.1652013935887173,0.1652013935887173,0.1296217063072756,0.17700149313076854,0.07786991821784055,0.08752758814796337,0.17700149313076854,0.09771829037963478,0.09355065909496485,-0.1652013935887173
2020-12-14,0.0,0.14518741969110266,0.08730096432961056,0.1652013935887173,0.1652013935887173,0.1296217063072756,0.17700149313076854,0.07786991821784055,0.08752758814796337,0.17700149313076854,0.09771829037963478,0.09355065909496485,-0.1652013935887173
2020-12-15,0.0,0.14518741969110266,0.08730096432961056,0.1652013935887173,0.1652013935887173,0.1296217063072756,0.17700149313076854,0.07786991821784055,0.08752758814796337,0.17700149313076854,0.09771829037963478,0.09355065909496485,-0.1652013935887173
2020-12-16,0.0,0.14518741969110266,0.08730096432961056,0.1652013935887173,0.1652013935887173,0.1296217063072756,0.17700149313076854,0.07786991821784055,0.08752758814796337,0.17700149313076854,0.09771829037963478,0.09355065909496485,-0.1652013935887173
2020-12-17,0.0,0.14518741969110266,0.08730096432961056,0.1652013935887173,0.1652013935887173,0.1296217063072756,0.17700149313076854,0.07786991821784055,0.08752758814796337,0.17700149313076854,0.09771829037963478,0.09355065909496485,-0.1652013935887173
2020-12-18,0.0,0.14518741969110266,0.08730096432961056,0.1652013935887173,0.1652013935887173,0.1296217063072756,0.17700149313076854,0.07786991821784055,0.08752758814796337,0.17700149313076854,0.09771829037963478,0.09355065909496485,-0.1652013935887173
2020-12-21,0.0,0.14518741969110266,0.08730096432961056,0.1652013935887173,0.1652013935887173,0.1296217063072756,0.17700149313076854,0.07786991821784055,0.08752758814796337,0.17700149313076854,0.09771829037963478,0.09355065909496485,-0.1652013935887173
2020-12-22,0.0,0.14518741969110266,0.08730096432961056,0.1652013935887173,0.1652013935887173,0.1296217063072756,0.17700149313076854,0.07786991821784055,0.08752758814796337,0.17700149313076854,0.09771829037963478,0.09355065909496485,-0.1652013935887173
2020-12-23,0.0,0.14518741969110266,0.08730096432961056,0.1652013935887173,0.1652013935887173,0.1296217063072756,0.17700149313076854,0.07786991821784055,0.08752758814796337,0.17700149313076854,0.09771829037963478,0.09355065909496485,-0.1652013935887173
2020-12-24,0.0,0.14518741969110266,0.08730096432961056,0.1652013935887173,0.1652013935887173,0.1296217063072756,0.17700149313076854,0.07786991821784055,0.08752758814796337,0.17700149313076854,0.09771829037963478,0.09355065909496485,-0.1652013935887173
2020-12-28,0.0,0.14518741969110266,0.08730096432961056,0.1652013935887173,0.1652013935887173,0.1296217063072756,0.17700149313076854,0.07786991821784055,0.08752758814796337,0.17700149313076854,0.09771829037963478,0.09355065909496485,-0.1652013935887173
2020-12-29,0.0,0.14518741969110266,0.08730096432961056,0.1652013935887173,0.1652013935887173,0.1296217063072756,0.17700149313076854,0.07786991821784055,0.08752758814796337,0.17700149313076854,0.09771829037963478,0.09355065909496485,-0.1652013935887173
2020-12-30,0.0,0.14518741969110266,0.08730096432961056,0.1652013935887173,0.1652013935887173,0.1296217063072756,0.17700149313076854,0.07786991821784055,0.08752758814796337,0.17700149313076854,0.09771829037963478,0.09355065909496485,-0.1652013935887173
2020-12-31,0.0,0.14193501805518008,0.08966840410157793,0.17566178802829438,0.17566178802829438,0.1367228437042958,0.13616218124614685,0.09133561914718016,0.0969777495774317,0.188209058601744,0.10706857320351326,0.07196584375688984,-0.17566178802829438
2021-01-04,0.0,0.1386826164192575,0.09203584387354531,0.18612218246787146,0.18612218246787146,0.14382398110131597,0.09532286936152515,0.10480132007651978,0.10642791100690004,0.19941662407271943,0.11641885602739174,0.05038102841881484,-0.18612218246787146
2021-01-05,0.0,0.13543021478333492,0.0944032836455127,0.19658257690744854,0.19658257690744854,0.15092511849833617,0.05448355747690344,0.11826702100585941,0.11587807243636837,0.21062418954369488,0.12576913885127022,0.028796213080739826,-0.19658257690744854
2021-01-06,0.0,0.13217781314741234,0.09677072341748008,0.20704297134702562,0.20704297134702562,0.15802625589535635,0.01364424559228173,0.13173272193519903,0.1253282338658367,0.22183175501467034,0.1351194216751487,0.007211397742664806,-0.20704297134702562
2021-01-07,0.0,0.13109119918068737,0.09756167527692662,0.21053774596832553,0.21053774596832553,0.16039871659947424,0.0,0.1362315570544389,0.1284854938068135,0.22557615639463452,0.1382433125861102,0.0,-0.21053774596832553
2021-01-08,0.0,0.13109119918068737,0.09756167527692662,0.21053774596832553,0.21053774596832553,0.16039871659947424,0.0,0.1362315570544389,0.1284854938068135,0.22557615639463452,0.1382433125861102,0.0,-0.21053774596832553
2021-01-11,0.0,0.13109119918068737,0.09756167527692662,0.21053774596832553,0.21053774596832553,0.16039871659947424,0.0,0.1362315570544389,0.1284854938068135,0.22557615639463452,0.1382433125861102,0.0,-0.21053774596832553
2021-01-12,0.0,0.13109119918068737,0.09756167527692662,0.21053774596832553,0.21053774596832553,0.16039871659947424,0.0,0.1362315570544389,0.1284854938068135,0.22557615639463452,0.1382433125861102,0.0,-0.21053774596832553
2021-01-13,0.0,0.13109119918068737,0.09756167527692662,0.21053774596832553,0.21053774596832553,0.16039871659947424,0.0,0.1362315570544389,0.1284854938068135,0.22557615639463452,0.1382433125861102,0.0,-0.21053774596832553
2021-01-14,0.0,0.13109119918068737,0.09756167527692662,0.21053774596832553,0.21053774596832553,0.16039871659947424,0.0,0.1362315570544389,0.1284854938068135,0.22557615639463452,0.1382433125861102,0.0,-0.21053774596832553
2021-01-15,0.0,0.13109119918068737,0.09756167527692662,0.21053774596832553,0.21053774596832553,0.16039871659947424,0.0,0.1362315570544389,0.1284854938068135,0.22557615639463452,0.1382433125861102,0.0,-0.21053774596832553
2021-01-19,0.0,0.13109119918068737,0.09756167527692662,0.21053774596832553,0.21053774596832553,0.16039871659947424,0.0,0.1362315570544389,0.1284854938068135,0.22557615639463452,0.1382433125861102,0.0,-0.21053774596832553
2021-01-20,0.0,0.13109119918068737,0.09756167527692662,0.21053774596832553,0.21053774596832553,0.16039871659947424,0.0,0.1362315570544389,0.1284854938068135,0.22557615639463452,0.1382433125861102,0.0,-0.21053774596832553
2021-01-21,0.0,0.13109119918068737,0.09756167527692662,0.21053774596832553,0.21053774596832553,0.16039871659947424,0.0,0.1362315570544389,0.1284854938068135,0.22557615639463452,0.1382433125861102,0.0,-0.21053774596832553
2021-01-22,0.0,0.13109119918068737,0.09756167527692662,0.21053774596832553,0.21053774596832553,0.16039871659947424,0.0,0.1362315570544389,0.1284854938068135,0.22557615639463452,0.1382433125861102,0.0,-0.21053774596832553
2021-01-25,0.0,0.13109119918068737,0.09756167527692662,0.21053774596832553,0.21053774596832553,0.16039871659947424,0.0,0.1362315570544389,0.1284854938068135,0.22557615639463452,0.1382433125861102,0.0,-0.21053774596832553
2021-01-26,0.0,0.13109119918068737,0.09756167527692662,0.21053774596832553,0.21053774596832553,0.16039871659947424,0.0,0.1362315570544389,0.1284854938068135,0.22557615639463452,0.1382433125861102,0.0,-0.21053774596832553
2021-01-27,0.0,0.13109119918068737,0.09756167527692662,0.21053774596832553,0.21053774596832553,0.16039871659947424,0.0,0.1362315570544389,0.1284854938068135,0.22557615639463452,0.1382433125861102,0.0,-0.21053774596832553
2021-01-28,0.0,0.13109119918068737,0.09756167527692662,0.21053774596832553,0.21053774596832553,0.16039871659947424,0.0,0.1362315570544389,0.1284854938068135,0.22557615639463452,0.1382433125861102,0.0,-0.21053774596832553
2021-01-29,0.0,0.13109119918068737,0.09756167527692662,0.21053774596832553,0.21053774596832553,0.16039871659947424,0.0,0.1362315570544389,0.1284854938068135,0.22557615639463452,0.1382433125861102,0.0,-0.21053774596832553
2021-02-01,0.0,0.13109119918068737,0.09756167527692662,0.21053774596832553,0.21053774596832553,0.16039871659947424,0.0,0.1362315570544389,0.1284854938068135,0.22557615639463452,0.1382433125861102,0.0,-0.21053774596832553
2021-02-02,0.0,0.13109119918068737,0.09756167527692662,0.21053774596832553,0.21053774596832553,0.16039871659947424,0.0,0.1362315570544389,0.1284854938068135,0.22557615639463452,0.1382433125861102,0.0,-0.21053774596832553
2021-02-03,0.0,0.13109119918068737,0.09756167527692662,0.21053774596832553,0.21053774596832553,0.16039871659947424,0.0,0.1362315570544389,0.1284854938068135,0.22557615639463452,0.1382433125861102,0.0,-0.21053774596832553
2021-02-04,0.0,0.13109119918068737,0.09756167527692662,0.21053774596832553,0.21053774596832553,0.16039871659947424,0.0,0.1362315570544389,0.1284854938068135,0.22557615639463452,0.1382433125861102,0.0,-0.21053774596832553
2021-02-05,0.0,0.13109119918068737,0.09756167527692662,0.21053774596832553,0.21053774596832553,0.16039871659947424,0.0,0.1362315570544389,0.1284854938068135,0.22557615639463452,0.1382433125861102,0.0,-0.21053774596832553
2021-02-08,0.0,0.13109119918068737,0.09756167527692662,0.21053774596832553,0.21053774596832553,0.16039871659947424,0.0,0.1362315570544389,0.1284854938068135,0.22557615639463452,0.1382433125861102,0.0,-0.21053774596832553
2021-02-09,0.0,0.13109119918068737,0.09756167527692662,0.21053774596832553,0.21053774596832553,0.16039871659947424,0.0,0.1362315570544389,0.1284854938068135,0.22557615639463452,0.1382433125861102,0.0,-0.21053774596832553
2021-02-10,0.0,0.13109119918068737,0.09756167527692662,0.21053774596832553,0.21053774596832553,0.16039871659947424,0.0,0.1362315570544389,0.1284854938068135,0.22557615639463452,0.1382433125861102,0.0,-0.21053774596832553
2021-02-11,0.0,0.13109119918068737,0.09756167527692662,0.21053774596832553,0.21053774596832553,0.16039871659947424,0.0,0.1362315570544389,0.1284854938068135,0.22557615639463452,0.1382433125861102,0.0,-0.21053774596832553
2021-02-12,0.0,0.13109119918068737,0.09756167527692662,0.21053774596832553,0.21053774596832553,0.16039871659947424,0.0,0.1362315570544389,0.1284854938068135,0.22557615639463452,0.1382433125861102,0.0,-0.21053774596832553
2021-02-16,0.0,0.13109119918068737,0.09756167527692662,0.21053774596832553,0.21053774596832553,0.16039871659947424,0.0,0.1362315570544389,0.1284854938068135,0.22557615639463452,0.1382433125861102,0.0,-0.21053774596832553
2021-02-17,0.0,0.13109119918068737,0.09756167527692662,0.21053774596832553,0.21053774596832553,0.16039871659947424,0.0,0.1362315570544389,0.1284854938068135,0.22557615639463452,0.1382433125861102,0.0,-0.21053774596832553
2021-02-18,0.0,0.13109119918068737,0.09756167527692662,0.21053774596832553,0.21053774596832553,0.16039871659947424,0.0,0.1362315570544389,0.1284854938068135,0.22557615639463452,0.1382433125861102,0.0,-0.21053774596832553
2021-02-19,0.0,0.13109119918068737,0.09756167527692662,0.21053774596832553,0.21053774596832553,0.16039871659947424,0.0,0.1362315570544389,0.1284854938068135,0.22557615639463452,0.1382433125861102,0.0,-0.21053774596832553
2021-02-22,0.0,0.13109119918068737,0.09756167527692662,0.21053774596832553,0.21053774596832553,0.16039871659947424,0.0,0.1362315570544389,0.1284854938068135,0.22557615639463452,0.1382433125861102,0.0,-0.21053774596832553
2021-02-23,0.0,0.13109119918068737,0.09756167527692662,0.21053774596832553,0.21053774596832553,0.16039871659947424,0.0,0.1362315570544389,0.1284854938068135,0.22557615639463452,0.1382433125861102,0.0,-0.21053774596832553
2021-02-24,0.0,0.13109119918068737,0.09756167527692662,0.21053774596832553,0.21053774596832553,0.16039871659947424,0.0,0.1362315570544389,0.1284854938068135,0.22557615639463452,0.1382433125861102,0.0,-0.21053774596832553
2021-02-25,0.0,0.13109119918068737,0.09756167527692662,0.21053774596832553,0.21053774596832553,0.16039871659947424,0.0,0.1362315570544389,0.1284854938068135,0.22557615639463452,0.1382433125861102,0.0,-0.21053774596832553
2021-02-26,0.0,0.13109119918068737,0.09756167527692662,0.21053774596832553,0.21053774596832553,0.16039871659947424,0.0,0.1362315570544389,0.1284854938068135,0.22557615639463452,0.1382433125861102,0.0,-0.21053774596832553
2021-03-01,0.0,0.13109119918068737,0.09756167527692662,0.21053774596832553,0.21053774596832553,0.16039871659947424,0.0,0.1362315570544389,0.1284854938068135,0.22557615639463452,0.1382433125861102,0.0,-0.21053774596832553
2021-03-02,0.0,0.13109119918068737,0.09756167527692662,0.21053774596832553,0.21053774596832553,0.16039871659947424,0.0,0.1362315570544389,0.1284854938068135,0.22557615639463452,0.1382433125861102,0.0,-0.21053774596832553
2021-03-03,0.0,0.13109119918068737,0.09756167527692662,0.21053774596832553,0.21053774596832553,0.16039871659947424,0.0,0.1362315570544389,0.1284854938068135,0.22557615639463452,0.1382433125861102,0.0,-0.21053774596832553
2021-03-04,0.0,0.13109119918068737,0.09756167527692662,0.21053774596832553,0.21053774596832553,0.16039871659947424,0.0,0.1362315570544389,0.1284854938068135,0.22557615639463452,0.1382433125861102,0.0,-0.21053774596832553
2021-03-05,0.0,0.13109119918068737,0.09756167527692662,0.21053774596832553,0.21053774596832553,0.16039871659947424,0.0,0.1362315570544389,0.1284854938068135,0.22557615639463452,0.1382433125861102,0.0,-0.21053774596832553
2021-03-08,0.0,0.13109119918068737,0.09756167527692662,0.21053774596832553,0.21053774596832553,0.16039871659947424,0.0,0.1362315570544389,0.1284854938068135,0.22557615639463452,0.1382433125861102,0.0,-0.21053774596832553
2021-03-09,0.0,0.13109119918068737,0.09756167527692662,0.21053774596832553,0.21053774596832553,0.16039871659947424,0.0,0.1362315570544389,0.1284854938068135,0.22557615639463452,0.1382433125861102,0.0,-0.21053774596832553
2021-03-10,0.0,0.13109119918068737,0.09756167527692662,0.21053774596832553,0.21053774596832553,0.16039871659947424,0.0,0.1362315570544389,0.1284854938068135,0.22557615639463452,0.1382433125861102,0.0,-0.21053774596832553
2021-03-11,0.0,0.13109119918068737,0.09756167527692662,0.21053774596832553,0.21053774596832553,0.16039871659947424,0.0,0.1362315570544389,0.1284854938068135,0.22557615639463452,0.1382433125861102,0.0,-0.21053774596832553
2021-03-12,0.0,0.13109119918068737,0.09756167527692662,0.21053774596832553,0.21053774596832553,0.16039871659947424,0.0,0.1362315570544389,0.1284854938068135,0.22557615639463452,0.1382433125861102,0.0,-0.21053774596832553
2021-03-15,0.0,0.13109119918068737,0.09756167527692662,0.21053774596832553,0.21053774596832553,0.16039871659947424,0.0,0.1362315570544389,0.1284854938068135,0.22557615639463452,0.1382433125861102,0.0,-0.21053774596832553
2021-03-16,0.0,0.13109119918068737,0.09756167527692662,0.21053774596832553,0.21053774596832553,0.16039871659947424,0.0,0.1362315570544389,0.1284854938068135,0.22557615639463452,0.1382433125861102,0.0,-0.21053774596832553
2021-03-17,0.0,0.13109119918068737,0.09756167527692662,0.21053774596832553,0.21053774596832553,0.16039871659947424,0.0,0.1362315570544389,0.1284854938068135,0.22557615639463452,0.1382433125861102,0.0,-0.21053774596832553
2021-03-18,0.0,0.13109119918068737,0.09756167527692662,0.21053774596832553,0.21053774596832553,0.16039871659947424,0.0,0.1362315570544389,0.1284854938068135,0.22557615639463452,0.1382433125861102,0.0,-0.21053774596832553
2021-03-19,0.0,0.13109119918068737,0.09756167527692662,0.21053774596832553,0.21053774596832553,0.16039871659947424,0.0,0.1362315570544389,0.1284854938068135,0.22557615639463452,0.1382433125861102,0.0,-0.21053774596832553
2021-03-22,0.0,0.13109119918068737,0.09756167527692662,0.21053774596832553,0.21053774596832553,0.16039871659947424,0.0,0.1362315570544389,0.1284854938068135,0.22557615639463452,0.1382433125861102,0.0,-0.21053774596832553
2021-03-23,0.0,0.13109119918068737,0.09756167527692662,0.21053774596832553,0.21053774596832553,0.16039871659947424,0.0,0.1362315570544389,0.1284854938068135,0.22557615639463452,0.1382433125861102,0.0,-0.21053774596832553
2021-03-24,0.0,0.13109119918068737,0.09756167527692662,0.21053774596832553,0.21053774596832553,0.16039871659947424,0.0,0.1362315570544389,0.1284854938068135,0.22557615639463452,0.1382433125861102,0.0,-0.21053774596832553
2021-03-25,0.0,0.13109119918068737,0.09756167527692662,0.21053774596832553,0.21053774596832553,0.16039871659947424,0.0,0.1362315570544389,0.1284854938068135,0.22557615639463452,0.1382433125861102,0.0,-0.21053774596832553
2021-03-26,0.0,0.13109119918068737,0.09756167527692662,0.21053774596832553,0.21053774596832553,0.16039871659947424,0.0,0.1362315570544389,0.1284854938068135,0.22557615639463452,0.1382433125861102,0.0,-0.21053774596832553
2021-03-29,0.0,0.13109119918068737,0.09756167527692662,0.21053774596832553,0.21053774596832553,0.16039871659947424,0.0,0.1362315570544389,0.1284854938068135,0.22557615639463452,0.1382433125861102,0.0,-0.21053774596832553
2021-03-30,0.0,0.13109119918068737,0.09756167527692662,0.21053774596832553,0.21053774596832553,0.16039871659947424,0.0,0.1362315570544389,0.1284854938068135,0.22557615639463452,0.1382433125861102,0.0,-0.21053774596832553
2021-03-31,0.013272846610295905,0.12672778297892925,0.10167828292039911,0.1926299196513463,0.17634826752035293,0.14675559362825227,-0.016281652130993356,0.13181251274033662,0.12436016673365421,0.20638919962644248,0.1388996395475011,-0.016211220374475963,-0.20891157178233966
2021-04-01,0.026545693220591814,0.12236436677717114,0.1057948905638716,0.17472209333436706,0.14215878907238033,0.1331124706570303,-0.03256330426198671,0.12739346842623434,0.12023483966049492,0.18720224285825043,0.139555966508892,-0.032422440748951925,-0.20728539759635378
2021-04-05,0.03981853983088772,0.11800095057541302,0.1099114982073441,0.15681426701738782,0.10796931062440773,0.11946934768580833,-0.048844956392980074,0.12297442411213207,0.11610951258733562,0.1680152860900584,0.14021229347028288,-0.04863366112342789,-0.2056592234103679
2021-04-06,0.05309138644118362,0.1136375343736549,0.11402810585081659,0.13890644070040858,0.07377983217643515,0.10582622471458636,-0.06512660852397342,0.1185553797980298,0.11198418551417633,0.14882832932186635,0.14086862043167378,-0.06484488149790385,-0.20403304922438203
2021-04-07,0.06636423305147952,0.10927411817189678,0.11814471349428908,0.12099861438342935,0.03959035372846256,0.09218310174336439,-0.08140826065496679,0.11413633548392753,0.10785885844101703,0.1296413725536743,0.14152494739306468,-0.08105610187237981,-0.20240687503839616
2021-04-08,0.07963707966177544,0.10491070197013866,0.12226132113776159,0.10309078806645011,0.005400875280489971,0.07853997877214242,-0.09768991278596015,0.10971729116982526,0.10373353136785775,0.11045441578548228,0.14218127435445554,-0.09726732224685578,-0.2007807008524103
2021-04-09,0.09290992627207134,0.10054728576838054,0.12637792878123408,0.08518296174947088,-0.028788603167482614,0.06489685580092044,-0.11397156491695351,0.10529824685572298,0.09960820429469847,0.09126745901729025,0.14283760131584644,-0.11347854262133174,-0.19915452666642441
2021-04-12,0.10618277288236726,0.09618386956662242,0.13049453642470657,0.06727513543249164,-0.0629780816154552,0.051253732829698466,-0.13025321704794687,0.1008792025416207,0.09548287722153917,0.0720805022490982,0.1434939282772373,-0.1296897629958077,-0.19752835248043854
2021-04-13,0.11945561949266316,0.09182045336486432,0.13461114406817906,0.04936730911551242,-0.0971675600634278,0.03761060985847649,-0.14653486917894024,0.09646015822751842,0.09135755014837987,0.052893545480906176,0.1441502552386282,-0.14590098337028368,-0.19590217829445267
2021-04-14,0.13272846610295908,0.0874570371631062,0.13872775171165155,0.031459482798533195,-0.1313570385114004,0.02396748688725451,-0.1628165213099336,0.09204111391341614,0.08723222307522059,0.03370658871271414,0.14480658220001907,-0.16211220374475965,-0.1942760041084668
2021-04-15,0.14600131271325498,0.08309362096134809,0.14284435935512407,0.013551656481553962,-0.165546516959373,0.010324363916032529,-0.17909817344092696,0.08762206959931387,0.0831068960020613,0.014519631944522104,0.14546290916140997,-0.17832342411923563,-0.19264982992248092
2021-04-16,0.15604547187647771,0.07979162794412703,0.14595958125119443,0.0,-0.19141923087837714,0.0,-0.19141923087837714,0.08427798029101528,0.07998507572192473,0.0,0.14595958125119443,-0.19059118268317532,-0.19141923087837714
2021-04-19,0.15604547187647771,0.07979162794412703,0.14595958125119443,0.0,-0.19141923087837714,0.0,-0.19141923087837714,0.08427798029101528,0.07998507572192473,0.0,0.14595958125119443,-0.19059118268317532,-0.19141923087837714
2021-04-20,0.15604547187647771,0.07979162794412703,0.14595958125119443,0.0,-0.19141923087837714,0.0,-0.19141923087837714,0.08427798029101528,0.07998507572192473,0.0,0.14595958125119443,-0.19059118268317532,-0.19141923087837714
2021-04-21,0.15604547187647771,0.07979162794412703,0.14595958125119443,0.0,-0.19141923087837714,0.0,-0.19141923087837714,0.08427798029101528,0.07998507572192473,0.0,0.14595958125119443,-0.19059118268317532,-0.19141923087837714
2021-04-22,0.15604547187647771,0.07979162794412703,0.14595958125119443,0.0,-0.19141923087837714,0.0,-0.19141923087837714,0.08427798029101528,0.07998507572192473,0.0,0.14595958125119443,-0.19059118268317532,-0.19141923087837714
2021-04-23,0.15604547187647771,0.07979162794412703,0.14595958125119443,0.0,-0.19141923087837714,0.0,-0.19141923087837714,0.08427798029101528,0.07998507572192473,0.0,0.14595958125119443,-0.19059118268317532,-0.19141923087837714
2021-04-26,0.15604547187647771,0.07979162794412703,0.14595958125119443,0.0,-0.19141923087837714,0.0,-0.19141923087837714,0.08427798029101528,0.07998507572192473,0.0,0.14595958125119443,-0.19059118268317532,-0.19141923087837714
2021-04-27,0.15604547187647771,0.07979162794412703,0.14595958125119443,0.0,-0.19141923087837714,0.0,-0.19141923087837714,0.08427798029101528,0.07998507572192473,0.0,0.14595958125119443,-0.19059118268317532,-0.19141923087837714
2021-04-28,0.15604547187647771,0.07979162794412703,0.14595958125119443,0.0,-0.19141923087837714,0.0,-0.19141923087837714,0.08427798029101528,0.07998507572192473,0.0,0.14595958125119443,-0.19059118268317532,-0.19141923087837714
2021-04-29,0.15604547187647771,0.07979162794412703,0.14595958125119443,0.0,-0.19141923087837714,0.0,-0.19141923087837714,0.08427798029101528,0.07998507572192473,0.0,0.14595958125119443,-0.19059118268317532,-0.19141923087837714
2021-04-30,0.17245882660518883,0.08011860186654442,0.14360891071936555,0.09259983468408797,-0.18765015516570824,0.0,-0.19426442907171454,0.08505951931038246,0.09154445878514261,0.0,0.14360891071936555,-0.17735695878330981,-0.18765015516570824
2021-05-03,0.18864760180996704,0.08044110189261042,0.14129040378100594,0.18393265070359774,-0.18393265070359774,0.0,-0.19707069718242617,0.0858303647412782,0.10294567791489267,0.0,0.14129040378100594,-0.16430381521419807,-0.18393265070359774
2021-05-04,0.18864760180996704,0.08044110189261042,0.14129040378100594,0.18393265070359774,-0.18393265070359774,0.0,-0.19707069718242617,0.0858303647412782,0.10294567791489267,0.0,0.14129040378100594,-0.16430381521419807,-0.18393265070359774
2021-05-05,0.18864760180996704,0.08044110189261042,0.14129040378100594,0.18393265070359774,-0.18393265070359774,0.0,-0.19707069718242617,0.0858303647412782,0.10294567791489267,0.0,0.14129040378100594,-0.16430381521419807,-0.18393265070359774
2021-05-06,0.18864760180996704,0.08044110189261042,0.14129040378100594,0.18393265070359774,-0.18393265070359774,0.0,-0.19707069718242617,0.0858303647412782,0.10294567791489267,0.0,0.14129040378100594,-0.16430381521419807,-0.18393265070359774
2021-05-07,0.18864760180996704,0.08044110189261042,0.14129040378100594,0.18393265070359774,-0.18393265070359774,0.0,-0.19707069718242617,0.0858303647412782,0.10294567791489267,0.0,0.14129040378100594,-0.16430381521419807,-0.18393265070359774
2021-05-10,0.18864760180996704,0.08044110189261042,0.14129040378100594,0.18393265070359774,-0.18393265070359774,0.0,-0.19707069718242617,0.0858303647412782,0.10294567791489267,0.0,0.14129040378100594,-0.16430381521419807,-0.18393265070359774
2021-05-11,0.18864760180996704,0.08044110189261042,0.14129040378100594,0.18393265070359774,-0.18393265070359774,0.0,-0.19707069718242617,0.0858303647412782,0.10294567791489267,0.0,0.14129040378100594,-0.16430381521419807,-0.18393265070359774
2021-05-12,0.18864760180996704,0.08044110189261042,0.14129040378100594,0.18393265070359774,-0.18393265070359774,0.0,-0.19707069718242617,0.0858303647412782,0.10294567791489267,0.0,0.14129040378100594,-0.16430381521419807,-0.18393265070359774
2021-05-13,0.18864760180996704,0.08044110189261042,0.14129040378100594,0.18393265070359774,-0.18393265070359774,0.0,-0.19707069718242617,0.0858303647412782,0.10294567791489267,0.0,0.14129040378100594,-0.16430381521419807,-0.18393265070359774
2021-05-14,0.18864760180996704,0.08044110189261042,0.14129040378100594,0.18393265070359774,-0.18393265070359774,0.0,-0.19707069718242617,0.0858303647412782,0.10294567791489267,0.0,0.14129040378100594,-0.16430381521419807,-0.18393265070359774
2021-05-17,0.18864760180996704,0.08044110189261042,0.14129040378100594,0.18393265070359774,-0.18393265070359774,0.0,-0.19707069718242617,0.0858303647412782,0.10294567791489267,0.0,0.14129040378100594,-0.16430381521419807,-0.18393265070359774
2021-05-18,0.18864760180996704,0.08044110189261042,0.14129040378100594,0.18393265070359774,-0.18393265070359774,0.0,-0.19707069718242617,0.0858303647412782,0.10294567791489267,0.0,0.14129040378100594,-0.16430381521419807,-0.18393265070359774
2021-05-19,0.18864760180996704,0.08044110189261042,0.14129040378100594,0.18393265070359774,-0.18393265070359774,0.0,-0.19707069718242617,0.0858303647412782,0.10294567791489267,0.0,0.14129040378100594,-0.16430381521419807,-0.18393265070359774
2021-05-20,0.18864760180996704,0.08044110189261042,0.14129040378100594,0.18393265070359774,-0.18393265070359774,0.0,-0.19707069718242617,0.0858303647412782,0.10294567791489267,0.0,0.14129040378100594,-0.16430381521419807,-0.18393265070359774
2021-05-21,0.18864760180996704,0.08044110189261042,0.14129040378100594,0.18393265070359774,-0.18393265070359774,0.0,-0.19707069718242617,0.0858303647412782,0.10294567791489267,0.0,0.14129040378100594,-0.16430381521419807,-0.18393265070359774
2021-05-24,0.18864760180996704,0.08044110189261042,0.14129040378100594,0.18393265070359774,-0.18393265070359774,0.0,-0.19707069718242617,0.0858303647412782,0.10294567791489267,0.0,0.14129040378100594,-0.16430381521419807,-0.18393265070359774
2021-05-25,0.18864760180996704,0.08044110189261042,0.14129040378100594,0.18393265070359774,-0.18393265070359774,0.0,-0.19707069718242617,0.0858303647412782,0.10294567791489267,0.0,0.14129040378100594,-0.16430381521419807,-0.18393265070359774
2021-05-26,0.18864760180996704,0.08044110189261042,0.14129040378100594,0.18393265070359774,-0.18393265070359774,0.0,-0.19707069718242617,0.0858303647412782,0.10294567791489267,0.0,0.14129040378100594,-0.16430381521419807,-0.18393265070359774
2021-05-27,0.18864760180996704,0.08044110189261042,0.14129040378100594,0.18393265070359774,-0.18393265070359774,0.0,-0.19707069718242617,0.0858303647412782,0.10294567791489267,0.0,0.14129040378100594,-0.16430381521419807,-0.18393265070359774
2021-05-28,0.18864760180996704,0.08044110189261042,0.14129040378100594,0.18393265070359774,-0.18393265070359774,0.0,-0.19707069718242617,0.0858303647412782,0.10294567791489267,0.0,0.14129040378100594,-0.16430381521419807,-0.18393265070359774
2021-06-01,0.18864760180996704,0.08044110189261042,0.14129040378100594,0.18393265070359774,-0.18393265070359774,0.0,-0.19707069718242617,0.0858303647412782,0.10294567791489267,0.0,0.14129040378100594,-0.16430381521419807,-0.18393265070359774
2021-06-02,0.18864760180996704,0.08044110189261042,0.14129040378100594,0.18393265070359774,-0.18393265070359774,0.0,-0.19707069718242617,0.0858303647412782,0.10294567791489267,0.0,0.14129040378100594,-0.16430381521419807,-0.18393265070359774
2021-06-03,0.18864760180996704,0.08044110189261042,0.14129040378100594,0.18393265070359774,-0.18393265070359774,0.0,-0.19707069718242617,0.0858303647412782,0.10294567791489267,0.0,0.14129040378100594,-0.16430381521419807,-0.18393265070359774
2021-06-04,0.18864760180996704,0.08044110189261042,0.14129040378100594,0.18393265070359774,-0.18393265070359774,0.0,-0.19707069718242617,0.0858303647412782,0.10294567791489267,0.0,0.14129040378100594,-0.16430381521419807,-0.18393265070359774
2021-06-07,0.18864760180996704,0.08044110189261042,0.14129040378100594,0.18393265070359774,-0.18393265070359774,0.0,-0.19707069718242617,0.0858303647412782,0.10294567791489267,0.0,0.14129040378100594,-0.16430381521419807,-0.18393265070359774
2021-06-08,0.18864760180996704,0.08044110189261042,0.14129040378100594,0.18393265070359774,-0.18393265070359774,0.0,-0.19707069718242617,0.0858303647412782,0.10294567791489267,0.0,0.14129040378100594,-0.16430381521419807,-0.18393265070359774
2021-06-09,0.18864760180996704,0.08044110189261042,0.14129040378100594,0.18393265070359774,-0.18393265070359774,0.0,-0.19707069718242617,0.0858303647412782,0.10294567791489267,0.0,0.14129040378100594,-0.16430381521419807,-0.18393265070359774
2021-06-10,0.18864760180996704,0.08044110189261042,0.14129040378100594,0.18393265070359774,-0.18393265070359774,0.0,-0.19707069718242617,0.0858303647412782,0.10294567791489267,0.0,0.14129040378100594,-0.16430381521419807,-0.18393265070359774
2021-06-11,0.18864760180996704,0.08044110189261042,0.14129040378100594,0.18393265070359774,-0.18393265070359774,0.0,-0.19707069718242617,0.0858303647412782,0.10294567791489267,0.0,0.14129040378100594,-0.16430381521419807,-0.18393265070359774
2021-06-14,0.18864760180996704,0.08044110189261042,0.14129040378100594,0.18393265070359774,-0.18393265070359774,0.0,-0.19707069718242617,0.0858303647412782,0.10294567791489267,0.0,0.14129040378100594,-0.16430381521419807,-0.18393265070359774
2021-06-15,0.18864760180996704,0.08044110189261042,0.14129040378100594,0.18393265070359774,-0.18393265070359774,0.0,-0.19707069718242617,0.0858303647412782,0.10294567791489267,0.0,0.14129040378100594,-0.16430381521419807,-0.18393265070359774
2021-06-16,0.18864760180996704,0.08044110189261042,0.14129040378100594,0.18393265070359774,-0.18393265070359774,0.0,-0.19707069718242617,0.0858303647412782,0.10294567791489267,0.0,0.14129040378100594,-0.16430381521419807,-0.18393265070359774
2021-06-17,0.18864760180996704,0.08044110189261042,0.14129040378100594,0.18393265070359774,-0.18393265070359774,0.0,-0.19707069718242617,0.0858303647412782,0.10294567791489267,0.0,0.14129040378100594,-0.16430381521419807,-0.18393265070359774
2021-06-18,0.18864760180996704,0.08044110189261042,0.14129040378100594,0.18393265070359774,-0.18393265070359774,0.0,-0.19707069718242617,0.0858303647412782,0.10294567791489267,0.0,0.14129040378100594,-0.16430381521419807,-0.18393265070359774
2021-06-21,0.18864760180996704,0.08044110189261042,0.14129040378100594,0.18393265070359774,-0.18393265070359774,0.0,-0.19707069718242617,0.0858303647412782,0.10294567791489267,0.0,0.14129040378100594,-0.16430381521419807,-0.18393265070359774
2021-06-22,0.18864760180996704,0.08044110189261042,0.14129040378100594,0.18393265070359774,-0.18393265070359774,0.0,-0.19707069718242617,0.0858303647412782,0.10294567791489267,0.0,0.14129040378100594,-0.16430381521419807,-0.18393265070359774
2021-06-23,0.18864760180996704,0.08044110189261042,0.14129040378100594,0.18393265070359774,-0.18393265070359774,0.0,-0.19707069718242617,0.0858303647412782,0.10294567791489267,0.0,0.14129040378100594,-0.16430381521419807,-0.18393265070359774
2021-06-24,0.18864760180996704,0.08044110189261042,0.14129040378100594,0.18393265070359774,-0.18393265070359774,0.0,-0.19707069718242617,0.0858303647412782,0.10294567791489267,0.0,0.14129040378100594,-0.16430381521419807,-0.18393265070359774
2021-06-25,0.18864760180996704,0.08044110189261042,0.14129040378100594,0.18393265070359774,-0.18393265070359774,0.0,-0.19707069718242617,0.0858303647412782,0.10294567791489267,0.0,0.14129040378100594,-0.16430381521419807,-0.18393265070359774
2021-06-28,0.18864760180996704,0.08044110189261042,0.14129040378100594,0.18393265070359774,-0.18393265070359774,0.0,-0.19707069718242617,0.0858303647412782,0.10294567791489267,0.0,0.14129040378100594,-0.16430381521419807,-0.18393265070359774
2021-06-29,0.18864760180996704,0.08044110189261042,0.14129040378100594,0.18393265070359774,-0.18393265070359774,0.0,-0.19707069718242617,0.0858303647412782,0.10294567791489267,0.0,0.14129040378100594,-0.16430381521419807,-0.18393265070359774
2021-06-30,0.196741612024069,0.08808873865466157,0.14261029048372653,0.15966705070389592,-0.19264868814955685,0.0,-0.1710718400398885,0.08871616533393284,0.10932425200349088,-0.03298163744566093,0.14261029048372653,-0.14262777975686386,-0.19264868814955685
2021-07-01,0.20483562223817098,0.09573637541671273,0.14393017718644713,0.13540145070419413,-0.201364725595516,0.0,-0.14507298289735085,0.09160196592658748,0.1157028260920891,-0.06596327489132187,0.14393017718644713,-0.12095174429952966,-0.201364725595516
2021-07-02,0.21292963245227295,0.10338401217876389,0.14525006388916772,0.11113585070449232,-0.2100807630414751,0.0,-0.1190741257548132,0.09448776651924212,0.1220814001806873,-0.0989449123369828,0.14525006388916772,-0.09927570884219547,-0.2100807630414751
2021-07-06,0.22102364266637492,0.11103164894081505,0.14656995059188832,0.08687025070479051,-0.21879680048743422,0.0,-0.09307526861227555,0.09737356711189676,0.12845997426928552,-0.13192654978264373,0.14656995059188832,-0.07759967338486128,-0.21879680048743422
2021-07-07,0.2291176528804769,0.1186792857028662,0.14788983729460892,0.06260465070508871,-0.22751283793339336,0.0,-0.0670764114697379,0.1002593677045514,0.13483854835788373,-0.16490818722830466,0.14788983729460892,-0.05592363792752708,-0.22751283793339336
2021-07-08,0.23721166309457883,0.12632692246491736,0.1492097239973295,0.0383390507053869,-0.2362288753793525,0.0,-0.04107755432720025,0.10314516829720605,0.14121712244648194,-0.1978898246739656,0.1492097239973295,-0.03424760247019289,-0.2362288753793525
2021-07-09,0.2453056733086808,0.1339745592269685,0.1505296107000501,0.014073450705685088,-0.2449449128253116,0.0,-0.015078697184662593,0.1060309688898607,0.14759569653508015,-0.23087146211962653,0.1505296107000501,-0.012571567012858685,-0.2449449128253116
2021-07-12,0.25,0.1384100003035145,0.15129511249881278,0.0,-0.25,0.0,0.0,0.10770466220004718,0.15129511249881278,-0.25,0.15129511249881278,0.0,-0.25
2021-07-13,0.25,0.1384100003035145,0.15129511249881278,0.0,-0.25,0.0,0.0,0.10770466220004718,0.15129511249881278,-0.25,0.15129511249881278,0.0,-0.25
2021-07-14,0.25,0.1384100003035145,0.15129511249881278,0.0,-0.25,0.0,0.0,0.10770466220004718,0.15129511249881278,-0.25,0.15129511249881278,0.0,-0.25
2021-07-15,0.25,0.1384100003035145,0.15129511249881278,0.0,-0.25,0.0,0.0,0.10770466220004718,0.15129511249881278,-0.25,0.15129511249881278,0.0,-0.25
2021-07-16,0.25,0.1384100003035145,0.15129511249881278,0.0,-0.25,0.0,0.0,0.10770466220004718,0.15129511249881278,-0.25,0.15129511249881278,0.0,-0.25
2021-07-19,0.25,0.1384100003035145,0.15129511249881278,0.0,-0.25,0.0,0.0,0.10770466220004718,0.15129511249881278,-0.25,0.15129511249881278,0.0,-0.25
2021-07-20,0.25,0.1384100003035145,0.15129511249881278,0.0,-0.25,0.0,0.0,0.10770466220004718,0.15129511249881278,-0.25,0.15129511249881278,0.0,-0.25
2021-07-21,0.25,0.1384100003035145,0.15129511249881278,0.0,-0.25,0.0,0.0,0.10770466220004718,0.15129511249881278,-0.25,0.15129511249881278,0.0,-0.25
2021-07-22,0.25,0.1384100003035145,0.15129511249881278,0.0,-0.25,0.0,0.0,0.10770466220004718,0.15129511249881278,-0.25,0.15129511249881278,0.0,-0.25
2021-07-23,0.25,0.1384100003035145,0.15129511249881278,0.0,-0.25,0.0,0.0,0.10770466220004718,0.15129511249881278,-0.25,0.15129511249881278,0.0,-0.25
2021-07-26,0.25,0.1384100003035145,0.15129511249881278,0.0,-0.25,0.0,0.0,0.10770466220004718,0.15129511249881278,-0.25,0.15129511249881278,0.0,-0.25
2021-07-27,0.25,0.1384100003035145,0.15129511249881278,0.0,-0.25,0.0,0.0,0.10770466220004718,0.15129511249881278,-0.25,0.15129511249881278,0.0,-0.25
2021-07-28,0.25,0.1384100003035145,0.15129511249881278,0.0,-0.25,0.0,0.0,0.10770466220004718,0.15129511249881278,-0.25,0.15129511249881278,0.0,-0.25
2021-07-29,0.25,0.1384100003035145,0.15129511249881278,0.0,-0.25,0.0,0.0,0.10770466220004718,0.15129511249881278,-0.25,0.15129511249881278,0.0,-0.25
2021-07-30,0.25,0.1384100003035145,0.15129511249881278,0.0,-0.25,0.0,0.0,0.10770466220004718,0.15129511249881278,-0.25,0.15129511249881278,0.0,-0.25
2021-08-02,0.25,0.1384100003035145,0.15129511249881278,0.0,-0.25,0.0,0.0,0.10770466220004718,0.15129511249881278,-0.25,0.15129511249881278,0.0,-0.25
2021-08-03,0.25,0.1384100003035145,0.15129511249881278,0.0,-0.25,0.0,0.0,0.10770466220004718,0.15129511249881278,-0.25,0.15129511249881278,0.0,-0.25
2021-08-04,0.25,0.1384100003035145,0.15129511249881278,0.0,-0.25,0.0,0.0,0.10770466220004718,0.15129511249881278,-0.25,0.15129511249881278,0.0,-0.25
2021-08-05,0.25,0.1384100003035145,0.15129511249881278,0.0,-0.25,0.0,0.0,0.10770466220004718,0.15129511249881278,-0.25,0.15129511249881278,0.0,-0.25
2021-08-06,0.25,0.1384100003035145,0.15129511249881278,0.0,-0.25,0.0,0.0,0.10770466220004718,0.15129511249881278,-0.25,0.15129511249881278,0.0,-0.25
2021-08-09,0.25,0.1384100003035145,0.15129511249881278,0.0,-0.25,0.0,0.0,0.10770466220004718,0.15129511249881278,-0.25,0.15129511249881278,0.0,-0.25
2021-08-10,0.25,0.1384100003035145,0.15129511249881278,0.0,-0.25,0.0,0.0,0.10770466220004718,0.15129511249881278,-0.25,0.15129511249881278,0.0,-0.25
2021-08-11,0.25,0.1384100003035145,0.15129511249881278,0.0,-0.25,0.0,0.0,0.10770466220004718,0.15129511249881278,-0.25,0.15129511249881278,0.0,-0.25
2021-08-12,0.25,0.1384100003035145,0.15129511249881278,0.0,-0.25,0.0,0.0,0.10770466220004718,0.15129511249881278,-0.25,0.15129511249881278,0.0,-0.25
2021-08-13,0.25,0.1384100003035145,0.15129511249881278,0.0,-0.25,0.0,0.0,0.10770466220004718,0.15129511249881278,-0.25,0.15129511249881278,0.0,-0.25
2021-08-16,0.25,0.1384100003035145,0.15129511249881278,0.0,-0.25,0.0,0.0,0.10770466220004718,0.15129511249881278,-0.25,0.15129511249881278,0.0,-0.25
2021-08-17,0.25,0.1384100003035145,0.15129511249881278,0.0,-0.25,0.0,0.0,0.10770466220004718,0.15129511249881278,-0.25,0.15129511249881278,0.0,-0.25
2021-08-18,0.25,0.1384100003035145,0.15129511249881278,0.0,-0.25,0.0,0.0,0.10770466220004718,0.15129511249881278,-0.25,0.15129511249881278,0.0,-0.25
2021-08-19,0.25,0.1384100003035145,0.15129511249881278,0.0,-0.25,0.0,0.0,0.10770466220004718,0.15129511249881278,-0.25,0.15129511249881278,0.0,-0.25
2021-08-20,0.25,0.1384100003035145,0.15129511249881278,0.0,-0.25,0.0,0.0,0.10770466220004718,0.15129511249881278,-0.25,0.15129511249881278,0.0,-0.25
2021-08-23,0.25,0.1384100003035145,0.15129511249881278,0.0,-0.25,0.0,0.0,0.10770466220004718,0.15129511249881278,-0.25,0.15129511249881278,0.0,-0.25
2021-08-24,0.25,0.1384100003035145,0.15129511249881278,0.0,-0.25,0.0,0.0,0.10770466220004718,0.15129511249881278,-0.25,0.15129511249881278,0.0,-0.25
2021-08-25,0.25,0.1384100003035145,0.15129511249881278,0.0,-0.25,0.0,0.0,0.10770466220004718,0.15129511249881278,-0.25,0.15129511249881278,0.0,-0.25
2021-08-26,0.25,0.1384100003035145,0.15129511249881278,0.0,-0.25,0.0,0.0,0.10770466220004718,0.15129511249881278,-0.25,0.15129511249881278,0.0,-0.25
2021-08-27,0.25,0.1384100003035145,0.15129511249881278,0.0,-0.25,0.0,0.0,0.10770466220004718,0.15129511249881278,-0.25,0.15129511249881278,0.0,-0.25
2021-08-30,0.25,0.1384100003035145,0.15129511249881278,0.0,-0.25,0.0,0.0,0.10770466220004718,0.15129511249881278,-0.25,0.15129511249881278,0.0,-0.25
2021-08-31,0.24126156329165407,0.12621153170499874,0.1576275701966553,-0.020564333020822927,-0.24853111906994121,0.0,0.0,0.09821234273700286,0.15897427768067154,-0.2279667860491183,0.15897427768067154,0.011216012295065888,-0.20740245302829535
2021-09-01,0.23252312658330815,0.11401306310648299,0.16396002789449782,-0.041128666041645855,-0.24706223813988243,0.0,0.0,0.08872002327395853,0.1666534428625303,-0.2059335720982366,0.1666534428625303,0.022432024590131775,-0.1648049060565907
2021-09-02,0.22378468987496222,0.10181459450796725,0.17029248559234036,-0.06169299906246878,-0.24559335720982364,0.0,0.0,0.07922770381091421,0.17433260804438908,-0.1839003581473549,0.17433260804438908,0.03364803688519766,-0.12220735908488609
2021-09-03,0.2150462531666163,0.0896161259094515,0.1766249432901829,-0.08225733208329171,-0.24412447627976486,0.0,0.0,0.06973538434786988,0.18201177322624784,-0.1618671441964732,0.18201177322624784,0.04486404918026354,-0.07960981211318145
2021-09-07,0.20630781645827037,0.07741765731093575,0.18295740098802543,-0.10282166510411464,-0.24265559534970607,0.0,0.0,0.06024306488482556,0.1896909384081066,-0.1398339302455915,0.1896909384081066,0.05608006147532943,-0.037012265141476826
2021-09-08,0.19756937974992445,0.06521918871242,0.18928985868586798,-0.12338599812493756,-0.24118671441964729,0.0,0.0,0.050750745421781235,0.19737010358996537,-0.11780071629470977,0.19737010358996537,0.06729607377039531,0.0055852818302278145
2021-09-09,0.18883094304157852,0.05302072011390425,0.1956223163837105,-0.14395033114576047,-0.2397178334895885,0.0,0.0,0.04125842595873691,0.20504926877182414,-0.09576750234382805,0.20504926877182414,0.0785120860654612,0.04818282880193245
2021-09-10,0.1800925063332326,0.04082225151538851,0.20195477408155302,-0.1645146641665834,-0.23824895255952971,0.0,0.0,0.031766106495692586,0.2127284339536829,-0.07373428839294635,0.2127284339536829,0.08972809836052709,0.09078037577363707
2021-09-13,0.17135406962488667,0.028623782916872762,0.20828723177939557,-0.1850789971874063,-0.23678007162947093,0.0,0.0,0.022273787032648262,0.22040759913554167,-0.05170107444206464,0.22040759913554167,0.10094411065559297,0.1333779227453417
2021-09-14,0.16261563291654074,0.016425314318357018,0.21461968947723808,-0.20564333020822922,-0.23531119069941217,0.0,0.0,0.012781467569603935,0.22808676431740044,-0.029667860491182932,0.22808676431740044,0.11216012295065886,0.1759754697170463
2021-09-15,0.15387719620819484,0.004226845719841275,0.22095214717508063,-0.22620766322905217,-0.23384230976935338,0.0,0.0,0.0032891481065596105,0.2357659294992592,-0.007634646540301229,0.2357659294992592,0.12337613524572474,0.21857301668875093
2021-09-16,0.15084927319470526,0.0,0.2231463834023607,-0.2333333333333333,-0.2333333333333333,0.0,0.0,0.0,0.23842680829881963,0.0,0.23842680829881963,0.12726255370720727,0.2333333333333333
2021-09-17,0.15084927319470526,0.0,0.2231463834023607,-0.2333333333333333,-0.2333333333333333,0.0,0.0,0.0,0.23842680829881963,0.0,0.23842680829881963,0.12726255370720727,0.2333333333333333
2021-09-20,0.15084927319470526,0.0,0.2231463834023607,-0.2333333333333333,-0.2333333333333333,0.0,0.0,0.0,0.23842680829881963,0.0,0.23842680829881963,0.12726255370720727,0.2333333333333333
2021-09-21,0.15084927319470526,0.0,0.2231463834023607,-0.2333333333333333,-0.2333333333333333,0.0,0.0,0.0,0.23842680829881963,0.0,0.23842680829881963,0.12726255370720727,0.2333333333333333
2021-09-22,0.15084927319470526,0.0,0.2231463834023607,-0.2333333333333333,-0.2333333333333333,0.0,0.0,0.0,0.23842680829881963,0.0,0.23842680829881963,0.12726255370720727,0.2333333333333333
2021-09-23,0.15084927319470526,0.0,0.2231463834023607,-0.2333333333333333,-0.2333333333333333,0.0,0.0,0.0,0.23842680829881963,0.0,0.23842680829881963,0.12726255370720727,0.2333333333333333
2021-09-24,0.15084927319470526,0.0,0.2231463834023607,-0.2333333333333333,-0.2333333333333333,0.0,0.0,0.0,0.23842680829881963,0.0,0.23842680829881963,0.12726255370720727,0.2333333333333333
2021-09-27,0.15084927319470526,0.0,0.2231463834023607,-0.2333333333333333,-0.2333333333333333,0.0,0.0,0.0,0.23842680829881963,0.0,0.23842680829881963,0.12726255370720727,0.2333333333333333
2021-09-28,0.15084927319470526,0.0,0.2231463834023607,-0.2333333333333333,-0.2333333333333333,0.0,0.0,0.0,0.23842680829881963,0.0,0.23842680829881963,0.12726255370720727,0.2333333333333333
2021-09-29,0.15084927319470526,0.0,0.2231463834023607,-0.2333333333333333,-0.2333333333333333,0.0,0.0,0.0,0.23842680829881963,0.0,0.23842680829881963,0.12726255370720727,0.2333333333333333
2021-09-30,0.16493458136205622,0.0,0.2202257861228582,-0.1922080264290991,-0.23627085525506433,0.0,0.0,0.014148181811313033,0.23281301603291435,0.0,0.23281301603291435,0.10483236122738374,0.1922080264290991
2021-10-01,0.17901988952940717,0.0,0.21730518884335567,-0.15108271952486488,-0.23920837717679536,0.0,0.0,0.02829636362262607,0.2271992237670091,0.0,0.2271992237670091,0.0824021687475602,0.15108271952486488
2021-10-04,0.19310519769675813,0.0,0.21438459156385317,-0.10995741262063066,-0.24214589909852638,0.0,0.0,0.04244454543393911,0.22158543150110382,0.0,0.22158543150110382,0.05997197626773669,0.10995741262063066
2021-10-05,0.2071905058641091,0.0,0.21146399428435064,-0.06883210571639645,-0.2450834210202574,0.0,0.0,0.05659272724525214,0.21597163923519858,0.0,0.21597163923519858,0.03754178378791316,0.06883210571639645
2021-10-06,0.22127581403146004,0.0,0.2085433970048481,-0.027706798812162224,-0.24802094294198843,0.0,0.0,0.07074090905656517,0.2103578469692933,0.0,0.2103578469692933,0.015111591308089634,0.027706798812162224
2021-10-07,0.2307653188881379,0.0,0.2065757423579671,0.0,-0.25,0.0,0.0,0.08027277292609859,0.2065757423579671,0.0,0.2065757423579671,0.0,0.0
2021-10-08,0.2307653188881379,0.0,0.2065757423579671,0.0,-0.25,0.0,0.0,0.08027277292609859,0.2065757423579671,0.0,0.2065757423579671,0.0,0.0
2021-10-11,0.2307653188881379,0.0,0.2065757423579671,0.0,-0.25,0.0,0.0,0.08027277292609859,0.2065757423579671,0.0,0.2065757423579671,0.0,0.0
2021-10-12,0.2307653188881379,0.0,0.2065757423579671,0.0,-0.25,0.0,0.0,0.08027277292609859,0.2065757423579671,0.0,0.2065757423579671,0.0,0.0
2021-10-13,0.2307653188881379,0.0,0.2065757423579671,0.0,-0.25,0.0,0.0,0.08027277292609859,0.2065757423579671,0.0,0.2065757423579671,0.0,0.0
2021-10-14,0.2307653188881379,0.0,0.2065757423579671,0.0,-0.25,0.0,0.0,0.08027277292609859,0.2065757423579671,0.0,0.2065757423579671,0.0,0.0
2021-10-15,0.2307653188881379,0.0,0.2065757423579671,0.0,-0.25,0.0,0.0,0.08027277292609859,0.2065757423579671,0.0,0.2065757423579671,0.0,0.0
2021-10-18,0.2307653188881379,0.0,0.2065757423579671,0.0,-0.25,0.0,0.0,0.08027277292609859,0.2065757423579671,0.0,0.2065757423579671,0.0,0.0
2021-10-19,0.2307653188881379,0.0,0.2065757423579671,0.0,-0.25,0.0,0.0,0.08027277292609859,0.2065757423579671,0.0,0.2065757423579671,0.0,0.0
2021-10-20,0.2307653188881379,0.0,0.2065757423579671,0.0,-0.25,0.0,0.0,0.08027277292609859,0.2065757423579671,0.0,0.2065757423579671,0.0,0.0
2021-10-21,0.2307653188881379,0.0,0.2065757423579671,0.0,-0.25,0.0,0.0,0.08027277292609859,0.2065757423579671,0.0,0.2065757423579671,0.0,0.0
2021-10-22,0.2307653188881379,0.0,0.2065757423579671,0.0,-0.25,0.0,0.0,0.08027277292609859,0.2065757423579671,0.0,0.2065757423579671,0.0,0.0
2021-10-25,0.2307653188881379,0.0,0.2065757423579671,0.0,-0.25,0.0,0.0,0.08027277292609859,0.2065757423579671,0.0,0.2065757423579671,0.0,0.0
2021-10-26,0.2307653188881379,0.0,0.2065757423579671,0.0,-0.25,0.0,0.0,0.08027277292609859,0.2065757423579671,0.0,0.2065757423579671,0.0,0.0
2021-10-27,0.2307653188881379,0.0,0.2065757423579671,0.0,-0.25,0.0,0.0,0.08027277292609859,0.2065757423579671,0.0,0.2065757423579671,0.0,0.0
2021-10-28,0.2307653188881379,0.0,0.2065757423579671,0.0,-0.25,0.0,0.0,0.08027277292609859,0.2065757423579671,0.0,0.2065757423579671,0.0,0.0
2021-10-29,0.2307653188881379,0.0,0.2065757423579671,0.0,-0.25,0.0,0.0,0.08027277292609859,0.2065757423579671,0.0,0.2065757423579671,0.0,0.0
2021-11-01,0.2307653188881379,0.0,0.2065757423579671,0.0,-0.25,0.0,0.0,0.08027277292609859,0.2065757423579671,0.0,0.2065757423579671,0.0,0.0
2021-11-02,0.2307653188881379,0.0,0.2065757423579671,0.0,-0.25,0.0,0.0,0.08027277292609859,0.2065757423579671,0.0,0.2065757423579671,0.0,0.0
2021-11-03,0.2307653188881379,0.0,0.2065757423579671,0.0,-0.25,0.0,0.0,0.08027277292609859,0.2065757423579671,0.0,0.2065757423579671,0.0,0.0
2021-11-04,0.2307653188881379,0.0,0.2065757423579671,0.0,-0.25,0.0,0.0,0.08027277292609859,0.2065757423579671,0.0,0.2065757423579671,0.0,0.0
2021-11-05,0.2307653188881379,0.0,0.2065757423579671,0.0,-0.25,0.0,0.0,0.08027277292609859,0.2065757423579671,0.0,0.2065757423579671,0.0,0.0
2021-11-08,0.2307653188881379,0.0,0.2065757423579671,0.0,-0.25,0.0,0.0,0.08027277292609859,0.2065757423579671,0.0,0.2065757423579671,0.0,0.0
2021-11-09,0.2307653188881379,0.0,0.2065757423579671,0.0,-0.25,0.0,0.0,0.08027277292609859,0.2065757423579671,0.0,0.2065757423579671,0.0,0.0
2021-11-10,0.2307653188881379,0.0,0.2065757423579671,0.0,-0.25,0.0,0.0,0.08027277292609859,0.2065757423579671,0.0,0.2065757423579671,0.0,0.0
2021-11-11,0.2307653188881379,0.0,0.2065757423579671,0.0,-0.25,0.0,0.0,0.08027277292609859,0.2065757423579671,0.0,0.2065757423579671,0.0,0.0
2021-11-12,0.2307653188881379,0.0,0.2065757423579671,0.0,-0.25,0.0,0.0,0.08027277292609859,0.2065757423579671,0.0,0.2065757423579671,0.0,0.0
2021-11-15,0.2307653188881379,0.0,0.2065757423579671,0.0,-0.25,0.0,0.0,0.08027277292609859,0.2065757423579671,0.0,0.2065757423579671,0.0,0.0
2021-11-16,0.2307653188881379,0.0,0.2065757423579671,0.0,-0.25,0.0,0.0,0.08027277292609859,0.2065757423579671,0.0,0.2065757423579671,0.0,0.0
2021-11-17,0.2307653188881379,0.0,0.2065757423579671,0.0,-0.25,0.0,0.0,0.08027277292609859,0.2065757423579671,0.0,0.2065757423579671,0.0,0.0
2021-11-18,0.2307653188881379,0.0,0.2065757423579671,0.0,-0.25,0.0,0.0,0.08027277292609859,0.2065757423579671,0.0,0.2065757423579671,0.0,0.0
2021-11-19,0.2307653188881379,0.0,0.2065757423579671,0.0,-0.25,0.0,0.0,0.08027277292609859,0.2065757423579671,0.0,0.2065757423579671,0.0,0.0
2021-11-22,0.2307653188881379,0.0,0.2065757423579671,0.0,-0.25,0.0,0.0,0.08027277292609859,0.2065757423579671,0.0,0.2065757423579671,0.0,0.0
2021-11-23,0.2307653188881379,0.0,0.2065757423579671,0.0,-0.25,0.0,0.0,0.08027277292609859,0.2065757423579671,0.0,0.2065757423579671,0.0,0.0
2021-11-24,0.2307653188881379,0.0,0.2065757423579671,0.0,-0.25,0.0,0.0,0.08027277292609859,0.2065757423579671,0.0,0.2065757423579671,0.0,0.0
2021-11-26,0.2307653188881379,0.0,0.2065757423579671,0.0,-0.25,0.0,0.0,0.08027277292609859,0.2065757423579671,0.0,0.2065757423579671,0.0,0.0
2021-11-29,0.2307653188881379,0.0,0.2065757423579671,0.0,-0.25,0.0,0.0,0.08027277292609859,0.2065757423579671,0.0,0.2065757423579671,0.0,0.0
2021-11-30,0.23119801982141716,0.0,0.1813298488446515,-0.026725845486310452,-0.2461730162611249,0.0,-0.028634834449618347,0.08326795299616552,0.20996468329426984,-0.028634834449618347,0.20996468329426984,0.0,0.026725845486310452
2021-12-01,0.23163072075469643,0.0,0.1560839553313359,-0.0534516909726209,-0.2423460325222498,0.0,-0.057269668899236695,0.08626313306623244,0.21335362423057258,-0.057269668899236695,0.21335362423057258,0.0,0.0534516909726209
2021-12-02,0.23206342168797572,0.0,0.1308380618180203,-0.08017753645893134,-0.23851904878337465,0.0,-0.08590450334885504,0.08925831313629937,0.21674256516687532,-0.08590450334885504,0.21674256516687532,0.0,0.08017753645893134
2021-12-03,0.232496122621255,0.0,0.10559216830470469,-0.1069033819452418,-0.23469206504449955,0.0,-0.11453933779847338,0.09225349320636629,0.22013150610317805,-0.11453933779847338,0.22013150610317805,0.0,0.1069033819452418
2021-12-06,0.2329288235545343,0.0,0.08034627479138909,-0.13362922743155226,-0.23086508130562441,0.0,-0.14317417224809173,0.09524867327643322,0.2235204470394808,-0.14317417224809173,0.2235204470394808,0.0,0.13362922743155226
2021-12-07,0.23336152448781355,0.0,0.05510038127807348,-0.16035507291786272,-0.2270380975667493,0.0,-0.17180900669771007,0.09824385334650013,0.22690938797578353,-0.17180900669771007,0.22690938797578353,0.0,0.16035507291786272
2021-12-08,0.23379422542109285,0.0,0.02985448776475787,-0.18708091840417315,-0.22321111382787417,0.0,-0.2004438411473284,0.10123903341656705,0.23029832891208626,-0.2004438411473284,0.23029832891208626,0.0,0.18708091840417315
2021-12-09,0.23422692635437212,0.0,0.0046085942514422565,-0.2138067638904836,-0.21938413008899907,0.0,-0.22907867559694675,0.10423421348663396,0.233687269848389,-0.22907867559694675,0.233687269848389,0.0,0.2138067638904836
2021-12-10,0.23430591516230054,0.0,0.0,-0.21868552081814713,-0.21868552081814713,0.0,-0.23430591516230054,0.10478097843459132,0.23430591516230054,-0.23430591516230054,0.23430591516230054,0.0,0.21868552081814713
2021-12-13,0.23430591516230054,0.0,0.0,-0.21868552081814713,-0.21868552081814713,0.0,-0.23430591516230054,0.10478097843459132,0.23430591516230054,-0.23430591516230054,0.23430591516230054,0.0,0.21868552081814713
2021-12-14,0.23430591516230054,0.0,0.0,-0.21868552081814713,-0.21868552081814713,0.0,-0.23430591516230054,0.10478097843459132,0.23430591516230054,-0.23430591516230054,0.23430591516230054,0.0,0.21868552081814713
2021-12-15,0.23430591516230054,0.0,0.0,-0.21868552081814713,-0.21868552081814713,0.0,-0.23430591516230054,0.10478097843459132,0.23430591516230054,-0.23430591516230054,0.23430591516230054,0.0,0.21868552081814713
2021-12-16,0.23430591516230054,0.0,0.0,-0.21868552081814713,-0.21868552081814713,0.0,-0.23430591516230054,0.10478097843459132,0.23430591516230054,-0.23430591516230054,0.23430591516230054,0.0,0.21868552081814713
2021-12-17,0.23430591516230054,0.0,0.0,-0.21868552081814713,-0.21868552081814713,0.0,-0.23430591516230054,0.10478097843459132,0.23430591516230054,-0.23430591516230054,0.23430591516230054,0.0,0.21868552081814713
2021-12-20,0.23430591516230054,0.0,0.0,-0.21868552081814713,-0.21868552081814713,0.0,-0.23430591516230054,0.10478097843459132,0.23430591516230054,-0.23430591516230054,0.23430591516230054,0.0,0.21868552081814713
2021-12-21,0.23430591516230054,0.0,0.0,-0.21868552081814713,-0.21868552081814713,0.0,-0.23430591516230054,0.10478097843459132,0.23430591516230054,-0.23430591516230054,0.23430591516230054,0.0,0.21868552081814713
2021-12-22,0.23430591516230054,0.0,0.0,-0.21868552081814713,-0.21868552081814713,0.0,-0.23430591516230054,0.10478097843459132,0.23430591516230054,-0.23430591516230054,0.23430591516230054,0.0,0.21868552081814713
2021-12-23,0.23430591516230054,0.0,0.0,-0.21868552081814713,-0.21868552081814713,0.0,-0.23430591516230054,0.10478097843459132,0.23430591516230054,-0.23430591516230054,0.23430591516230054,0.0,0.21868552081814713
2021-12-27,0.23430591516230054,0.0,0.0,-0.21868552081814713,-0.21868552081814713,0.0,-0.23430591516230054,0.10478097843459132,0.23430591516230054,-0.23430591516230054,0.23430591516230054,0.0,0.21868552081814713
2021-12-28,0.23430591516230054,0.0,0.0,-0.21868552081814713,-0.21868552081814713,0.0,-0.23430591516230054,0.10478097843459132,0.23430591516230054,-0.23430591516230054,0.23430591516230054,0.0,0.21868552081814713
2021-12-29,0.23430591516230054,0.0,0.0,-0.21868552081814713,-0.21868552081814713,0.0,-0.23430591516230054,0.10478097843459132,0.23430591516230054,-0.23430591516230054,0.23430591516230054,0.0,0.21868552081814713
2021-12-30,0.23430591516230054,0.0,0.0,-0.21868552081814713,-0.21868552081814713,0.0,-0.23430591516230054,0.10478097843459132,0.23430591516230054,-0.23430591516230054,0.23430591516230054,0.0,0.21868552081814713
2021-12-31,0.20894424778319193,0.0,0.0,-0.21436161836492307,-0.21436161836492307,0.0,-0.16674887528697954,0.07456965093405629,0.22967316253384618,-0.22967316253384618,0.22967316253384618,0.0,0.21436161836492307
2022-01-03,0.18358258040408332,0.0,0.0,-0.21003771591169898,-0.21003771591169898,0.0,-0.09919183541165855,0.04435832343352128,0.2250404099053918,-0.2250404099053918,0.2250404099053918,0.0,0.21003771591169898
2022-01-04,0.1582209130249747,0.0,0.0,-0.2057138134584749,-0.2057138134584749,0.0,-0.03163479553633754,0.014146995932986257,0.22040765727693742,-0.22040765727693742,0.22040765727693742,0.0,0.2057138134584749
2022-01-05,0.14634485742100808,0.0,0.0,-0.20368906858689298,-0.20368906858689298,0.0,0.0,0.0,0.21823828777167106,-0.21823828777167106,0.21823828777167106,0.0,0.20368906858689298
2022-01-06,0.14634485742100808,0.0,0.0,-0.20368906858689298,-0.20368906858689298,0.0,0.0,0.0,0.21823828777167106,-0.21823828777167106,0.21823828777167106,0.0,0.20368906858689298
2022-01-07,0.14634485742100808,0.0,0.0,-0.20368906858689298,-0.20368906858689298,0.0,0.0,0.0,0.21823828777167106,-0.21823828777167106,0.21823828777167106,0.0,0.20368906858689298
2022-01-10,0.14634485742100808,0.0,0.0,-0.20368906858689298,-0.20368906858689298,0.0,0.0,0.0,0.21823828777167106,-0.21823828777167106,0.21823828777167106,0.0,0.20368906858689298
2022-01-11,0.14634485742100808,0.0,0.0,-0.20368906858689298,-0.20368906858689298,0.0,0.0,0.0,0.21823828777167106,-0.21823828777167106,0.21823828777167106,0.0,0.20368906858689298
2022-01-12,0.14634485742100808,0.0,0.0,-0.20368906858689298,-0.20368906858689298,0.0,0.0,0.0,0.21823828777167106,-0.21823828777167106,0.21823828777167106,0.0,0.20368906858689298
2022-01-13,0.14634485742100808,0.0,0.0,-0.20368906858689298,-0.20368906858689298,0.0,0.0,0.0,0.21823828777167106,-0.21823828777167106,0.21823828777167106,0.0,0.20368906858689298
2022-01-14,0.14634485742100808,0.0,0.0,-0.20368906858689298,-0.20368906858689298,0.0,0.0,0.0,0.21823828777167106,-0.21823828777167106,0.21823828777167106,0.0,0.20368906858689298
2022-01-18,0.14634485742100808,0.0,0.0,-0.20368906858689298,-0.20368906858689298,0.0,0.0,0.0,0.21823828777167106,-0.21823828777167106,0.21823828777167106,0.0,0.20368906858689298
2022-01-19,0.14634485742100808,0.0,0.0,-0.20368906858689298,-0.20368906858689298,0.0,0.0,0.0,0.21823828777167106,-0.21823828777167106,0.21823828777167106,0.0,0.20368906858689298
2022-01-20,0.14634485742100808,0.0,0.0,-0.20368906858689298,-0.20368906858689298,0.0,0.0,0.0,0.21823828777167106,-0.21823828777167106,0.21823828777167106,0.0,0.20368906858689298
2022-01-21,0.14634485742100808,0.0,0.0,-0.20368906858689298,-0.20368906858689298,0.0,0.0,0.0,0.21823828777167106,-0.21823828777167106,0.21823828777167106,0.0,0.20368906858689298
2022-01-24,0.14634485742100808,0.0,0.0,-0.20368906858689298,-0.20368906858689298,0.0,0.0,0.0,0.21823828777167106,-0.21823828777167106,0.21823828777167106,0.0,0.20368906858689298
2022-01-25,0.14634485742100808,0.0,0.0,-0.20368906858689298,-0.20368906858689298,0.0,0.0,0.0,0.21823828777167106,-0.21823828777167106,0.21823828777167106,0.0,0.20368906858689298
2022-01-26,0.14634485742100808,0.0,0.0,-0.20368906858689298,-0.20368906858689298,0.0,0.0,0.0,0.21823828777167106,-0.21823828777167106,0.21823828777167106,0.0,0.20368906858689298
2022-01-27,0.14634485742100808,0.0,0.0,-0.20368906858689298,-0.20368906858689298,0.0,0.0,0.0,0.21823828777167106,-0.21823828777167106,0.21823828777167106,0.0,0.20368906858689298
2022-01-28,0.14634485742100808,0.0,0.0,-0.20368906858689298,-0.20368906858689298,0.0,0.0,0.0,0.21823828777167106,-0.21823828777167106,0.21823828777167106,0.0,0.20368906858689298
2022-01-31,0.1470650938987265,-0.01467811084766611,0.0,-0.20205814899555305,-0.20205814899555305,0.0,-0.034197887133790725,-0.009255670301126607,0.18229298679001615,-0.21649087392380686,0.18229298679001615,-0.012617320654504322,0.20205814899555305
2022-02-01,0.1477853303764449,-0.02935622169533222,0.0,-0.20042722940421312,-0.20042722940421312,0.0,-0.06839577426758145,-0.018511340602253214,0.14634768580836122,-0.21474346007594267,0.14634768580836122,-0.02523464130900864,0.20042722940421312
2022-02-02,0.1485055668541633,-0.044034332542998336,0.0,-0.1987963098128732,-0.1987963098128732,0.0,-0.10259366140137217,-0.027767010903379824,0.11040238482670628,-0.21299604622807847,0.11040238482670628,-0.03785196196351297,0.1987963098128732
2022-02-03,0.1492258033318817,-0.05871244339066445,0.0,-0.19716539022153326,-0.19716539022153326,0.0,-0.1367915485351629,-0.037022681204506434,0.07445708384505134,-0.21124863238021427,0.07445708384505134,-0.050469282618017294,0.19716539022153326
2022-02-04,0.14994603980960008,-0.07339055423833056,0.0,-0.19553447063019336,-0.19553447063019336,0.0,-0.17098943566895364,-0.046278351505633045,0.03851178286339641,-0.20950121853235007,0.03851178286339641,-0.06308660327252162,0.19553447063019336
2022-02-07,0.1506662762873185,-0.08806866508599667,0.0,-0.19390355103885343,-0.19390355103885343,0.0,-0.20518732280274438,-0.05553402180675965,0.0025664818817414947,-0.20775380468448584,0.0025664818817414947,-0.07570392392702593,0.19390355103885343
2022-02-08,0.15071770091919393,-0.08911667705195446,0.0,-0.19378710395210105,-0.19378710395210105,0.0,-0.20762903994867973,-0.05619487341969614,0.0,-0.20762903994867973,0.0,-0.07660479619604477,0.19378710395210105
2022-02-09,0.15071770091919393,-0.08911667705195446,0.0,-0.19378710395210105,-0.19378710395210105,0.0,-0.20762903994867973,-0.05619487341969614,0.0,-0.20762903994867973,0.0,-0.07660479619604477,0.19378710395210105
2022-02-10,0.15071770091919393,-0.08911667705195446,0.0,-0.19378710395210105,-0.19378710395210105,0.0,-0.20762903994867973,-0.05619487341969614,0.0,-0.20762903994867973,0.0,-0.07660479619604477,0.19378710395210105
2022-02-11,0.15071770091919393,-0.08911667705195446,0.0,-0.19378710395210105,-0.19378710395210105,0.0,-0.20762903994867973,-0.05619487341969614,0.0,-0.20762903994867973,0.0,-0.07660479619604477,0.19378710395210105
2022-02-14,0.15071770091919393,-0.08911667705195446,0.0,-0.19378710395210105,-0.19378710395210105,0.0,-0.20762903994867973,-0.05619487341969614,0.0,-0.20762903994867973,0.0,-0.07660479619604477,0.19378710395210105
2022-02-15,0.15071770091919393,-0.08911667705195446,0.0,-0.19378710395210105,-0.19378710395210105,0.0,-0.20762903994867973,-0.05619487341969614,0.0,-0.20762903994867973,0.0,-0.07660479619604477,0.19378710395210105
2022-02-16,0.15071770091919393,-0.08911667705195446,0.0,-0.19378710395210105,-0.19378710395210105,0.0,-0.20762903994867973,-0.05619487341969614,0.0,-0.20762903994867973,0.0,-0.07660479619604477,0.19378710395210105
2022-02-17,0.15071770091919393,-0.08911667705195446,0.0,-0.19378710395210105,-0.19378710395210105,0.0,-0.20762903994867973,-0.05619487341969614,0.0,-0.20762903994867973,0.0,-0.07660479619604477,0.19378710395210105
2022-02-18,0.15071770091919393,-0.08911667705195446,0.0,-0.19378710395210105,-0.19378710395210105,0.0,-0.20762903994867973,-0.05619487341969614,0.0,-0.20762903994867973,0.0,-0.07660479619604477,0.19378710395210105
2022-02-22,0.15071770091919393,-0.08911667705195446,0.0,-0.19378710395210105,-0.19378710395210105,0.0,-0.20762903994867973,-0.05619487341969614,0.0,-0.20762903994867973,0.0,-0.07660479619604477,0.19378710395210105
2022-02-23,0.15071770091919393,-0.08911667705195446,0.0,-0.19378710395210105,-0.19378710395210105,0.0,-0.20762903994867973,-0.05619487341969614,0.0,-0.20762903994867973,0.0,-0.07660479619604477,0.19378710395210105
2022-02-24,0.15071770091919393,-0.08911667705195446,0.0,-0.19378710395210105,-0.19378710395210105,0.0,-0.20762903994867973,-0.05619487341969614,0.0,-0.20762903994867973,0.0,-0.07660479619604477,0.19378710395210105
2022-02-25,0.15071770091919393,-0.08911667705195446,0.0,-0.19378710395210105,-0.19378710395210105,0.0,-0.20762903994867973,-0.05619487341969614,0.0,-0.20762903994867973,0.0,-0.07660479619604477,0.19378710395210105
2022-02-28,0.16233668811161317,-0.06472790020798486,-0.02116266638198549,-0.1900947656095642,-0.1900947656095642,0.045420171058143034,-0.20367296315310454,-0.05972886393463979,-0.019497343498116406,-0.20367296315310454,0.0,-0.08199369208770638,0.1900947656095642
2022-03-01,0.17395567530403241,-0.04033912336401525,-0.04232533276397098,-0.18640242726702735,-0.18640242726702735,0.09084034211628608,-0.19971688635752935,-0.06326285444958343,-0.03899468699623282,-0.19971688635752935,0.0,-0.08738258797936799,0.18640242726702735
2022-03-02,0.1855746624964517,-0.01595034652004564,-0.06348799914595647,-0.1827100889244905,-0.1827100889244905,0.1362605131744291,-0.19576080956195416,-0.06679684496452709,-0.05849203049434923,-0.19576080956195416,0.0,-0.09277148387102958,0.1827100889244905
2022-03-03,0.19317352131240265,0.0,-0.0773284579865257,-0.18029528655824245,-0.18029528655824245,0.16596546607190343,-0.19317352131240265,-0.069108087290148,-0.07124336226489725,-0.19317352131240265,0.0,-0.09629584088911047,0.18029528655824245
2022-03-04,0.19317352131240265,0.0,-0.0773284579865257,-0.18029528655824245,-0.18029528655824245,0.16596546607190343,-0.19317352131240265,-0.069108087290148,-0.07124336226489725,-0.19317352131240265,0.0,-0.09629584088911047,0.18029528655824245
2022-03-07,0.19317352131240265,0.0,-0.0773284579865257,-0.18029528655824245,-0.18029528655824245,0.16596546607190343,-0.19317352131240265,-0.069108087290148,-0.07124336226489725,-0.19317352131240265,0.0,-0.09629584088911047,0.18029528655824245
2022-03-08,0.19317352131240265,0.0,-0.0773284579865257,-0.18029528655824245,-0.18029528655824245,0.16596546607190343,-0.19317352131240265,-0.069108087290148,-0.07124336226489725,-0.19317352131240265,0.0,-0.09629584088911047,0.18029528655824245
2022-03-09,0.19317352131240265,0.0,-0.0773284579865257,-0.18029528655824245,-0.18029528655824245,0.16596546607190343,-0.19317352131240265,-0.069108087290148,-0.07124336226489725,-0.19317352131240265,0.0,-0.09629584088911047,0.18029528655824245
2022-03-10,0.19317352131240265,0.0,-0.0773284579865257,-0.18029528655824245,-0.18029528655824245,0.16596546607190343,-0.19317352131240265,-0.069108087290148,-0.07124336226489725,-0.19317352131240265,0.0,-0.09629584088911047,0.18029528655824245
2022-03-11,0.19317352131240265,0.0,-0.0773284579865257,-0.18029528655824245,-0.18029528655824245,0.16596546607190343,-0.19317352131240265,-0.069108087290148,-0.07124336226489725,-0.19317352131240265,0.0,-0.09629584088911047,0.18029528655824245
2022-03-14,0.19317352131240265,0.0,-0.0773284579865257,-0.18029528655824245,-0.18029528655824245,0.16596546607190343,-0.19317352131240265,-0.069108087290148,-0.07124336226489725,-0.19317352131240265,0.0,-0.09629584088911047,0.18029528655824245
2022-03-15,0.19317352131240265,0.0,-0.0773284579865257,-0.18029528655824245,-0.18029528655824245,0.16596546607190343,-0.19317352131240265,-0.069108087290148,-0.07124336226489725,-0.19317352131240265,0.0,-0.09629584088911047,0.18029528655824245
2022-03-16,0.19317352131240265,0.0,-0.0773284579865257,-0.18029528655824245,-0.18029528655824245,0.16596546607190343,-0.19317352131240265,-0.069108087290148,-0.07124336226489725,-0.19317352131240265,0.0,-0.09629584088911047,0.18029528655824245
2022-03-17,0.19317352131240265,0.0,-0.0773284579865257,-0.18029528655824245,-0.18029528655824245,0.16596546607190343,-0.19317352131240265,-0.069108087290148,-0.07124336226489725,-0.19317352131240265,0.0,-0.09629584088911047,0.18029528655824245
2022-03-18,0.19317352131240265,0.0,-0.0773284579865257,-0.18029528655824245,-0.18029528655824245,0.16596546607190343,-0.19317352131240265,-0.069108087290148,-0.07124336226489725,-0.19317352131240265,0.0,-0.09629584088911047,0.18029528655824245
2022-03-21,0.19317352131240265,0.0,-0.0773284579865257,-0.18029528655824245,-0.18029528655824245,0.16596546607190343,-0.19317352131240265,-0.069108087290148,-0.07124336226489725,-0.19317352131240265,0.0,-0.09629584088911047,0.18029528655824245
2022-03-22,0.19317352131240265,0.0,-0.0773284579865257,-0.18029528655824245,-0.18029528655824245,0.16596546607190343,-0.19317352131240265,-0.069108087290148,-0.07124336226489725,-0.19317352131240265,0.0,-0.09629584088911047,0.18029528655824245
2022-03-23,0.19317352131240265,0.0,-0.0773284579865257,-0.18029528655824245,-0.18029528655824245,0.16596546607190343,-0.19317352131240265,-0.069108087290148,-0.07124336226489725,-0.19317352131240265,0.0,-0.09629584088911047,0.18029528655824245
2022-03-24,0.19317352131240265,0.0,-0.0773284579865257,-0.18029528655824245,-0.18029528655824245,0.16596546607190343,-0.19317352131240265,-0.069108087290148,-0.07124336226489725,-0.19317352131240265,0.0,-0.09629584088911047,0.18029528655824245
2022-03-25,0.19317352131240265,0.0,-0.0773284579865257,-0.18029528655824245,-0.18029528655824245,0.16596546607190343,-0.19317352131240265,-0.069108087290148,-0.07124336226489725,-0.19317352131240265,0.0,-0.09629584088911047,0.18029528655824245
2022-03-28,0.19317352131240265,0.0,-0.0773284579865257,-0.18029528655824245,-0.18029528655824245,0.16596546607190343,-0.19317352131240265,-0.069108087290148,-0.07124336226489725,-0.19317352131240265,0.0,-0.09629584088911047,0.18029528655824245
2022-03-29,0.19317352131240265,0.0,-0.0773284579865257,-0.18029528655824245,-0.18029528655824245,0.16596546607190343,-0.19317352131240265,-0.069108087290148,-0.07124336226489725,-0.19317352131240265,0.0,-0.09629584088911047,0.18029528655824245
2022-03-30,0.19317352131240265,0.0,-0.0773284579865257,-0.18029528655824245,-0.18029528655824245,0.16596546607190343,-0.19317352131240265,-0.069108087290148,-0.07124336226489725,-0.19317352131240265,0.0,-0.09629584088911047,0.18029528655824245
2022-03-31,0.17228917753712597,-0.02299003302210843,-0.07070136750788306,-0.17079676836123917,-0.17079676836123917,0.16459741428939315,-0.1817348421282608,-0.05865506765621936,-0.04817747504528394,-0.1817348421282608,0.0,-0.10953450201773698,0.17079676836123917
2022-04-01,0.15140483376184932,-0.04598006604421686,-0.06407427702924041,-0.16129825016423588,-0.16129825016423588,0.16322936250688286,-0.17029616294411895,-0.04820204802229072,-0.025111587825670634,-0.17029616294411895,0.0,-0.1227731631463635,0.16129825016423588
2022-04-04,0.13052048998657265,-0.06897009906632529,-0.05744718655059777,-0.1517997319672326,-0.1517997319672326,0.1618613107243726,-0.1588574837599771,-0.037749028388362076,-0.0020457006060573234,-0.1588574837599771,0.0,-0.13601182427499,0.1517997319672326
2022-04-05,0.12866826924555277,-0.07100907220613212,-0.05685943361139897,-0.15095731371350363,-0.15095731371350363,0.16173997897875392,-0.1578429937160131,-0.036821955937315236,0.0,-0.1578429937160131,0.0,-0.13718595370848477,0.15095731371350363
2022-04-06,0.12866826924555277,-0.07100907220613212,-0.05685943361139897,-0.15095731371350363,-0.15095731371350363,0.16173997897875392,-0.1578429937160131,-0.036821955937315236,0.0,-0.1578429937160131,0.0,-0.13718595370848477,0.15095731371350363
2022-04-07,0.12866826924555277,-0.07100907220613212,-0.05685943361139897,-0.15095731371350363,-0.15095731371350363,0.16173997897875392,-0.1578429937160131,-0.036821955937315236,0.0,-0.1578429937160131,0.0,-0.13718595370848477,0.15095731371350363
2022-04-08,0.12866826924555277,-0.07100907220613212,-0.05685943361139897,-0.15095731371350363,-0.15095731371350363,0.16173997897875392,-0.1578429937160131,-0.036821955937315236,0.0,-0.1578429937160131,0.0,-0.13718595370848477,0.15095731371350363
2022-04-11,0.12866826924555277,-0.07100907220613212,-0.05685943361139897,-0.15095731371350363,-0.15095731371350363,0.16173997897875392,-0.1578429937160131,-0.036821955937315236,0.0,-0.1578429937160131,0.0,-0.13718595370848477,0.15095731371350363
2022-04-12,0.12866826924555277,-0.07100907220613212,-0.05685943361139897,-0.15095731371350363,-0.15095731371350363,0.16173997897875392,-0.1578429937160131,-0.036821955937315236,0.0,-0.1578429937160131,0.0,-0.13718595370848477,0.15095731371350363
2022-04-13,0.12866826924555277,-0.07100907220613212,-0.05685943361139897,-0.15095731371350363,-0.15095731371350363,0.16173997897875392,-0.1578429937160131,-0.036821955937315236,0.0,-0.1578429937160131,0.0,-0.13718595370848477,0.15095731371350363
2022-04-14,0.12866826924555277,-0.07100907220613212,-0.05685943361139897,-0.15095731371350363,-0.15095731371350363,0.16173997897875392,-0.1578429937160131,-0.036821955937315236,0.0,-0.1578429937160131,0.0,-0.13718595370848477,0.15095731371350363
2022-04-18,0.12866826924555277,-0.07100907220613212,-0.05685943361139897,-0.15095731371350363,-0.15095731371350363,0.16173997897875392,-0.1578429937160131,-0.036821955937315236,0.0,-0.1578429937160131,0.0,-0.13718595370848477,0.15095731371350363
2022-04-19,0.12866826924555277,-0.07100907220613212,-0.05685943361139897,-0.15095731371350363,-0.15095731371350363,0.16173997897875392,-0.1578429937160131,-0.036821955937315236,0.0,-0.1578429937160131,0.0,-0.13718595370848477,0.15095731371350363
2022-04-20,0.12866826924555277,-0.07100907220613212,-0.05685943361139897,-0.15095731371350363,-0.15095731371350363,0.16173997897875392,-0.1578429937160131,-0.036821955937315236,0.0,-0.1578429937160131,0.0,-0.13718595370848477,0.15095731371350363
2022-04-21,0.12866826924555277,-0.07100907220613212,-0.05685943361139897,-0.15095731371350363,-0.15095731371350363,0.16173997897875392,-0.1578429937160131,-0.036821955937315236,0.0,-0.1578429937160131,0.0,-0.13718595370848477,0.15095731371350363
2022-04-22,0.12866826924555277,-0.07100907220613212,-0.05685943361139897,-0.15095731371350363,-0.15095731371350363,0.16173997897875392,-0.1578429937160131,-0.036821955937315236,0.0,-0.1578429937160131,0.0,-0.13718595370848477,0.15095731371350363
2022-04-25,0.12866826924555277,-0.07100907220613212,-0.05685943361139897,-0.15095731371350363,-0.15095731371350363,0.16173997897875392,-0.1578429937160131,-0.036821955937315236,0.0,-0.1578429937160131,0.0,-0.13718595370848477,0.15095731371350363
2022-04-26,0.12866826924555277,-0.07100907220613212,-0.05685943361139897,-0.15095731371350363,-0.15095731371350363,0.16173997897875392,-0.1578429937160131,-0.036821955937315236,0.0,-0.1578429937160131,0.0,-0.13718595370848477,0.15095731371350363
2022-04-27,0.12866826924555277,-0.07100907220613212,-0.05685943361139897,-0.15095731371350363,-0.15095731371350363,0.16173997897875392,-0.1578429937160131,-0.036821955937315236,0.0,-0.1578429937160131,0.0,-0.13718595370848477,0.15095731371350363
2022-04-28,0.12866826924555277,-0.07100907220613212,-0.05685943361139897,-0.15095731371350363,-0.15095731371350363,0.16173997897875392,-0.1578429937160131,-0.036821955937315236,0.0,-0.1578429937160131,0.0,-0.13718595370848477,0.15095731371350363
2022-04-29,0.12866826924555277,-0.07100907220613212,-0.05685943361139897,-0.15095731371350363,-0.15095731371350363,0.16173997897875392,-0.1578429937160131,-0.036821955937315236,0.0,-0.1578429937160131,0.0,-0.13718595370848477,0.15095731371350363
2022-05-02,0.12866826924555277,-0.07100907220613212,-0.05685943361139897,-0.15095731371350363,-0.15095731371350363,0.16173997897875392,-0.1578429937160131,-0.036821955937315236,0.0,-0.1578429937160131,0.0,-0.13718595370848477,0.15095731371350363
2022-05-03,0.12866826924555277,-0.07100907220613212,-0.05685943361139897,-0.15095731371350363,-0.15095731371350363,0.16173997897875392,-0.1578429937160131,-0.036821955937315236,0.0,-0.1578429937160131,0.0,-0.13718595370848477,0.15095731371350363
2022-05-04,0.12866826924555277,-0.07100907220613212,-0.05685943361139897,-0.15095731371350363,-0.15095731371350363,0.16173997897875392,-0.1578429937160131,-0.036821955937315236,0.0,-0.1578429937160131,0.0,-0.13718595370848477,0.15095731371350363
2022-05-05,0.12866826924555277,-0.07100907220613212,-0.05685943361139897,-0.15095731371350363,-0.15095731371350363,0.16173997897875392,-0.1578429937160131,-0.036821955937315236,0.0,-0.1578429937160131,0.0,-0.13718595370848477,0.15095731371350363
2022-05-06,0.12866826924555277,-0.07100907220613212,-0.05685943361139897,-0.15095731371350363,-0.15095731371350363,0.16173997897875392,-0.1578429937160131,-0.036821955937315236,0.0,-0.1578429937160131,0.0,-0.13718595370848477,0.15095731371350363
2022-05-09,0.12866826924555277,-0.07100907220613212,-0.05685943361139897,-0.15095731371350363,-0.15095731371350363,0.16173997897875392,-0.1578429937160131,-0.036821955937315236,0.0,-0.1578429937160131,0.0,-0.13718595370848477,0.15095731371350363
2022-05-10,0.12866826924555277,-0.07100907220613212,-0.05685943361139897,-0.15095731371350363,-0.15095731371350363,0.16173997897875392,-0.1578429937160131,-0.036821955937315236,0.0,-0.1578429937160131,0.0,-0.13718595370848477,0.15095731371350363
2022-05-11,0.12866826924555277,-0.07100907220613212,-0.05685943361139897,-0.15095731371350363,-0.15095731371350363,0.16173997897875392,-0.1578429937160131,-0.036821955937315236,0.0,-0.1578429937160131,0.0,-0.13718595370848477,0.15095731371350363
2022-05-12,0.12866826924555277,-0.07100907220613212,-0.05685943361139897,-0.15095731371350363,-0.15095731371350363,0.16173997897875392,-0.1578429937160131,-0.036821955937315236,0.0,-0.1578429937160131,0.0,-0.13718595370848477,0.15095731371350363
2022-05-13,0.12866826924555277,-0.07100907220613212,-0.05685943361139897,-0.15095731371350363,-0.15095731371350363,0.16173997897875392,-0.1578429937160131,-0.036821955937315236,0.0,-0.1578429937160131,0.0,-0.13718595370848477,0.15095731371350363
2022-05-16,0.12866826924555277,-0.07100907220613212,-0.05685943361139897,-0.15095731371350363,-0.15095731371350363,0.16173997897875392,-0.1578429937160131,-0.036821955937315236,0.0,-0.1578429937160131,0.0,-0.13718595370848477,0.15095731371350363
2022-05-17,0.12866826924555277,-0.07100907220613212,-0.05685943361139897,-0.15095731371350363,-0.15095731371350363,0.16173997897875392,-0.1578429937160131,-0.036821955937315236,0.0,-0.1578429937160131,0.0,-0.13718595370848477,0.15095731371350363
2022-05-18,0.12866826924555277,-0.07100907220613212,-0.05685943361139897,-0.15095731371350363,-0.15095731371350363,0.16173997897875392,-0.1578429937160131,-0.036821955937315236,0.0,-0.1578429937160131,0.0,-0.13718595370848477,0.15095731371350363
2022-05-19,0.12866826924555277,-0.07100907220613212,-0.05685943361139897,-0.15095731371350363,-0.15095731371350363,0.16173997897875392,-0.1578429937160131,-0.036821955937315236,0.0,-0.1578429937160131,0.0,-0.13718595370848477,0.15095731371350363
2022-05-20,0.12866826924555277,-0.07100907220613212,-0.05685943361139897,-0.15095731371350363,-0.15095731371350363,0.16173997897875392,-0.1578429937160131,-0.036821955937315236,0.0,-0.1578429937160131,0.0,-0.13718595370848477,0.15095731371350363
2022-05-23,0.12866826924555277,-0.07100907220613212,-0.05685943361139897,-0.15095731371350363,-0.15095731371350363,0.16173997897875392,-0.1578429937160131,-0.036821955937315236,0.0,-0.1578429937160131,0.0,-0.13718595370848477,0.15095731371350363
2022-05-24,0.12866826924555277,-0.07100907220613212,-0.05685943361139897,-0.15095731371350363,-0.15095731371350363,0.16173997897875392,-0.1578429937160131,-0.036821955937315236,0.0,-0.1578429937160131,0.0,-0.13718595370848477,0.15095731371350363
2022-05-25,0.12866826924555277,-0.07100907220613212,-0.05685943361139897,-0.15095731371350363,-0.15095731371350363,0.16173997897875392,-0.1578429937160131,-0.036821955937315236,0.0,-0.1578429937160131,0.0,-0.13718595370848477,0.15095731371350363
2022-05-26,0.12866826924555277,-0.07100907220613212,-0.05685943361139897,-0.15095731371350363,-0.15095731371350363,0.16173997897875392,-0.1578429937160131,-0.036821955937315236,0.0,-0.1578429937160131,0.0,-0.13718595370848477,0.15095731371350363
2022-05-27,0.12866826924555277,-0.07100907220613212,-0.05685943361139897,-0.15095731371350363,-0.15095731371350363,0.16173997897875392,-0.1578429937160131,-0.036821955937315236,0.0,-0.1578429937160131,0.0,-0.13718595370848477,0.15095731371350363
2022-05-31,0.11957345284195667,-0.07802505891350632,-0.06370268004212297,-0.14487109717923702,-0.14487109717923702,0.11699590490871789,-0.14985190877505947,-0.047249160606023605,-0.016942936785158996,-0.14985190877505947,-0.01841443572880258,-0.13490947398759215,0.14487109717923702
2022-06-01,0.11047863643836056,-0.08504104562088052,-0.07054592647284698,-0.1387848806449704,-0.1387848806449704,0.07225183083868186,-0.14186082383410584,-0.057676365274731974,-0.03388587357031799,-0.14186082383410584,-0.03682887145760516,-0.13263299426669953,0.1387848806449704
2022-06-02,0.10138382003476447,-0.09205703232825474,-0.07738917290357097,-0.13269866411070377,-0.13269866411070377,0.027507756768645857,-0.1338697388931522,-0.06810356994344034,-0.050828810355476976,-0.1338697388931522,-0.05524330718640773,-0.1303565145458069,0.13269866411070377
2022-06-03,0.0957925098403906,-0.09637031983838215,-0.08159626316606276,-0.12895698060186941,-0.12895698060186941,0.0,-0.12895698060186941,-0.07451400564392566,-0.06124498710556881,-0.12895698060186941,-0.06656413188973934,-0.12895698060186941,0.12895698060186941
2022-06-06,0.0957925098403906,-0.09637031983838215,-0.08159626316606276,-0.12895698060186941,-0.12895698060186941,0.0,-0.12895698060186941,-0.07451400564392566,-0.06124498710556881,-0.12895698060186941,-0.06656413188973934,-0.12895698060186941,0.12895698060186941
2022-06-07,0.0957925098403906,-0.09637031983838215,-0.08159626316606276,-0.12895698060186941,-0.12895698060186941,0.0,-0.12895698060186941,-0.07451400564392566,-0.06124498710556881,-0.12895698060186941,-0.06656413188973934,-0.12895698060186941,0.12895698060186941
2022-06-08,0.0957925098403906,-0.09637031983838215,-0.08159626316606276,-0.12895698060186941,-0.12895698060186941,0.0,-0.12895698060186941,-0.07451400564392566,-0.06124498710556881,-0.12895698060186941,-0.06656413188973934,-0.12895698060186941,0.12895698060186941
2022-06-09,0.0957925098403906,-0.09637031983838215,-0.08159626316606276,-0.12895698060186941,-0.12895698060186941,0.0,-0.12895698060186941,-0.07451400564392566,-0.06124498710556881,-0.12895698060186941,-0.06656413188973934,-0.12895698060186941,0.12895698060186941
2022-06-10,0.0957925098403906,-0.09637031983838215,-0.08159626316606276,-0.12895698060186941,-0.12895698060186941,0.0,-0.12895698060186941,-0.07451400564392566,-0.06124498710556881,-0.12895698060186941,-0.06656413188973934,-0.12895698060186941,0.12895698060186941
2022-06-13,0.0957925098403906,-0.09637031983838215,-0.08159626316606276,-0.12895698060186941,-0.12895698060186941,0.0,-0.12895698060186941,-0.07451400564392566,-0.06124498710556881,-0.12895698060186941,-0.06656413188973934,-0.12895698060186941,0.12895698060186941
2022-06-14,0.0957925098403906,-0.09637031983838215,-0.08159626316606276,-0.12895698060186941,-0.12895698060186941,0.0,-0.12895698060186941,-0.07451400564392566,-0.06124498710556881,-0.12895698060186941,-0.06656413188973934,-0.12895698060186941,0.12895698060186941
2022-06-15,0.0957925098403906,-0.09637031983838215,-0.08159626316606276,-0.12895698060186941,-0.12895698060186941,0.0,-0.12895698060186941,-0.07451400564392566,-0.06124498710556881,-0.12895698060186941,-0.06656413188973934,-0.12895698060186941,0.12895698060186941
2022-06-16,0.0957925098403906,-0.09637031983838215,-0.08159626316606276,-0.12895698060186941,-0.12895698060186941,0.0,-0.12895698060186941,-0.07451400564392566,-0.06124498710556881,-0.12895698060186941,-0.06656413188973934,-0.12895698060186941,0.12895698060186941
2022-06-17,0.0957925098403906,-0.09637031983838215,-0.08159626316606276,-0.12895698060186941,-0.12895698060186941,0.0,-0.12895698060186941,-0.07451400564392566,-0.06124498710556881,-0.12895698060186941,-0.06656413188973934,-0.12895698060186941,0.12895698060186941
2022-06-21,0.0957925098403906,-0.09637031983838215,-0.08159626316606276,-0.12895698060186941,-0.12895698060186941,0.0,-0.12895698060186941,-0.07451400564392566,-0.06124498710556881,-0.12895698060186941,-0.06656413188973934,-0.12895698060186941,0.12895698060186941
2022-06-22,0.0957925098403906,-0.09637031983838215,-0.08159626316606276,-0.12895698060186941,-0.12895698060186941,0.0,-0.12895698060186941,-0.07451400564392566,-0.06124498710556881,-0.12895698060186941,-0.06656413188973934,-0.12895698060186941,0.12895698060186941
2022-06-23,0.0957925098403906,-0.09637031983838215,-0.08159626316606276,-0.12895698060186941,-0.12895698060186941,0.0,-0.12895698060186941,-0.07451400564392566,-0.06124498710556881,-0.12895698060186941,-0.06656413188973934,-0.12895698060186941,0.12895698060186941
2022-06-24,0.0957925098403906,-0.09637031983838215,-0.08159626316606276,-0.12895698060186941,-0.12895698060186941,0.0,-0.12895698060186941,-0.07451400564392566,-0.06124498710556881,-0.12895698060186941,-0.06656413188973934,-0.12895698060186941,0.12895698060186941
2022-06-27,0.0957925098403906,-0.09637031983838215,-0.08159626316606276,-0.12895698060186941,-0.12895698060186941,0.0,-0.12895698060186941,-0.07451400564392566,-0.06124498710556881,-0.12895698060186941,-0.06656413188973934,-0.12895698060186941,0.12895698060186941
2022-06-28,0.0957925098403906,-0.09637031983838215,-0.08159626316606276,-0.12895698060186941,-0.12895698060186941,0.0,-0.12895698060186941,-0.07451400564392566,-0.06124498710556881,-0.12895698060186941,-0.06656413188973934,-0.12895698060186941,0.12895698060186941
2022-06-29,0.0957925098403906,-0.09637031983838215,-0.08159626316606276,-0.12895698060186941,-0.12895698060186941,0.0,-0.12895698060186941,-0.07451400564392566,-0.06124498710556881,-0.12895698060186941,-0.06656413188973934,-0.12895698060186941,0.12895698060186941
2022-06-30,0.10612504089974177,-0.11018163696104658,-0.10594680646851275,-0.14396419722813542,-0.14396419722813542,0.0,-0.14396419722813542,-0.07711431886955764,-0.06196657017940931,-0.14396419722813542,-0.0747045443482052,-0.14396419722813542,0.14396419722813542
2022-07-01,0.11056720211036931,-0.11611939769339402,-0.11641559076681439,-0.15041609901229225,-0.15041609901229225,0.0,-0.15041609901229225,-0.07823224539501726,-0.062276793136635145,-0.15041609901229225,-0.07820427004501591,-0.15041609901229225,0.15041609901229225
2022-07-05,0.11056720211036931,-0.11611939769339402,-0.11641559076681439,-0.15041609901229225,-0.15041609901229225,0.0,-0.15041609901229225,-0.07823224539501726,-0.062276793136635145,-0.15041609901229225,-0.07820427004501591,-0.15041609901229225,0.15041609901229225
2022-07-06,0.11056720211036931,-0.11611939769339402,-0.11641559076681439,-0.15041609901229225,-0.15041609901229225,0.0,-0.15041609901229225,-0.07823224539501726,-0.062276793136635145,-0.15041609901229225,-0.07820427004501591,-0.15041609901229225,0.15041609901229225
2022-07-07,0.11056720211036931,-0.11611939769339402,-0.11641559076681439,-0.15041609901229225,-0.15041609901229225,0.0,-0.15041609901229225,-0.07823224539501726,-0.062276793136635145,-0.15041609901229225,-0.07820427004501591,-0.15041609901229225,0.15041609901229225
2022-07-08,0.11056720211036931,-0.11611939769339402,-0.11641559076681439,-0.15041609901229225,-0.15041609901229225,0.0,-0.15041609901229225,-0.07823224539501726,-0.062276793136635145,-0.15041609901229225,-0.07820427004501591,-0.15041609901229225,0.15041609901229225
2022-07-11,0.11056720211036931,-0.11611939769339402,-0.11641559076681439,-0.15041609901229225,-0.15041609901229225,0.0,-0.15041609901229225,-0.07823224539501726,-0.062276793136635145,-0.15041609901229225,-0.07820427004501591,-0.15041609901229225,0.15041609901229225
2022-07-12,0.11056720211036931,-0.11611939769339402,-0.11641559076681439,-0.15041609901229225,-0.15041609901229225,0.0,-0.15041609901229225,-0.07823224539501726,-0.062276793136635145,-0.15041609901229225,-0.07820427004501591,-0.15041609901229225,0.15041609901229225
2022-07-13,0.11056720211036931,-0.11611939769339402,-0.11641559076681439,-0.15041609901229225,-0.15041609901229225,0.0,-0.15041609901229225,-0.07823224539501726,-0.062276793136635145,-0.15041609901229225,-0.07820427004501591,-0.15041609901229225,0.15041609901229225
2022-07-14,0.11056720211036931,-0.11611939769339402,-0.11641559076681439,-0.15041609901229225,-0.15041609901229225,0.0,-0.15041609901229225,-0.07823224539501726,-0.062276793136635145,-0.15041609901229225,-0.07820427004501591,-0.15041609901229225,0.15041609901229225
2022-07-15,0.11056720211036931,-0.11611939769339402,-0.11641559076681439,-0.15041609901229225,-0.15041609901229225,0.0,-0.15041609901229225,-0.07823224539501726,-0.062276793136635145,-0.15041609901229225,-0.07820427004501591,-0.15041609901229225,0.15041609901229225
2022-07-18,0.11056720211036931,-0.11611939769339402,-0.11641559076681439,-0.15041609901229225,-0.15041609901229225,0.0,-0.15041609901229225,-0.07823224539501726,-0.062276793136635145,-0.15041609901229225,-0.07820427004501591,-0.15041609901229225,0.15041609901229225
2022-07-19,0.11056720211036931,-0.11611939769339402,-0.11641559076681439,-0.15041609901229225,-0.15041609901229225,0.0,-0.15041609901229225,-0.07823224539501726,-0.062276793136635145,-0.15041609901229225,-0.07820427004501591,-0.15041609901229225,0.15041609901229225
2022-07-20,0.11056720211036931,-0.11611939769339402,-0.11641559076681439,-0.15041609901229225,-0.15041609901229225,0.0,-0.15041609901229225,-0.07823224539501726,-0.062276793136635145,-0.15041609901229225,-0.07820427004501591,-0.15041609901229225,0.15041609901229225
2022-07-21,0.11056720211036931,-0.11611939769339402,-0.11641559076681439,-0.15041609901229225,-0.15041609901229225,0.0,-0.15041609901229225,-0.07823224539501726,-0.062276793136635145,-0.15041609901229225,-0.07820427004501591,-0.15041609901229225,0.15041609901229225
2022-07-22,0.11056720211036931,-0.11611939769339402,-0.11641559076681439,-0.15041609901229225,-0.15041609901229225,0.0,-0.15041609901229225,-0.07823224539501726,-0.062276793136635145,-0.15041609901229225,-0.07820427004501591,-0.15041609901229225,0.15041609901229225
2022-07-25,0.11056720211036931,-0.11611939769339402,-0.11641559076681439,-0.15041609901229225,-0.15041609901229225,0.0,-0.15041609901229225,-0.07823224539501726,-0.062276793136635145,-0.15041609901229225,-0.07820427004501591,-0.15041609901229225,0.15041609901229225
2022-07-26,0.11056720211036931,-0.11611939769339402,-0.11641559076681439,-0.15041609901229225,-0.15041609901229225,0.0,-0.15041609901229225,-0.07823224539501726,-0.062276793136635145,-0.15041609901229225,-0.07820427004501591,-0.15041609901229225,0.15041609901229225
2022-07-27,0.11056720211036931,-0.11611939769339402,-0.11641559076681439,-0.15041609901229225,-0.15041609901229225,0.0,-0.15041609901229225,-0.07823224539501726,-0.062276793136635145,-0.15041609901229225,-0.07820427004501591,-0.15041609901229225,0.15041609901229225
2022-07-28,0.11056720211036931,-0.11611939769339402,-0.11641559076681439,-0.15041609901229225,-0.15041609901229225,0.0,-0.15041609901229225,-0.07823224539501726,-0.062276793136635145,-0.15041609901229225,-0.07820427004501591,-0.15041609901229225,0.15041609901229225
2022-07-29,0.11056720211036931,-0.11611939769339402,-0.11641559076681439,-0.15041609901229225,-0.15041609901229225,0.0,-0.15041609901229225,-0.07823224539501726,-0.062276793136635145,-0.15041609901229225,-0.07820427004501591,-0.15041609901229225,0.15041609901229225
2022-08-01,0.11056720211036931,-0.11611939769339402,-0.11641559076681439,-0.15041609901229225,-0.15041609901229225,0.0,-0.15041609901229225,-0.07823224539501726,-0.062276793136635145,-0.15041609901229225,-0.07820427004501591,-0.15041609901229225,0.15041609901229225
2022-08-02,0.11056720211036931,-0.11611939769339402,-0.11641559076681439,-0.15041609901229225,-0.15041609901229225,0.0,-0.15041609901229225,-0.07823224539501726,-0.062276793136635145,-0.15041609901229225,-0.07820427004501591,-0.15041609901229225,0.15041609901229225
2022-08-03,0.11056720211036931,-0.11611939769339402,-0.11641559076681439,-0.15041609901229225,-0.15041609901229225,0.0,-0.15041609901229225,-0.07823224539501726,-0.062276793136635145,-0.15041609901229225,-0.07820427004501591,-0.15041609901229225,0.15041609901229225
2022-08-04,0.11056720211036931,-0.11611939769339402,-0.11641559076681439,-0.15041609901229225,-0.15041609901229225,0.0,-0.15041609901229225,-0.07823224539501726,-0.062276793136635145,-0.15041609901229225,-0.07820427004501591,-0.15041609901229225,0.15041609901229225
2022-08-05,0.11056720211036931,-0.11611939769339402,-0.11641559076681439,-0.15041609901229225,-0.15041609901229225,0.0,-0.15041609901229225,-0.07823224539501726,-0.062276793136635145,-0.15041609901229225,-0.07820427004501591,-0.15041609901229225,0.15041609901229225
2022-08-08,0.11056720211036931,-0.11611939769339402,-0.11641559076681439,-0.15041609901229225,-0.15041609901229225,0.0,-0.15041609901229225,-0.07823224539501726,-0.062276793136635145,-0.15041609901229225,-0.07820427004501591,-0.15041609901229225,0.15041609901229225
2022-08-09,0.11056720211036931,-0.11611939769339402,-0.11641559076681439,-0.15041609901229225,-0.15041609901229225,0.0,-0.15041609901229225,-0.07823224539501726,-0.062276793136635145,-0.15041609901229225,-0.07820427004501591,-0.15041609901229225,0.15041609901229225
2022-08-10,0.11056720211036931,-0.11611939769339402,-0.11641559076681439,-0.15041609901229225,-0.15041609901229225,0.0,-0.15041609901229225,-0.07823224539501726,-0.062276793136635145,-0.15041609901229225,-0.07820427004501591,-0.15041609901229225,0.15041609901229225
2022-08-11,0.11056720211036931,-0.11611939769339402,-0.11641559076681439,-0.15041609901229225,-0.15041609901229225,0.0,-0.15041609901229225,-0.07823224539501726,-0.062276793136635145,-0.15041609901229225,-0.07820427004501591,-0.15041609901229225,0.15041609901229225
2022-08-12,0.11056720211036931,-0.11611939769339402,-0.11641559076681439,-0.15041609901229225,-0.15041609901229225,0.0,-0.15041609901229225,-0.07823224539501726,-0.062276793136635145,-0.15041609901229225,-0.07820427004501591,-0.15041609901229225,0.15041609901229225
2022-08-15,0.11056720211036931,-0.11611939769339402,-0.11641559076681439,-0.15041609901229225,-0.15041609901229225,0.0,-0.15041609901229225,-0.07823224539501726,-0.062276793136635145,-0.15041609901229225,-0.07820427004501591,-0.15041609901229225,0.15041609901229225
2022-08-16,0.11056720211036931,-0.11611939769339402,-0.11641559076681439,-0.15041609901229225,-0.15041609901229225,0.0,-0.15041609901229225,-0.07823224539501726,-0.062276793136635145,-0.15041609901229225,-0.07820427004501591,-0.15041609901229225,0.15041609901229225
2022-08-17,0.11056720211036931,-0.11611939769339402,-0.11641559076681439,-0.15041609901229225,-0.15041609901229225,0.0,-0.15041609901229225,-0.07823224539501726,-0.062276793136635145,-0.15041609901229225,-0.07820427004501591,-0.15041609901229225,0.15041609901229225
2022-08-18,0.11056720211036931,-0.11611939769339402,-0.11641559076681439,-0.15041609901229225,-0.15041609901229225,0.0,-0.15041609901229225,-0.07823224539501726,-0.062276793136635145,-0.15041609901229225,-0.07820427004501591,-0.15041609901229225,0.15041609901229225
2022-08-19,0.11056720211036931,-0.11611939769339402,-0.11641559076681439,-0.15041609901229225,-0.15041609901229225,0.0,-0.15041609901229225,-0.07823224539501726,-0.062276793136635145,-0.15041609901229225,-0.07820427004501591,-0.15041609901229225,0.15041609901229225
2022-08-22,0.11056720211036931,-0.11611939769339402,-0.11641559076681439,-0.15041609901229225,-0.15041609901229225,0.0,-0.15041609901229225,-0.07823224539501726,-0.062276793136635145,-0.15041609901229225,-0.07820427004501591,-0.15041609901229225,0.15041609901229225
2022-08-23,0.11056720211036931,-0.11611939769339402,-0.11641559076681439,-0.15041609901229225,-0.15041609901229225,0.0,-0.15041609901229225,-0.07823224539501726,-0.062276793136635145,-0.15041609901229225,-0.07820427004501591,-0.15041609901229225,0.15041609901229225
2022-08-24,0.11056720211036931,-0.11611939769339402,-0.11641559076681439,-0.15041609901229225,-0.15041609901229225,0.0,-0.15041609901229225,-0.07823224539501726,-0.062276793136635145,-0.15041609901229225,-0.07820427004501591,-0.15041609901229225,0.15041609901229225
2022-08-25,0.11056720211036931,-0.11611939769339402,-0.11641559076681439,-0.15041609901229225,-0.15041609901229225,0.0,-0.15041609901229225,-0.07823224539501726,-0.062276793136635145,-0.15041609901229225,-0.07820427004501591,-0.15041609901229225,0.15041609901229225
2022-08-26,0.11056720211036931,-0.11611939769339402,-0.11641559076681439,-0.15041609901229225,-0.15041609901229225,0.0,-0.15041609901229225,-0.07823224539501726,-0.062276793136635145,-0.15041609901229225,-0.07820427004501591,-0.15041609901229225,0.15041609901229225
2022-08-29,0.11056720211036931,-0.11611939769339402,-0.11641559076681439,-0.15041609901229225,-0.15041609901229225,0.0,-0.15041609901229225,-0.07823224539501726,-0.062276793136635145,-0.15041609901229225,-0.07820427004501591,-0.15041609901229225,0.15041609901229225
2022-08-30,0.11056720211036931,-0.11611939769339402,-0.11641559076681439,-0.15041609901229225,-0.15041609901229225,0.0,-0.15041609901229225,-0.07823224539501726,-0.062276793136635145,-0.15041609901229225,-0.07820427004501591,-0.15041609901229225,0.15041609901229225
2022-08-31,0.09736813821396542,-0.1197563230547814,-0.11468498591905525,-0.15207110530707077,-0.15207110530707077,-0.050466622358397904,-0.15395592109776013,-0.05433566410204384,-0.043253915263950726,-0.15395592109776013,-0.05431623401649362,-0.148301473725692,0.15207110530707077
2022-09-01,0.08416907431756153,-0.12339324841616876,-0.11295438107129611,-0.15372611160184926,-0.15372611160184926,-0.10093324471679581,-0.157495743183228,-0.030439082809070404,-0.024231037391266304,-0.157495743183228,-0.030428197987971323,-0.14618684843909174,0.15372611160184926
2022-09-02,0.07097001042115764,-0.12703017377755613,-0.11122377622353699,-0.15538111789662779,-0.15538111789662779,-0.1513998670751937,-0.1610355652686959,-0.00654250151609698,-0.00520815951858189,-0.1610355652686959,-0.00654016195944904,-0.1440722231524915,0.15538111789662779
2022-09-06,0.06735631796471094,-0.12802590573599343,-0.11074996431289527,-0.1558342321333459,-0.1558342321333459,-0.16521682060691908,-0.16200471190423146,0.0,0.0,-0.16200471190423146,0.0,-0.14349327259157477,0.1558342321333459
2022-09-07,0.06735631796471094,-0.12802590573599343,-0.11074996431289527,-0.1558342321333459,-0.1558342321333459,-0.16521682060691908,-0.16200471190423146,0.0,0.0,-0.16200471190423146,0.0,-0.14349327259157477,0.1558342321333459
2022-09-08,0.06735631796471094,-0.12802590573599343,-0.11074996431289527,-0.1558342321333459,-0.1558342321333459,-0.16521682060691908,-0.16200471190423146,0.0,0.0,-0.16200471190423146,0.0,-0.14349327259157477,0.1558342321333459
2022-09-09,0.06735631796471094,-0.12802590573599343,-0.11074996431289527,-0.1558342321333459,-0.1558342321333459,-0.16521682060691908,-0.16200471190423146,0.0,0.0,-0.16200471190423146,0.0,-0.14349327259157477,0.1558342321333459
2022-09-12,0.06735631796471094,-0.12802590573599343,-0.11074996431289527,-0.1558342321333459,-0.1558342321333459,-0.16521682060691908,-0.16200471190423146,0.0,0.0,-0.16200471190423146,0.0,-0.14349327259157477,0.1558342321333459
2022-09-13,0.06735631796471094,-0.12802590573599343,-0.11074996431289527,-0.1558342321333459,-0.1558342321333459,-0.16521682060691908,-0.16200471190423146,0.0,0.0,-0.16200471190423146,0.0,-0.14349327259157477,0.1558342321333459
2022-09-14,0.06735631796471094,-0.12802590573599343,-0.11074996431289527,-0.1558342321333459,-0.1558342321333459,-0.16521682060691908,-0.16200471190423146,0.0,0.0,-0.16200471190423146,0.0,-0.14349327259157477,0.1558342321333459
2022-09-15,0.06735631796471094,-0.12802590573599343,-0.11074996431289527,-0.1558342321333459,-0.1558342321333459,-0.16521682060691908,-0.16200471190423146,0.0,0.0,-0.16200471190423146,0.0,-0.14349327259157477,0.1558342321333459
2022-09-16,0.06735631796471094,-0.12802590573599343,-0.11074996431289527,-0.1558342321333459,-0.1558342321333459,-0.16521682060691908,-0.16200471190423146,0.0,0.0,-0.16200471190423146,0.0,-0.14349327259157477,0.1558342321333459
2022-09-19,0.06735631796471094,-0.12802590573599343,-0.11074996431289527,-0.1558342321333459,-0.1558342321333459,-0.16521682060691908,-0.16200471190423146,0.0,0.0,-0.16200471190423146,0.0,-0.14349327259157477,0.1558342321333459
2022-09-20,0.06735631796471094,-0.12802590573599343,-0.11074996431289527,-0.1558342321333459,-0.1558342321333459,-0.16521682060691908,-0.16200471190423146,0.0,0.0,-0.16200471190423146,0.0,-0.14349327259157477,0.1558342321333459
2022-09-21,0.06735631796471094,-0.12802590573599343,-0.11074996431289527,-0.1558342321333459,-0.1558342321333459,-0.16521682060691908,-0.16200471190423146,0.0,0.0,-0.16200471190423146,0.0,-0.14349327259157477,0.1558342321333459
2022-09-22,0.06735631796471094,-0.12802590573599343,-0.11074996431289527,-0.1558342321333459,-0.1558342321333459,-0.16521682060691908,-0.16200471190423146,0.0,0.0,-0.16200471190423146,0.0,-0.14349327259157477,0.1558342321333459
2022-09-23,0.06735631796471094,-0.12802590573599343,-0.11074996431289527,-0.1558342321333459,-0.1558342321333459,-0.16521682060691908,-0.16200471190423146,0.0,0.0,-0.16200471190423146,0.0,-0.14349327259157477,0.1558342321333459
2022-09-26,0.06735631796471094,-0.12802590573599343,-0.11074996431289527,-0.1558342321333459,-0.1558342321333459,-0.16521682060691908,-0.16200471190423146,0.0,0.0,-0.16200471190423146,0.0,-0.14349327259157477,0.1558342321333459
2022-09-27,0.06735631796471094,-0.12802590573599343,-0.11074996431289527,-0.1558342321333459,-0.1558342321333459,-0.16521682060691908,-0.16200471190423146,0.0,0.0,-0.16200471190423146,0.0,-0.14349327259157477,0.1558342321333459
2022-09-28,0.06735631796471094,-0.12802590573599343,-0.11074996431289527,-0.1558342321333459,-0.1558342321333459,-0.16521682060691908,-0.16200471190423146,0.0,0.0,-0.16200471190423146,0.0,-0.14349327259157477,0.1558342321333459
2022-09-29,0.06735631796471094,-0.12802590573599343,-0.11074996431289527,-0.1558342321333459,-0.1558342321333459,-0.16521682060691908,-0.16200471190423146,0.0,0.0,-0.16200471190423146,0.0,-0.14349327259157477,0.1558342321333459
2022-09-30,0.04672754170513464,-0.11977910016715618,-0.10779414763803752,-0.14663579030516663,-0.14663579030516663,-0.15589682679036465,-0.1525008450698106,-0.017890104810561174,-0.015605731863572024,-0.1525008450698106,-0.020162120036965443,-0.13490568077587867,0.14663579030516663
2022-10-03,0.02609876544555836,-0.11153229459831891,-0.10483833096317977,-0.13743734847698735,-0.13743734847698735,-0.14657683297381022,-0.14299697823538973,-0.03578020962112235,-0.031211463727144048,-0.14299697823538973,-0.040324240073930886,-0.1263180889601826,0.13743734847698735
2022-10-04,0.0054699891859820715,-0.10328548902948165,-0.10188251428832201,-0.12823890664880808,-0.12823890664880808,-0.13725683915725578,-0.13349311140096887,-0.053670314431683526,-0.04681719559071607,-0.13349311140096887,-0.06048636011089633,-0.11773049714448651,0.12823890664880808
2022-10-05,0.0,-0.10109874092999148,-0.10109874092999148,-0.1257998197783657,-0.1257998197783657,-0.13478552119110612,-0.13097303710498814,-0.05841410914924112,-0.05095525901527077,-0.13097303710498814,-0.06583260931060231,-0.11545338512512086,0.1257998197783657
2022-10-06,0.0,-0.10109874092999148,-0.10109874092999148,-0.1257998197783657,-0.1257998197783657,-0.13478552119110612,-0.13097303710498814,-0.05841410914924112,-0.05095525901527077,-0.13097303710498814,-0.06583260931060231,-0.11545338512512086,0.1257998197783657
2022-10-07,0.0,-0.10109874092999148,-0.10109874092999148,-0.1257998197783657,-0.1257998197783657,-0.13478552119110612,-0.13097303710498814,-0.05841410914924112,-0.05095525901527077,-0.13097303710498814,-0.06583260931060231,-0.11545338512512086,0.1257998197783657
2022-10-10,0.0,-0.10109874092999148,-0.10109874092999148,-0.1257998197783657,-0.1257998197783657,-0.13478552119110612,-0.13097303710498814,-0.05841410914924112,-0.05095525901527077,-0.13097303710498814,-0.06583260931060231,-0.11545338512512086,0.1257998197783657
2022-10-11,0.0,-0.10109874092999148,-0.10109874092999148,-0.1257998197783657,-0.1257998197783657,-0.13478552119110612,-0.13097303710498814,-0.05841410914924112,-0.05095525901527077,-0.13097303710498814,-0.06583260931060231,-0.11545338512512086,0.1257998197783657
2022-10-12,0.0,-0.10109874092999148,-0.10109874092999148,-0.1257998197783657,-0.1257998197783657,-0.13478552119110612,-0.13097303710498814,-0.05841410914924112,-0.05095525901527077,-0.13097303710498814,-0.06583260931060231,-0.11545338512512086,0.1257998197783657
2022-10-13,0.0,-0.10109874092999148,-0.10109874092999148,-0.1257998197783657,-0.1257998197783657,-0.13478552119110612,-0.13097303710498814,-0.05841410914924112,-0.05095525901527077,-0.13097303710498814,-0.06583260931060231,-0.11545338512512086,0.1257998197783657
2022-10-14,0.0,-0.10109874092999148,-0.10109874092999148,-0.1257998197783657,-0.1257998197783657,-0.13478552119110612,-0.13097303710498814,-0.05841410914924112,-0.05095525901527077,-0.13097303710498814,-0.06583260931060231,-0.11545338512512086,0.1257998197783657
2022-10-17,0.0,-0.10109874092999148,-0.10109874092999148,-0.1257998197783657,-0.1257998197783657,-0.13478552119110612,-0.13097303710498814,-0.05841410914924112,-0.05095525901527077,-0.13097303710498814,-0.06583260931060231,-0.11545338512512086,0.1257998197783657
2022-10-18,0.0,-0.10109874092999148,-0.10109874092999148,-0.1257998197783657,-0.1257998197783657,-0.13478552119110612,-0.13097303710498814,-0.05841410914924112,-0.05095525901527077,-0.13097303710498814,-0.06583260931060231,-0.11545338512512086,0.1257998197783657
2022-10-19,0.0,-0.10109874092999148,-0.10109874092999148,-0.1257998197783657,-0.1257998197783657,-0.13478552119110612,-0.13097303710498814,-0.05841410914924112,-0.05095525901527077,-0.13097303710498814,-0.06583260931060231,-0.11545338512512086,0.1257998197783657
2022-10-20,0.0,-0.10109874092999148,-0.10109874092999148,-0.1257998197783657,-0.1257998197783657,-0.13478552119110612,-0.13097303710498814,-0.05841410914924112,-0.05095525901527077,-0.13097303710498814,-0.06583260931060231,-0.11545338512512086,0.1257998197783657
2022-10-21,0.0,-0.10109874092999148,-0.10109874092999148,-0.1257998197783657,-0.1257998197783657,-0.13478552119110612,-0.13097303710498814,-0.05841410914924112,-0.05095525901527077,-0.13097303710498814,-0.06583260931060231,-0.11545338512512086,0.1257998197783657
2022-10-24,0.0,-0.10109874092999148,-0.10109874092999148,-0.1257998197783657,-0.1257998197783657,-0.13478552119110612,-0.13097303710498814,-0.05841410914924112,-0.05095525901527077,-0.13097303710498814,-0.06583260931060231,-0.11545338512512086,0.1257998197783657
2022-10-25,0.0,-0.10109874092999148,-0.10109874092999148,-0.1257998197783657,-0.1257998197783657,-0.13478552119110612,-0.13097303710498814,-0.05841410914924112,-0.05095525901527077,-0.13097303710498814,-0.06583260931060231,-0.11545338512512086,0.1257998197783657
2022-10-26,0.0,-0.10109874092999148,-0.10109874092999148,-0.1257998197783657,-0.1257998197783657,-0.13478552119110612,-0.13097303710498814,-0.05841410914924112,-0.05095525901527077,-0.13097303710498814,-0.06583260931060231,-0.11545338512512086,0.1257998197783657
2022-10-27,0.0,-0.10109874092999148,-0.10109874092999148,-0.1257998197783657,-0.1257998197783657,-0.13478552119110612,-0.13097303710498814,-0.05841410914924112,-0.05095525901527077,-0.13097303710498814,-0.06583260931060231,-0.11545338512512086,0.1257998197783657
2022-10-28,0.0,-0.10109874092999148,-0.10109874092999148,-0.1257998197783657,-0.1257998197783657,-0.13478552119110612,-0.13097303710498814,-0.05841410914924112,-0.05095525901527077,-0.13097303710498814,-0.06583260931060231,-0.11545338512512086,0.1257998197783657
2022-10-31,0.0,-0.10454880305694395,-0.09839943566605727,-0.111591321477335,-0.111591321477335,-0.11956213015428752,-0.1126452098836231,-0.04412685713261288,-0.042180054674978054,-0.1126452098836231,-0.045518813901412845,-0.10948354466475878,0.111591321477335
2022-11-01,0.0,-0.10543146636130417,-0.0977088458691003,-0.10795622170263547,-0.10795622170263547,-0.11566738039568088,-0.10795622170263547,-0.04047160902078721,-0.03993500789772459,-0.10795622170263547,-0.04032173595899016,-0.10795622170263547,0.10795622170263547
2022-11-02,0.0,-0.10543146636130417,-0.0977088458691003,-0.10795622170263547,-0.10795622170263547,-0.11566738039568088,-0.10795622170263547,-0.04047160902078721,-0.03993500789772459,-0.10795622170263547,-0.04032173595899016,-0.10795622170263547,0.10795622170263547
2022-11-03,0.0,-0.10543146636130417,-0.0977088458691003,-0.10795622170263547,-0.10795622170263547,-0.11566738039568088,-0.10795622170263547,-0.04047160902078721,-0.03993500789772459,-0.10795622170263547,-0.04032173595899016,-0.10795622170263547,0.10795622170263547
2022-11-04,0.0,-0.10543146636130417,-0.0977088458691003,-0.10795622170263547,-0.10795622170263547,-0.11566738039568088,-0.10795622170263547,-0.04047160902078721,-0.03993500789772459,-0.10795622170263547,-0.04032173595899016,-0.10795622170263547,0.10795622170263547
2022-11-07,0.0,-0.10543146636130417,-0.0977088458691003,-0.10795622170263547,-0.10795622170263547,-0.11566738039568088,-0.10795622170263547,-0.04047160902078721,-0.03993500789772459,-0.10795622170263547,-0.04032173595899016,-0.10795622170263547,0.10795622170263547
2022-11-08,0.0,-0.10543146636130417,-0.0977088458691003,-0.10795622170263547,-0.10795622170263547,-0.11566738039568088,-0.10795622170263547,-0.04047160902078721,-0.03993500789772459,-0.10795622170263547,-0.04032173595899016,-0.10795622170263547,0.10795622170263547
2022-11-09,0.0,-0.10543146636130417,-0.0977088458691003,-0.10795622170263547,-0.10795622170263547,-0.11566738039568088,-0.10795622170263547,-0.04047160902078721,-0.03993500789772459,-0.10795622170263547,-0.04032173595899016,-0.10795622170263547,0.10795622170263547
2022-11-10,0.0,-0.10543146636130417,-0.0977088458691003,-0.10795622170263547,-0.10795622170263547,-0.11566738039568088,-0.10795622170263547,-0.04047160902078721,-0.03993500789772459,-0.10795622170263547,-0.04032173595899016,-0.10795622170263547,0.10795622170263547
2022-11-11,0.0,-0.10543146636130417,-0.0977088458691003,-0.10795622170263547,-0.10795622170263547,-0.11566738039568088,-0.10795622170263547,-0.04047160902078721,-0.03993500789772459,-0.10795622170263547,-0.04032173595899016,-0.10795622170263547,0.10795622170263547
2022-11-14,0.0,-0.10543146636130417,-0.0977088458691003,-0.10795622170263547,-0.10795622170263547,-0.11566738039568088,-0.10795622170263547,-0.04047160902078721,-0.03993500789772459,-0.10795622170263547,-0.04032173595899016,-0.10795622170263547,0.10795622170263547
2022-11-15,0.0,-0.10543146636130417,-0.0977088458691003,-0.10795622170263547,-0.10795622170263547,-0.11566738039568088,-0.10795622170263547,-0.04047160902078721,-0.03993500789772459,-0.10795622170263547,-0.04032173595899016,-0.10795622170263547,0.10795622170263547
2022-11-16,0.0,-0.10543146636130417,-0.0977088458691003,-0.10795622170263547,-0.10795622170263547,-0.11566738039568088,-0.10795622170263547,-0.04047160902078721,-0.03993500789772459,-0.10795622170263547,-0.04032173595899016,-0.10795622170263547,0.10795622170263547
2022-11-17,0.0,-0.10543146636130417,-0.0977088458691003,-0.10795622170263547,-0.10795622170263547,-0.11566738039568088,-0.10795622170263547,-0.04047160902078721,-0.03993500789772459,-0.10795622170263547,-0.04032173595899016,-0.10795622170263547,0.10795622170263547
2022-11-18,0.0,-0.10543146636130417,-0.0977088458691003,-0.10795622170263547,-0.10795622170263547,-0.11566738039568088,-0.10795622170263547,-0.04047160902078721,-0.03993500789772459,-0.10795622170263547,-0.04032173595899016,-0.10795622170263547,0.10795622170263547
2022-11-21,0.0,-0.10543146636130417,-0.0977088458691003,-0.10795622170263547,-0.10795622170263547,-0.11566738039568088,-0.10795622170263547,-0.04047160902078721,-0.03993500789772459,-0.10795622170263547,-0.04032173595899016,-0.10795622170263547,0.10795622170263547
2022-11-22,0.0,-0.10543146636130417,-0.0977088458691003,-0.10795622170263547,-0.10795622170263547,-0.11566738039568088,-0.10795622170263547,-0.04047160902078721,-0.03993500789772459,-0.10795622170263547,-0.04032173595899016,-0.10795622170263547,0.10795622170263547
2022-11-23,0.0,-0.10543146636130417,-0.0977088458691003,-0.10795622170263547,-0.10795622170263547,-0.11566738039568088,-0.10795622170263547,-0.04047160902078721,-0.03993500789772459,-0.10795622170263547,-0.04032173595899016,-0.10795622170263547,0.10795622170263547
2022-11-25,0.0,-0.10543146636130417,-0.0977088458691003,-0.10795622170263547,-0.10795622170263547,-0.11566738039568088,-0.10795622170263547,-0.04047160902078721,-0.03993500789772459,-0.10795622170263547,-0.04032173595899016,-0.10795622170263547,0.10795622170263547
2022-11-28,0.0,-0.10543146636130417,-0.0977088458691003,-0.10795622170263547,-0.10795622170263547,-0.11566738039568088,-0.10795622170263547,-0.04047160902078721,-0.03993500789772459,-0.10795622170263547,-0.04032173595899016,-0.10795622170263547,0.10795622170263547
2022-11-29,0.0,-0.10543146636130417,-0.0977088458691003,-0.10795622170263547,-0.10795622170263547,-0.11566738039568088,-0.10795622170263547,-0.04047160902078721,-0.03993500789772459,-0.10795622170263547,-0.04032173595899016,-0.10795622170263547,0.10795622170263547
2022-11-30,0.0,-0.0920330665131638,-0.05439321111853109,-0.09461332705857858,-0.10868003431996376,-0.08309189834348792,-0.10755803482703256,-0.022530004875131748,-0.03737682329289372,-0.10755803482703256,-0.02244657254084516,-0.10120758415208858,0.10868003431996376
2022-12-01,0.0,-0.07863466666502344,-0.01107757636796191,-0.08127043241452171,-0.10940384693729205,-0.050516416291294976,-0.10715984795142965,-0.004588400729476291,-0.03481863868806285,-0.10715984795142965,-0.0045714091227001645,-0.0944589466015417,0.10940384693729205
2022-12-02,0.0,-0.07520814877186678,0.0,-0.07785810946830729,-0.10958895537655931,-0.04218553548499217,-0.1070580153095069,0.0,-0.03416440643482348,-0.1070580153095069,0.0,-0.09273304443535224,0.10958895537655931
2022-12-05,0.0,-0.07520814877186678,0.0,-0.07785810946830729,-0.10958895537655931,-0.04218553548499217,-0.1070580153095069,0.0,-0.03416440643482348,-0.1070580153095069,0.0,-0.09273304443535224,0.10958895537655931
2022-12-06,0.0,-0.07520814877186678,0.0,-0.07785810946830729,-0.10958895537655931,-0.04218553548499217,-0.1070580153095069,0.0,-0.03416440643482348,-0.1070580153095069,0.0,-0.09273304443535224,0.10958895537655931
2022-12-07,0.0,-0.07520814877186678,0.0,-0.07785810946830729,-0.10958895537655931,-0.04218553548499217,-0.1070580153095069,0.0,-0.03416440643482348,-0.1070580153095069,0.0,-0.09273304443535224,0.10958895537655931
2022-12-08,0.0,-0.07520814877186678,0.0,-0.07785810946830729,-0.10958895537655931,-0.04218553548499217,-0.1070580153095069,0.0,-0.03416440643482348,-0.1070580153095069,0.0,-0.09273304443535224,0.10958895537655931
2022-12-09,0.0,-0.07520814877186678,0.0,-0.07785810946830729,-0.10958895537655931,-0.04218553548499217,-0.1070580153095069,0.0,-0.03416440643482348,-0.1070580153095069,0.0,-0.09273304443535224,0.10958895537655931
2022-12-12,0.0,-0.07520814877186678,0.0,-0.07785810946830729,-0.10958895537655931,-0.04218553548499217,-0.1070580153095069,0.0,-0.03416440643482348,-0.1070580153095069,0.0,-0.09273304443535224,0.10958895537655931
2022-12-13,0.0,-0.07520814877186678,0.0,-0.07785810946830729,-0.10958895537655931,-0.04218553548499217,-0.1070580153095069,0.0,-0.03416440643482348,-0.1070580153095069,0.0,-0.09273304443535224,0.10958895537655931
2022-12-14,0.0,-0.07520814877186678,0.0,-0.07785810946830729,-0.10958895537655931,-0.04218553548499217,-0.1070580153095069,0.0,-0.03416440643482348,-0.1070580153095069,0.0,-0.09273304443535224,0.10958895537655931
2022-12-15,0.0,-0.07520814877186678,0.0,-0.07785810946830729,-0.10958895537655931,-0.04218553548499217,-0.1070580153095069,0.0,-0.03416440643482348,-0.1070580153095069,0.0,-0.09273304443535224,0.10958895537655931
2022-12-16,0.0,-0.07520814877186678,0.0,-0.07785810946830729,-0.10958895537655931,-0.04218553548499217,-0.1070580153095069,0.0,-0.03416440643482348,-0.1070580153095069,0.0,-0.09273304443535224,0.10958895537655931
2022-12-19,0.0,-0.07520814877186678,0.0,-0.07785810946830729,-0.10958895537655931,-0.04218553548499217,-0.1070580153095069,0.0,-0.03416440643482348,-0.1070580153095069,0.0,-0.09273304443535224,0.10958895537655931
2022-12-20,0.0,-0.07520814877186678,0.0,-0.07785810946830729,-0.10958895537655931,-0.04218553548499217,-0.1070580153095069,0.0,-0.03416440643482348,-0.1070580153095069,0.0,-0.09273304443535224,0.10958895537655931
2022-12-21,0.0,-0.07520814877186678,0.0,-0.07785810946830729,-0.10958895537655931,-0.04218553548499217,-0.1070580153095069,0.0,-0.03416440643482348,-0.1070580153095069,0.0,-0.09273304443535224,0.10958895537655931
2022-12-22,0.0,-0.07520814877186678,0.0,-0.07785810946830729,-0.10958895537655931,-0.04218553548499217,-0.1070580153095069,0.0,-0.03416440643482348,-0.1070580153095069,0.0,-0.09273304443535224,0.10958895537655931
2022-12-23,0.0,-0.07520814877186678,0.0,-0.07785810946830729,-0.10958895537655931,-0.04218553548499217,-0.1070580153095069,0.0,-0.03416440643482348,-0.1070580153095069,0.0,-0.09273304443535224,0.10958895537655931
2022-12-27,0.0,-0.07520814877186678,0.0,-0.07785810946830729,-0.10958895537655931,-0.04218553548499217,-0.1070580153095069,0.0,-0.03416440643482348,-0.1070580153095069,0.0,-0.09273304443535224,0.10958895537655931
2022-12-28,0.0,-0.07520814877186678,0.0,-0.07785810946830729,-0.10958895537655931,-0.04218553548499217,-0.1070580153095069,0.0,-0.03416440643482348,-0.1070580153095069,0.0,-0.09273304443535224,0.10958895537655931
2022-12-29,0.0,-0.07520814877186678,0.0,-0.07785810946830729,-0.10958895537655931,-0.04218553548499217,-0.1070580153095069,0.0,-0.03416440643482348,-0.1070580153095069,0.0,-0.09273304443535224,0.10958895537655931
2022-12-30,0.0,-0.07520814877186678,0.0,-0.07785810946830729,-0.10958895537655931,-0.04218553548499217,-0.1070580153095069,0.0,-0.03416440643482348,-0.1070580153095069,0.0,-0.09273304443535224,0.10958895537655931
2023-01-03,0.0,-0.07520814877186678,0.0,-0.07785810946830729,-0.10958895537655931,-0.04218553548499217,-0.1070580153095069,0.0,-0.03416440643482348,-0.1070580153095069,0.0,-0.09273304443535224,0.10958895537655931
2023-01-04,0.0,-0.07520814877186678,0.0,-0.07785810946830729,-0.10958895537655931,-0.04218553548499217,-0.1070580153095069,0.0,-0.03416440643482348,-0.1070580153095069,0.0,-0.09273304443535224,0.10958895537655931
2023-01-05,0.0,-0.07520814877186678,0.0,-0.07785810946830729,-0.10958895537655931,-0.04218553548499217,-0.1070580153095069,0.0,-0.03416440643482348,-0.1070580153095069,0.0,-0.09273304443535224,0.10958895537655931
2023-01-06,0.0,-0.07520814877186678,0.0,-0.07785810946830729,-0.10958895537655931,-0.04218553548499217,-0.1070580153095069,0.0,-0.03416440643482348,-0.1070580153095069,0.0,-0.09273304443535224,0.10958895537655931
2023-01-09,0.0,-0.07520814877186678,0.0,-0.07785810946830729,-0.10958895537655931,-0.04218553548499217,-0.1070580153095069,0.0,-0.03416440643482348,-0.1070580153095069,0.0,-0.09273304443535224,0.10958895537655931
2023-01-10,0.0,-0.07520814877186678,0.0,-0.07785810946830729,-0.10958895537655931,-0.04218553548499217,-0.1070580153095069,0.0,-0.03416440643482348,-0.1070580153095069,0.0,-0.09273304443535224,0.10958895537655931
2023-01-11,0.0,-0.07520814877186678,0.0,-0.07785810946830729,-0.10958895537655931,-0.04218553548499217,-0.1070580153095069,0.0,-0.03416440643482348,-0.1070580153095069,0.0,-0.09273304443535224,0.10958895537655931
2023-01-12,0.0,-0.07520814877186678,0.0,-0.07785810946830729,-0.10958895537655931,-0.04218553548499217,-0.1070580153095069,0.0,-0.03416440643482348,-0.1070580153095069,0.0,-0.09273304443535224,0.10958895537655931
2023-01-13,0.0,-0.07520814877186678,0.0,-0.07785810946830729,-0.10958895537655931,-0.04218553548499217,-0.1070580153095069,0.0,-0.03416440643482348,-0.1070580153095069,0.0,-0.09273304443535224,0.10958895537655931
2023-01-17,0.0,-0.07520814877186678,0.0,-0.07785810946830729,-0.10958895537655931,-0.04218553548499217,-0.1070580153095069,0.0,-0.03416440643482348,-0.1070580153095069,0.0,-0.09273304443535224,0.10958895537655931
2023-01-18,0.0,-0.07520814877186678,0.0,-0.07785810946830729,-0.10958895537655931,-0.04218553548499217,-0.1070580153095069,0.0,-0.03416440643482348,-0.1070580153095069,0.0,-0.09273304443535224,0.10958895537655931
2023-01-19,0.0,-0.07520814877186678,0.0,-0.07785810946830729,-0.10958895537655931,-0.04218553548499217,-0.1070580153095069,0.0,-0.03416440643482348,-0.1070580153095069,0.0,-0.09273304443535224,0.10958895537655931
2023-01-20,0.0,-0.07520814877186678,0.0,-0.07785810946830729,-0.10958895537655931,-0.04218553548499217,-0.1070580153095069,0.0,-0.03416440643482348,-0.1070580153095069,0.0,-0.09273304443535224,0.10958895537655931
2023-01-23,0.0,-0.07520814877186678,0.0,-0.07785810946830729,-0.10958895537655931,-0.04218553548499217,-0.1070580153095069,0.0,-0.03416440643482348,-0.1070580153095069,0.0,-0.09273304443535224,0.10958895537655931
2023-01-24,0.0,-0.07520814877186678,0.0,-0.07785810946830729,-0.10958895537655931,-0.04218553548499217,-0.1070580153095069,0.0,-0.03416440643482348,-0.1070580153095069,0.0,-0.09273304443535224,0.10958895537655931
2023-01-25,0.0,-0.07520814877186678,0.0,-0.07785810946830729,-0.10958895537655931,-0.04218553548499217,-0.1070580153095069,0.0,-0.03416440643482348,-0.1070580153095069,0.0,-0.09273304443535224,0.10958895537655931
2023-01-26,0.0,-0.07520814877186678,0.0,-0.07785810946830729,-0.10958895537655931,-0.04218553548499217,-0.1070580153095069,0.0,-0.03416440643482348,-0.1070580153095069,0.0,-0.09273304443535224,0.10958895537655931
2023-01-27,0.0,-0.07520814877186678,0.0,-0.07785810946830729,-0.10958895537655931,-0.04218553548499217,-0.1070580153095069,0.0,-0.03416440643482348,-0.1070580153095069,0.0,-0.09273304443535224,0.10958895537655931
2023-01-30,0.0,-0.07520814877186678,0.0,-0.07785810946830729,-0.10958895537655931,-0.04218553548499217,-0.1070580153095069,0.0,-0.03416440643482348,-0.1070580153095069,0.0,-0.09273304443535224,0.10958895537655931
2023-01-31,0.0,-0.06510602041846747,0.011427572885564754,-0.050473552866536056,-0.09486871945256221,-0.01634596597209064,-0.09267774096985462,0.0,-0.029575366223646354,-0.09267774096985462,0.0,-0.08027693252746494,0.09486871945256221
2023-02-01,0.0,-0.05500389206506816,0.022855145771129508,-0.02308899626476482,-0.08014848352856511,0.009493603540810885,-0.07829746663020234,0.0,-0.02498632601246923,-0.07829746663020234,0.0,-0.06782082061957764,0.08014848352856511
2023-02-02,0.0,-0.044901763711668846,0.034282718656694265,0.00429556033700642,-0.06542824760456802,0.03533317305371242,-0.06391719229055007,0.0,-0.020397285801292107,-0.06391719229055007,0.0,-0.05536470871169034,0.06542824760456802
2023-02-03,0.0,-0.03479963535826954,0.045710291542259016,0.03168011693877766,-0.05070801168057092,0.061172742566613945,-0.04953691795089779,0.0,-0.015808245590114983,-0.04953691795089779,0.0,-0.04290859680380303,0.05070801168057092
2023-02-06,0.0,-0.024697507004870237,0.05713786442782377,0.059064673540548895,-0.03598777575657383,0.08701231207951547,-0.035156643611245514,0.0,-0.01121920537893786,-0.035156643611245514,0.0,-0.030452484895915722,0.03598777575657383
2023-02-07,0.0,-0.014595378651470928,0.06856543731338853,0.08644923014232014,-0.021267539832576735,0.11285188159241699,-0.02077636927159323,0.0,-0.006630165167760736,-0.02077636927159323,0.0,-0.017996372988028413,0.021267539832576735
2023-02-08,0.0,-0.004493250298071622,0.07999301019895327,0.11383378674409138,-0.006547303908579645,0.13869145110531853,-0.006396094931940953,0.0,-0.0020411249565836145,-0.006396094931940953,0.0,-0.005540261080141105,0.006547303908579645
2023-02-09,0.0,0.0,0.08507579508131137,0.12601395935811915,0.0,0.15018444043927595,0.0,0.0,0.0,0.0,0.0,0.0,0.0
2023-02-10,0.0,0.0,0.08507579508131137,0.12601395935811915,0.0,0.15018444043927595,0.0,0.0,0.0,0.0,0.0,0.0,0.0
2023-02-13,0.0,0.0,0.08507579508131137,0.12601395935811915,0.0,0.15018444043927595,0.0,0.0,0.0,0.0,0.0,0.0,0.0
2023-02-14,0.0,0.0,0.08507579508131137,0.12601395935811915,0.0,0.15018444043927595,0.0,0.0,0.0,0.0,0.0,0.0,0.0
2023-02-15,0.0,0.0,0.08507579508131137,0.12601395935811915,0.0,0.15018444043927595,0.0,0.0,0.0,0.0,0.0,0.0,0.0
2023-02-16,0.0,0.0,0.08507579508131137,0.12601395935811915,0.0,0.15018444043927595,0.0,0.0,0.0,0.0,0.0,0.0,0.0
2023-02-17,0.0,0.0,0.08507579508131137,0.12601395935811915,0.0,0.15018444043927595,0.0,0.0,0.0,0.0,0.0,0.0,0.0
2023-02-21,0.0,0.0,0.08507579508131137,0.12601395935811915,0.0,0.15018444043927595,0.0,0.0,0.0,0.0,0.0,0.0,0.0
2023-02-22,0.0,0.0,0.08507579508131137,0.12601395935811915,0.0,0.15018444043927595,0.0,0.0,0.0,0.0,0.0,0.0,0.0
2023-02-23,0.0,0.0,0.08507579508131137,0.12601395935811915,0.0,0.15018444043927595,0.0,0.0,0.0,0.0,0.0,0.0,0.0
2023-02-24,0.0,0.0,0.08507579508131137,0.12601395935811915,0.0,0.15018444043927595,0.0,0.0,0.0,0.0,0.0,0.0,0.0
2023-02-27,0.0,0.0,0.08507579508131137,0.12601395935811915,0.0,0.15018444043927595,0.0,0.0,0.0,0.0,0.0,0.0,0.0
2023-02-28,0.0,-0.013259037847287256,0.07488478298880052,0.11091906917911612,0.0,0.13219423009612458,-0.02934513313039764,0.0,-0.009613638298240296,-0.02934513313039764,0.0,-0.025160944979011904,0.0
2023-03-01,0.0,-0.02651807569457451,0.06469377089628968,0.09582417900011309,0.0,0.11420401975297319,-0.05869026626079528,0.0,-0.019227276596480592,-0.05869026626079528,0.0,-0.05032188995802381,0.0
2023-03-02,0.0,-0.03977711354186177,0.05450275880377884,0.08072928882111005,0.0,0.0962138094098218,-0.08803539939119291,0.0,-0.028840914894720886,-0.08803539939119291,0.0,-0.07548283493703571,0.0
2023-03-03,0.0,-0.05303615138914902,0.044311746711268,0.06563439864210702,0.0,0.07822359906667042,-0.11738053252159054,0.0,-0.03845455319296118,-0.11738053252159054,0.0,-0.10064377991604762,0.0
2023-03-06,0.0,-0.06629518923643628,0.03412073461875716,0.05053950846310398,0.0,0.06023338872351904,-0.1467256656519882,0.0,-0.04806819149120147,-0.1467256656519882,0.0,-0.1258047248950595,0.0
2023-03-07,0.0,-0.07955422708372353,0.023929722526246325,0.03544461828410094,0.0,0.04224317838036766,-0.17607079878238582,0.0,-0.057681829789441766,-0.17607079878238582,0.0,-0.1509656698740714,0.0
2023-03-08,0.0,-0.09281326493101079,0.013738710433735486,0.0203497281050979,0.0,0.02425296803721628,-0.20541593191278346,0.0,-0.06729546808768207,-0.20541593191278346,0.0,-0.1761266148530833,0.0
2023-03-09,0.0,-0.10607230277829804,0.003547698341224646,0.005254837926094859,0.0,0.006262757694064897,-0.2347610650431811,0.0,-0.07690910638592235,-0.2347610650431811,0.0,-0.20128755983209523,0.0
2023-03-10,0.0,-0.11068804321212834,0.0,0.0,0.0,0.0,-0.24497670203631494,0.0,-0.08025580917993286,-0.24497670203631494,0.0,-0.2100465959273701,0.0
2023-03-13,0.0,-0.11068804321212834,0.0,0.0,0.0,0.0,-0.24497670203631494,0.0,-0.08025580917993286,-0.24497670203631494,0.0,-0.2100465959273701,0.0
2023-03-14,0.0,-0.11068804321212834,0.0,0.0,0.0,0.0,-0.24497670203631494,0.0,-0.08025580917993286,-0.24497670203631494,0.0,-0.2100465959273701,0.0
2023-03-15,0.0,-0.11068804321212834,0.0,0.0,0.0,0.0,-0.24497670203631494,0.0,-0.08025580917993286,-0.24497670203631494,0.0,-0.2100465959273701,0.0
2023-03-16,0.0,-0.11068804321212834,0.0,0.0,0.0,0.0,-0.24497670203631494,0.0,-0.08025580917993286,-0.24497670203631494,0.0,-0.2100465959273701,0.0
2023-03-17,0.0,-0.11068804321212834,0.0,0.0,0.0,0.0,-0.24497670203631494,0.0,-0.08025580917993286,-0.24497670203631494,0.0,-0.2100465959273701,0.0
2023-03-20,0.0,-0.11068804321212834,0.0,0.0,0.0,0.0,-0.24497670203631494,0.0,-0.08025580917993286,-0.24497670203631494,0.0,-0.2100465959273701,0.0
2023-03-21,0.0,-0.11068804321212834,0.0,0.0,0.0,0.0,-0.24497670203631494,0.0,-0.08025580917993286,-0.24497670203631494,0.0,-0.2100465959273701,0.0
2023-03-22,0.0,-0.11068804321212834,0.0,0.0,0.0,0.0,-0.24497670203631494,0.0,-0.08025580917993286,-0.24497670203631494,0.0,-0.2100465959273701,0.0
2023-03-23,0.0,-0.11068804321212834,0.0,0.0,0.0,0.0,-0.24497670203631494,0.0,-0.08025580917993286,-0.24497670203631494,0.0,-0.2100465959273701,0.0
2023-03-24,0.0,-0.11068804321212834,0.0,0.0,0.0,0.0,-0.24497670203631494,0.0,-0.08025580917993286,-0.24497670203631494,0.0,-0.2100465959273701,0.0
2023-03-27,0.0,-0.11068804321212834,0.0,0.0,0.0,0.0,-0.24497670203631494,0.0,-0.08025580917993286,-0.24497670203631494,0.0,-0.2100465959273701,0.0
2023-03-28,0.0,-0.11068804321212834,0.0,0.0,0.0,0.0,-0.24497670203631494,0.0,-0.08025580917993286,-0.24497670203631494,0.0,-0.2100465959273701,0.0
2023-03-29,0.0,-0.11068804321212834,0.0,0.0,0.0,0.0,-0.24497670203631494,0.0,-0.08025580917993286,-0.24497670203631494,0.0,-0.2100465959273701,0.0
2023-03-30,0.0,-0.11068804321212834,0.0,0.0,0.0,0.0,-0.24497670203631494,0.0,-0.08025580917993286,-0.24497670203631494,0.0,-0.2100465959273701,0.0
2023-03-31,-0.01225857764128348,-0.10146343864464415,0.0,0.0,0.0,0.02083469067613221,-0.22456064679717241,-0.012354346220949242,-0.06409985285508438,-0.20372595612104022,0.0,-0.19254157251248494,0.0
2023-04-03,-0.02451715528256696,-0.09223883407715995,0.0,0.0,0.0,0.04166938135226442,-0.2041445915580299,-0.024708692441898484,-0.047943896530235904,-0.1624752102057655,0.0,-0.1750365490975998,0.0
2023-04-04,-0.03677573292385044,-0.08301422950967575,0.0,0.0,0.0,0.06250407202839663,-0.1837285363188874,-0.03706303866284773,-0.03178794020538743,-0.12122446429049077,0.0,-0.15753152568271467,0.0
2023-04-05,-0.049034310565133916,-0.07378962494219156,0.0,0.0,0.0,0.08333876270452883,-0.1633124810797449,-0.04941738488379697,-0.015631983880538956,-0.07997371837521605,0.0,-0.14002650226782953,0.0
2023-04-06,-0.0612928882064174,-0.06456502037470736,0.0,0.0,0.0,0.10417345338066104,-0.14289642584060236,-0.06177173110474621,0.0005239724443095173,-0.03872297245994133,0.0,-0.12252147885294438,0.0
2023-04-10,-0.07355146584770088,-0.05534041580722317,0.0,0.0,0.0,0.12500814405679325,-0.12248037060145985,-0.07412607732569546,0.016679928769157994,0.0025277734553334,0.0,-0.10501645543805924,0.0
2023-04-11,-0.08581004348898436,-0.04611581123973897,0.0,0.0,0.0,0.14584283473292545,-0.10206431536231733,-0.0864804235466447,0.032835885094006464,0.04377851937060812,0.0,-0.08751143202317409,0.0
2023-04-12,-0.09806862113026783,-0.036891206672254775,0.0,0.0,0.0,0.16667752540905767,-0.08164826012317482,-0.09883476976759395,0.04899184141885494,0.08502926528588284,0.0,-0.07000640860828894,0.0
2023-04-13,-0.11032719877155131,-0.02766660210477058,0.0,0.0,0.0,0.18751221608518986,-0.061232204884032304,-0.11118911598854318,0.06514779774370341,0.12628001120115756,0.0,-0.05250138519340379,0.0
2023-04-14,-0.12258577641283479,-0.01844199753728638,0.0,0.0,0.0,0.20834690676132206,-0.04081614964488979,-0.12354346220949242,0.08130375406855189,0.16753075711643228,0.0,-0.034996361778518635,0.0
2023-04-17,-0.13484435405411827,-0.009217392969802181,0.0,0.0,0.0,0.22918159743745428,-0.020400094405747277,-0.13589780843044166,0.09745971039340036,0.208781503031707,0.0,-0.01749133836363348,0.0
2023-04-18,-0.1470933482027484,0.0,0.0,0.0,0.0,0.25,0.0,-0.1482424962889193,0.11360303633866663,0.25,0.0,0.0,0.0
2023-04-19,-0.1470933482027484,0.0,0.0,0.0,0.0,0.25,0.0,-0.1482424962889193,0.11360303633866663,0.25,0.0,0.0,0.0
2023-04-20,-0.1470933482027484,0.0,0.0,0.0,0.0,0.25,0.0,-0.1482424962889193,0.11360303633866663,0.25,0.0,0.0,0.0
2023-04-21,-0.1470933482027484,0.0,0.0,0.0,0.0,0.25,0.0,-0.1482424962889193,0.11360303633866663,0.25,0.0,0.0,0.0
2023-04-24,-0.1470933482027484,0.0,0.0,0.0,0.0,0.25,0.0,-0.1482424962889193,0.11360303633866663,0.25,0.0,0.0,0.0
2023-04-25,-0.1470933482027484,0.0,0.0,0.0,0.0,0.25,0.0,-0.1482424962889193,0.11360303633866663,0.25,0.0,0.0,0.0
2023-04-26,-0.1470933482027484,0.0,0.0,0.0,0.0,0.25,0.0,-0.1482424962889193,0.11360303633866663,0.25,0.0,0.0,0.0
2023-04-27,-0.1470933482027484,0.0,0.0,0.0,0.0,0.25,0.0,-0.1482424962889193,0.11360303633866663,0.25,0.0,0.0,0.0
2023-04-28,-0.1470933482027484,0.0,0.0,0.0,0.0,0.25,0.0,-0.1482424962889193,0.11360303633866663,0.25,0.0,0.0,0.0
2023-05-01,-0.1470933482027484,0.0,0.0,0.0,0.0,0.25,0.0,-0.1482424962889193,0.11360303633866663,0.25,0.0,0.0,0.0
2023-05-02,-0.1470933482027484,0.0,0.0,0.0,0.0,0.25,0.0,-0.1482424962889193,0.11360303633866663,0.25,0.0,0.0,0.0
2023-05-03,-0.1470933482027484,0.0,0.0,0.0,0.0,0.25,0.0,-0.1482424962889193,0.11360303633866663,0.25,0.0,0.0,0.0
2023-05-04,-0.1470933482027484,0.0,0.0,0.0,0.0,0.25,0.0,-0.1482424962889193,0.11360303633866663,0.25,0.0,0.0,0.0
2023-05-05,-0.1470933482027484,0.0,0.0,0.0,0.0,0.25,0.0,-0.1482424962889193,0.11360303633866663,0.25,0.0,0.0,0.0
2023-05-08,-0.1470933482027484,0.0,0.0,0.0,0.0,0.25,0.0,-0.1482424962889193,0.11360303633866663,0.25,0.0,0.0,0.0
2023-05-09,-0.1470933482027484,0.0,0.0,0.0,0.0,0.25,0.0,-0.1482424962889193,0.11360303633866663,0.25,0.0,0.0,0.0
2023-05-10,-0.1470933482027484,0.0,0.0,0.0,0.0,0.25,0.0,-0.1482424962889193,0.11360303633866663,0.25,0.0,0.0,0.0
2023-05-11,-0.1470933482027484,0.0,0.0,0.0,0.0,0.25,0.0,-0.1482424962889193,0.11360303633866663,0.25,0.0,0.0,0.0
2023-05-12,-0.1470933482027484,0.0,0.0,0.0,0.0,0.25,0.0,-0.1482424962889193,0.11360303633866663,0.25,0.0,0.0,0.0
2023-05-15,-0.1470933482027484,0.0,0.0,0.0,0.0,0.25,0.0,-0.1482424962889193,0.11360303633866663,0.25,0.0,0.0,0.0
2023-05-16,-0.1470933482027484,0.0,0.0,0.0,0.0,0.25,0.0,-0.1482424962889193,0.11360303633866663,0.25,0.0,0.0,0.0
2023-05-17,-0.1470933482027484,0.0,0.0,0.0,0.0,0.25,0.0,-0.1482424962889193,0.11360303633866663,0.25,0.0,0.0,0.0
2023-05-18,-0.1470933482027484,0.0,0.0,0.0,0.0,0.25,0.0,-0.1482424962889193,0.11360303633866663,0.25,0.0,0.0,0.0
2023-05-19,-0.1470933482027484,0.0,0.0,0.0,0.0,0.25,0.0,-0.1482424962889193,0.11360303633866663,0.25,0.0,0.0,0.0
2023-05-22,-0.1470933482027484,0.0,0.0,0.0,0.0,0.25,0.0,-0.1482424962889193,0.11360303633866663,0.25,0.0,0.0,0.0
2023-05-23,-0.1470933482027484,0.0,0.0,0.0,0.0,0.25,0.0,-0.1482424962889193,0.11360303633866663,0.25,0.0,0.0,0.0
2023-05-24,-0.1470933482027484,0.0,0.0,0.0,0.0,0.25,0.0,-0.1482424962889193,0.11360303633866663,0.25,0.0,0.0,0.0
2023-05-25,-0.1470933482027484,0.0,0.0,0.0,0.0,0.25,0.0,-0.1482424962889193,0.11360303633866663,0.25,0.0,0.0,0.0
2023-05-26,-0.1470933482027484,0.0,0.0,0.0,0.0,0.25,0.0,-0.1482424962889193,0.11360303633866663,0.25,0.0,0.0,0.0
2023-05-30,-0.1470933482027484,0.0,0.0,0.0,0.0,0.25,0.0,-0.1482424962889193,0.11360303633866663,0.25,0.0,0.0,0.0
2023-05-31,-0.15103834123100965,0.0,0.033212780470471555,0.0,-0.03708337236939446,0.25,0.0,-0.12625316952551702,0.1320622326252206,0.25,0.03531033108191646,0.0,0.0
2023-06-01,-0.1549833342592709,0.0,0.06642556094094311,0.0,-0.07416674473878893,0.25,0.0,-0.10426384276211473,0.15052142891177456,0.25,0.07062066216383292,0.0,0.0
2023-06-02,-0.15892832728753217,0.0,0.09963834141141467,0.0,-0.11125011710818339,0.25,0.0,-0.08227451599871244,0.16898062519832852,0.25,0.10593099324574938,0.0,0.0
2023-06-05,-0.16287332031579344,0.0,0.13285112188188622,0.0,-0.14833348947757785,0.25,0.0,-0.060285189235310156,0.18743982148488247,0.25,0.14124132432766584,0.0,0.0
2023-06-06,-0.16681831334405473,0.0,0.16606390235235777,0.0,-0.18541686184697231,0.25,0.0,-0.038295862471907874,0.20589901777143643,0.25,0.1765516554095823,0.0,0.0
2023-06-07,-0.170763306372316,0.0,0.19927668282282932,0.0,-0.22250023421636678,0.25,0.0,-0.016306535708505595,0.2243582140579904,0.25,0.21186198649149876,0.0,0.0
2023-06-08,-0.17368877882435185,0.0,0.22390614949762921,0.0,-0.25,0.25,0.0,0.0,0.23804692525118534,0.25,0.23804692525118534,0.0,0.0
2023-06-09,-0.17368877882435185,0.0,0.22390614949762921,0.0,-0.25,0.25,0.0,0.0,0.23804692525118534,0.25,0.23804692525118534,0.0,0.0
2023-06-12,-0.17368877882435185,0.0,0.22390614949762921,0.0,-0.25,0.25,0.0,0.0,0.23804692525118534,0.25,0.23804692525118534,0.0,0.0
2023-06-13,-0.17368877882435185,0.0,0.22390614949762921,0.0,-0.25,0.25,0.0,0.0,0.23804692525118534,0.25,0.23804692525118534,0.0,0.0
2023-06-14,-0.17368877882435185,0.0,0.22390614949762921,0.0,-0.25,0.25,0.0,0.0,0.23804692525118534,0.25,0.23804692525118534,0.0,0.0
2023-06-15,-0.17368877882435185,0.0,0.22390614949762921,0.0,-0.25,0.25,0.0,0.0,0.23804692525118534,0.25,0.23804692525118534,0.0,0.0
2023-06-16,-0.17368877882435185,0.0,0.22390614949762921,0.0,-0.25,0.25,0.0,0.0,0.23804692525118534,0.25,0.23804692525118534,0.0,0.0
2023-06-20,-0.17368877882435185,0.0,0.22390614949762921,0.0,-0.25,0.25,0.0,0.0,0.23804692525118534,0.25,0.23804692525118534,0.0,0.0
2023-06-21,-0.17368877882435185,0.0,0.22390614949762921,0.0,-0.25,0.25,0.0,0.0,0.23804692525118534,0.25,0.23804692525118534,0.0,0.0
2023-06-22,-0.17368877882435185,0.0,0.22390614949762921,0.0,-0.25,0.25,0.0,0.0,0.23804692525118534,0.25,0.23804692525118534,0.0,0.0
2023-06-23,-0.17368877882435185,0.0,0.22390614949762921,0.0,-0.25,0.25,0.0,0.0,0.23804692525118534,0.25,0.23804692525118534,0.0,0.0
2023-06-26,-0.17368877882435185,0.0,0.22390614949762921,0.0,-0.25,0.25,0.0,0.0,0.23804692525118534,0.25,0.23804692525118534,0.0,0.0
2023-06-27,-0.17368877882435185,0.0,0.22390614949762921,0.0,-0.25,0.25,0.0,0.0,0.23804692525118534,0.25,0.23804692525118534,0.0,0.0
2023-06-28,-0.17368877882435185,0.0,0.22390614949762921,0.0,-0.25,0.25,0.0,0.0,0.23804692525118534,0.25,0.23804692525118534,0.0,0.0
2023-06-29,-0.17368877882435185,0.0,0.22390614949762921,0.0,-0.25,0.25,0.0,0.0,0.23804692525118534,0.25,0.23804692525118534,0.0,0.0
2023-06-30,-0.14701069143880666,0.0,0.21760024097263642,0.0,-0.25,0.2116007326925186,0.0,0.023261688999746014,0.22956903501380874,0.2116007326925186,0.22956903501380874,0.0,0.0
2023-07-03,-0.12033260405326146,0.0,0.21129433244764362,0.0,-0.25,0.17320146538503722,0.0,0.04652337799949203,0.22109114477643213,0.17320146538503722,0.22109114477643213,0.0,0.0
2023-07-05,-0.09365451666771626,0.0,0.20498842392265082,0.0,-0.25,0.13480219807755583,0.0,0.06978506699923805,0.21261325453905552,0.13480219807755583,0.21261325453905552,0.0,0.0
2023-07-06,-0.06697642928217107,0.0,0.19868251539765802,0.0,-0.25,0.09640293077007445,0.0,0.09304675599898406,0.20413536430167892,0.09640293077007445,0.20413536430167892,0.0,0.0
2023-07-07,-0.04029834189662586,0.0,0.19237660687266522,0.0,-0.25,0.05800366346259305,0.0,0.11630844499873007,0.1956574740643023,0.05800366346259305,0.1956574740643023,0.0,0.0
2023-07-10,-0.013620254511080652,0.0,0.18607069834767245,0.0,-0.25,0.019604396155111656,0.0,0.1395701339984761,0.1871795838269257,0.019604396155111656,0.1871795838269257,0.0,0.0
2023-07-11,0.0,0.0,0.18285127418908262,0.0,-0.25,0.0,0.0,0.1514461774327521,0.18285127418908262,0.0,0.18285127418908262,0.0,0.0
2023-07-12,0.0,0.0,0.18285127418908262,0.0,-0.25,0.0,0.0,0.1514461774327521,0.18285127418908262,0.0,0.18285127418908262,0.0,0.0
2023-07-13,0.0,0.0,0.18285127418908262,0.0,-0.25,0.0,0.0,0.1514461774327521,0.18285127418908262,0.0,0.18285127418908262,0.0,0.0
2023-07-14,0.0,0.0,0.18285127418908262,0.0,-0.25,0.0,0.0,0.1514461774327521,0.18285127418908262,0.0,0.18285127418908262,0.0,0.0
2023-07-17,0.0,0.0,0.18285127418908262,0.0,-0.25,0.0,0.0,0.1514461774327521,0.18285127418908262,0.0,0.18285127418908262,0.0,0.0
2023-07-18,0.0,0.0,0.18285127418908262,0.0,-0.25,0.0,0.0,0.1514461774327521,0.18285127418908262,0.0,0.18285127418908262,0.0,0.0
2023-07-19,0.0,0.0,0.18285127418908262,0.0,-0.25,0.0,0.0,0.1514461774327521,0.18285127418908262,0.0,0.18285127418908262,0.0,0.0
2023-07-20,0.0,0.0,0.18285127418908262,0.0,-0.25,0.0,0.0,0.1514461774327521,0.18285127418908262,0.0,0.18285127418908262,0.0,0.0
2023-07-21,0.0,0.0,0.18285127418908262,0.0,-0.25,0.0,0.0,0.1514461774327521,0.18285127418908262,0.0,0.18285127418908262,0.0,0.0
2023-07-24,0.0,0.0,0.18285127418908262,0.0,-0.25,0.0,0.0,0.1514461774327521,0.18285127418908262,0.0,0.18285127418908262,0.0,0.0
2023-07-25,0.0,0.0,0.18285127418908262,0.0,-0.25,0.0,0.0,0.1514461774327521,0.18285127418908262,0.0,0.18285127418908262,0.0,0.0
2023-07-26,0.0,0.0,0.18285127418908262,0.0,-0.25,0.0,0.0,0.1514461774327521,0.18285127418908262,0.0,0.18285127418908262,0.0,0.0
2023-07-27,0.0,0.0,0.18285127418908262,0.0,-0.25,0.0,0.0,0.1514461774327521,0.18285127418908262,0.0,0.18285127418908262,0.0,0.0
2023-07-28,0.0,0.0,0.18285127418908262,0.0,-0.25,0.0,0.0,0.1514461774327521,0.18285127418908262,0.0,0.18285127418908262,0.0,0.0
2023-07-31,0.0,0.0,0.17795786983526074,0.03710426775555352,-0.25,0.03710426775555352,-0.03710426775555352,0.15589653241761856,0.18307279887356034,0.0,0.18307279887356034,-0.02890038802569569,0.0
2023-08-01,0.0,0.0,0.17306446548143886,0.07420853551110704,-0.25,0.07420853551110704,-0.07420853551110704,0.160346887402485,0.18329432355803804,0.0,0.18329432355803804,-0.057800776051391375,0.0
2023-08-02,0.0,0.0,0.16817106112761698,0.11131280326666056,-0.25,0.11131280326666056,-0.11131280326666056,0.16479724238735147,0.18351584824251577,0.0,0.18351584824251577,-0.08670116407708707,0.0
2023-08-03,0.0,0.0,0.1632776567737951,0.14841707102221408,-0.25,0.14841707102221408,-0.14841707102221408,0.16924759737221792,0.18373737292699346,0.0,0.18373737292699346,-0.11560155210278275,0.0
2023-08-04,0.0,0.0,0.15838425241997323,0.18552133877776758,-0.25,0.18552133877776758,-0.18552133877776758,0.17369795235708435,0.1839588976114712,0.0,0.1839588976114712,-0.14450194012847845,0.0
2023-08-07,0.0,0.0,0.15349084806615135,0.2226256065333211,-0.25,0.2226256065333211,-0.2226256065333211,0.1781483073419508,0.1841804222959489,0.0,0.1841804222959489,-0.17340232815417414,0.0
2023-08-08,0.0,0.0,0.1498806440579337,0.25,-0.25,0.25,-0.25,0.18143164308178347,0.18434385643014137,0.0,0.18434385643014137,-0.1947241501711759,0.0
2023-08-09,0.0,0.0,0.1498806440579337,0.25,-0.25,0.25,-0.25,0.18143164308178347,0.18434385643014137,0.0,0.18434385643014137,-0.1947241501711759,0.0
2023-08-10,0.0,0.0,0.1498806440579337,0.25,-0.25,0.25,-0.25,0.18143164308178347,0.18434385643014137,0.0,0.18434385643014137,-0.1947241501711759,0.0
2023-08-11,0.0,0.0,0.1498806440579337,0.25,-0.25,0.25,-0.25,0.18143164308178347,0.18434385643014137,0.0,0.18434385643014137,-0.1947241501711759,0.0
2023-08-14,0.0,0.0,0.1498806440579337,0.25,-0.25,0.25,-0.25,0.18143164308178347,0.18434385643014137,0.0,0.18434385643014137,-0.1947241501711759,0.0
2023-08-15,0.0,0.0,0.1498806440579337,0.25,-0.25,0.25,-0.25,0.18143164308178347,0.18434385643014137,0.0,0.18434385643014137,-0.1947241501711759,0.0
2023-08-16,0.0,0.0,0.1498806440579337,0.25,-0.25,0.25,-0.25,0.18143164308178347,0.18434385643014137,0.0,0.18434385643014137,-0.1947241501711759,0.0
2023-08-17,0.0,0.0,0.1498806440579337,0.25,-0.25,0.25,-0.25,0.18143164308178347,0.18434385643014137,0.0,0.18434385643014137,-0.1947241501711759,0.0
2023-08-18,0.0,0.0,0.1498806440579337,0.25,-0.25,0.25,-0.25,0.18143164308178347,0.18434385643014137,0.0,0.18434385643014137,-0.1947241501711759,0.0
2023-08-21,0.0,0.0,0.1498806440579337,0.25,-0.25,0.25,-0.25,0.18143164308178347,0.18434385643014137,0.0,0.18434385643014137,-0.1947241501711759,0.0
2023-08-22,0.0,0.0,0.1498806440579337,0.25,-0.25,0.25,-0.25,0.18143164308178347,0.18434385643014137,0.0,0.18434385643014137,-0.1947241501711759,0.0
2023-08-23,0.0,0.0,0.1498806440579337,0.25,-0.25,0.25,-0.25,0.18143164308178347,0.18434385643014137,0.0,0.18434385643014137,-0.1947241501711759,0.0
2023-08-24,0.0,0.0,0.1498806440579337,0.25,-0.25,0.25,-0.25,0.18143164308178347,0.18434385643014137,0.0,0.18434385643014137,-0.1947241501711759,0.0
2023-08-25,0.0,0.0,0.1498806440579337,0.25,-0.25,0.25,-0.25,0.18143164308178347,0.18434385643014137,0.0,0.18434385643014137,-0.1947241501711759,0.0
2023-08-28,0.0,0.0,0.1498806440579337,0.25,-0.25,0.25,-0.25,0.18143164308178347,0.18434385643014137,0.0,0.18434385643014137,-0.1947241501711759,0.0
2023-08-29,0.0,0.0,0.1498806440579337,0.25,-0.25,0.25,-0.25,0.18143164308178347,0.18434385643014137,0.0,0.18434385643014137,-0.1947241501711759,0.0
2023-08-30,0.0,0.0,0.1498806440579337,0.25,-0.25,0.25,-0.25,0.18143164308178347,0.18434385643014137,0.0,0.18434385643014137,-0.1947241501711759,0.0
2023-08-31,0.0,0.0,0.10693182265311071,0.25,-0.25,0.24388976144609964,-0.25,0.1294417728428276,0.19910184292470753,0.0,0.20315785340777184,-0.21010323650130006,0.0
2023-09-01,0.0,0.0,0.06398300124828774,0.25,-0.25,0.23777952289219928,-0.25,0.07745190260387173,0.2138598294192737,0.0,0.22197185038540232,-0.2254823228314242,0.0
2023-09-05,0.0,0.0,0.02103417984346477,0.25,-0.25,0.23166928433829895,-0.25,0.025462032364915878,0.22861781591383987,0.0,0.24078584736303282,-0.24086140916154836,0.0
2023-09-06,0.0,0.0,0.0,0.25,-0.25,0.2286767957803992,-0.25,0.0,0.2358455379304275,0.0,0.25,-0.24839331474393705,0.0
2023-09-07,0.0,0.0,0.0,0.25,-0.25,0.2286767957803992,-0.25,0.0,0.2358455379304275,0.0,0.25,-0.24839331474393705,0.0
2023-09-08,0.0,0.0,0.0,0.25,-0.25,0.2286767957803992,-0.25,0.0,0.2358455379304275,0.0,0.25,-0.24839331474393705,0.0
2023-09-11,0.0,0.0,0.0,0.25,-0.25,0.2286767957803992,-0.25,0.0,0.2358455379304275,0.0,0.25,-0.24839331474393705,0.0
2023-09-12,0.0,0.0,0.0,0.25,-0.25,0.2286767957803992,-0.25,0.0,0.2358455379304275,0.0,0.25,-0.24839331474393705,0.0
2023-09-13,0.0,0.0,0.0,0.25,-0.25,0.2286767957803992,-0.25,0.0,0.2358455379304275,0.0,0.25,-0.24839331474393705,0.0
2023-09-14,0.0,0.0,0.0,0.25,-0.25,0.2286767957803992,-0.25,0.0,0.2358455379304275,0.0,0.25,-0.24839331474393705,0.0
2023-09-15,0.0,0.0,0.0,0.25,-0.25,0.2286767957803992,-0.25,0.0,0.2358455379304275,0.0,0.25,-0.24839331474393705,0.0
2023-09-18,0.0,0.0,0.0,0.25,-0.25,0.2286767957803992,-0.25,0.0,0.2358455379304275,0.0,0.25,-0.24839331474393705,0.0
2023-09-19,0.0,0.0,0.0,0.25,-0.25,0.2286767957803992,-0.25,0.0,0.2358455379304275,0.0,0.25,-0.24839331474393705,0.0
2023-09-20,0.0,0.0,0.0,0.25,-0.25,0.2286767957803992,-0.25,0.0,0.2358455379304275,0.0,0.25,-0.24839331474393705,0.0
2023-09-21,0.0,0.0,0.0,0.25,-0.25,0.2286767957803992,-0.25,0.0,0.2358455379304275,0.0,0.25,-0.24839331474393705,0.0
2023-09-22,0.0,0.0,0.0,0.25,-0.25,0.2286767957803992,-0.25,0.0,0.2358455379304275,0.0,0.25,-0.24839331474393705,0.0
2023-09-25,0.0,0.0,0.0,0.25,-0.25,0.2286767957803992,-0.25,0.0,0.2358455379304275,0.0,0.25,-0.24839331474393705,0.0
2023-09-26,0.0,0.0,0.0,0.25,-0.25,0.2286767957803992,-0.25,0.0,0.2358455379304275,0.0,0.25,-0.24839331474393705,0.0
2023-09-27,0.0,0.0,0.0,0.25,-0.25,0.2286767957803992,-0.25,0.0,0.2358455379304275,0.0,0.25,-0.24839331474393705,0.0
2023-09-28,0.0,0.0,0.0,0.25,-0.25,0.2286767957803992,-0.25,0.0,0.2358455379304275,0.0,0.25,-0.24839331474393705,0.0
2023-09-29,0.0,0.0,0.0,0.25,-0.25,0.2286767957803992,-0.25,0.0,0.2358455379304275,0.0,0.25,-0.24839331474393705,0.0
2023-10-02,0.0,0.0,0.0,0.25,-0.25,0.2286767957803992,-0.25,0.0,0.2358455379304275,0.0,0.25,-0.24839331474393705,0.0
2023-10-03,0.0,0.0,0.0,0.25,-0.25,0.2286767957803992,-0.25,0.0,0.2358455379304275,0.0,0.25,-0.24839331474393705,0.0
2023-10-04,0.0,0.0,0.0,0.25,-0.25,0.2286767957803992,-0.25,0.0,0.2358455379304275,0.0,0.25,-0.24839331474393705,0.0
2023-10-05,0.0,0.0,0.0,0.25,-0.25,0.2286767957803992,-0.25,0.0,0.2358455379304275,0.0,0.25,-0.24839331474393705,0.0
2023-10-06,0.0,0.0,0.0,0.25,-0.25,0.2286767957803992,-0.25,0.0,0.2358455379304275,0.0,0.25,-0.24839331474393705,0.0
2023-10-09,0.0,0.0,0.0,0.25,-0.25,0.2286767957803992,-0.25,0.0,0.2358455379304275,0.0,0.25,-0.24839331474393705,0.0
2023-10-10,0.0,0.0,0.0,0.25,-0.25,0.2286767957803992,-0.25,0.0,0.2358455379304275,0.0,0.25,-0.24839331474393705,0.0
2023-10-11,0.0,0.0,0.0,0.25,-0.25,0.2286767957803992,-0.25,0.0,0.2358455379304275,0.0,0.25,-0.24839331474393705,0.0
2023-10-12,0.0,0.0,0.0,0.25,-0.25,0.2286767957803992,-0.25,0.0,0.2358455379304275,0.0,0.25,-0.24839331474393705,0.0
2023-10-13,0.0,0.0,0.0,0.25,-0.25,0.2286767957803992,-0.25,0.0,0.2358455379304275,0.0,0.25,-0.24839331474393705,0.0
2023-10-16,0.0,0.0,0.0,0.25,-0.25,0.2286767957803992,-0.25,0.0,0.2358455379304275,0.0,0.25,-0.24839331474393705,0.0
2023-10-17,0.0,0.0,0.0,0.25,-0.25,0.2286767957803992,-0.25,0.0,0.2358455379304275,0.0,0.25,-0.24839331474393705,0.0
2023-10-18,0.0,0.0,0.0,0.25,-0.25,0.2286767957803992,-0.25,0.0,0.2358455379304275,0.0,0.25,-0.24839331474393705,0.0
2023-10-19,0.0,0.0,0.0,0.25,-0.25,0.2286767957803992,-0.25,0.0,0.2358455379304275,0.0,0.25,-0.24839331474393705,0.0
2023-10-20,0.0,0.0,0.0,0.25,-0.25,0.2286767957803992,-0.25,0.0,0.2358455379304275,0.0,0.25,-0.24839331474393705,0.0
2023-10-23,0.0,0.0,0.0,0.25,-0.25,0.2286767957803992,-0.25,0.0,0.2358455379304275,0.0,0.25,-0.24839331474393705,0.0
2023-10-24,0.0,0.0,0.0,0.25,-0.25,0.2286767957803992,-0.25,0.0,0.2358455379304275,0.0,0.25,-0.24839331474393705,0.0
2023-10-25,0.0,0.0,0.0,0.25,-0.25,0.2286767957803992,-0.25,0.0,0.2358455379304275,0.0,0.25,-0.24839331474393705,0.0
2023-10-26,0.0,0.0,0.0,0.25,-0.25,0.2286767957803992,-0.25,0.0,0.2358455379304275,0.0,0.25,-0.24839331474393705,0.0
2023-10-27,0.0,0.0,0.0,0.25,-0.25,0.2286767957803992,-0.25,0.0,0.2358455379304275,0.0,0.25,-0.24839331474393705,0.0
2023-10-30,0.0,0.0,0.0,0.25,-0.25,0.2286767957803992,-0.25,0.0,0.2358455379304275,0.0,0.25,-0.24839331474393705,0.0
2023-10-31,0.0,0.0,0.0,0.22226418814982052,-0.25,0.22787107270101123,-0.2481509458766547,-0.027735811850179468,0.22700112350419965,0.025886757726834166,0.22226418814982052,-0.24672251150045024,0.027735811850179468
2023-11-01,0.0,0.0,0.0,0.19452837629964106,-0.25,0.22706534962162325,-0.2463018917533094,-0.055471623700358935,0.2181567090779718,0.05177351545366833,0.19452837629964106,-0.24505170825696343,0.055471623700358935
2023-11-02,0.0,0.0,0.0,0.1667925644494616,-0.25,0.22625962654223528,-0.24445283762996411,-0.0832074355505384,0.20931229465174395,0.07766027318050249,0.1667925644494616,-0.2433809050134766,0.0832074355505384
2023-11-03,0.0,0.0,0.0,0.13905675259928213,-0.25,0.2254539034628473,-0.24260378350661882,-0.11094324740071787,0.2004678802255161,0.10354703090733666,0.13905675259928213,-0.24171010176998978,0.11094324740071787
2023-11-06,0.0,0.0,0.0,0.11132094074910266,-0.25,0.22464818038345932,-0.24075472938327352,-0.13867905925089732,0.19162346579928824,0.12943378863417082,0.11132094074910266,-0.24003929852650296,0.13867905925089732
2023-11-07,0.0,0.0,0.0,0.0835851288989232,-0.25,0.22384245730407137,-0.23890567525992823,-0.16641487110107678,0.18277905137306036,0.15532054636100498,0.0835851288989232,-0.23836849528301612,0.16641487110107678
2023-11-08,0.0,0.0,0.0,0.055849317048743734,-0.25,0.2230367342246834,-0.2370566211365829,-0.19415068295125626,0.17393463694683248,0.18120730408783914,0.055849317048743734,-0.23669769203952928,0.19415068295125626
2023-11-09,0.0,0.0,0.0,0.028113505198564273,-0.25,0.22223101114529545,-0.2352075670132376,-0.2218864948014357,0.16509022252060462,0.20709406181467332,0.028113505198564273,-0.23502688879604247,0.2218864948014357
2023-11-10,0.0,0.0,0.0,0.0003776933483848159,-0.25,0.22142528806590747,-0.2333585128898923,-0.2496223066516152,0.15624580809437674,0.23298081954150748,0.0003776933483848159,-0.23335608555255566,0.2496223066516152
2023-11-13,0.0,0.0,0.0,0.0,-0.25,0.22141431610484252,-0.2333333333333333,-0.25,0.15612536898420434,0.2333333333333333,0.0,-0.2333333333333333,0.25
2023-11-14,0.0,0.0,0.0,0.0,-0.25,0.22141431610484252,-0.2333333333333333,-0.25,0.15612536898420434,0.2333333333333333,0.0,-0.2333333333333333,0.25
2023-11-15,0.0,0.0,0.0,0.0,-0.25,0.22141431610484252,-0.2333333333333333,-0.25,0.15612536898420434,0.2333333333333333,0.0,-0.2333333333333333,0.25
2023-11-16,0.0,0.0,0.0,0.0,-0.25,0.22141431610484252,-0.2333333333333333,-0.25,0.15612536898420434,0.2333333333333333,0.0,-0.2333333333333333,0.25
2023-11-17,0.0,0.0,0.0,0.0,-0.25,0.22141431610484252,-0.2333333333333333,-0.25,0.15612536898420434,0.2333333333333333,0.0,-0.2333333333333333,0.25
2023-11-20,0.0,0.0,0.0,0.0,-0.25,0.22141431610484252,-0.2333333333333333,-0.25,0.15612536898420434,0.2333333333333333,0.0,-0.2333333333333333,0.25
2023-11-21,0.0,0.0,0.0,0.0,-0.25,0.22141431610484252,-0.2333333333333333,-0.25,0.15612536898420434,0.2333333333333333,0.0,-0.2333333333333333,0.25
2023-11-22,0.0,0.0,0.0,0.0,-0.25,0.22141431610484252,-0.2333333333333333,-0.25,0.15612536898420434,0.2333333333333333,0.0,-0.2333333333333333,0.25
2023-11-24,0.0,0.0,0.0,0.0,-0.25,0.22141431610484252,-0.2333333333333333,-0.25,0.15612536898420434,0.2333333333333333,0.0,-0.2333333333333333,0.25
2023-11-27,0.0,0.0,0.0,0.0,-0.25,0.22141431610484252,-0.2333333333333333,-0.25,0.15612536898420434,0.2333333333333333,0.0,-0.2333333333333333,0.25
2023-11-28,0.0,0.0,0.0,0.0,-0.25,0.22141431610484252,-0.2333333333333333,-0.25,0.15612536898420434,0.2333333333333333,0.0,-0.2333333333333333,0.25
2023-11-29,0.0,0.0,0.0,0.0,-0.25,0.22141431610484252,-0.2333333333333333,-0.25,0.15612536898420434,0.2333333333333333,0.0,-0.2333333333333333,0.25
2023-11-30,0.0,0.010736997868425387,0.013806071252109552,0.022612682978443027,-0.25,0.22399991213541526,-0.21222816255345314,-0.22738731702155698,0.1613899366988281,0.2348408455318962,0.019386221609552765,-0.22556351972238955,0.22738731702155698
2023-12-01,0.0,0.02147399573685077,0.0276121425042191,0.045225365956886046,-0.25,0.22658550816598796,-0.191122991773573,-0.20477463404311397,0.16665450441345184,0.23634835773045906,0.03877244321910553,-0.21779370611144583,0.20477463404311397
2023-12-04,0.0,0.032210993605276156,0.04141821375632865,0.06783804893532908,-0.25,0.2291711041965607,-0.17001782099369284,-0.18216195106467095,0.17191907212807558,0.23785586992902194,0.058158664828658294,-0.21002389250050207,0.18216195106467095
2023-12-05,0.0,0.04294799147370154,0.0552242850084382,0.09045073191377209,-0.25,0.2317567002271334,-0.14891265021381267,-0.15954926808622794,0.17718363984269933,0.23936338212758482,0.07754488643821106,-0.20225407888955832,0.15954926808622794
2023-12-06,0.0,0.053684989342126926,0.06903035626054775,0.11306341489221511,-0.25,0.23434229625770614,-0.12780747943393253,-0.13693658510778492,0.18244820755732308,0.2408708943261477,0.09693110804776381,-0.1944842652786146,0.13693658510778492
2023-12-07,0.0,0.06442198721055231,0.0828364275126573,0.13567609787065812,-0.25,0.23692789228827885,-0.10670230865405238,-0.11432390212934189,0.18771277527194682,0.24237840652471057,0.11631732965731657,-0.18671445166767087,0.11432390212934189
2023-12-08,0.0,0.0751589850789777,0.09664249876476684,0.15828878084910114,-0.25,0.23951348831885158,-0.08559713787417222,-0.09171121915089886,0.19297734298657057,0.24388591872327342,0.13570355126686934,-0.1789446380567271,0.09171121915089886
2023-12-11,0.0,0.08589598294740308,0.11044857001687639,0.18090146382754416,-0.25,0.2420990843494243,-0.06449196709429209,-0.06909853617245583,0.19824191070119432,0.2453934309218363,0.1550897728764221,-0.17117482444578339,0.06909853617245583
2023-12-12,0.0,0.09663298081582847,0.12425464126898593,0.2035141468059872,-0.25,0.24468468037999702,-0.04338679631441193,-0.0464858531940128,0.20350647841581807,0.24690094312039915,0.17447599448597484,-0.16340501083483963,0.0464858531940128
2023-12-13,0.0,0.10736997868425385,0.13806071252109547,0.22612682978443022,-0.25,0.24727027641056973,-0.022281625534531786,-0.023873170215569776,0.2087710461304418,0.24840845531896202,0.19386221609552762,-0.1556351972238959,0.023873170215569776
2023-12-14,0.0,0.11810697655267924,0.15186678377320503,0.24873951276287323,-0.25,0.24985587244114246,-0.0011764547546516402,-0.0012604872371267568,0.21403561384506556,0.24991596751752487,0.21324843770508037,-0.14786538361295215,0.0012604872371267568
2023-12-15,0.0,0.11870548354059877,0.1526363685511253,0.25,-0.25,0.25,0.0,0.0,0.21432907395413792,0.25,0.21432907395413792,-0.14743227486151453,0.0
2023-12-18,0.0,0.11870548354059877,0.1526363685511253,0.25,-0.25,0.25,0.0,0.0,0.21432907395413792,0.25,0.21432907395413792,-0.14743227486151453,0.0
2023-12-19,0.0,0.11870548354059877,0.1526363685511253,0.25,-0.25,0.25,0.0,0.0,0.21432907395413792,0.25,0.21432907395413792,-0.14743227486151453,0.0
2023-12-20,0.0,0.11870548354059877,0.1526363685511253,0.25,-0.25,0.25,0.0,0.0,0.21432907395413792,0.25,0.21432907395413792,-0.14743227486151453,0.0
2023-12-21,0.0,0.11870548354059877,0.1526363685511253,0.25,-0.25,0.25,0.0,0.0,0.21432907395413792,0.25,0.21432907395413792,-0.14743227486151453,0.0
2023-12-22,0.0,0.11870548354059877,0.1526363685511253,0.25,-0.25,0.25,0.0,0.0,0.21432907395413792,0.25,0.21432907395413792,-0.14743227486151453,0.0
2023-12-26,0.0,0.11870548354059877,0.1526363685511253,0.25,-0.25,0.25,0.0,0.0,0.21432907395413792,0.25,0.21432907395413792,-0.14743227486151453,0.0
2023-12-27,0.0,0.11870548354059877,0.1526363685511253,0.25,-0.25,0.25,0.0,0.0,0.21432907395413792,0.25,0.21432907395413792,-0.14743227486151453,0.0
2023-12-28,0.0,0.11870548354059877,0.1526363685511253,0.25,-0.25,0.25,0.0,0.0,0.21432907395413792,0.25,0.21432907395413792,-0.14743227486151453,0.0
2023-12-29,0.0,0.11870548354059877,0.1526363685511253,0.25,-0.25,0.25,0.0,0.0,0.21432907395413792,0.25,0.21432907395413792,-0.14743227486151453,0.0
2024-01-02,0.0,0.11870548354059877,0.1526363685511253,0.25,-0.25,0.25,0.0,0.0,0.21432907395413792,0.25,0.21432907395413792,-0.14743227486151453,0.0
2024-01-03,0.0,0.11870548354059877,0.1526363685511253,0.25,-0.25,0.25,0.0,0.0,0.21432907395413792,0.25,0.21432907395413792,-0.14743227486151453,0.0
2024-01-04,0.0,0.11870548354059877,0.1526363685511253,0.25,-0.25,0.25,0.0,0.0,0.21432907395413792,0.25,0.21432907395413792,-0.14743227486151453,0.0
2024-01-05,0.0,0.11870548354059877,0.1526363685511253,0.25,-0.25,0.25,0.0,0.0,0.21432907395413792,0.25,0.21432907395413792,-0.14743227486151453,0.0
2024-01-08,0.0,0.11870548354059877,0.1526363685511253,0.25,-0.25,0.25,0.0,0.0,0.21432907395413792,0.25,0.21432907395413792,-0.14743227486151453,0.0
2024-01-09,0.0,0.11870548354059877,0.1526363685511253,0.25,-0.25,0.25,0.0,0.0,0.21432907395413792,0.25,0.21432907395413792,-0.14743227486151453,0.0
2024-01-10,0.0,0.11870548354059877,0.1526363685511253,0.25,-0.25,0.25,0.0,0.0,0.21432907395413792,0.25,0.21432907395413792,-0.14743227486151453,0.0
2024-01-11,0.0,0.11870548354059877,0.1526363685511253,0.25,-0.25,0.25,0.0,0.0,0.21432907395413792,0.25,0.21432907395413792,-0.14743227486151453,0.0
2024-01-12,0.0,0.11870548354059877,0.1526363685511253,0.25,-0.25,0.25,0.0,0.0,0.21432907395413792,0.25,0.21432907395413792,-0.14743227486151453,0.0
2024-01-16,0.0,0.11870548354059877,0.1526363685511253,0.25,-0.25,0.25,0.0,0.0,0.21432907395413792,0.25,0.21432907395413792,-0.14743227486151453,0.0
2024-01-17,0.0,0.11870548354059877,0.1526363685511253,0.25,-0.25,0.25,0.0,0.0,0.21432907395413792,0.25,0.21432907395413792,-0.14743227486151453,0.0
2024-01-18,0.0,0.11870548354059877,0.1526363685511253,0.25,-0.25,0.25,0.0,0.0,0.21432907395413792,0.25,0.21432907395413792,-0.14743227486151453,0.0
2024-01-19,0.0,0.11870548354059877,0.1526363685511253,0.25,-0.25,0.25,0.0,0.0,0.21432907395413792,0.25,0.21432907395413792,-0.14743227486151453,0.0
2024-01-22,0.0,0.11870548354059877,0.1526363685511253,0.25,-0.25,0.25,0.0,0.0,0.21432907395413792,0.25,0.21432907395413792,-0.14743227486151453,0.0
2024-01-23,0.0,0.11870548354059877,0.1526363685511253,0.25,-0.25,0.25,0.0,0.0,0.21432907395413792,0.25,0.21432907395413792,-0.14743227486151453,0.0
2024-01-24,0.0,0.11870548354059877,0.1526363685511253,0.25,-0.25,0.25,0.0,0.0,0.21432907395413792,0.25,0.21432907395413792,-0.14743227486151453,0.0
2024-01-25,0.0,0.11870548354059877,0.1526363685511253,0.25,-0.25,0.25,0.0,0.0,0.21432907395413792,0.25,0.21432907395413792,-0.14743227486151453,0.0
2024-01-26,0.0,0.11870548354059877,0.1526363685511253,0.25,-0.25,0.25,0.0,0.0,0.21432907395413792,0.25,0.21432907395413792,-0.14743227486151453,0.0
2024-01-29,0.0,0.11870548354059877,0.1526363685511253,0.25,-0.25,0.25,0.0,0.0,0.21432907395413792,0.25,0.21432907395413792,-0.14743227486151453,0.0
2024-01-30,0.0,0.11870548354059877,0.1526363685511253,0.25,-0.25,0.25,0.0,0.0,0.21432907395413792,0.25,0.21432907395413792,-0.14743227486151453,0.0
2024-01-31,-0.02366586699072355,0.10611618361024276,0.15768457571065508,0.22348627132703117,-0.25,0.22348627132703117,0.0,0.010530307669021672,0.2128344665050402,0.25,0.2128344665050402,-0.13179635752824748,0.02651372867296884
2024-02-01,-0.04733173398144709,0.09352688367988675,0.16273278287018486,0.19697254265406233,-0.25,0.19697254265406233,0.0,0.02106061533804334,0.2113398590559425,0.25,0.2113398590559425,-0.11616044019498044,0.053027457345937674
2024-02-02,-0.07099760097217064,0.08093758374953074,0.16778099002971464,0.1704588139810935,-0.25,0.1704588139810935,0.0,0.031590923007065015,0.20984525160684478,0.25,0.20984525160684478,-0.1005245228617134,0.07954118601890652
2024-02-05,-0.09466346796289418,0.06834828381917472,0.17282919718924442,0.14394508530812467,-0.25,0.14394508530812467,0.0,0.04212123067608668,0.20835064415774707,0.25,0.20835064415774707,-0.08488860552844636,0.10605491469187535
2024-02-06,-0.11832933495361772,0.05575898388881871,0.1778774043487742,0.11743135663515583,-0.25,0.11743135663515583,0.0,0.05265153834510835,0.20685603670864935,0.25,0.20685603670864935,-0.06925268819517932,0.1325686433648442
2024-02-07,-0.14199520194434126,0.0431696839584627,0.18292561150830397,0.090917627962187,-0.25,0.090917627962187,0.0,0.06318184601413002,0.20536142925955164,0.25,0.20536142925955164,-0.053616770861912286,0.159082372037813
2024-02-08,-0.1656610689350648,0.030580384028106682,0.18797381866783378,0.06440389928921816,-0.25,0.06440389928921816,0.0,0.07371215368315169,0.20386682181045393,0.25,0.20386682181045393,-0.03798085352864525,0.18559610071078184
2024-02-09,-0.18932693592578834,0.017991084097750663,0.19302202582736355,0.03789017061624933,-0.25,0.03789017061624933,0.0,0.08424246135217336,0.2023722143613562,0.25,0.2023722143613562,-0.02234493619537821,0.21210982938375067
2024-02-12,-0.2129928029165119,0.005401784167394643,0.19807023298689336,0.011376441943280496,-0.25,0.011376441943280496,0.0,0.09477276902119502,0.20087760691225848,0.25,0.20087760691225848,-0.006709018862111171,0.2386235580567195
2024-02-13,-0.2231472917542834,0.0,0.20023630462383346,0.0,-0.25,0.0,0.0,0.09929108612849959,0.20023630462383346,0.25,0.20023630462383346,0.0,0.25
2024-02-14,-0.2231472917542834,0.0,0.20023630462383346,0.0,-0.25,0.0,0.0,0.09929108612849959,0.20023630462383346,0.25,0.20023630462383346,0.0,0.25
2024-02-15,-0.2231472917542834,0.0,0.20023630462383346,0.0,-0.25,0.0,0.0,0.09929108612849959,0.20023630462383346,0.25,0.20023630462383346,0.0,0.25
2024-02-16,-0.2231472917542834,0.0,0.20023630462383346,0.0,-0.25,0.0,0.0,0.09929108612849959,0.20023630462383346,0.25,0.20023630462383346,0.0,0.25
2024-02-20,-0.2231472917542834,0.0,0.20023630462383346,0.0,-0.25,0.0,0.0,0.09929108612849959,0.20023630462383346,0.25,0.20023630462383346,0.0,0.25
2024-02-21,-0.2231472917542834,0.0,0.20023630462383346,0.0,-0.25,0.0,0.0,0.09929108612849959,0.20023630462383346,0.25,0.20023630462383346,0.0,0.25
2024-02-22,-0.2231472917542834,0.0,0.20023630462383346,0.0,-0.25,0.0,0.0,0.09929108612849959,0.20023630462383346,0.25,0.20023630462383346,0.0,0.25
2024-02-23,-0.2231472917542834,0.0,0.20023630462383346,0.0,-0.25,0.0,0.0,0.09929108612849959,0.20023630462383346,0.25,0.20023630462383346,0.0,0.25
2024-02-26,-0.2231472917542834,0.0,0.20023630462383346,0.0,-0.25,0.0,0.0,0.09929108612849959,0.20023630462383346,0.25,0.20023630462383346,0.0,0.25
2024-02-27,-0.2231472917542834,0.0,0.20023630462383346,0.0,-0.25,0.0,0.0,0.09929108612849959,0.20023630462383346,0.25,0.20023630462383346,0.0,0.25
2024-02-28,-0.2231472917542834,0.0,0.20023630462383346,0.0,-0.25,0.0,0.0,0.09929108612849959,0.20023630462383346,0.25,0.20023630462383346,0.0,0.25
2024-02-29,-0.21474723170264454,0.03457386225692193,0.18748321356452105,0.0,-0.25,0.06508139359248655,0.0,0.10297649704951493,0.18748321356452105,0.25,0.18748321356452105,0.0,0.25
2024-03-01,-0.20634717165100566,0.06914772451384385,0.1747301225052086,0.0,-0.25,0.1301627871849731,0.0,0.10666190797053027,0.1747301225052086,0.25,0.1747301225052086,0.0,0.25
2024-03-04,-0.19794711159936676,0.10372158677076579,0.1619770314458962,0.0,-0.25,0.19524418077745964,0.0,0.11034731889154561,0.1619770314458962,0.25,0.1619770314458962,0.0,0.25
2024-03-05,-0.19087977415840696,0.13281008729395655,0.15124729887525062,0.0,-0.25,0.25,0.0,0.11344801608029156,0.15124729887525062,0.25,0.15124729887525062,0.0,0.25
2024-03-06,-0.19087977415840696,0.13281008729395655,0.15124729887525062,0.0,-0.25,0.25,0.0,0.11344801608029156,0.15124729887525062,0.25,0.15124729887525062,0.0,0.25
2024-03-07,-0.19087977415840696,0.13281008729395655,0.15124729887525062,0.0,-0.25,0.25,0.0,0.11344801608029156,0.15124729887525062,0.25,0.15124729887525062,0.0,0.25
2024-03-08,-0.19087977415840696,0.13281008729395655,0.15124729887525062,0.0,-0.25,0.25,0.0,0.11344801608029156,0.15124729887525062,0.25,0.15124729887525062,0.0,0.25
2024-03-11,-0.19087977415840696,0.13281008729395655,0.15124729887525062,0.0,-0.25,0.25,0.0,0.11344801608029156,0.15124729887525062,0.25,0.15124729887525062,0.0,0.25
2024-03-12,-0.19087977415840696,0.13281008729395655,0.15124729887525062,0.0,-0.25,0.25,0.0,0.11344801608029156,0.15124729887525062,0.25,0.15124729887525062,0.0,0.25
2024-03-13,-0.19087977415840696,0.13281008729395655,0.15124729887525062,0.0,-0.25,0.25,0.0,0.11344801608029156,0.15124729887525062,0.25,0.15124729887525062,0.0,0.25
2024-03-14,-0.19087977415840696,0.13281008729395655,0.15124729887525062,0.0,-0.25,0.25,0.0,0.11344801608029156,0.15124729887525062,0.25,0.15124729887525062,0.0,0.25
2024-03-15,-0.19087977415840696,0.13281008729395655,0.15124729887525062,0.0,-0.25,0.25,0.0,0.11344801608029156,0.15124729887525062,0.25,0.15124729887525062,0.0,0.25
2024-03-18,-0.19087977415840696,0.13281008729395655,0.15124729887525062,0.0,-0.25,0.25,0.0,0.11344801608029156,0.15124729887525062,0.25,0.15124729887525062,0.0,0.25
2024-03-19,-0.19087977415840696,0.13281008729395655,0.15124729887525062,0.0,-0.25,0.25,0.0,0.11344801608029156,0.15124729887525062,0.25,0.15124729887525062,0.0,0.25
2024-03-20,-0.19087977415840696,0.13281008729395655,0.15124729887525062,0.0,-0.25,0.25,0.0,0.11344801608029156,0.15124729887525062,0.25,0.15124729887525062,0.0,0.25
2024-03-21,-0.19087977415840696,0.13281008729395655,0.15124729887525062,0.0,-0.25,0.25,0.0,0.11344801608029156,0.15124729887525062,0.25,0.15124729887525062,0.0,0.25
2024-03-22,-0.19087977415840696,0.13281008729395655,0.15124729887525062,0.0,-0.25,0.25,0.0,0.11344801608029156,0.15124729887525062,0.25,0.15124729887525062,0.0,0.25
2024-03-25,-0.19087977415840696,0.13281008729395655,0.15124729887525062,0.0,-0.25,0.25,0.0,0.11344801608029156,0.15124729887525062,0.25,0.15124729887525062,0.0,0.25
2024-03-26,-0.19087977415840696,0.13281008729395655,0.15124729887525062,0.0,-0.25,0.25,0.0,0.11344801608029156,0.15124729887525062,0.25,0.15124729887525062,0.0,0.25
2024-03-27,-0.19087977415840696,0.13281008729395655,0.15124729887525062,0.0,-0.25,0.25,0.0,0.11344801608029156,0.15124729887525062,0.25,0.15124729887525062,0.0,0.25
2024-03-28,-0.19087977415840696,0.13281008729395655,0.15124729887525062,0.0,-0.25,0.25,0.0,0.11344801608029156,0.15124729887525062,0.25,0.15124729887525062,0.0,0.25
2024-04-01,-0.19087977415840696,0.13281008729395655,0.15124729887525062,0.0,-0.25,0.25,0.0,0.11344801608029156,0.15124729887525062,0.25,0.15124729887525062,0.0,0.25
2024-04-02,-0.19087977415840696,0.13281008729395655,0.15124729887525062,0.0,-0.25,0.25,0.0,0.11344801608029156,0.15124729887525062,0.25,0.15124729887525062,0.0,0.25
2024-04-03,-0.19087977415840696,0.13281008729395655,0.15124729887525062,0.0,-0.25,0.25,0.0,0.11344801608029156,0.15124729887525062,0.25,0.15124729887525062,0.0,0.25
2024-04-04,-0.19087977415840696,0.13281008729395655,0.15124729887525062,0.0,-0.25,0.25,0.0,0.11344801608029156,0.15124729887525062,0.25,0.15124729887525062,0.0,0.25
2024-04-05,-0.19087977415840696,0.13281008729395655,0.15124729887525062,0.0,-0.25,0.25,0.0,0.11344801608029156,0.15124729887525062,0.25,0.15124729887525062,0.0,0.25
2024-04-08,-0.19087977415840696,0.13281008729395655,0.15124729887525062,0.0,-0.25,0.25,0.0,0.11344801608029156,0.15124729887525062,0.25,0.15124729887525062,0.0,0.25
2024-04-09,-0.19087977415840696,0.13281008729395655,0.15124729887525062,0.0,-0.25,0.25,0.0,0.11344801608029156,0.15124729887525062,0.25,0.15124729887525062,0.0,0.25
2024-04-10,-0.19087977415840696,0.13281008729395655,0.15124729887525062,0.0,-0.25,0.25,0.0,0.11344801608029156,0.15124729887525062,0.25,0.15124729887525062,0.0,0.25
2024-04-11,-0.19087977415840696,0.13281008729395655,0.15124729887525062,0.0,-0.25,0.25,0.0,0.11344801608029156,0.15124729887525062,0.25,0.15124729887525062,0.0,0.25
2024-04-12,-0.19087977415840696,0.13281008729395655,0.15124729887525062,0.0,-0.25,0.25,0.0,0.11344801608029156,0.15124729887525062,0.25,0.15124729887525062,0.0,0.25
2024-04-15,-0.19087977415840696,0.13281008729395655,0.15124729887525062,0.0,-0.25,0.25,0.0,0.11344801608029156,0.15124729887525062,0.25,0.15124729887525062,0.0,0.25
2024-04-16,-0.19087977415840696,0.13281008729395655,0.15124729887525062,0.0,-0.25,0.25,0.0,0.11344801608029156,0.15124729887525062,0.25,0.15124729887525062,0.0,0.25
2024-04-17,-0.19087977415840696,0.13281008729395655,0.15124729887525062,0.0,-0.25,0.25,0.0,0.11344801608029156,0.15124729887525062,0.25,0.15124729887525062,0.0,0.25
2024-04-18,-0.19087977415840696,0.13281008729395655,0.15124729887525062,0.0,-0.25,0.25,0.0,0.11344801608029156,0.15124729887525062,0.25,0.15124729887525062,0.0,0.25
2024-04-19,-0.19087977415840696,0.13281008729395655,0.15124729887525062,0.0,-0.25,0.25,0.0,0.11344801608029156,0.15124729887525062,0.25,0.15124729887525062,0.0,0.25
2024-04-22,-0.19087977415840696,0.13281008729395655,0.15124729887525062,0.0,-0.25,0.25,0.0,0.11344801608029156,0.15124729887525062,0.25,0.15124729887525062,0.0,0.25
2024-04-23,-0.19087977415840696,0.13281008729395655,0.15124729887525062,0.0,-0.25,0.25,0.0,0.11344801608029156,0.15124729887525062,0.25,0.15124729887525062,0.0,0.25
2024-04-24,-0.19087977415840696,0.13281008729395655,0.15124729887525062,0.0,-0.25,0.25,0.0,0.11344801608029156,0.15124729887525062,0.25,0.15124729887525062,0.0,0.25
2024-04-25,-0.19087977415840696,0.13281008729395655,0.15124729887525062,0.0,-0.25,0.25,0.0,0.11344801608029156,0.15124729887525062,0.25,0.15124729887525062,0.0,0.25
2024-04-26,-0.19087977415840696,0.13281008729395655,0.15124729887525062,0.0,-0.25,0.25,0.0,0.11344801608029156,0.15124729887525062,0.25,0.15124729887525062,0.0,0.25
2024-04-29,-0.19087977415840696,0.13281008729395655,0.15124729887525062,0.0,-0.25,0.25,0.0,0.11344801608029156,0.15124729887525062,0.25,0.15124729887525062,0.0,0.25
2024-04-30,-0.061268633430651226,0.14300451693007868,0.14892249730719403,0.0,-0.25,0.25,0.0,0.11304152113904019,0.14610896731649303,0.25,0.14892249730719403,0.0,0.25
2024-05-01,0.0,0.14782353764776593,0.14782353764776593,0.0,-0.25,0.25,0.0,0.11284936644148022,0.14368002061522195,0.25,0.14782353764776593,0.0,0.25
2024-05-02,0.0,0.14782353764776593,0.14782353764776593,0.0,-0.25,0.25,0.0,0.11284936644148022,0.14368002061522195,0.25,0.14782353764776593,0.0,0.25
2024-05-03,0.0,0.14782353764776593,0.14782353764776593,0.0,-0.25,0.25,0.0,0.11284936644148022,0.14368002061522195,0.25,0.14782353764776593,0.0,0.25
2024-05-06,0.0,0.14782353764776593,0.14782353764776593,0.0,-0.25,0.25,0.0,0.11284936644148022,0.14368002061522195,0.25,0.14782353764776593,0.0,0.25
2024-05-07,0.0,0.14782353764776593,0.14782353764776593,0.0,-0.25,0.25,0.0,0.11284936644148022,0.14368002061522195,0.25,0.14782353764776593,0.0,0.25
2024-05-08,0.0,0.14782353764776593,0.14782353764776593,0.0,-0.25,0.25,0.0,0.11284936644148022,0.14368002061522195,0.25,0.14782353764776593,0.0,0.25
2024-05-09,0.0,0.14782353764776593,0.14782353764776593,0.0,-0.25,0.25,0.0,0.11284936644148022,0.14368002061522195,0.25,0.14782353764776593,0.0,0.25
2024-05-10,0.0,0.14782353764776593,0.14782353764776593,0.0,-0.25,0.25,0.0,0.11284936644148022,0.14368002061522195,0.25,0.14782353764776593,0.0,0.25
2024-05-13,0.0,0.14782353764776593,0.14782353764776593,0.0,-0.25,0.25,0.0,0.11284936644148022,0.14368002061522195,0.25,0.14782353764776593,0.0,0.25
2024-05-14,0.0,0.14782353764776593,0.14782353764776593,0.0,-0.25,0.25,0.0,0.11284936644148022,0.14368002061522195,0.25,0.14782353764776593,0.0,0.25
2024-05-15,0.0,0.14782353764776593,0.14782353764776593,0.0,-0.25,0.25,0.0,0.11284936644148022,0.14368002061522195,0.25,0.14782353764776593,0.0,0.25
2024-05-16,0.0,0.14782353764776593,0.14782353764776593,0.0,-0.25,0.25,0.0,0.11284936644148022,0.14368002061522195,0.25,0.14782353764776593,0.0,0.25
2024-05-17,0.0,0.14782353764776593,0.14782353764776593,0.0,-0.25,0.25,0.0,0.11284936644148022,0.14368002061522195,0.25,0.14782353764776593,0.0,0.25
2024-05-20,0.0,0.14782353764776593,0.14782353764776593,0.0,-0.25,0.25,0.0,0.11284936644148022,0.14368002061522195,0.25,0.14782353764776593,0.0,0.25
2024-05-21,0.0,0.14782353764776593,0.14782353764776593,0.0,-0.25,0.25,0.0,0.11284936644148022,0.14368002061522195,0.25,0.14782353764776593,0.0,0.25
2024-05-22,0.0,0.14782353764776593,0.14782353764776593,0.0,-0.25,0.25,0.0,0.11284936644148022,0.14368002061522195,0.25,0.14782353764776593,0.0,0.25
2024-05-23,0.0,0.14782353764776593,0.14782353764776593,0.0,-0.25,0.25,0.0,0.11284936644148022,0.14368002061522195,0.25,0.14782353764776593,0.0,0.25
2024-05-24,0.0,0.14782353764776593,0.14782353764776593,0.0,-0.25,0.25,0.0,0.11284936644148022,0.14368002061522195,0.25,0.14782353764776593,0.0,0.25
2024-05-28,0.0,0.14782353764776593,0.14782353764776593,0.0,-0.25,0.25,0.0,0.11284936644148022,0.14368002061522195,0.25,0.14782353764776593,0.0,0.25
2024-05-29,0.0,0.14782353764776593,0.14782353764776593,0.0,-0.25,0.25,0.0,0.11284936644148022,0.14368002061522195,0.25,0.14782353764776593,0.0,0.25
2024-05-30,0.0,0.14782353764776593,0.14782353764776593,0.0,-0.25,0.25,0.0,0.11284936644148022,0.14368002061522195,0.25,0.14782353764776593,0.0,0.25
2024-05-31,0.07180662971802522,0.1435737731558259,0.1435737731558259,0.0,-0.2467037497893163,0.2467037497893163,0.0,0.11934578455345164,0.14070339538915627,0.2467037497893163,0.1435737731558259,-0.04278603262538282,0.2467037497893163
2024-06-03,0.14361325943605047,0.13932400866388586,0.13932400866388586,0.0,-0.2434074995786326,0.2434074995786326,0.0,0.12584220266542306,0.13772677016309062,0.2434074995786326,0.13932400866388586,-0.08557206525076563,0.2434074995786326
2024-06-04,0.2154198891540757,0.13507424417194583,0.13507424417194583,0.0,-0.24011124936794892,0.24011124936794892,0.0,0.13233862077739447,0.13475014493702495,0.24011124936794892,0.13507424417194583,-0.12835809787614846,0.24011124936794892
2024-06-05,0.23369948697786638,0.13399239440314947,0.13399239440314947,0.0,-0.2392721328627669,0.2392721328627669,0.0,0.13399239440314947,0.13399239440314947,0.2392721328627669,0.13399239440314947,-0.13925000955531833,0.2392721328627669
2024-06-06,0.23369948697786638,0.13399239440314947,0.13399239440314947,0.0,-0.2392721328627669,0.2392721328627669,0.0,0.13399239440314947,0.13399239440314947,0.2392721328627669,0.13399239440314947,-0.13925000955531833,0.2392721328627669
2024-06-07,0.23369948697786638,0.13399239440314947,0.13399239440314947,0.0,-0.2392721328627669,0.2392721328627669,0.0,0.13399239440314947,0.13399239440314947,0.2392721328627669,0.13399239440314947,-0.13925000955531833,0.2392721328627669
2024-06-10,0.23369948697786638,0.13399239440314947,0.13399239440314947,0.0,-0.2392721328627669,0.2392721328627669,0.0,0.13399239440314947,0.13399239440314947,0.2392721328627669,0.13399239440314947,-0.13925000955531833,0.2392721328627669
2024-06-11,0.23369948697786638,0.13399239440314947,0.13399239440314947,0.0,-0.2392721328627669,0.2392721328627669,0.0,0.13399239440314947,0.13399239440314947,0.2392721328627669,0.13399239440314947,-0.13925000955531833,0.2392721328627669
2024-06-12,0.23369948697786638,0.13399239440314947,0.13399239440314947,0.0,-0.2392721328627669,0.2392721328627669,0.0,0.13399239440314947,0.13399239440314947,0.2392721328627669,0.13399239440314947,-0.13925000955531833,0.2392721328627669
2024-06-13,0.23369948697786638,0.13399239440314947,0.13399239440314947,0.0,-0.2392721328627669,0.2392721328627669,0.0,0.13399239440314947,0.13399239440314947,0.2392721328627669,0.13399239440314947,-0.13925000955531833,0.2392721328627669
2024-06-14,0.23369948697786638,0.13399239440314947,0.13399239440314947,0.0,-0.2392721328627669,0.2392721328627669,0.0,0.13399239440314947,0.13399239440314947,0.2392721328627669,0.13399239440314947,-0.13925000955531833,0.2392721328627669
2024-06-17,0.23369948697786638,0.13399239440314947,0.13399239440314947,0.0,-0.2392721328627669,0.2392721328627669,0.0,0.13399239440314947,0.13399239440314947,0.2392721328627669,0.13399239440314947,-0.13925000955531833,0.2392721328627669
2024-06-18,0.23369948697786638,0.13399239440314947,0.13399239440314947,0.0,-0.2392721328627669,0.2392721328627669,0.0,0.13399239440314947,0.13399239440314947,0.2392721328627669,0.13399239440314947,-0.13925000955531833,0.2392721328627669
2024-06-20,0.23369948697786638,0.13399239440314947,0.13399239440314947,0.0,-0.2392721328627669,0.2392721328627669,0.0,0.13399239440314947,0.13399239440314947,0.2392721328627669,0.13399239440314947,-0.13925000955531833,0.2392721328627669
2024-06-21,0.23369948697786638,0.13399239440314947,0.13399239440314947,0.0,-0.2392721328627669,0.2392721328627669,0.0,0.13399239440314947,0.13399239440314947,0.2392721328627669,0.13399239440314947,-0.13925000955531833,0.2392721328627669
2024-06-24,0.23369948697786638,0.13399239440314947,0.13399239440314947,0.0,-0.2392721328627669,0.2392721328627669,0.0,0.13399239440314947,0.13399239440314947,0.2392721328627669,0.13399239440314947,-0.13925000955531833,0.2392721328627669
2024-06-25,0.23369948697786638,0.13399239440314947,0.13399239440314947,0.0,-0.2392721328627669,0.2392721328627669,0.0,0.13399239440314947,0.13399239440314947,0.2392721328627669,0.13399239440314947,-0.13925000955531833,0.2392721328627669
2024-06-26,0.23369948697786638,0.13399239440314947,0.13399239440314947,0.0,-0.2392721328627669,0.2392721328627669,0.0,0.13399239440314947,0.13399239440314947,0.2392721328627669,0.13399239440314947,-0.13925000955531833,0.2392721328627669
2024-06-27,0.23369948697786638,0.13399239440314947,0.13399239440314947,0.0,-0.2392721328627669,0.2392721328627669,0.0,0.13399239440314947,0.13399239440314947,0.2392721328627669,0.13399239440314947,-0.13925000955531833,0.2392721328627669
2024-06-28,0.23369948697786638,0.13399239440314947,0.13399239440314947,0.0,-0.2392721328627669,0.2392721328627669,0.0,0.13399239440314947,0.13399239440314947,0.2392721328627669,0.13399239440314947,-0.13925000955531833,0.2392721328627669
2024-07-01,0.23369948697786638,0.13399239440314947,0.13399239440314947,0.0,-0.2392721328627669,0.2392721328627669,0.0,0.13399239440314947,0.13399239440314947,0.2392721328627669,0.13399239440314947,-0.13925000955531833,0.2392721328627669
2024-07-02,0.23369948697786638,0.13399239440314947,0.13399239440314947,0.0,-0.2392721328627669,0.2392721328627669,0.0,0.13399239440314947,0.13399239440314947,0.2392721328627669,0.13399239440314947,-0.13925000955531833,0.2392721328627669
2024-07-03,0.23369948697786638,0.13399239440314947,0.13399239440314947,0.0,-0.2392721328627669,0.2392721328627669,0.0,0.13399239440314947,0.13399239440314947,0.2392721328627669,0.13399239440314947,-0.13925000955531833,0.2392721328627669
2024-07-05,0.23369948697786638,0.13399239440314947,0.13399239440314947,0.0,-0.2392721328627669,0.2392721328627669,0.0,0.13399239440314947,0.13399239440314947,0.2392721328627669,0.13399239440314947,-0.13925000955531833,0.2392721328627669
2024-07-08,0.23369948697786638,0.13399239440314947,0.13399239440314947,0.0,-0.2392721328627669,0.2392721328627669,0.0,0.13399239440314947,0.13399239440314947,0.2392721328627669,0.13399239440314947,-0.13925000955531833,0.2392721328627669
2024-07-09,0.23369948697786638,0.13399239440314947,0.13399239440314947,0.0,-0.2392721328627669,0.2392721328627669,0.0,0.13399239440314947,0.13399239440314947,0.2392721328627669,0.13399239440314947,-0.13925000955531833,0.2392721328627669
2024-07-10,0.23369948697786638,0.13399239440314947,0.13399239440314947,0.0,-0.2392721328627669,0.2392721328627669,0.0,0.13399239440314947,0.13399239440314947,0.2392721328627669,0.13399239440314947,-0.13925000955531833,0.2392721328627669
2024-07-11,0.23369948697786638,0.13399239440314947,0.13399239440314947,0.0,-0.2392721328627669,0.2392721328627669,0.0,0.13399239440314947,0.13399239440314947,0.2392721328627669,0.13399239440314947,-0.13925000955531833,0.2392721328627669
2024-07-12,0.23369948697786638,0.13399239440314947,0.13399239440314947,0.0,-0.2392721328627669,0.2392721328627669,0.0,0.13399239440314947,0.13399239440314947,0.2392721328627669,0.13399239440314947,-0.13925000955531833,0.2392721328627669
2024-07-15,0.23369948697786638,0.13399239440314947,0.13399239440314947,0.0,-0.2392721328627669,0.2392721328627669,0.0,0.13399239440314947,0.13399239440314947,0.2392721328627669,0.13399239440314947,-0.13925000955531833,0.2392721328627669
2024-07-16,0.23369948697786638,0.13399239440314947,0.13399239440314947,0.0,-0.2392721328627669,0.2392721328627669,0.0,0.13399239440314947,0.13399239440314947,0.2392721328627669,0.13399239440314947,-0.13925000955531833,0.2392721328627669
2024-07-17,0.23369948697786638,0.13399239440314947,0.13399239440314947,0.0,-0.2392721328627669,0.2392721328627669,0.0,0.13399239440314947,0.13399239440314947,0.2392721328627669,0.13399239440314947,-0.13925000955531833,0.2392721328627669
2024-07-18,0.23369948697786638,0.13399239440314947,0.13399239440314947,0.0,-0.2392721328627669,0.2392721328627669,0.0,0.13399239440314947,0.13399239440314947,0.2392721328627669,0.13399239440314947,-0.13925000955531833,0.2392721328627669
2024-07-19,0.23369948697786638,0.13399239440314947,0.13399239440314947,0.0,-0.2392721328627669,0.2392721328627669,0.0,0.13399239440314947,0.13399239440314947,0.2392721328627669,0.13399239440314947,-0.13925000955531833,0.2392721328627669
2024-07-22,0.23369948697786638,0.13399239440314947,0.13399239440314947,0.0,-0.2392721328627669,0.2392721328627669,0.0,0.13399239440314947,0.13399239440314947,0.2392721328627669,0.13399239440314947,-0.13925000955531833,0.2392721328627669
2024-07-23,0.23369948697786638,0.13399239440314947,0.13399239440314947,0.0,-0.2392721328627669,0.2392721328627669,0.0,0.13399239440314947,0.13399239440314947,0.2392721328627669,0.13399239440314947,-0.13925000955531833,0.2392721328627669
2024-07-24,0.23369948697786638,0.13399239440314947,0.13399239440314947,0.0,-0.2392721328627669,0.2392721328627669,0.0,0.13399239440314947,0.13399239440314947,0.2392721328627669,0.13399239440314947,-0.13925000955531833,0.2392721328627669
2024-07-25,0.23369948697786638,0.13399239440314947,0.13399239440314947,0.0,-0.2392721328627669,0.2392721328627669,0.0,0.13399239440314947,0.13399239440314947,0.2392721328627669,0.13399239440314947,-0.13925000955531833,0.2392721328627669
2024-07-26,0.23369948697786638,0.13399239440314947,0.13399239440314947,0.0,-0.2392721328627669,0.2392721328627669,0.0,0.13399239440314947,0.13399239440314947,0.2392721328627669,0.13399239440314947,-0.13925000955531833,0.2392721328627669
2024-07-29,0.23369948697786638,0.13399239440314947,0.13399239440314947,0.0,-0.2392721328627669,0.2392721328627669,0.0,0.13399239440314947,0.13399239440314947,0.2392721328627669,0.13399239440314947,-0.13925000955531833,0.2392721328627669
2024-07-30,0.23369948697786638,0.13399239440314947,0.13399239440314947,0.0,-0.2392721328627669,0.2392721328627669,0.0,0.13399239440314947,0.13399239440314947,0.2392721328627669,0.13399239440314947,-0.13925000955531833,0.2392721328627669
2024-07-31,0.18362973364603968,0.13571438439610206,0.13571438439610206,0.0,-0.24157056179080624,0.24157056179080624,0.05356211301457505,0.1335400354298492,0.13571438439610206,0.24157056179080624,0.13571438439610206,-0.10941591055898789,0.24157056179080624
2024-08-01,0.13355998031421293,0.13743637438905462,0.13743637438905462,0.0,-0.24386899071884552,0.24386899071884552,0.10712422602915009,0.13308767645654893,0.13743637438905462,0.24386899071884552,0.13743637438905462,-0.07958181156265742,0.24386899071884552
2024-08-02,0.08349022698238619,0.13915836438200718,0.13915836438200718,0.0,-0.24616741964688482,0.24616741964688482,0.1606863390437251,0.13263531748324864,0.13915836438200718,0.24616741964688482,0.13915836438200718,-0.04974771256632697,0.24616741964688482
2024-08-05,0.03342047365055944,0.14088035437495977,0.14088035437495977,0.0,-0.2484658485749241,0.2484658485749241,0.21424845205830012,0.13218295850994832,0.14088035437495977,0.2484658485749241,0.14088035437495977,-0.01991361356999652,0.2484658485749241
2024-08-06,0.0,0.14202974532171758,0.14202974532171758,0.0,-0.25,0.25,0.25,0.13188101871312957,0.14202974532171758,0.25,0.14202974532171758,0.0,0.25
2024-08-07,0.0,0.14202974532171758,0.14202974532171758,0.0,-0.25,0.25,0.25,0.13188101871312957,0.14202974532171758,0.25,0.14202974532171758,0.0,0.25
2024-08-08,0.0,0.14202974532171758,0.14202974532171758,0.0,-0.25,0.25,0.25,0.13188101871312957,0.14202974532171758,0.25,0.14202974532171758,0.0,0.25
2024-08-09,0.0,0.14202974532171758,0.14202974532171758,0.0,-0.25,0.25,0.25,0.13188101871312957,0.14202974532171758,0.25,0.14202974532171758,0.0,0.25
2024-08-12,0.0,0.14202974532171758,0.14202974532171758,0.0,-0.25,0.25,0.25,0.13188101871312957,0.14202974532171758,0.25,0.14202974532171758,0.0,0.25
2024-08-13,0.0,0.14202974532171758,0.14202974532171758,0.0,-0.25,0.25,0.25,0.13188101871312957,0.14202974532171758,0.25,0.14202974532171758,0.0,0.25
2024-08-14,0.0,0.14202974532171758,0.14202974532171758,0.0,-0.25,0.25,0.25,0.13188101871312957,0.14202974532171758,0.25,0.14202974532171758,0.0,0.25
2024-08-15,0.0,0.14202974532171758,0.14202974532171758,0.0,-0.25,0.25,0.25,0.13188101871312957,0.14202974532171758,0.25,0.14202974532171758,0.0,0.25
2024-08-16,0.0,0.14202974532171758,0.14202974532171758,0.0,-0.25,0.25,0.25,0.13188101871312957,0.14202974532171758,0.25,0.14202974532171758,0.0,0.25
2024-08-19,0.0,0.14202974532171758,0.14202974532171758,0.0,-0.25,0.25,0.25,0.13188101871312957,0.14202974532171758,0.25,0.14202974532171758,0.0,0.25
2024-08-20,0.0,0.14202974532171758,0.14202974532171758,0.0,-0.25,0.25,0.25,0.13188101871312957,0.14202974532171758,0.25,0.14202974532171758,0.0,0.25
2024-08-21,0.0,0.14202974532171758,0.14202974532171758,0.0,-0.25,0.25,0.25,0.13188101871312957,0.14202974532171758,0.25,0.14202974532171758,0.0,0.25
2024-08-22,0.0,0.14202974532171758,0.14202974532171758,0.0,-0.25,0.25,0.25,0.13188101871312957,0.14202974532171758,0.25,0.14202974532171758,0.0,0.25
2024-08-23,0.0,0.14202974532171758,0.14202974532171758,0.0,-0.25,0.25,0.25,0.13188101871312957,0.14202974532171758,0.25,0.14202974532171758,0.0,0.25
2024-08-26,0.0,0.14202974532171758,0.14202974532171758,0.0,-0.25,0.25,0.25,0.13188101871312957,0.14202974532171758,0.25,0.14202974532171758,0.0,0.25
2024-08-27,0.0,0.14202974532171758,0.14202974532171758,0.0,-0.25,0.25,0.25,0.13188101871312957,0.14202974532171758,0.25,0.14202974532171758,0.0,0.25
2024-08-28,0.0,0.14202974532171758,0.14202974532171758,0.0,-0.25,0.25,0.25,0.13188101871312957,0.14202974532171758,0.25,0.14202974532171758,0.0,0.25
2024-08-29,0.0,0.14202974532171758,0.14202974532171758,0.0,-0.25,0.25,0.25,0.13188101871312957,0.14202974532171758,0.25,0.14202974532171758,0.0,0.25
2024-08-30,0.0,0.14202974532171758,0.14202974532171758,0.0,-0.25,0.25,0.25,0.13188101871312957,0.14202974532171758,0.25,0.14202974532171758,0.0,0.25
2024-09-03,0.0,0.14202974532171758,0.14202974532171758,0.0,-0.25,0.25,0.25,0.13188101871312957,0.14202974532171758,0.25,0.14202974532171758,0.0,0.25
2024-09-04,0.0,0.14202974532171758,0.14202974532171758,0.0,-0.25,0.25,0.25,0.13188101871312957,0.14202974532171758,0.25,0.14202974532171758,0.0,0.25
2024-09-05,0.0,0.14202974532171758,0.14202974532171758,0.0,-0.25,0.25,0.25,0.13188101871312957,0.14202974532171758,0.25,0.14202974532171758,0.0,0.25
2024-09-06,0.0,0.14202974532171758,0.14202974532171758,0.0,-0.25,0.25,0.25,0.13188101871312957,0.14202974532171758,0.25,0.14202974532171758,0.0,0.25
2024-09-09,0.0,0.14202974532171758,0.14202974532171758,0.0,-0.25,0.25,0.25,0.13188101871312957,0.14202974532171758,0.25,0.14202974532171758,0.0,0.25
2024-09-10,0.0,0.14202974532171758,0.14202974532171758,0.0,-0.25,0.25,0.25,0.13188101871312957,0.14202974532171758,0.25,0.14202974532171758,0.0,0.25
2024-09-11,0.0,0.14202974532171758,0.14202974532171758,0.0,-0.25,0.25,0.25,0.13188101871312957,0.14202974532171758,0.25,0.14202974532171758,0.0,0.25
2024-09-12,0.0,0.14202974532171758,0.14202974532171758,0.0,-0.25,0.25,0.25,0.13188101871312957,0.14202974532171758,0.25,0.14202974532171758,0.0,0.25
2024-09-13,0.0,0.14202974532171758,0.14202974532171758,0.0,-0.25,0.25,0.25,0.13188101871312957,0.14202974532171758,0.25,0.14202974532171758,0.0,0.25
2024-09-16,0.0,0.14202974532171758,0.14202974532171758,0.0,-0.25,0.25,0.25,0.13188101871312957,0.14202974532171758,0.25,0.14202974532171758,0.0,0.25
2024-09-17,0.0,0.14202974532171758,0.14202974532171758,0.0,-0.25,0.25,0.25,0.13188101871312957,0.14202974532171758,0.25,0.14202974532171758,0.0,0.25
2024-09-18,0.0,0.14202974532171758,0.14202974532171758,0.0,-0.25,0.25,0.25,0.13188101871312957,0.14202974532171758,0.25,0.14202974532171758,0.0,0.25
2024-09-19,0.0,0.14202974532171758,0.14202974532171758,0.0,-0.25,0.25,0.25,0.13188101871312957,0.14202974532171758,0.25,0.14202974532171758,0.0,0.25
2024-09-20,0.0,0.14202974532171758,0.14202974532171758,0.0,-0.25,0.25,0.25,0.13188101871312957,0.14202974532171758,0.25,0.14202974532171758,0.0,0.25
2024-09-23,0.0,0.14202974532171758,0.14202974532171758,0.0,-0.25,0.25,0.25,0.13188101871312957,0.14202974532171758,0.25,0.14202974532171758,0.0,0.25
2024-09-24,0.0,0.14202974532171758,0.14202974532171758,0.0,-0.25,0.25,0.25,0.13188101871312957,0.14202974532171758,0.25,0.14202974532171758,0.0,0.25
2024-09-25,0.0,0.14202974532171758,0.14202974532171758,0.0,-0.25,0.25,0.25,0.13188101871312957,0.14202974532171758,0.25,0.14202974532171758,0.0,0.25
2024-09-26,0.0,0.14202974532171758,0.14202974532171758,0.0,-0.25,0.25,0.25,0.13188101871312957,0.14202974532171758,0.25,0.14202974532171758,0.0,0.25
2024-09-27,0.0,0.14202974532171758,0.14202974532171758,0.0,-0.25,0.25,0.25,0.13188101871312957,0.14202974532171758,0.25,0.14202974532171758,0.0,0.25
2024-09-30,-0.01264092412904397,0.138683684853961,0.1394522733387434,0.017402288977134008,-0.20888933507306398,0.243693913027332,0.2425337604288564,0.12743984266241196,0.1364104201490424,0.2425337604288564,0.14035673547237076,0.016242136378658404,0.22629162405019798
2024-10-01,-0.025281848258087936,0.1353376243862044,0.13687480135576924,0.034804577954268015,-0.16777867014612796,0.23738782605466402,0.23506752085771282,0.12299866661169433,0.1307910949763672,0.23506752085771282,0.13868372562302395,0.03248427275731681,0.202583248100396
2024-10-02,-0.0379227723871319,0.1319915639184478,0.13429732937279507,0.05220686693140202,-0.12666800521919197,0.23108173908199603,0.2276012812865692,0.1185574905609767,0.12517176980369202,0.2276012812865692,0.13701071577367713,0.048726409135975216,0.178874872150594
2024-10-03,-0.05056369651617587,0.1286455034506912,0.1317198573898209,0.06960915590853603,-0.08555734029225597,0.22477565210932804,0.2201350417154256,0.11411631451025907,0.11955244463101683,0.2201350417154256,0.1353377059243303,0.06496854551463362,0.155166496200792
2024-10-04,-0.06320462064521984,0.1252994429829346,0.12914238540684672,0.08701144488567003,-0.04444667536531995,0.21846956513666005,0.21266880214428202,0.10967513845954144,0.11393311945834164,0.21266880214428202,0.1336646960749835,0.08121068189329202,0.13145812025099
2024-10-07,-0.0758455447742638,0.12195338251517802,0.12656491342387255,0.10441373386280403,-0.0033360104383839476,0.21216347816399203,0.2052025625731384,0.10523396240882382,0.10831379428566645,0.2052025625731384,0.13199168622563667,0.09745281827195042,0.10774974430118799
2024-10-08,-0.08848646890330777,0.11860732204742144,0.12398744144089838,0.12181602283993803,0.03777465448855206,0.20585739119132404,0.19773632300199478,0.10079278635810619,0.10269446911299125,0.19773632300199478,0.13031867637628985,0.11369495465060882,0.08404136835138598
2024-10-09,-0.10112739303235174,0.11526126157966486,0.1214099694579242,0.13921831181707203,0.07888531941548807,0.19955130421865602,0.1902700834308512,0.09635161030738856,0.09707514394031606,0.1902700834308512,0.12864566652694304,0.12993709102926723,0.060332992401583976
2024-10-10,-0.11376831716139571,0.11191520111190827,0.11883249747495003,0.15662060079420603,0.11999598434242408,0.19324521724598803,0.1828038438597076,0.09191043425667095,0.09145581876764086,0.1828038438597076,0.12697265667759622,0.14617922740792563,0.03662461645178197
2024-10-11,-0.12640924129043968,0.10856914064415168,0.11625502549197586,0.17402288977134003,0.16110664926936008,0.18693913027332001,0.175337604288564,0.08746925820595333,0.08583649359496567,0.175337604288564,0.12529964682824937,0.16242136378658403,0.01291624050197997
2024-10-14,-0.13329597265338555,0.10674621857529219,0.11485082774811953,0.18350359609173628,0.18350359609173628,0.18350359609173628,0.17127002301895383,0.08504972098821398,0.08277510484599448,0.17127002301895383,0.12438819689924126,0.17127002301895383,0.0
2024-10-15,-0.13329597265338555,0.10674621857529219,0.11485082774811953,0.18350359609173628,0.18350359609173628,0.18350359609173628,0.17127002301895383,0.08504972098821398,0.08277510484599448,0.17127002301895383,0.12438819689924126,0.17127002301895383,0.0
2024-10-16,-0.13329597265338555,0.10674621857529219,0.11485082774811953,0.18350359609173628,0.18350359609173628,0.18350359609173628,0.17127002301895383,0.08504972098821398,0.08277510484599448,0.17127002301895383,0.12438819689924126,0.17127002301895383,0.0
2024-10-17,-0.13329597265338555,0.10674621857529219,0.11485082774811953,0.18350359609173628,0.18350359609173628,0.18350359609173628,0.17127002301895383,0.08504972098821398,0.08277510484599448,0.17127002301895383,0.12438819689924126,0.17127002301895383,0.0
2024-10-18,-0.13329597265338555,0.10674621857529219,0.11485082774811953,0.18350359609173628,0.18350359609173628,0.18350359609173628,0.17127002301895383,0.08504972098821398,0.08277510484599448,0.17127002301895383,0.12438819689924126,0.17127002301895383,0.0
2024-10-21,-0.13329597265338555,0.10674621857529219,0.11485082774811953,0.18350359609173628,0.18350359609173628,0.18350359609173628,0.17127002301895383,0.08504972098821398,0.08277510484599448,0.17127002301895383,0.12438819689924126,0.17127002301895383,0.0
2024-10-22,-0.13329597265338555,0.10674621857529219,0.11485082774811953,0.18350359609173628,0.18350359609173628,0.18350359609173628,0.17127002301895383,0.08504972098821398,0.08277510484599448,0.17127002301895383,0.12438819689924126,0.17127002301895383,0.0
2024-10-23,-0.13329597265338555,0.10674621857529219,0.11485082774811953,0.18350359609173628,0.18350359609173628,0.18350359609173628,0.17127002301895383,0.08504972098821398,0.08277510484599448,0.17127002301895383,0.12438819689924126,0.17127002301895383,0.0
2024-10-24,-0.13329597265338555,0.10674621857529219,0.11485082774811953,0.18350359609173628,0.18350359609173628,0.18350359609173628,0.17127002301895383,0.08504972098821398,0.08277510484599448,0.17127002301895383,0.12438819689924126,0.17127002301895383,0.0
2024-10-25,-0.13329597265338555,0.10674621857529219,0.11485082774811953,0.18350359609173628,0.18350359609173628,0.18350359609173628,0.17127002301895383,0.08504972098821398,0.08277510484599448,0.17127002301895383,0.12438819689924126,0.17127002301895383,0.0
2024-10-28,-0.13329597265338555,0.10674621857529219,0.11485082774811953,0.18350359609173628,0.18350359609173628,0.18350359609173628,0.17127002301895383,0.08504972098821398,0.08277510484599448,0.17127002301895383,0.12438819689924126,0.17127002301895383,0.0
2024-10-29,-0.13329597265338555,0.10674621857529219,0.11485082774811953,0.18350359609173628,0.18350359609173628,0.18350359609173628,0.17127002301895383,0.08504972098821398,0.08277510484599448,0.17127002301895383,0.12438819689924126,0.17127002301895383,0.0
2024-10-30,-0.13329597265338555,0.10674621857529219,0.11485082774811953,0.18350359609173628,0.18350359609173628,0.18350359609173628,0.17127002301895383,0.08504972098821398,0.08277510484599448,0.17127002301895383,0.12438819689924126,0.17127002301895383,0.0
2024-10-31,-0.10911181116588385,0.1121868163286133,0.11507742413649685,0.19039068580237584,0.1502101625912372,0.19039068580237584,0.1798187857723204,0.08663687452251045,0.09256483088822552,0.1798187857723204,0.12662797437080606,0.17345634870201143,0.04018052321113863
2024-11-01,-0.08492764967838215,0.1176274140819344,0.11530402052487418,0.19727777551301537,0.11691672909073812,0.19727777551301537,0.188367548525687,0.08822402805680693,0.10235455693045656,0.188367548525687,0.12886775184237087,0.17564267438506903,0.08036104642227726
2024-11-04,-0.06074348819088045,0.1230680118352555,0.11553061691325152,0.20416486522365493,0.08362329559023904,0.20416486522365493,0.19691631127905357,0.0898111815911034,0.1121442829726876,0.19691631127905357,0.13110752931393568,0.17782900006812663,0.12054156963341589
2024-11-05,-0.03655932670337875,0.1285086095885766,0.11575721330162884,0.21105195493429446,0.050329862089739955,0.21105195493429446,0.20546507403242015,0.09139833512539988,0.12193400901491865,0.20546507403242015,0.1333473067855005,0.18001532575118423,0.16072209284455452
2024-11-06,-0.012375165215877042,0.1339492073418977,0.11598380969000618,0.21793904464493402,0.017036428589240864,0.21793904464493402,0.2140138367857867,0.09298548865969636,0.13172373505714968,0.2140138367857867,0.1355870842570653,0.18220165143424183,0.20090261605569315
2024-11-07,0.0,0.13673319040888446,0.11609976027795357,0.2214632054089852,0.0,0.2214632054089852,0.2183882845630611,0.0937976436405516,0.13673319040888446,0.2183882845630611,0.13673319040888446,0.18332040601903632,0.2214632054089852
2024-11-08,0.0,0.13673319040888446,0.11609976027795357,0.2214632054089852,0.0,0.2214632054089852,0.2183882845630611,0.0937976436405516,0.13673319040888446,0.2183882845630611,0.13673319040888446,0.18332040601903632,0.2214632054089852
2024-11-11,0.0,0.13673319040888446,0.11609976027795357,0.2214632054089852,0.0,0.2214632054089852,0.2183882845630611,0.0937976436405516,0.13673319040888446,0.2183882845630611,0.13673319040888446,0.18332040601903632,0.2214632054089852
2024-11-12,0.0,0.13673319040888446,0.11609976027795357,0.2214632054089852,0.0,0.2214632054089852,0.2183882845630611,0.0937976436405516,0.13673319040888446,0.2183882845630611,0.13673319040888446,0.18332040601903632,0.2214632054089852
2024-11-13,0.0,0.13673319040888446,0.11609976027795357,0.2214632054089852,0.0,0.2214632054089852,0.2183882845630611,0.0937976436405516,0.13673319040888446,0.2183882845630611,0.13673319040888446,0.18332040601903632,0.2214632054089852
2024-11-14,0.0,0.13673319040888446,0.11609976027795357,0.2214632054089852,0.0,0.2214632054089852,0.2183882845630611,0.0937976436405516,0.13673319040888446,0.2183882845630611,0.13673319040888446,0.18332040601903632,0.2214632054089852
2024-11-15,0.0,0.13673319040888446,0.11609976027795357,0.2214632054089852,0.0,0.2214632054089852,0.2183882845630611,0.0937976436405516,0.13673319040888446,0.2183882845630611,0.13673319040888446,0.18332040601903632,0.2214632054089852
2024-11-18,0.0,0.13673319040888446,0.11609976027795357,0.2214632054089852,0.0,0.2214632054089852,0.2183882845630611,0.0937976436405516,0.13673319040888446,0.2183882845630611,0.13673319040888446,0.18332040601903632,0.2214632054089852
2024-11-19,0.0,0.13673319040888446,0.11609976027795357,0.2214632054089852,0.0,0.2214632054089852,0.2183882845630611,0.0937976436405516,0.13673319040888446,0.2183882845630611,0.13673319040888446,0.18332040601903632,0.2214632054089852
2024-11-20,0.0,0.13673319040888446,0.11609976027795357,0.2214632054089852,0.0,0.2214632054089852,0.2183882845630611,0.0937976436405516,0.13673319040888446,0.2183882845630611,0.13673319040888446,0.18332040601903632,0.2214632054089852
2024-11-21,0.0,0.13673319040888446,0.11609976027795357,0.2214632054089852,0.0,0.2214632054089852,0.2183882845630611,0.0937976436405516,0.13673319040888446,0.2183882845630611,0.13673319040888446,0.18332040601903632,0.2214632054089852
2024-11-22,0.0,0.13673319040888446,0.11609976027795357,0.2214632054089852,0.0,0.2214632054089852,0.2183882845630611,0.0937976436405516,0.13673319040888446,0.2183882845630611,0.13673319040888446,0.18332040601903632,0.2214632054089852
2024-11-25,0.0,0.13673319040888446,0.11609976027795357,0.2214632054089852,0.0,0.2214632054089852,0.2183882845630611,0.0937976436405516,0.13673319040888446,0.2183882845630611,0.13673319040888446,0.18332040601903632,0.2214632054089852
2024-11-26,0.0,0.13673319040888446,0.11609976027795357,0.2214632054089852,0.0,0.2214632054089852,0.2183882845630611,0.0937976436405516,0.13673319040888446,0.2183882845630611,0.13673319040888446,0.18332040601903632,0.2214632054089852
2024-11-27,0.0,0.13673319040888446,0.11609976027795357,0.2214632054089852,0.0,0.2214632054089852,0.2183882845630611,0.0937976436405516,0.13673319040888446,0.2183882845630611,0.13673319040888446,0.18332040601903632,0.2214632054089852
2024-11-29,0.0,0.13673319040888446,0.11609976027795357,0.2214632054089852,0.0,0.2214632054089852,0.2183882845630611,0.0937976436405516,0.13673319040888446,0.2183882845630611,0.13673319040888446,0.18332040601903632,0.2214632054089852
2024-12-02,0.0,0.13673319040888446,0.11609976027795357,0.2214632054089852,0.0,0.2214632054089852,0.2183882845630611,0.0937976436405516,0.13673319040888446,0.2183882845630611,0.13673319040888446,0.18332040601903632,0.2214632054089852
2024-12-03,0.0,0.13673319040888446,0.11609976027795357,0.2214632054089852,0.0,0.2214632054089852,0.2183882845630611,0.0937976436405516,0.13673319040888446,0.2183882845630611,0.13673319040888446,0.18332040601903632,0.2214632054089852
2024-12-04,0.0,0.13673319040888446,0.11609976027795357,0.2214632054089852,0.0,0.2214632054089852,0.2183882845630611,0.0937976436405516,0.13673319040888446,0.2183882845630611,0.13673319040888446,0.18332040601903632,0.2214632054089852
2024-12-05,0.0,0.13673319040888446,0.11609976027795357,0.2214632054089852,0.0,0.2214632054089852,0.2183882845630611,0.0937976436405516,0.13673319040888446,0.2183882845630611,0.13673319040888446,0.18332040601903632,0.2214632054089852
2024-12-06,0.0,0.13673319040888446,0.11609976027795357,0.2214632054089852,0.0,0.2214632054089852,0.2183882845630611,0.0937976436405516,0.13673319040888446,0.2183882845630611,0.13673319040888446,0.18332040601903632,0.2214632054089852
2024-12-09,0.0,0.13673319040888446,0.11609976027795357,0.2214632054089852,0.0,0.2214632054089852,0.2183882845630611,0.0937976436405516,0.13673319040888446,0.2183882845630611,0.13673319040888446,0.18332040601903632,0.2214632054089852
2024-12-10,0.0,0.13673319040888446,0.11609976027795357,0.2214632054089852,0.0,0.2214632054089852,0.2183882845630611,0.0937976436405516,0.13673319040888446,0.2183882845630611,0.13673319040888446,0.18332040601903632,0.2214632054089852
2024-12-11,0.0,0.13673319040888446,0.11609976027795357,0.2214632054089852,0.0,0.2214632054089852,0.2183882845630611,0.0937976436405516,0.13673319040888446,0.2183882845630611,0.13673319040888446,0.18332040601903632,0.2214632054089852
2024-12-12,0.0,0.13673319040888446,0.11609976027795357,0.2214632054089852,0.0,0.2214632054089852,0.2183882845630611,0.0937976436405516,0.13673319040888446,0.2183882845630611,0.13673319040888446,0.18332040601903632,0.2214632054089852
2024-12-13,0.0,0.13673319040888446,0.11609976027795357,0.2214632054089852,0.0,0.2214632054089852,0.2183882845630611,0.0937976436405516,0.13673319040888446,0.2183882845630611,0.13673319040888446,0.18332040601903632,0.2214632054089852
2024-12-16,0.0,0.13673319040888446,0.11609976027795357,0.2214632054089852,0.0,0.2214632054089852,0.2183882845630611,0.0937976436405516,0.13673319040888446,0.2183882845630611,0.13673319040888446,0.18332040601903632,0.2214632054089852
2024-12-17,0.0,0.13673319040888446,0.11609976027795357,0.2214632054089852,0.0,0.2214632054089852,0.2183882845630611,0.0937976436405516,0.13673319040888446,0.2183882845630611,0.13673319040888446,0.18332040601903632,0.2214632054089852
2024-12-18,0.0,0.13673319040888446,0.11609976027795357,0.2214632054089852,0.0,0.2214632054089852,0.2183882845630611,0.0937976436405516,0.13673319040888446,0.2183882845630611,0.13673319040888446,0.18332040601903632,0.2214632054089852
2024-12-19,0.0,0.13673319040888446,0.11609976027795357,0.2214632054089852,0.0,0.2214632054089852,0.2183882845630611,0.0937976436405516,0.13673319040888446,0.2183882845630611,0.13673319040888446,0.18332040601903632,0.2214632054089852
2024-12-20,0.0,0.13673319040888446,0.11609976027795357,0.2214632054089852,0.0,0.2214632054089852,0.2183882845630611,0.0937976436405516,0.13673319040888446,0.2183882845630611,0.13673319040888446,0.18332040601903632,0.2214632054089852
2024-12-23,0.0,0.13673319040888446,0.11609976027795357,0.2214632054089852,0.0,0.2214632054089852,0.2183882845630611,0.0937976436405516,0.13673319040888446,0.2183882845630611,0.13673319040888446,0.18332040601903632,0.2214632054089852
2024-12-24,0.0,0.13673319040888446,0.11609976027795357,0.2214632054089852,0.0,0.2214632054089852,0.2183882845630611,0.0937976436405516,0.13673319040888446,0.2183882845630611,0.13673319040888446,0.18332040601903632,0.2214632054089852
2024-12-26,0.0,0.13673319040888446,0.11609976027795357,0.2214632054089852,0.0,0.2214632054089852,0.2183882845630611,0.0937976436405516,0.13673319040888446,0.2183882845630611,0.13673319040888446,0.18332040601903632,0.2214632054089852
2024-12-27,0.0,0.13673319040888446,0.11609976027795357,0.2214632054089852,0.0,0.2214632054089852,0.2183882845630611,0.0937976436405516,0.13673319040888446,0.2183882845630611,0.13673319040888446,0.18332040601903632,0.2214632054089852
2024-12-30,0.0,0.13673319040888446,0.11609976027795357,0.2214632054089852,0.0,0.2214632054089852,0.2183882845630611,0.0937976436405516,0.13673319040888446,0.2183882845630611,0.13673319040888446,0.18332040601903632,0.2214632054089852
2024-12-31,-0.007597915091890615,0.12656583533725269,0.10746668821295345,0.19049025713945733,-0.01450514672140745,0.2187931280068533,0.18759078667638096,0.09603213186107724,0.1421070639673321,0.21670747596106416,0.1421070639673321,0.1552901172934371,0.21950055058227225
2025-01-02,-0.01519583018378123,0.11639848026562093,0.09883361614795333,0.15951730886992946,-0.029010293442814902,0.2161230506047214,0.15679328878970078,0.09826662008160289,0.14748093752577976,0.2150266673590672,0.14748093752577976,0.1272598285678379,0.21753789575555926
2025-01-03,-0.022793745275671844,0.10623112519398917,0.09020054408295321,0.12854436060040159,-0.04351544016422235,0.2134529732025895,0.1259957909030206,0.10050110830212854,0.1528548110842274,0.21334585875707024,0.1528548110842274,0.09922953984223871,0.21557524092884628
2025-01-06,-0.030391660367562457,0.09606377012235741,0.08156747201795309,0.09757141233087371,-0.058020586885629805,0.2107828958004576,0.09519829301634043,0.10273559652265418,0.15822868464267506,0.21166505015507328,0.15822868464267506,0.07119925111663952,0.21361258610213332
2025-01-07,-0.03798957545945307,0.08589641505072565,0.07293439995295296,0.06659846406134584,-0.07252573360703726,0.20811281839832568,0.06440079512966027,0.10497008474317983,0.1636025582011227,0.2099842415530763,0.1636025582011227,0.043168962391040316,0.21164993127542034
2025-01-08,-0.04558749055134369,0.07572905997909389,0.06430132788795284,0.03562551579181797,-0.0870308803284447,0.20544274099619378,0.0336032972429801,0.10720457296370547,0.16897643175957036,0.20830343295107934,0.16897643175957036,0.015138673665441117,0.20968727644870738
2025-01-10,-0.053185405643234304,0.06556170490746213,0.05566825582295272,0.0046525675222901,-0.10153602704985215,0.20277266359406187,0.0028057993562999317,0.10943906118423113,0.174350305318018,0.20662262434908235,0.174350305318018,-0.012891615060158079,0.2077246216219944
2025-01-13,-0.06078332073512492,0.05539434983583037,0.047035183757952605,-0.02632038074723777,-0.1160411737712596,0.20010258619192997,-0.02799169853038023,0.11167354940475678,0.17972417887646566,0.2049418157470854,0.17972417887646566,-0.040921903785757274,0.20576196679528144
2025-01-14,-0.06838123582701554,0.045226994764198614,0.03840211169295248,-0.05729332901676565,-0.13054632049266704,0.19743250878979807,-0.0587891964170604,0.11390803762528244,0.1850980524349133,0.2032610071450884,0.1850980524349133,-0.06895219251135648,0.20379931196856846
2025-01-15,-0.07597915091890615,0.035059639692566855,0.029769039627952368,-0.08826627728629352,-0.1450514672140745,0.19476243138766614,-0.08958669430374057,0.11614252584580809,0.19047192599336096,0.20158019854309145,0.19047192599336096,-0.09698248123695567,0.2018366571418555
2025-01-16,-0.08357706601079677,0.0248922846209351,0.021135967562952253,-0.1192392255558214,-0.15955661393548196,0.19209235398553423,-0.12038419219042074,0.11837701406633375,0.1958457995518086,0.19989938994109446,0.1958457995518086,-0.12501276996255486,0.19987400231514252
2025-01-17,-0.09117498110268739,0.014724929549303345,0.012502895497952136,-0.15021217382534927,-0.1740617606568894,0.1894222765834023,-0.1511816900771009,0.12061150228685939,0.2012196731102563,0.1982185813390975,0.2012196731102563,-0.15304305868815407,0.19791134748842956
2025-01-21,-0.098772896194578,0.004557574477671588,0.003869823432952016,-0.18118512209487714,-0.18856690737829684,0.1867521991812704,-0.18197918796378107,0.12284599050738505,0.20659354666870394,0.19653777273710052,0.20659354666870394,-0.18107334741375328,0.19594869266171658
2025-01-22,-0.10217870465335144,0.0,0.0,-0.195068921523236,-0.195068921523236,0.18555532186798393,-0.19578434076464135,0.12384761250374277,0.20900241591775287,0.19578434076464135,0.20900241591775287,-0.19363808304042535,0.195068921523236
2025-01-23,-0.10217870465335144,0.0,0.0,-0.195068921523236,-0.195068921523236,0.18555532186798393,-0.19578434076464135,0.12384761250374277,0.20900241591775287,0.19578434076464135,0.20900241591775287,-0.19363808304042535,0.195068921523236
2025-01-24,-0.10217870465335144,0.0,0.0,-0.195068921523236,-0.195068921523236,0.18555532186798393,-0.19578434076464135,0.12384761250374277,0.20900241591775287,0.19578434076464135,0.20900241591775287,-0.19363808304042535,0.195068921523236
2025-01-27,-0.10217870465335144,0.0,0.0,-0.195068921523236,-0.195068921523236,0.18555532186798393,-0.19578434076464135,0.12384761250374277,0.20900241591775287,0.19578434076464135,0.20900241591775287,-0.19363808304042535,0.195068921523236
2025-01-28,-0.10217870465335144,0.0,0.0,-0.195068921523236,-0.195068921523236,0.18555532186798393,-0.19578434076464135,0.12384761250374277,0.20900241591775287,0.19578434076464135,0.20900241591775287,-0.19363808304042535,0.195068921523236
2025-01-29,-0.10217870465335144,0.0,0.0,-0.195068921523236,-0.195068921523236,0.18555532186798393,-0.19578434076464135,0.12384761250374277,0.20900241591775287,0.19578434076464135,0.20900241591775287,-0.19363808304042535,0.195068921523236
2025-01-30,-0.10217870465335144,0.0,0.0,-0.195068921523236,-0.195068921523236,0.18555532186798393,-0.19578434076464135,0.12384761250374277,0.20900241591775287,0.19578434076464135,0.20900241591775287,-0.19363808304042535,0.195068921523236
2025-01-31,-0.05924163810704899,0.01150752827651645,0.01653078592957567,-0.19960797013536272,-0.1903188784575705,0.19085894909531437,-0.16744031542653873,0.12154410833020952,0.20280387226875768,0.2002198169407573,0.20280387226875768,-0.18122532429581148,0.19960797013536272
2025-02-03,-0.016304571560746543,0.023015056553032896,0.03306157185915134,-0.20414701874748944,-0.18556883539190502,0.1961625763226448,-0.13909629008843613,0.11924060415667628,0.1966053286197625,0.20465529311687325,0.1966053286197625,-0.1688125655511976,0.20414701874748944
2025-02-04,0.026632494985555907,0.03452258482954935,0.049592357788727004,-0.20868606735961617,-0.18081879232623954,0.20146620354997524,-0.11075226475033352,0.11693709998314304,0.1904067849707673,0.2090907692929892,0.1904067849707673,-0.15639980680658372,0.20868606735961617
2025-02-05,0.06956956153185836,0.0460301131060658,0.06612314371830268,-0.2132251159717429,-0.17606874926057406,0.20676983077730568,-0.08240823941223091,0.1146335958096098,0.18420824132177213,0.21352624546910515,0.18420824132177213,-0.14398704806196982,0.2132251159717429
2025-02-06,0.11250662807816081,0.05753764138258225,0.08265392964787835,-0.21776416458386966,-0.17131870619490858,0.21207345800463612,-0.05406421407412829,0.11233009163607656,0.17800969767277694,0.2179617216452211,0.17800969767277694,-0.13157428931735596,0.21776416458386966
2025-02-07,0.15544369462446325,0.0690451696590987,0.09918471557745402,-0.22230321319599639,-0.1665686631292431,0.21737708523196655,-0.02572018873602568,0.11002658746254333,0.17181115402378178,0.22239719782133704,0.17181115402378178,-0.11916153057274208,0.22230321319599639
2025-02-10,0.19440603120753236,0.07948743379154279,0.11418522905399135,-0.2264220772455905,-0.16225833660731004,0.22218975004034466,0.0,0.10793632112278484,0.16618641615966717,0.2264220772455905,0.16618641615966717,-0.10789783412038795,0.2264220772455905
2025-02-11,0.19440603120753236,0.07948743379154279,0.11418522905399135,-0.2264220772455905,-0.16225833660731004,0.22218975004034466,0.0,0.10793632112278484,0.16618641615966717,0.2264220772455905,0.16618641615966717,-0.10789783412038795,0.2264220772455905
2025-02-12,0.19440603120753236,0.07948743379154279,0.11418522905399135,-0.2264220772455905,-0.16225833660731004,0.22218975004034466,0.0,0.10793632112278484,0.16618641615966717,0.2264220772455905,0.16618641615966717,-0.10789783412038795,0.2264220772455905
2025-02-13,0.19440603120753236,0.07948743379154279,0.11418522905399135,-0.2264220772455905,-0.16225833660731004,0.22218975004034466,0.0,0.10793632112278484,0.16618641615966717,0.2264220772455905,0.16618641615966717,-0.10789783412038795,0.2264220772455905
2025-02-14,0.19440603120753236,0.07948743379154279,0.11418522905399135,-0.2264220772455905,-0.16225833660731004,0.22218975004034466,0.0,0.10793632112278484,0.16618641615966717,0.2264220772455905,0.16618641615966717,-0.10789783412038795,0.2264220772455905
2025-02-18,0.19440603120753236,0.07948743379154279,0.11418522905399135,-0.2264220772455905,-0.16225833660731004,0.22218975004034466,0.0,0.10793632112278484,0.16618641615966717,0.2264220772455905,0.16618641615966717,-0.10789783412038795,0.2264220772455905
2025-02-19,0.19440603120753236,0.07948743379154279,0.11418522905399135,-0.2264220772455905,-0.16225833660731004,0.22218975004034466,0.0,0.10793632112278484,0.16618641615966717,0.2264220772455905,0.16618641615966717,-0.10789783412038795,0.2264220772455905
2025-02-20,0.19440603120753236,0.07948743379154279,0.11418522905399135,-0.2264220772455905,-0.16225833660731004,0.22218975004034466,0.0,0.10793632112278484,0.16618641615966717,0.2264220772455905,0.16618641615966717,-0.10789783412038795,0.2264220772455905
2025-02-21,0.19440603120753236,0.07948743379154279,0.11418522905399135,-0.2264220772455905,-0.16225833660731004,0.22218975004034466,0.0,0.10793632112278484,0.16618641615966717,0.2264220772455905,0.16618641615966717,-0.10789783412038795,0.2264220772455905
2025-02-24,0.19440603120753236,0.07948743379154279,0.11418522905399135,-0.2264220772455905,-0.16225833660731004,0.22218975004034466,0.0,0.10793632112278484,0.16618641615966717,0.2264220772455905,0.16618641615966717,-0.10789783412038795,0.2264220772455905
2025-02-25,0.19440603120753236,0.07948743379154279,0.11418522905399135,-0.2264220772455905,-0.16225833660731004,0.22218975004034466,0.0,0.10793632112278484,0.16618641615966717,0.2264220772455905,0.16618641615966717,-0.10789783412038795,0.2264220772455905
2025-02-26,0.19440603120753236,0.07948743379154279,0.11418522905399135,-0.2264220772455905,-0.16225833660731004,0.22218975004034466,0.0,0.10793632112278484,0.16618641615966717,0.2264220772455905,0.16618641615966717,-0.10789783412038795,0.2264220772455905
2025-02-27,0.19440603120753236,0.07948743379154279,0.11418522905399135,-0.2264220772455905,-0.16225833660731004,0.22218975004034466,0.0,0.10793632112278484,0.16618641615966717,0.2264220772455905,0.16618641615966717,-0.10789783412038795,0.2264220772455905
2025-02-28,0.20621468688747435,0.09977515621829904,0.12710282975698803,-0.23143023869732002,-0.12779321620282016,0.22809689560450855,0.0,0.08500968215126917,0.16805850011296988,0.23143023869732002,0.16805850011296988,-0.08497937013204633,0.23143023869732002
2025-03-03,0.21802334256741634,0.12006287864505528,0.14002043045998472,-0.23643840014904954,-0.09332809579833029,0.23400404116867243,0.0,0.062083043179753494,0.16993058406627262,0.23643840014904954,0.16993058406627262,-0.06206090614370473,0.23643840014904954
2025-03-04,0.2298319982473583,0.14035060107181152,0.1529380311629814,-0.2414465616007791,-0.058862975393840423,0.23991118673283632,0.0,0.03915640420823782,0.17180266801957533,0.2414465616007791,0.17180266801957533,-0.039142442155363125,0.2414465616007791
2025-03-05,0.24164065392730028,0.16063832349856777,0.16585563186597807,-0.24645472305250862,-0.02439785498935055,0.24581833229700017,0.0,0.016229765236722142,0.17367475197287807,0.24645472305250862,0.17367475197287807,-0.01622397816702151,0.24645472305250862
2025-03-06,0.25,0.175,0.175,-0.25,0.0,0.25,0.0,0.0,0.175,0.25,0.175,0.0,0.25
2025-03-07,0.25,0.175,0.175,-0.25,0.0,0.25,0.0,0.0,0.175,0.25,0.175,0.0,0.25
2025-03-10,0.25,0.175,0.175,-0.25,0.0,0.25,0.0,0.0,0.175,0.25,0.175,0.0,0.25
2025-03-11,0.25,0.175,0.175,-0.25,0.0,0.25,0.0,0.0,0.175,0.25,0.175,0.0,0.25
2025-03-12,0.25,0.175,0.175,-0.25,0.0,0.25,0.0,0.0,0.175,0.25,0.175,0.0,0.25
2025-03-13,0.25,0.175,0.175,-0.25,0.0,0.25,0.0,0.0,0.175,0.25,0.175,0.0,0.25
2025-03-14,0.25,0.175,0.175,-0.25,0.0,0.25,0.0,0.0,0.175,0.25,0.175,0.0,0.25
2025-03-17,0.25,0.175,0.175,-0.25,0.0,0.25,0.0,0.0,0.175,0.25,0.175,0.0,0.25
2025-03-18,0.25,0.175,0.175,-0.25,0.0,0.25,0.0,0.0,0.175,0.25,0.175,0.0,0.25
2025-03-19,0.25,0.175,0.175,-0.25,0.0,0.25,0.0,0.0,0.175,0.25,0.175,0.0,0.25
2025-03-20,0.25,0.175,0.175,-0.25,0.0,0.25,0.0,0.0,0.175,0.25,0.175,0.0,0.25
2025-03-21,0.25,0.175,0.175,-0.25,0.0,0.25,0.0,0.0,0.175,0.25,0.175,0.0,0.25
2025-03-24,0.25,0.175,0.175,-0.25,0.0,0.25,0.0,0.0,0.175,0.25,0.175,0.0,0.25
2025-03-25,0.25,0.175,0.175,-0.25,0.0,0.25,0.0,0.0,0.175,0.25,0.175,0.0,0.25
2025-03-26,0.25,0.175,0.175,-0.25,0.0,0.25,0.0,0.0,0.175,0.25,0.175,0.0,0.25
2025-03-27,0.25,0.175,0.175,-0.25,0.0,0.25,0.0,0.0,0.175,0.25,0.175,0.0,0.25
2025-03-28,0.25,0.175,0.175,-0.25,0.0,0.25,0.0,0.0,0.175,0.25,0.175,0.0,0.25
2025-03-31,0.25,0.19275230010591446,0.19275230010591446,-0.19082566631361844,0.0,0.25,0.0,0.0,0.1335779664195329,0.25,0.16110096747867755,0.0,0.25
2025-04-01,0.25,0.21050460021182893,0.21050460021182893,-0.13165133262723688,0.0,0.25,0.0,0.0,0.09215593283906581,0.25,0.14720193495735512,0.0,0.25
2025-04-02,0.25,0.2282569003177434,0.2282569003177434,-0.07247699894085534,0.0,0.25,0.0,0.0,0.05073389925859873,0.25,0.13330290243603268,0.0,0.25
2025-04-03,0.25,0.24600920042365787,0.24600920042365787,-0.013302665254473788,0.0,0.25,0.0,0.0,0.00931186567813165,0.25,0.11940386991471025,0.0,0.25
2025-04-04,0.25,0.25,0.25,0.0,0.0,0.25,0.0,0.0,0.0,0.25,0.11627930280133776,0.0,0.25
2025-04-07,0.25,0.25,0.25,0.0,0.0,0.25,0.0,0.0,0.0,0.25,0.11627930280133776,0.0,0.25
2025-04-08,0.25,0.25,0.25,0.0,0.0,0.25,0.0,0.0,0.0,0.25,0.11627930280133776,0.0,0.25
2025-04-09,0.25,0.25,0.25,0.0,0.0,0.25,0.0,0.0,0.0,0.25,0.11627930280133776,0.0,0.25
2025-04-10,0.25,0.25,0.25,0.0,0.0,0.25,0.0,0.0,0.0,0.25,0.11627930280133776,0.0,0.25
2025-04-11,0.25,0.25,0.25,0.0,0.0,0.25,0.0,0.0,0.0,0.25,0.11627930280133776,0.0,0.25
2025-04-14,0.25,0.25,0.25,0.0,0.0,0.25,0.0,0.0,0.0,0.25,0.11627930280133776,0.0,0.25
2025-04-15,0.25,0.25,0.25,0.0,0.0,0.25,0.0,0.0,0.0,0.25,0.11627930280133776,0.0,0.25
2025-04-16,0.25,0.25,0.25,0.0,0.0,0.25,0.0,0.0,0.0,0.25,0.11627930280133776,0.0,0.25
2025-04-17,0.25,0.25,0.25,0.0,0.0,0.25,0.0,0.0,0.0,0.25,0.11627930280133776,0.0,0.25
2025-04-21,0.25,0.25,0.25,0.0,0.0,0.25,0.0,0.0,0.0,0.25,0.11627930280133776,0.0,0.25
2025-04-22,0.25,0.25,0.25,0.0,0.0,0.25,0.0,0.0,0.0,0.25,0.11627930280133776,0.0,0.25
2025-04-23,0.25,0.25,0.25,0.0,0.0,0.25,0.0,0.0,0.0,0.25,0.11627930280133776,0.0,0.25
2025-04-24,0.25,0.25,0.25,0.0,0.0,0.25,0.0,0.0,0.0,0.25,0.11627930280133776,0.0,0.25
2025-04-25,0.25,0.25,0.25,0.0,0.0,0.25,0.0,0.0,0.0,0.25,0.11627930280133776,0.0,0.25
2025-04-28,0.25,0.25,0.25,0.0,0.0,0.25,0.0,0.0,0.0,0.25,0.11627930280133776,0.0,0.25
2025-04-29,0.25,0.25,0.25,0.0,0.0,0.25,0.0,0.0,0.0,0.25,0.11627930280133776,0.0,0.25
2025-04-30,0.22581449299159442,0.2324070918969347,0.23999551618419837,0.012818207165062288,0.012818207165062288,0.24614088528807287,0.013733793391138168,-0.006330441150767622,-0.0028395867065762292,0.24614088528807287,0.10473178199919866,0.0,0.21958888473187244
2025-05-01,0.20162898598318885,0.2148141837938694,0.22999103236839674,0.025636414330124577,0.025636414330124577,0.24228177057614575,0.027467586782276336,-0.012660882301535246,-0.005679173413152459,0.24228177057614575,0.09318426119705957,0.0,0.18917776946374487
2025-05-02,0.17744347897478327,0.1972212756908041,0.2199865485525951,0.03845462149518687,0.03845462149518687,0.23842265586421862,0.0412013801734145,-0.01899132345230287,-0.008518760119728689,0.23842265586421862,0.08163674039492047,0.0,0.1587666541956173
2025-05-05,0.1532579719663777,0.1796283675877388,0.20998206473679348,0.05127282866024916,0.05127282866024916,0.2345635411522915,0.05493517356455267,-0.025321764603070493,-0.011358346826304919,0.2345635411522915,0.07008921959278136,0.0,0.12835553892748974
2025-05-06,0.12907246495797212,0.16203545948467352,0.19997758092099183,0.06409103582531145,0.06409103582531145,0.23070442644036437,0.06866896695569084,-0.03165220575383812,-0.014197933532881148,0.23070442644036437,0.058541698790642256,0.0,0.09794442365936216
2025-05-07,0.10488695794956654,0.14444255138160822,0.18997309710519017,0.07690924299037374,0.07690924299037374,0.22684531172843725,0.08240276034682902,-0.037982646904605746,-0.017037520239457378,0.22684531172843725,0.04699417798850315,0.0,0.06753330839123459
2025-05-08,0.08070145094116098,0.12684964327854295,0.1799686132893885,0.08972745015543604,0.08972745015543604,0.22298619701651015,0.09613655373796719,-0.04431308805537337,-0.019877106946033608,0.22298619701651015,0.03544665718636405,0.0,0.037122193123107
2025-05-09,0.056515943932755414,0.10925673517547767,0.16996412947358688,0.10254565732049833,0.10254565732049833,0.21912708230458305,0.10987034712910536,-0.05064352920614099,-0.022716693652609837,0.21912708230458305,0.023899136384224945,0.0,0.006711077854979423
2025-05-12,0.03233043692434985,0.09166382707241238,0.15995964565778525,0.11536386448556062,0.11536386448556062,0.21526796759265593,0.12360414052024353,-0.05697397035690861,-0.025556280359186067,0.21526796759265593,0.012351615582085843,0.0,-0.023700037413148155
2025-05-13,0.008144929915944291,0.07407091896934712,0.14995516184198363,0.1281820716506229,0.1281820716506229,0.21140885288072883,0.1373379339113817,-0.06330441150767624,-0.028395867065762297,0.21140885288072883,0.0008040947799467426,0.0,-0.054111152681275726
2025-05-14,-0.016040577092461275,0.05647801086628183,0.13995067802618197,0.1410002788156852,0.1410002788156852,0.2075497381688017,0.15107172730251986,-0.06963485265844387,-0.031235453772338526,0.2075497381688017,-0.010743426022192363,0.0,-0.08452226794940332
2025-05-15,-0.04022608410086684,0.03888510276321656,0.12994619421038034,0.1538184859807475,0.1538184859807475,0.2036906234568746,0.16480552069365803,-0.07596529380921149,-0.034075040478914756,0.2036906234568746,-0.022290946824331467,0.0,-0.1149333832175309
2025-05-16,-0.0644115911092724,0.021292194660151278,0.1199417103945787,0.16663669314580978,0.16663669314580978,0.19983150874494748,0.1785393140847962,-0.0822957349599791,-0.03691462718549098,0.19983150874494748,-0.03383846762647057,0.0,-0.14534449848565847
2025-05-19,-0.08859709811767796,0.003699286557086002,0.10993722657877704,0.17945490031087205,0.17945490031087205,0.1959723940330204,0.19227310747593437,-0.08862617611074672,-0.039754213892067215,0.1959723940330204,-0.04538598842860967,0.0,-0.17575561375378607
2025-05-20,-0.09368262010348971,0.0,0.10783356911216803,0.1821502035076981,0.1821502035076981,0.19516093232967655,0.19516093232967655,-0.08995728724440737,-0.04035129794831186,0.19516093232967655,-0.047814102542590706,0.0,-0.1821502035076981
2025-05-21,-0.09368262010348971,0.0,0.10783356911216803,0.1821502035076981,0.1821502035076981,0.19516093232967655,0.19516093232967655,-0.08995728724440737,-0.04035129794831186,0.19516093232967655,-0.047814102542590706,0.0,-0.1821502035076981
2025-05-22,-0.09368262010348971,0.0,0.10783356911216803,0.1821502035076981,0.1821502035076981,0.19516093232967655,0.19516093232967655,-0.08995728724440737,-0.04035129794831186,0.19516093232967655,-0.047814102542590706,0.0,-0.1821502035076981
2025-05-23,-0.09368262010348971,0.0,0.10783356911216803,0.1821502035076981,0.1821502035076981,0.19516093232967655,0.19516093232967655,-0.08995728724440737,-0.04035129794831186,0.19516093232967655,-0.047814102542590706,0.0,-0.1821502035076981
2025-05-27,-0.09368262010348971,0.0,0.10783356911216803,0.1821502035076981,0.1821502035076981,0.19516093232967655,0.19516093232967655,-0.08995728724440737,-0.04035129794831186,0.19516093232967655,-0.047814102542590706,0.0,-0.1821502035076981
2025-05-28,-0.09368262010348971,0.0,0.10783356911216803,0.1821502035076981,0.1821502035076981,0.19516093232967655,0.19516093232967655,-0.08995728724440737,-0.04035129794831186,0.19516093232967655,-0.047814102542590706,0.0,-0.1821502035076981
2025-05-29,-0.09368262010348971,0.0,0.10783356911216803,0.1821502035076981,0.1821502035076981,0.19516093232967655,0.19516093232967655,-0.08995728724440737,-0.04035129794831186,0.19516093232967655,-0.047814102542590706,0.0,-0.1821502035076981
2025-05-30,-0.09368262010348971,0.0,0.10783356911216803,0.1821502035076981,0.1821502035076981,0.19516093232967655,0.19516093232967655,-0.08995728724440737,-0.04035129794831186,0.19516093232967655,-0.047814102542590706,0.0,-0.1821502035076981
2025-06-02,-0.09368262010348971,0.0,0.10783356911216803,0.1821502035076981,0.1821502035076981,0.19516093232967655,0.19516093232967655,-0.08995728724440737,-0.04035129794831186,0.19516093232967655,-0.047814102542590706,0.0,-0.1821502035076981
2025-06-03,-0.09368262010348971,0.0,0.10783356911216803,0.1821502035076981,0.1821502035076981,0.19516093232967655,0.19516093232967655,-0.08995728724440737,-0.04035129794831186,0.19516093232967655,-0.047814102542590706,0.0,-0.1821502035076981
2025-06-04,-0.09368262010348971,0.0,0.10783356911216803,0.1821502035076981,0.1821502035076981,0.19516093232967655,0.19516093232967655,-0.08995728724440737,-0.04035129794831186,0.19516093232967655,-0.047814102542590706,0.0,-0.1821502035076981
2025-06-05,-0.09368262010348971,0.0,0.10783356911216803,0.1821502035076981,0.1821502035076981,0.19516093232967655,0.19516093232967655,-0.08995728724440737,-0.04035129794831186,0.19516093232967655,-0.047814102542590706,0.0,-0.1821502035076981
2025-06-06,-0.09368262010348971,0.0,0.10783356911216803,0.1821502035076981,0.1821502035076981,0.19516093232967655,0.19516093232967655,-0.08995728724440737,-0.04035129794831186,0.19516093232967655,-0.047814102542590706,0.0,-0.1821502035076981
2025-06-09,-0.09368262010348971,0.0,0.10783356911216803,0.1821502035076981,0.1821502035076981,0.19516093232967655,0.19516093232967655,-0.08995728724440737,-0.04035129794831186,0.19516093232967655,-0.047814102542590706,0.0,-0.1821502035076981
2025-06-10,-0.09368262010348971,0.0,0.10783356911216803,0.1821502035076981,0.1821502035076981,0.19516093232967655,0.19516093232967655,-0.08995728724440737,-0.04035129794831186,0.19516093232967655,-0.047814102542590706,0.0,-0.1821502035076981
2025-06-11,-0.09368262010348971,0.0,0.10783356911216803,0.1821502035076981,0.1821502035076981,0.19516093232967655,0.19516093232967655,-0.08995728724440737,-0.04035129794831186,0.19516093232967655,-0.047814102542590706,0.0,-0.1821502035076981
2025-06-12,-0.09368262010348971,0.0,0.10783356911216803,0.1821502035076981,0.1821502035076981,0.19516093232967655,0.19516093232967655,-0.08995728724440737,-0.04035129794831186,0.19516093232967655,-0.047814102542590706,0.0,-0.1821502035076981
2025-06-13,-0.09368262010348971,0.0,0.10783356911216803,0.1821502035076981,0.1821502035076981,0.19516093232967655,0.19516093232967655,-0.08995728724440737,-0.04035129794831186,0.19516093232967655,-0.047814102542590706,0.0,-0.1821502035076981
2025-06-16,-0.09368262010348971,0.0,0.10783356911216803,0.1821502035076981,0.1821502035076981,0.19516093232967655,0.19516093232967655,-0.08995728724440737,-0.04035129794831186,0.19516093232967655,-0.047814102542590706,0.0,-0.1821502035076981
2025-06-17,-0.09368262010348971,0.0,0.10783356911216803,0.1821502035076981,0.1821502035076981,0.19516093232967655,0.19516093232967655,-0.08995728724440737,-0.04035129794831186,0.19516093232967655,-0.047814102542590706,0.0,-0.1821502035076981
2025-06-18,-0.09368262010348971,0.0,0.10783356911216803,0.1821502035076981,0.1821502035076981,0.19516093232967655,0.19516093232967655,-0.08995728724440737,-0.04035129794831186,0.19516093232967655,-0.047814102542590706,0.0,-0.1821502035076981
2025-06-20,-0.09368262010348971,0.0,0.10783356911216803,0.1821502035076981,0.1821502035076981,0.19516093232967655,0.19516093232967655,-0.08995728724440737,-0.04035129794831186,0.19516093232967655,-0.047814102542590706,0.0,-0.1821502035076981
2025-06-23,-0.09368262010348971,0.0,0.10783356911216803,0.1821502035076981,0.1821502035076981,0.19516093232967655,0.19516093232967655,-0.08995728724440737,-0.04035129794831186,0.19516093232967655,-0.047814102542590706,0.0,-0.1821502035076981
2025-06-24,-0.09368262010348971,0.0,0.10783356911216803,0.1821502035076981,0.1821502035076981,0.19516093232967655,0.19516093232967655,-0.08995728724440737,-0.04035129794831186,0.19516093232967655,-0.047814102542590706,0.0,-0.1821502035076981
2025-06-25,-0.09368262010348971,0.0,0.10783356911216803,0.1821502035076981,0.1821502035076981,0.19516093232967655,0.19516093232967655,-0.08995728724440737,-0.04035129794831186,0.19516093232967655,-0.047814102542590706,0.0,-0.1821502035076981
2025-06-26,-0.09368262010348971,0.0,0.10783356911216803,0.1821502035076981,0.1821502035076981,0.19516093232967655,0.19516093232967655,-0.08995728724440737,-0.04035129794831186,0.19516093232967655,-0.047814102542590706,0.0,-0.1821502035076981
2025-06-27,-0.09368262010348971,0.0,0.10783356911216803,0.1821502035076981,0.1821502035076981,0.19516093232967655,0.19516093232967655,-0.08995728724440737,-0.04035129794831186,0.19516093232967655,-0.047814102542590706,0.0,-0.1821502035076981
2025-06-30,-0.06600528206944496,0.023476989770128992,0.11321289673038946,0.17943198727677834,0.1719023036356428,0.1886485475542178,0.19009780431671022,-0.07374436745900508,-0.0253345517465024,0.19009780431671022,-0.030653398986644383,-0.012753001899160624,-0.17943198727677834
2025-07-01,-0.03832794403540021,0.046953979540257984,0.1185922243486109,0.1767137710458586,0.1616544037635875,0.18213616277875908,0.18503467630374393,-0.057531447673602784,-0.010317805544692936,0.18503467630374393,-0.01349269543069806,-0.02550600379832125,-0.1767137710458586
2025-07-02,-0.010650606001355457,0.07043096931038698,0.12397155196683234,0.17399555481493886,0.15140650389153223,0.17562377800330034,0.1799715482907776,-0.04131852788820049,0.0046989406571165265,0.1799715482907776,0.003668008125248267,-0.038259005697481877,-0.17399555481493886
2025-07-03,0.017026732032689295,0.09390795908051597,0.12935087958505376,0.1712773385840191,0.14115860401947694,0.1691113932278416,0.1749084202778113,-0.025105608102798205,0.01971568685892599,0.1749084202778113,0.02082871168119459,-0.0510120075966425,-0.1712773385840191
2025-07-07,0.04470407006673405,0.11738494885064496,0.1347302072032752,0.1685591223530994,0.13091070414742167,0.16259900845238287,0.169845292264845,-0.008892688317395918,0.03473243306073545,0.169845292264845,0.03798941523714092,-0.06376500949580312,-0.1685591223530994
2025-07-08,0.05988492236537881,0.13026193556369983,0.13768073582484242,0.16706819721186603,0.1252897931285365,0.15902700484182705,0.16706819721186603,0.0,0.042969027411517716,0.16706819721186603,0.04740195721293358,-0.0707599538057419,-0.16706819721186603
2025-07-09,0.05988492236537881,0.13026193556369983,0.13768073582484242,0.16706819721186603,0.1252897931285365,0.15902700484182705,0.16706819721186603,0.0,0.042969027411517716,0.16706819721186603,0.04740195721293358,-0.0707599538057419,-0.16706819721186603
2025-07-10,0.05988492236537881,0.13026193556369983,0.13768073582484242,0.16706819721186603,0.1252897931285365,0.15902700484182705,0.16706819721186603,0.0,0.042969027411517716,0.16706819721186603,0.04740195721293358,-0.0707599538057419,-0.16706819721186603
2025-07-11,0.05988492236537881,0.13026193556369983,0.13768073582484242,0.16706819721186603,0.1252897931285365,0.15902700484182705,0.16706819721186603,0.0,0.042969027411517716,0.16706819721186603,0.04740195721293358,-0.0707599538057419,-0.16706819721186603
2025-07-14,0.05988492236537881,0.13026193556369983,0.13768073582484242,0.16706819721186603,0.1252897931285365,0.15902700484182705,0.16706819721186603,0.0,0.042969027411517716,0.16706819721186603,0.04740195721293358,-0.0707599538057419,-0.16706819721186603
2025-07-15,0.05988492236537881,0.13026193556369983,0.13768073582484242,0.16706819721186603,0.1252897931285365,0.15902700484182705,0.16706819721186603,0.0,0.042969027411517716,0.16706819721186603,0.04740195721293358,-0.0707599538057419,-0.16706819721186603
2025-07-16,0.05988492236537881,0.13026193556369983,0.13768073582484242,0.16706819721186603,0.1252897931285365,0.15902700484182705,0.16706819721186603,0.0,0.042969027411517716,0.16706819721186603,0.04740195721293358,-0.0707599538057419,-0.16706819721186603
2025-07-17,0.05988492236537881,0.13026193556369983,0.13768073582484242,0.16706819721186603,0.1252897931285365,0.15902700484182705,0.16706819721186603,0.0,0.042969027411517716,0.16706819721186603,0.04740195721293358,-0.0707599538057419,-0.16706819721186603
2025-07-18,0.05988492236537881,0.13026193556369983,0.13768073582484242,0.16706819721186603,0.1252897931285365,0.15902700484182705,0.16706819721186603,0.0,0.042969027411517716,0.16706819721186603,0.04740195721293358,-0.0707599538057419,-0.16706819721186603
2025-07-21,0.05988492236537881,0.13026193556369983,0.13768073582484242,0.16706819721186603,0.1252897931285365,0.15902700484182705,0.16706819721186603,0.0,0.042969027411517716,0.16706819721186603,0.04740195721293358,-0.0707599538057419,-0.16706819721186603
2025-07-22,0.05988492236537881,0.13026193556369983,0.13768073582484242,0.16706819721186603,0.1252897931285365,0.15902700484182705,0.16706819721186603,0.0,0.042969027411517716,0.16706819721186603,0.04740195721293358,-0.0707599538057419,-0.16706819721186603
2025-07-23,0.05988492236537881,0.13026193556369983,0.13768073582484242,0.16706819721186603,0.1252897931285365,0.15902700484182705,0.16706819721186603,0.0,0.042969027411517716,0.16706819721186603,0.04740195721293358,-0.0707599538057419,-0.16706819721186603
2025-07-24,0.05988492236537881,0.13026193556369983,0.13768073582484242,0.16706819721186603,0.1252897931285365,0.15902700484182705,0.16706819721186603,0.0,0.042969027411517716,0.16706819721186603,0.04740195721293358,-0.0707599538057419,-0.16706819721186603
2025-07-25,0.05988492236537881,0.13026193556369983,0.13768073582484242,0.16706819721186603,0.1252897931285365,0.15902700484182705,0.16706819721186603,0.0,0.042969027411517716,0.16706819721186603,0.04740195721293358,-0.0707599538057419,-0.16706819721186603
2025-07-28,0.05988492236537881,0.13026193556369983,0.13768073582484242,0.16706819721186603,0.1252897931285365,0.15902700484182705,0.16706819721186603,0.0,0.042969027411517716,0.16706819721186603,0.04740195721293358,-0.0707599538057419,-0.16706819721186603
2025-07-29,0.05988492236537881,0.13026193556369983,0.13768073582484242,0.16706819721186603,0.1252897931285365,0.15902700484182705,0.16706819721186603,0.0,0.042969027411517716,0.16706819721186603,0.04740195721293358,-0.0707599538057419,-0.16706819721186603
2025-07-30,0.05988492236537881,0.13026193556369983,0.13768073582484242,0.16706819721186603,0.1252897931285365,0.15902700484182705,0.16706819721186603,0.0,0.042969027411517716,0.16706819721186603,0.04740195721293358,-0.0707599538057419,-0.16706819721186603
2025-07-31,0.07232809702874704,0.13178125810944333,0.1374496531427255,0.17781423523414525,0.13733651280049983,0.1659455966139915,0.1783414821876693,0.012922403832003337,0.06508439748600084,0.1783414821876693,0.06847141376690072,-0.054064721597716886,-0.17781423523414525
2025-08-01,0.08477127169211528,0.13330058065518682,0.1372185704606086,0.18856027325642447,0.14938323247246316,0.17286418838615594,0.18961476716347256,0.025844807664006673,0.08719976756048395,0.18961476716347256,0.08954087032086785,-0.03736948938969187,-0.18856027325642447
2025-08-04,0.09721444635548351,0.13481990320093032,0.13698748777849165,0.19930631127870369,0.16142995214442646,0.1797827801583204,0.20088805213927585,0.038767211496010014,0.10931513763496707,0.20088805213927585,0.11061032687483499,-0.020674257181666846,-0.19930631127870369
2025-08-05,0.10965762101885175,0.13633922574667381,0.13675640509637474,0.21005234930098288,0.1734766718163898,0.18670137193048486,0.21216133711507912,0.05168961532801335,0.1314305077094502,0.21216133711507912,0.1316797834288021,-0.003979024973641828,-0.21005234930098288
2025-08-06,0.11262324031183352,0.13670133046478755,0.13670133046478755,0.21261348490697946,0.1763478027972553,0.1883503007444634,0.21484813307543366,0.05476945075206396,0.13670133046478755,0.21484813307543366,0.13670133046478755,0.0,-0.21261348490697946
2025-08-07,0.11262324031183352,0.13670133046478755,0.13670133046478755,0.21261348490697946,0.1763478027972553,0.1883503007444634,0.21484813307543366,0.05476945075206396,0.13670133046478755,0.21484813307543366,0.13670133046478755,0.0,-0.21261348490697946
2025-08-08,0.11262324031183352,0.13670133046478755,0.13670133046478755,0.21261348490697946,0.1763478027972553,0.1883503007444634,0.21484813307543366,0.05476945075206396,0.13670133046478755,0.21484813307543366,0.13670133046478755,0.0,-0.21261348490697946
2025-08-11,0.11262324031183352,0.13670133046478755,0.13670133046478755,0.21261348490697946,0.1763478027972553,0.1883503007444634,0.21484813307543366,0.05476945075206396,0.13670133046478755,0.21484813307543366,0.13670133046478755,0.0,-0.21261348490697946
2025-08-12,0.11262324031183352,0.13670133046478755,0.13670133046478755,0.21261348490697946,0.1763478027972553,0.1883503007444634,0.21484813307543366,0.05476945075206396,0.13670133046478755,0.21484813307543366,0.13670133046478755,0.0,-0.21261348490697946
2025-08-13,0.11262324031183352,0.13670133046478755,0.13670133046478755,0.21261348490697946,0.1763478027972553,0.1883503007444634,0.21484813307543366,0.05476945075206396,0.13670133046478755,0.21484813307543366,0.13670133046478755,0.0,-0.21261348490697946
2025-08-14,0.11262324031183352,0.13670133046478755,0.13670133046478755,0.21261348490697946,0.1763478027972553,0.1883503007444634,0.21484813307543366,0.05476945075206396,0.13670133046478755,0.21484813307543366,0.13670133046478755,0.0,-0.21261348490697946
2025-08-15,0.11262324031183352,0.13670133046478755,0.13670133046478755,0.21261348490697946,0.1763478027972553,0.1883503007444634,0.21484813307543366,0.05476945075206396,0.13670133046478755,0.21484813307543366,0.13670133046478755,0.0,-0.21261348490697946
2025-08-18,0.11262324031183352,0.13670133046478755,0.13670133046478755,0.21261348490697946,0.1763478027972553,0.1883503007444634,0.21484813307543366,0.05476945075206396,0.13670133046478755,0.21484813307543366,0.13670133046478755,0.0,-0.21261348490697946
2025-08-19,0.11262324031183352,0.13670133046478755,0.13670133046478755,0.21261348490697946,0.1763478027972553,0.1883503007444634,0.21484813307543366,0.05476945075206396,0.13670133046478755,0.21484813307543366,0.13670133046478755,0.0,-0.21261348490697946
2025-08-20,0.11262324031183352,0.13670133046478755,0.13670133046478755,0.21261348490697946,0.1763478027972553,0.1883503007444634,0.21484813307543366,0.05476945075206396,0.13670133046478755,0.21484813307543366,0.13670133046478755,0.0,-0.21261348490697946
2025-08-21,0.11262324031183352,0.13670133046478755,0.13670133046478755,0.21261348490697946,0.1763478027972553,0.1883503007444634,0.21484813307543366,0.05476945075206396,0.13670133046478755,0.21484813307543366,0.13670133046478755,0.0,-0.21261348490697946
2025-08-22,0.11262324031183352,0.13670133046478755,0.13670133046478755,0.21261348490697946,0.1763478027972553,0.1883503007444634,0.21484813307543366,0.05476945075206396,0.13670133046478755,0.21484813307543366,0.13670133046478755,0.0,-0.21261348490697946
2025-08-25,0.11262324031183352,0.13670133046478755,0.13670133046478755,0.21261348490697946,0.1763478027972553,0.1883503007444634,0.21484813307543366,0.05476945075206396,0.13670133046478755,0.21484813307543366,0.13670133046478755,0.0,-0.21261348490697946
2025-08-26,0.11262324031183352,0.13670133046478755,0.13670133046478755,0.21261348490697946,0.1763478027972553,0.1883503007444634,0.21484813307543366,0.05476945075206396,0.13670133046478755,0.21484813307543366,0.13670133046478755,0.0,-0.21261348490697946
2025-08-27,0.11262324031183352,0.13670133046478755,0.13670133046478755,0.21261348490697946,0.1763478027972553,0.1883503007444634,0.21484813307543366,0.05476945075206396,0.13670133046478755,0.21484813307543366,0.13670133046478755,0.0,-0.21261348490697946
2025-08-28,0.11262324031183352,0.13670133046478755,0.13670133046478755,0.21261348490697946,0.1763478027972553,0.1883503007444634,0.21484813307543366,0.05476945075206396,0.13670133046478755,0.21484813307543366,0.13670133046478755,0.0,-0.21261348490697946
2025-08-29,0.11262324031183352,0.13670133046478755,0.13670133046478755,0.21261348490697946,0.1763478027972553,0.1883503007444634,0.21484813307543366,0.05476945075206396,0.13670133046478755,0.21484813307543366,0.13670133046478755,0.0,-0.21261348490697946
2025-09-02,0.11262324031183352,0.13670133046478755,0.13670133046478755,0.21261348490697946,0.1763478027972553,0.1883503007444634,0.21484813307543366,0.05476945075206396,0.13670133046478755,0.21484813307543366,0.13670133046478755,0.0,-0.21261348490697946
2025-09-03,0.11262324031183352,0.13670133046478755,0.13670133046478755,0.21261348490697946,0.1763478027972553,0.1883503007444634,0.21484813307543366,0.05476945075206396,0.13670133046478755,0.21484813307543366,0.13670133046478755,0.0,-0.21261348490697946
2025-09-04,0.11262324031183352,0.13670133046478755,0.13670133046478755,0.21261348490697946,0.1763478027972553,0.1883503007444634,0.21484813307543366,0.05476945075206396,0.13670133046478755,0.21484813307543366,0.13670133046478755,0.0,-0.21261348490697946
2025-09-05,0.11262324031183352,0.13670133046478755,0.13670133046478755,0.21261348490697946,0.1763478027972553,0.1883503007444634,0.21484813307543366,0.05476945075206396,0.13670133046478755,0.21484813307543366,0.13670133046478755,0.0,-0.21261348490697946
2025-09-08,0.11262324031183352,0.13670133046478755,0.13670133046478755,0.21261348490697946,0.1763478027972553,0.1883503007444634,0.21484813307543366,0.05476945075206396,0.13670133046478755,0.21484813307543366,0.13670133046478755,0.0,-0.21261348490697946
2025-09-09,0.11262324031183352,0.13670133046478755,0.13670133046478755,0.21261348490697946,0.1763478027972553,0.1883503007444634,0.21484813307543366,0.05476945075206396,0.13670133046478755,0.21484813307543366,0.13670133046478755,0.0,-0.21261348490697946
2025-09-10,0.11262324031183352,0.13670133046478755,0.13670133046478755,0.21261348490697946,0.1763478027972553,0.1883503007444634,0.21484813307543366,0.05476945075206396,0.13670133046478755,0.21484813307543366,0.13670133046478755,0.0,-0.21261348490697946
2025-09-11,0.11262324031183352,0.13670133046478755,0.13670133046478755,0.21261348490697946,0.1763478027972553,0.1883503007444634,0.21484813307543366,0.05476945075206396,0.13670133046478755,0.21484813307543366,0.13670133046478755,0.0,-0.21261348490697946
2025-09-12,0.11262324031183352,0.13670133046478755,0.13670133046478755,0.21261348490697946,0.1763478027972553,0.1883503007444634,0.21484813307543366,0.05476945075206396,0.13670133046478755,0.21484813307543366,0.13670133046478755,0.0,-0.21261348490697946
2025-09-15,0.11262324031183352,0.13670133046478755,0.13670133046478755,0.21261348490697946,0.1763478027972553,0.1883503007444634,0.21484813307543366,0.05476945075206396,0.13670133046478755,0.21484813307543366,0.13670133046478755,0.0,-0.21261348490697946
2025-09-16,0.11262324031183352,0.13670133046478755,0.13670133046478755,0.21261348490697946,0.1763478027972553,0.1883503007444634,0.21484813307543366,0.05476945075206396,0.13670133046478755,0.21484813307543366,0.13670133046478755,0.0,-0.21261348490697946
2025-09-17,0.11262324031183352,0.13670133046478755,0.13670133046478755,0.21261348490697946,0.1763478027972553,0.1883503007444634,0.21484813307543366,0.05476945075206396,0.13670133046478755,0.21484813307543366,0.13670133046478755,0.0,-0.21261348490697946
2025-09-18,0.11262324031183352,0.13670133046478755,0.13670133046478755,0.21261348490697946,0.1763478027972553,0.1883503007444634,0.21484813307543366,0.05476945075206396,0.13670133046478755,0.21484813307543366,0.13670133046478755,0.0,-0.21261348490697946
2025-09-19,0.11262324031183352,0.13670133046478755,0.13670133046478755,0.21261348490697946,0.1763478027972553,0.1883503007444634,0.21484813307543366,0.05476945075206396,0.13670133046478755,0.21484813307543366,0.13670133046478755,0.0,-0.21261348490697946
2025-09-22,0.11262324031183352,0.13670133046478755,0.13670133046478755,0.21261348490697946,0.1763478027972553,0.1883503007444634,0.21484813307543366,0.05476945075206396,0.13670133046478755,0.21484813307543366,0.13670133046478755,0.0,-0.21261348490697946
2025-09-23,0.11262324031183352,0.13670133046478755,0.13670133046478755,0.21261348490697946,0.1763478027972553,0.1883503007444634,0.21484813307543366,0.05476945075206396,0.13670133046478755,0.21484813307543366,0.13670133046478755,0.0,-0.21261348490697946
2025-09-24,0.11262324031183352,0.13670133046478755,0.13670133046478755,0.21261348490697946,0.1763478027972553,0.1883503007444634,0.21484813307543366,0.05476945075206396,0.13670133046478755,0.21484813307543366,0.13670133046478755,0.0,-0.21261348490697946
2025-09-25,0.11262324031183352,0.13670133046478755,0.13670133046478755,0.21261348490697946,0.1763478027972553,0.1883503007444634,0.21484813307543366,0.05476945075206396,0.13670133046478755,0.21484813307543366,0.13670133046478755,0.0,-0.21261348490697946
2025-09-26,0.11262324031183352,0.13670133046478755,0.13670133046478755,0.21261348490697946,0.1763478027972553,0.1883503007444634,0.21484813307543366,0.05476945075206396,0.13670133046478755,0.21484813307543366,0.13670133046478755,0.0,-0.21261348490697946
2025-09-29,0.11262324031183352,0.13670133046478755,0.13670133046478755,0.21261348490697946,0.1763478027972553,0.1883503007444634,0.21484813307543366,0.05476945075206396,0.13670133046478755,0.21484813307543366,0.13670133046478755,0.0,-0.21261348490697946
2025-09-30,0.13611544615862628,0.13831416790828258,0.13831416790828258,0.21981539593062577,0.14237723394906504,0.20022612408793986,0.2216195750586166,0.06727813853099619,0.13831416790828258,0.2216195750586166,0.13831416790828258,0.0,-0.1716569154883634
2025-10-01,0.15960765200541904,0.13992700535177757,0.13992700535177757,0.22701730695427208,0.10840666510087481,0.21210194743141633,0.22839101704179954,0.07978682630992842,0.13992700535177757,0.22839101704179954,0.13992700535177757,0.0,-0.13070034606974734
2025-10-02,0.18309985785221183,0.1415398427952726,0.1415398427952726,0.2342192179779184,0.07443609625268457,0.22397777077489278,0.23516245902498248,0.09229551408886065,0.1415398427952726,0.23516245902498248,0.1415398427952726,0.0,-0.08974377665113129
2025-10-03,0.2065920636990046,0.1431526802387676,0.1431526802387676,0.24142112900156468,0.04046552740449435,0.23585359411836926,0.24193390100816545,0.10480420186779288,0.1431526802387676,0.24193390100816545,0.1431526802387676,0.0,-0.048787207232515235
2025-10-06,0.2300842695457974,0.14476551768226262,0.14476551768226262,0.248623040025211,0.00649495855630413,0.2477294174618457,0.2487053429913484,0.11731288964672512,0.14476551768226262,0.2487053429913484,0.14476551768226262,0.0,-0.007830637813899193
2025-10-07,0.23457583116941774,0.14507388203142518,0.14507388203142518,0.25,0.0,0.25,0.25,0.11970447187429917,0.14507388203142518,0.25,0.14507388203142518,0.0,0.0
2025-10-08,0.23457583116941774,0.14507388203142518,0.14507388203142518,0.25,0.0,0.25,0.25,0.11970447187429917,0.14507388203142518,0.25,0.14507388203142518,0.0,0.0
2025-10-09,0.23457583116941774,0.14507388203142518,0.14507388203142518,0.25,0.0,0.25,0.25,0.11970447187429917,0.14507388203142518,0.25,0.14507388203142518,0.0,0.0
2025-10-10,0.23457583116941774,0.14507388203142518,0.14507388203142518,0.25,0.0,0.25,0.25,0.11970447187429917,0.14507388203142518,0.25,0.14507388203142518,0.0,0.0
2025-10-13,0.23457583116941774,0.14507388203142518,0.14507388203142518,0.25,0.0,0.25,0.25,0.11970447187429917,0.14507388203142518,0.25,0.14507388203142518,0.0,0.0
2025-10-14,0.23457583116941774,0.14507388203142518,0.14507388203142518,0.25,0.0,0.25,0.25,0.11970447187429917,0.14507388203142518,0.25,0.14507388203142518,0.0,0.0
2025-10-15,0.23457583116941774,0.14507388203142518,0.14507388203142518,0.25,0.0,0.25,0.25,0.11970447187429917,0.14507388203142518,0.25,0.14507388203142518,0.0,0.0
2025-10-16,0.23457583116941774,0.14507388203142518,0.14507388203142518,0.25,0.0,0.25,0.25,0.11970447187429917,0.14507388203142518,0.25,0.14507388203142518,0.0,0.0
2025-10-17,0.23457583116941774,0.14507388203142518,0.14507388203142518,0.25,0.0,0.25,0.25,0.11970447187429917,0.14507388203142518,0.25,0.14507388203142518,0.0,0.0
2025-10-20,0.23457583116941774,0.14507388203142518,0.14507388203142518,0.25,0.0,0.25,0.25,0.11970447187429917,0.14507388203142518,0.25,0.14507388203142518,0.0,0.0
2025-10-21,0.23457583116941774,0.14507388203142518,0.14507388203142518,0.25,0.0,0.25,0.25,0.11970447187429917,0.14507388203142518,0.25,0.14507388203142518,0.0,0.0
2025-10-22,0.23457583116941774,0.14507388203142518,0.14507388203142518,0.25,0.0,0.25,0.25,0.11970447187429917,0.14507388203142518,0.25,0.14507388203142518,0.0,0.0
2025-10-23,0.23457583116941774,0.14507388203142518,0.14507388203142518,0.25,0.0,0.25,0.25,0.11970447187429917,0.14507388203142518,0.25,0.14507388203142518,0.0,0.0
2025-10-24,0.23457583116941774,0.14507388203142518,0.14507388203142518,0.25,0.0,0.25,0.25,0.11970447187429917,0.14507388203142518,0.25,0.14507388203142518,0.0,0.0
2025-10-27,0.23457583116941774,0.14507388203142518,0.14507388203142518,0.25,0.0,0.25,0.25,0.11970447187429917,0.14507388203142518,0.25,0.14507388203142518,0.0,0.0
2025-10-28,0.23457583116941774,0.14507388203142518,0.14507388203142518,0.25,0.0,0.25,0.25,0.11970447187429917,0.14507388203142518,0.25,0.14507388203142518,0.0,0.0
2025-10-29,0.23457583116941774,0.14507388203142518,0.14507388203142518,0.25,0.0,0.25,0.25,0.11970447187429917,0.14507388203142518,0.25,0.14507388203142518,0.0,0.0
2025-10-30,0.23457583116941774,0.14507388203142518,0.14507388203142518,0.25,0.0,0.25,0.25,0.11970447187429917,0.14507388203142518,0.25,0.14507388203142518,0.0,0.0
2025-10-31,0.22925735022668833,0.139896763730673,0.139896763730673,0.2415555533624161,-0.04222223318791942,0.2415555533624161,0.2387407378165548,0.11676849449207317,0.139896763730673,0.2387407378165548,0.139896763730673,0.03940741764205813,0.0
2025-11-03,0.22393886928395892,0.1347196454299208,0.1347196454299208,0.2331111067248322,-0.08444446637583886,0.2331111067248322,0.2274814756331096,0.11383251710984717,0.1347196454299208,0.2274814756331096,0.1347196454299208,0.07881483528411626,0.0
2025-11-04,0.21862038834122952,0.12954252712916856,0.12954252712916856,0.22466666008724834,-0.12666669956375828,0.22466666008724834,0.21622221344966444,0.11089653972762116,0.12954252712916856,0.21622221344966444,0.12954252712916856,0.11822225292617439,0.0
2025-11-05,0.2133019073985001,0.12436540882841633,0.12436540882841633,0.21622221344966444,-0.1688889327516777,0.21622221344966444,0.20496295126621925,0.10796056234539515,0.12436540882841633,0.20496295126621925,0.12436540882841633,0.15762967056823252,0.0
2025-11-06,0.20833333333333331,0.1195288970502587,0.1195288970502587,0.20833333333333331,-0.20833333333333331,0.20833333333333331,0.19444444444444442,0.10521774513229858,0.1195288970502587,0.19444444444444442,0.1195288970502587,0.19444444444444442,0.0
2025-11-07,0.20833333333333331,0.1195288970502587,0.1195288970502587,0.20833333333333331,-0.20833333333333331,0.20833333333333331,0.19444444444444442,0.10521774513229858,0.1195288970502587,0.19444444444444442,0.1195288970502587,0.19444444444444442,0.0
2025-11-10,0.20833333333333331,0.1195288970502587,0.1195288970502587,0.20833333333333331,-0.20833333333333331,0.20833333333333331,0.19444444444444442,0.10521774513229858,0.1195288970502587,0.19444444444444442,0.1195288970502587,0.19444444444444442,0.0
2025-11-11,0.20833333333333331,0.1195288970502587,0.1195288970502587,0.20833333333333331,-0.20833333333333331,0.20833333333333331,0.19444444444444442,0.10521774513229858,0.1195288970502587,0.19444444444444442,0.1195288970502587,0.19444444444444442,0.0
2025-11-12,0.20833333333333331,0.1195288970502587,0.1195288970502587,0.20833333333333331,-0.20833333333333331,0.20833333333333331,0.19444444444444442,0.10521774513229858,0.1195288970502587,0.19444444444444442,0.1195288970502587,0.19444444444444442,0.0
2025-11-13,0.20833333333333331,0.1195288970502587,0.1195288970502587,0.20833333333333331,-0.20833333333333331,0.20833333333333331,0.19444444444444442,0.10521774513229858,0.1195288970502587,0.19444444444444442,0.1195288970502587,0.19444444444444442,0.0
2025-11-14,0.20833333333333331,0.1195288970502587,0.1195288970502587,0.20833333333333331,-0.20833333333333331,0.20833333333333331,0.19444444444444442,0.10521774513229858,0.1195288970502587,0.19444444444444442,0.1195288970502587,0.19444444444444442,0.0
2025-11-17,0.20833333333333331,0.1195288970502587,0.1195288970502587,0.20833333333333331,-0.20833333333333331,0.20833333333333331,0.19444444444444442,0.10521774513229858,0.1195288970502587,0.19444444444444442,0.1195288970502587,0.19444444444444442,0.0
2025-11-18,0.20833333333333331,0.1195288970502587,0.1195288970502587,0.20833333333333331,-0.20833333333333331,0.20833333333333331,0.19444444444444442,0.10521774513229858,0.1195288970502587,0.19444444444444442,0.1195288970502587,0.19444444444444442,0.0
2025-11-19,0.20833333333333331,0.1195288970502587,0.1195288970502587,0.20833333333333331,-0.20833333333333331,0.20833333333333331,0.19444444444444442,0.10521774513229858,0.1195288970502587,0.19444444444444442,0.1195288970502587,0.19444444444444442,0.0
2025-11-20,0.20833333333333331,0.1195288970502587,0.1195288970502587,0.20833333333333331,-0.20833333333333331,0.20833333333333331,0.19444444444444442,0.10521774513229858,0.1195288970502587,0.19444444444444442,0.1195288970502587,0.19444444444444442,0.0
2025-11-21,0.20833333333333331,0.1195288970502587,0.1195288970502587,0.20833333333333331,-0.20833333333333331,0.20833333333333331,0.19444444444444442,0.10521774513229858,0.1195288970502587,0.19444444444444442,0.1195288970502587,0.19444444444444442,0.0
2025-11-24,0.20833333333333331,0.1195288970502587,0.1195288970502587,0.20833333333333331,-0.20833333333333331,0.20833333333333331,0.19444444444444442,0.10521774513229858,0.1195288970502587,0.19444444444444442,0.1195288970502587,0.19444444444444442,0.0
2025-11-25,0.20833333333333331,0.1195288970502587,0.1195288970502587,0.20833333333333331,-0.20833333333333331,0.20833333333333331,0.19444444444444442,0.10521774513229858,0.1195288970502587,0.19444444444444442,0.1195288970502587,0.19444444444444442,0.0
2025-11-26,0.20833333333333331,0.1195288970502587,0.1195288970502587,0.20833333333333331,-0.20833333333333331,0.20833333333333331,0.19444444444444442,0.10521774513229858,0.1195288970502587,0.19444444444444442,0.1195288970502587,0.19444444444444442,0.0
2025-11-28,0.20833333333333331,0.1195288970502587,0.1195288970502587,0.20833333333333331,-0.20833333333333331,0.20833333333333331,0.19444444444444442,0.10521774513229858,0.1195288970502587,0.19444444444444442,0.1195288970502587,0.19444444444444442,0.0
2025-12-01,0.20833333333333331,0.1195288970502587,0.1195288970502587,0.20833333333333331,-0.20833333333333331,0.20833333333333331,0.19444444444444442,0.10521774513229858,0.1195288970502587,0.19444444444444442,0.1195288970502587,0.19444444444444442,0.0
2025-12-02,0.20833333333333331,0.1195288970502587,0.1195288970502587,0.20833333333333331,-0.20833333333333331,0.20833333333333331,0.19444444444444442,0.10521774513229858,0.1195288970502587,0.19444444444444442,0.1195288970502587,0.19444444444444442,0.0
2025-12-03,0.20833333333333331,0.1195288970502587,0.1195288970502587,0.20833333333333331,-0.20833333333333331,0.20833333333333331,0.19444444444444442,0.10521774513229858,0.1195288970502587,0.19444444444444442,0.1195288970502587,0.19444444444444442,0.0
2025-12-04,0.20833333333333331,0.1195288970502587,0.1195288970502587,0.20833333333333331,-0.20833333333333331,0.20833333333333331,0.19444444444444442,0.10521774513229858,0.1195288970502587,0.19444444444444442,0.1195288970502587,0.19444444444444442,0.0
2025-12-05,0.20833333333333331,0.1195288970502587,0.1195288970502587,0.20833333333333331,-0.20833333333333331,0.20833333333333331,0.19444444444444442,0.10521774513229858,0.1195288970502587,0.19444444444444442,0.1195288970502587,0.19444444444444442,0.0
2025-12-08,0.20833333333333331,0.1195288970502587,0.1195288970502587,0.20833333333333331,-0.20833333333333331,0.20833333333333331,0.19444444444444442,0.10521774513229858,0.1195288970502587,0.19444444444444442,0.1195288970502587,0.19444444444444442,0.0
2025-12-09,0.20833333333333331,0.1195288970502587,0.1195288970502587,0.20833333333333331,-0.20833333333333331,0.20833333333333331,0.19444444444444442,0.10521774513229858,0.1195288970502587,0.19444444444444442,0.1195288970502587,0.19444444444444442,0.0
2025-12-10,0.20833333333333331,0.1195288970502587,0.1195288970502587,0.20833333333333331,-0.20833333333333331,0.20833333333333331,0.19444444444444442,0.10521774513229858,0.1195288970502587,0.19444444444444442,0.1195288970502587,0.19444444444444442,0.0
2025-12-11,0.20833333333333331,0.1195288970502587,0.1195288970502587,0.20833333333333331,-0.20833333333333331,0.20833333333333331,0.19444444444444442,0.10521774513229858,0.1195288970502587,0.19444444444444442,0.1195288970502587,0.19444444444444442,0.0
2025-12-12,0.20833333333333331,0.1195288970502587,0.1195288970502587,0.20833333333333331,-0.20833333333333331,0.20833333333333331,0.19444444444444442,0.10521774513229858,0.1195288970502587,0.19444444444444442,0.1195288970502587,0.19444444444444442,0.0
2025-12-15,0.20833333333333331,0.1195288970502587,0.1195288970502587,0.20833333333333331,-0.20833333333333331,0.20833333333333331,0.19444444444444442,0.10521774513229858,0.1195288970502587,0.19444444444444442,0.1195288970502587,0.19444444444444442,0.0
2025-12-16,0.20833333333333331,0.1195288970502587,0.1195288970502587,0.20833333333333331,-0.20833333333333331,0.20833333333333331,0.19444444444444442,0.10521774513229858,0.1195288970502587,0.19444444444444442,0.1195288970502587,0.19444444444444442,0.0
2025-12-17,0.20833333333333331,0.1195288970502587,0.1195288970502587,0.20833333333333331,-0.20833333333333331,0.20833333333333331,0.19444444444444442,0.10521774513229858,0.1195288970502587,0.19444444444444442,0.1195288970502587,0.19444444444444442,0.0
2025-12-18,0.20833333333333331,0.1195288970502587,0.1195288970502587,0.20833333333333331,-0.20833333333333331,0.20833333333333331,0.19444444444444442,0.10521774513229858,0.1195288970502587,0.19444444444444442,0.1195288970502587,0.19444444444444442,0.0
2025-12-19,0.20833333333333331,0.1195288970502587,0.1195288970502587,0.20833333333333331,-0.20833333333333331,0.20833333333333331,0.19444444444444442,0.10521774513229858,0.1195288970502587,0.19444444444444442,0.1195288970502587,0.19444444444444442,0.0
2025-12-22,0.20833333333333331,0.1195288970502587,0.1195288970502587,0.20833333333333331,-0.20833333333333331,0.20833333333333331,0.19444444444444442,0.10521774513229858,0.1195288970502587,0.19444444444444442,0.1195288970502587,0.19444444444444442,0.0
2025-12-23,0.20833333333333331,0.1195288970502587,0.1195288970502587,0.20833333333333331,-0.20833333333333331,0.20833333333333331,0.19444444444444442,0.10521774513229858,0.1195288970502587,0.19444444444444442,0.1195288970502587,0.19444444444444442,0.0
2025-12-24,0.20833333333333331,0.1195288970502587,0.1195288970502587,0.20833333333333331,-0.20833333333333331,0.20833333333333331,0.19444444444444442,0.10521774513229858,0.1195288970502587,0.19444444444444442,0.1195288970502587,0.19444444444444442,0.0
2025-12-26,0.20833333333333331,0.1195288970502587,0.1195288970502587,0.20833333333333331,-0.20833333333333331,0.20833333333333331,0.19444444444444442,0.10521774513229858,0.1195288970502587,0.19444444444444442,0.1195288970502587,0.19444444444444442,0.0
2025-12-29,0.20833333333333331,0.1195288970502587,0.1195288970502587,0.20833333333333331,-0.20833333333333331,0.20833333333333331,0.19444444444444442,0.10521774513229858,0.1195288970502587,0.19444444444444442,0.1195288970502587,0.19444444444444442,0.0
2025-12-30,0.20833333333333331,0.1195288970502587,0.1195288970502587,0.20833333333333331,-0.20833333333333331,0.20833333333333331,0.19444444444444442,0.10521774513229858,0.1195288970502587,0.19444444444444442,0.1195288970502587,0.19444444444444442,0.0
2025-12-31,0.20084767359905253,0.12191067784665206,0.12191067784665206,0.20084767359905253,-0.20084767359905253,0.19408450601990637,0.20084767359905253,0.09363019137487251,0.10301126116251831,0.20084767359905253,0.12191067784665206,0.16016041287421784,0.0
2026-01-02,0.20084767359905253,0.12191067784665206,0.12191067784665206,0.20084767359905253,-0.20084767359905253,0.19408450601990637,0.20084767359905253,0.09363019137487251,0.10301126116251831,0.20084767359905253,0.12191067784665206,0.16016041287421784,0.0
2026-01-05,0.20084767359905253,0.12191067784665206,0.12191067784665206,0.20084767359905253,-0.20084767359905253,0.19408450601990637,0.20084767359905253,0.09363019137487251,0.10301126116251831,0.20084767359905253,0.12191067784665206,0.16016041287421784,0.0
2026-01-06,0.20084767359905253,0.12191067784665206,0.12191067784665206,0.20084767359905253,-0.20084767359905253,0.19408450601990637,0.20084767359905253,0.09363019137487251,0.10301126116251831,0.20084767359905253,0.12191067784665206,0.16016041287421784,0.0
2026-01-07,0.20084767359905253,0.12191067784665206,0.12191067784665206,0.20084767359905253,-0.20084767359905253,0.19408450601990637,0.20084767359905253,0.09363019137487251,0.10301126116251831,0.20084767359905253,0.12191067784665206,0.16016041287421784,0.0
2026-01-08,0.20084767359905253,0.12191067784665206,0.12191067784665206,0.20084767359905253,-0.20084767359905253,0.19408450601990637,0.20084767359905253,0.09363019137487251,0.10301126116251831,0.20084767359905253,0.12191067784665206,0.16016041287421784,0.0
2026-01-09,0.20084767359905253,0.12191067784665206,0.12191067784665206,0.20084767359905253,-0.20084767359905253,0.19408450601990637,0.20084767359905253,0.09363019137487251,0.10301126116251831,0.20084767359905253,0.12191067784665206,0.16016041287421784,0.0
2026-01-12,0.20084767359905253,0.12191067784665206,0.12191067784665206,0.20084767359905253,-0.20084767359905253,0.19408450601990637,0.20084767359905253,0.09363019137487251,0.10301126116251831,0.20084767359905253,0.12191067784665206,0.16016041287421784,0.0
2026-01-13,0.20084767359905253,0.12191067784665206,0.12191067784665206,0.20084767359905253,-0.20084767359905253,0.19408450601990637,0.20084767359905253,0.09363019137487251,0.10301126116251831,0.20084767359905253,0.12191067784665206,0.16016041287421784,0.0
2026-01-14,0.20084767359905253,0.12191067784665206,0.12191067784665206,0.20084767359905253,-0.20084767359905253,0.19408450601990637,0.20084767359905253,0.09363019137487251,0.10301126116251831,0.20084767359905253,0.12191067784665206,0.16016041287421784,0.0
2026-01-15,0.20084767359905253,0.12191067784665206,0.12191067784665206,0.20084767359905253,-0.20084767359905253,0.19408450601990637,0.20084767359905253,0.09363019137487251,0.10301126116251831,0.20084767359905253,0.12191067784665206,0.16016041287421784,0.0
2026-01-16,0.20084767359905253,0.12191067784665206,0.12191067784665206,0.20084767359905253,-0.20084767359905253,0.19408450601990637,0.20084767359905253,0.09363019137487251,0.10301126116251831,0.20084767359905253,0.12191067784665206,0.16016041287421784,0.0
2026-01-20,0.20084767359905253,0.12191067784665206,0.12191067784665206,0.20084767359905253,-0.20084767359905253,0.19408450601990637,0.20084767359905253,0.09363019137487251,0.10301126116251831,0.20084767359905253,0.12191067784665206,0.16016041287421784,0.0
2026-01-21,0.20084767359905253,0.12191067784665206,0.12191067784665206,0.20084767359905253,-0.20084767359905253,0.19408450601990637,0.20084767359905253,0.09363019137487251,0.10301126116251831,0.20084767359905253,0.12191067784665206,0.16016041287421784,0.0
2026-01-22,0.20084767359905253,0.12191067784665206,0.12191067784665206,0.20084767359905253,-0.20084767359905253,0.19408450601990637,0.20084767359905253,0.09363019137487251,0.10301126116251831,0.20084767359905253,0.12191067784665206,0.16016041287421784,0.0
2026-01-23,0.20084767359905253,0.12191067784665206,0.12191067784665206,0.20084767359905253,-0.20084767359905253,0.19408450601990637,0.20084767359905253,0.09363019137487251,0.10301126116251831,0.20084767359905253,0.12191067784665206,0.16016041287421784,0.0
2026-01-26,0.20084767359905253,0.12191067784665206,0.12191067784665206,0.20084767359905253,-0.20084767359905253,0.19408450601990637,0.20084767359905253,0.09363019137487251,0.10301126116251831,0.20084767359905253,0.12191067784665206,0.16016041287421784,0.0
2026-01-27,0.20084767359905253,0.12191067784665206,0.12191067784665206,0.20084767359905253,-0.20084767359905253,0.19408450601990637,0.20084767359905253,0.09363019137487251,0.10301126116251831,0.20084767359905253,0.12191067784665206,0.16016041287421784,0.0
2026-01-28,0.20084767359905253,0.12191067784665206,0.12191067784665206,0.20084767359905253,-0.20084767359905253,0.19408450601990637,0.20084767359905253,0.09363019137487251,0.10301126116251831,0.20084767359905253,0.12191067784665206,0.16016041287421784,0.0
2026-01-29,0.20084767359905253,0.12191067784665206,0.12191067784665206,0.20084767359905253,-0.20084767359905253,0.19408450601990637,0.20084767359905253,0.09363019137487251,0.10301126116251831,0.20084767359905253,0.12191067784665206,0.16016041287421784,0.0
2026-01-30,0.20084767359905253,0.12191067784665206,0.12191067784665206,0.20084767359905253,-0.20084767359905253,0.19408450601990637,0.20084767359905253,0.09363019137487251,0.10301126116251831,0.20084767359905253,0.12191067784665206,0.16016041287421784,0.0
2026-02-02,0.20084767359905253,0.12191067784665206,0.12191067784665206,0.20084767359905253,-0.20084767359905253,0.19408450601990637,0.20084767359905253,0.09363019137487251,0.10301126116251831,0.20084767359905253,0.12191067784665206,0.16016041287421784,0.0
2026-02-03,0.20084767359905253,0.12191067784665206,0.12191067784665206,0.20084767359905253,-0.20084767359905253,0.19408450601990637,0.20084767359905253,0.09363019137487251,0.10301126116251831,0.20084767359905253,0.12191067784665206,0.16016041287421784,0.0
2026-02-04,0.20084767359905253,0.12191067784665206,0.12191067784665206,0.20084767359905253,-0.20084767359905253,0.19408450601990637,0.20084767359905253,0.09363019137487251,0.10301126116251831,0.20084767359905253,0.12191067784665206,0.16016041287421784,0.0
2026-02-05,0.20084767359905253,0.12191067784665206,0.12191067784665206,0.20084767359905253,-0.20084767359905253,0.19408450601990637,0.20084767359905253,0.09363019137487251,0.10301126116251831,0.20084767359905253,0.12191067784665206,0.16016041287421784,0.0
2026-02-06,0.20084767359905253,0.12191067784665206,0.12191067784665206,0.20084767359905253,-0.20084767359905253,0.19408450601990637,0.20084767359905253,0.09363019137487251,0.10301126116251831,0.20084767359905253,0.12191067784665206,0.16016041287421784,0.0
2026-02-09,0.20084767359905253,0.12191067784665206,0.12191067784665206,0.20084767359905253,-0.20084767359905253,0.19408450601990637,0.20084767359905253,0.09363019137487251,0.10301126116251831,0.20084767359905253,0.12191067784665206,0.16016041287421784,0.0
2026-02-10,0.20084767359905253,0.12191067784665206,0.12191067784665206,0.20084767359905253,-0.20084767359905253,0.19408450601990637,0.20084767359905253,0.09363019137487251,0.10301126116251831,0.20084767359905253,0.12191067784665206,0.16016041287421784,0.0
2026-02-11,0.20084767359905253,0.12191067784665206,0.12191067784665206,0.20084767359905253,-0.20084767359905253,0.19408450601990637,0.20084767359905253,0.09363019137487251,0.10301126116251831,0.20084767359905253,0.12191067784665206,0.16016041287421784,0.0
2026-02-12,0.20084767359905253,0.12191067784665206,0.12191067784665206,0.20084767359905253,-0.20084767359905253,0.19408450601990637,0.20084767359905253,0.09363019137487251,0.10301126116251831,0.20084767359905253,0.12191067784665206,0.16016041287421784,0.0
2026-02-13,0.20084767359905253,0.12191067784665206,0.12191067784665206,0.20084767359905253,-0.20084767359905253,0.19408450601990637,0.20084767359905253,0.09363019137487251,0.10301126116251831,0.20084767359905253,0.12191067784665206,0.16016041287421784,0.0
2026-02-17,0.20084767359905253,0.12191067784665206,0.12191067784665206,0.20084767359905253,-0.20084767359905253,0.19408450601990637,0.20084767359905253,0.09363019137487251,0.10301126116251831,0.20084767359905253,0.12191067784665206,0.16016041287421784,0.0
2026-02-18,0.20084767359905253,0.12191067784665206,0.12191067784665206,0.20084767359905253,-0.20084767359905253,0.19408450601990637,0.20084767359905253,0.09363019137487251,0.10301126116251831,0.20084767359905253,0.12191067784665206,0.16016041287421784,0.0
2026-02-19,0.20084767359905253,0.12191067784665206,0.12191067784665206,0.20084767359905253,-0.20084767359905253,0.19408450601990637,0.20084767359905253,0.09363019137487251,0.10301126116251831,0.20084767359905253,0.12191067784665206,0.16016041287421784,0.0
2026-02-20,0.20084767359905253,0.12191067784665206,0.12191067784665206,0.20084767359905253,-0.20084767359905253,0.19408450601990637,0.20084767359905253,0.09363019137487251,0.10301126116251831,0.20084767359905253,0.12191067784665206,0.16016041287421784,0.0
2026-02-23,0.20084767359905253,0.12191067784665206,0.12191067784665206,0.20084767359905253,-0.20084767359905253,0.19408450601990637,0.20084767359905253,0.09363019137487251,0.10301126116251831,0.20084767359905253,0.12191067784665206,0.16016041287421784,0.0
2026-02-24,0.20084767359905253,0.12191067784665206,0.12191067784665206,0.20084767359905253,-0.20084767359905253,0.19408450601990637,0.20084767359905253,0.09363019137487251,0.10301126116251831,0.20084767359905253,0.12191067784665206,0.16016041287421784,0.0
2026-02-25,0.20084767359905253,0.12191067784665206,0.12191067784665206,0.20084767359905253,-0.20084767359905253,0.19408450601990637,0.20084767359905253,0.09363019137487251,0.10301126116251831,0.20084767359905253,0.12191067784665206,0.16016041287421784,0.0
2026-02-26,0.20084767359905253,0.12191067784665206,0.12191067784665206,0.20084767359905253,-0.20084767359905253,0.19408450601990637,0.20084767359905253,0.09363019137487251,0.10301126116251831,0.20084767359905253,0.12191067784665206,0.16016041287421784,0.0
2026-02-27,0.20084767359905253,0.12191067784665206,0.12191067784665206,0.20084767359905253,-0.20084767359905253,0.19408450601990637,0.20084767359905253,0.09363019137487251,0.10301126116251831,0.20084767359905253,0.12191067784665206,0.16016041287421784,0.0
2026-03-02,0.20084767359905253,0.12191067784665206,0.12191067784665206,0.20084767359905253,-0.20084767359905253,0.19408450601990637,0.20084767359905253,0.09363019137487251,0.10301126116251831,0.20084767359905253,0.12191067784665206,0.16016041287421784,0.0
2026-03-03,0.20084767359905253,0.12191067784665206,0.12191067784665206,0.20084767359905253,-0.20084767359905253,0.19408450601990637,0.20084767359905253,0.09363019137487251,0.10301126116251831,0.20084767359905253,0.12191067784665206,0.16016041287421784,0.0
2026-03-04,0.20084767359905253,0.12191067784665206,0.12191067784665206,0.20084767359905253,-0.20084767359905253,0.19408450601990637,0.20084767359905253,0.09363019137487251,0.10301126116251831,0.20084767359905253,0.12191067784665206,0.16016041287421784,0.0
2026-03-05,0.20084767359905253,0.12191067784665206,0.12191067784665206,0.20084767359905253,-0.20084767359905253,0.19408450601990637,0.20084767359905253,0.09363019137487251,0.10301126116251831,0.20084767359905253,0.12191067784665206,0.16016041287421784,0.0
2026-03-06,0.20084767359905253,0.12191067784665206,0.12191067784665206,0.20084767359905253,-0.20084767359905253,0.19408450601990637,0.20084767359905253,0.09363019137487251,0.10301126116251831,0.20084767359905253,0.12191067784665206,0.16016041287421784,0.0
2026-03-09,0.20084767359905253,0.12191067784665206,0.12191067784665206,0.20084767359905253,-0.20084767359905253,0.19408450601990637,0.20084767359905253,0.09363019137487251,0.10301126116251831,0.20084767359905253,0.12191067784665206,0.16016041287421784,0.0
2026-03-10,0.20084767359905253,0.12191067784665206,0.12191067784665206,0.20084767359905253,-0.20084767359905253,0.19408450601990637,0.20084767359905253,0.09363019137487251,0.10301126116251831,0.20084767359905253,0.12191067784665206,0.16016041287421784,0.0
2026-03-11,0.20084767359905253,0.12191067784665206,0.12191067784665206,0.20084767359905253,-0.20084767359905253,0.19408450601990637,0.20084767359905253,0.09363019137487251,0.10301126116251831,0.20084767359905253,0.12191067784665206,0.16016041287421784,0.0
2026-03-12,0.20084767359905253,0.12191067784665206,0.12191067784665206,0.20084767359905253,-0.20084767359905253,0.19408450601990637,0.20084767359905253,0.09363019137487251,0.10301126116251831,0.20084767359905253,0.12191067784665206,0.16016041287421784,0.0
2026-03-13,0.20084767359905253,0.12191067784665206,0.12191067784665206,0.20084767359905253,-0.20084767359905253,0.19408450601990637,0.20084767359905253,0.09363019137487251,0.10301126116251831,0.20084767359905253,0.12191067784665206,0.16016041287421784,0.0
2026-03-16,0.20084767359905253,0.12191067784665206,0.12191067784665206,0.20084767359905253,-0.20084767359905253,0.19408450601990637,0.20084767359905253,0.09363019137487251,0.10301126116251831,0.20084767359905253,0.12191067784665206,0.16016041287421784,0.0
2026-03-17,0.20084767359905253,0.12191067784665206,0.12191067784665206,0.20084767359905253,-0.20084767359905253,0.19408450601990637,0.20084767359905253,0.09363019137487251,0.10301126116251831,0.20084767359905253,0.12191067784665206,0.16016041287421784,0.0
2026-03-18,0.20084767359905253,0.12191067784665206,0.12191067784665206,0.20084767359905253,-0.20084767359905253,0.19408450601990637,0.20084767359905253,0.09363019137487251,0.10301126116251831,0.20084767359905253,0.12191067784665206,0.16016041287421784,0.0
2026-03-19,0.20084767359905253,0.12191067784665206,0.12191067784665206,0.20084767359905253,-0.20084767359905253,0.19408450601990637,0.20084767359905253,0.09363019137487251,0.10301126116251831,0.20084767359905253,0.12191067784665206,0.16016041287421784,0.0
2026-03-20,0.20084767359905253,0.12191067784665206,0.12191067784665206,0.20084767359905253,-0.20084767359905253,0.19408450601990637,0.20084767359905253,0.09363019137487251,0.10301126116251831,0.20084767359905253,0.12191067784665206,0.16016041287421784,0.0
2026-03-23,0.20084767359905253,0.12191067784665206,0.12191067784665206,0.20084767359905253,-0.20084767359905253,0.19408450601990637,0.20084767359905253,0.09363019137487251,0.10301126116251831,0.20084767359905253,0.12191067784665206,0.16016041287421784,0.0
2026-03-24,0.20084767359905253,0.12191067784665206,0.12191067784665206,0.20084767359905253,-0.20084767359905253,0.19408450601990637,0.20084767359905253,0.09363019137487251,0.10301126116251831,0.20084767359905253,0.12191067784665206,0.16016041287421784,0.0
2026-03-25,0.20084767359905253,0.12191067784665206,0.12191067784665206,0.20084767359905253,-0.20084767359905253,0.19408450601990637,0.20084767359905253,0.09363019137487251,0.10301126116251831,0.20084767359905253,0.12191067784665206,0.16016041287421784,0.0
2026-03-26,0.20084767359905253,0.12191067784665206,0.12191067784665206,0.20084767359905253,-0.20084767359905253,0.19408450601990637,0.20084767359905253,0.09363019137487251,0.10301126116251831,0.20084767359905253,0.12191067784665206,0.16016041287421784,0.0
2026-03-27,0.20084767359905253,0.12191067784665206,0.12191067784665206,0.20084767359905253,-0.20084767359905253,0.19408450601990637,0.20084767359905253,0.09363019137487251,0.10301126116251831,0.20084767359905253,0.12191067784665206,0.16016041287421784,0.0
2026-03-30,0.20084767359905253,0.12191067784665206,0.12191067784665206,0.20084767359905253,-0.20084767359905253,0.19408450601990637,0.20084767359905253,0.09363019137487251,0.10301126116251831,0.20084767359905253,0.12191067784665206,0.16016041287421784,0.0
2026-03-31,0.19642650776631349,0.11955164349295021,0.11876804261964909,0.17697601897749854,-0.19672715437810073,0.17829486866011668,0.17697601897749854,0.09084692682818421,0.09076790676095688,0.19672715437810073,0.10742104227315574,0.1411246232548112,0.01975113540060219
2026-04-01,0.19200534193357444,0.11719260913924835,0.11562540739264611,0.15310436435594457,-0.19260663515714893,0.162505231300327,0.15310436435594457,0.08806366228149591,0.07852455235939544,0.19260663515714893,0.09293140669965942,0.12208883363540457,0.03950227080120437
2026-04-02,0.1875841761008354,0.11483357478554648,0.11248277216564313,0.12923270973439058,-0.18848611593619713,0.14671559394053732,0.12923270973439058,0.08528039773480761,0.066281197957834,0.18848611593619713,0.07844177112616309,0.10305304401599794,0.059253406201806566
2026-04-06,0.18316301026809634,0.11247454043184463,0.10934013693864017,0.1053610551128366,-0.18436559671524533,0.13092595658074763,0.1053610551128366,0.08249713318811931,0.05403784355627257,0.18436559671524533,0.06395213555266677,0.0840172543965913,0.07900454160240876
2026-04-07,0.1787418444353573,0.11011550607814276,0.1061975017116372,0.08148940049128262,-0.18024507749429355,0.11513631922095795,0.08148940049128262,0.07971386864143101,0.04179448915471113,0.18024507749429355,0.04946249997917043,0.06498146477718467,0.09875567700301095
2026-04-08,0.17432067860261824,0.10775647172444089,0.10305486648463423,0.057617745869728634,-0.17612455827334178,0.09934668186116827,0.057617745869728634,0.07693060409474271,0.029551134753149695,0.17612455827334178,0.034972864405674105,0.04594567515777803,0.11850681240361315
2026-04-09,0.1698995127698792,0.10539743737073903,0.09991223125763125,0.03374609124817465,-0.17200403905238998,0.0835570445013786,0.03374609124817465,0.07414733954805441,0.01730778035158826,0.17200403905238998,0.020483228832177777,0.026909885538371398,0.13825794780421533
2026-04-10,0.16547834693714017,0.10303840301703716,0.09676959603062829,0.009874436626620669,-0.1678835198314382,0.06776740714158892,0.009874436626620669,0.07136407500136611,0.00506442595002682,0.1678835198314382,0.0059935932586814514,0.00787409591896476,0.15800908320481752
2026-04-13,0.16364954526740821,0.10206259570099895,0.09546965461971295,0.0,-0.16617907970941484,0.0612360721361893,0.0,0.07021278616876969,0.0,0.16617907970941484,0.0,0.0,0.16617907970941484
2026-04-14,0.16364954526740821,0.10206259570099895,0.09546965461971295,0.0,-0.16617907970941484,0.0612360721361893,0.0,0.07021278616876969,0.0,0.16617907970941484,0.0,0.0,0.16617907970941484
2026-04-15,0.16364954526740821,0.10206259570099895,0.09546965461971295,0.0,-0.16617907970941484,0.0612360721361893,0.0,0.07021278616876969,0.0,0.16617907970941484,0.0,0.0,0.16617907970941484
2026-04-16,0.16364954526740821,0.10206259570099895,0.09546965461971295,0.0,-0.16617907970941484,0.0612360721361893,0.0,0.07021278616876969,0.0,0.16617907970941484,0.0,0.0,0.16617907970941484
2026-04-17,0.16364954526740821,0.10206259570099895,0.09546965461971295,0.0,-0.16617907970941484,0.0612360721361893,0.0,0.07021278616876969,0.0,0.16617907970941484,0.0,0.0,0.16617907970941484
2026-04-20,0.16364954526740821,0.10206259570099895,0.09546965461971295,0.0,-0.16617907970941484,0.0612360721361893,0.0,0.07021278616876969,0.0,0.16617907970941484,0.0,0.0,0.16617907970941484
2026-04-21,0.16364954526740821,0.10206259570099895,0.09546965461971295,0.0,-0.16617907970941484,0.0612360721361893,0.0,0.07021278616876969,0.0,0.16617907970941484,0.0,0.0,0.16617907970941484
2026-04-22,0.16364954526740821,0.10206259570099895,0.09546965461971295,0.0,-0.16617907970941484,0.0612360721361893,0.0,0.07021278616876969,0.0,0.16617907970941484,0.0,0.0,0.16617907970941484
2026-04-23,0.16364954526740821,0.10206259570099895,0.09546965461971295,0.0,-0.16617907970941484,0.0612360721361893,0.0,0.07021278616876969,0.0,0.16617907970941484,0.0,0.0,0.16617907970941484
2026-04-24,0.16364954526740821,0.10206259570099895,0.09546965461971295,0.0,-0.16617907970941484,0.0612360721361893,0.0,0.07021278616876969,0.0,0.16617907970941484,0.0,0.0,0.16617907970941484
2026-04-27,0.16364954526740821,0.10206259570099895,0.09546965461971295,0.0,-0.16617907970941484,0.0612360721361893,0.0,0.07021278616876969,0.0,0.16617907970941484,0.0,0.0,0.16617907970941484
2026-04-28,0.16364954526740821,0.10206259570099895,0.09546965461971295,0.0,-0.16617907970941484,0.0612360721361893,0.0,0.07021278616876969,0.0,0.16617907970941484,0.0,0.0,0.16617907970941484
2026-04-29,0.16364954526740821,0.10206259570099895,0.09546965461971295,0.0,-0.16617907970941484,0.0612360721361893,0.0,0.07021278616876969,0.0,0.16617907970941484,0.0,0.0,0.16617907970941484
2026-04-30,0.1613945857329853,0.10057122220448377,0.10049104406669954,0.0,-0.16811028474260628,0.056781087038708496,0.060033439715125037,0.07289943873743769,0.02955432586908034,0.16811028474260628,0.038709259172146813,0.0,0.16811028474260628
2026-05-01,0.15913962619856234,0.09907984870796858,0.10551243351368611,0.0,-0.17004148977579772,0.05232610194122769,0.12006687943025007,0.07558609130610569,0.05910865173816068,0.17004148977579772,0.07741851834429361,0.0,0.17004148977579772
2026-05-04,0.15720010141617383,0.09779709581944333,0.10983140648228396,0.0,-0.17170254841768007,0.0484943019156247,0.17170254841768007,0.07789692179288552,0.08452877417265765,0.17170254841768007,0.1107129373022337,0.0,0.17170254841768007
2026-05-05,0.15720010141617383,0.09779709581944333,0.10983140648228396,0.0,-0.17170254841768007,0.0484943019156247,0.17170254841768007,0.07789692179288552,0.08452877417265765,0.17170254841768007,0.1107129373022337,0.0,0.17170254841768007
2026-05-06,0.15720010141617383,0.09779709581944333,0.10983140648228396,0.0,-0.17170254841768007,0.0484943019156247,0.17170254841768007,0.07789692179288552,0.08452877417265765,0.17170254841768007,0.1107129373022337,0.0,0.17170254841768007
2026-05-07,0.15720010141617383,0.09779709581944333,0.10983140648228396,0.0,-0.17170254841768007,0.0484943019156247,0.17170254841768007,0.07789692179288552,0.08452877417265765,0.17170254841768007,0.1107129373022337,0.0,0.17170254841768007
2026-05-08,0.15720010141617383,0.09779709581944333,0.10983140648228396,0.0,-0.17170254841768007,0.0484943019156247,0.17170254841768007,0.07789692179288552,0.08452877417265765,0.17170254841768007,0.1107129373022337,0.0,0.17170254841768007
2026-05-11,0.15720010141617383,0.09779709581944333,0.10983140648228396,0.0,-0.17170254841768007,0.0484943019156247,0.17170254841768007,0.07789692179288552,0.08452877417265765,0.17170254841768007,0.1107129373022337,0.0,0.17170254841768007
2026-05-12,0.15720010141617383,0.09779709581944333,0.10983140648228396,0.0,-0.17170254841768007,0.0484943019156247,0.17170254841768007,0.07789692179288552,0.08452877417265765,0.17170254841768007,0.1107129373022337,0.0,0.17170254841768007
2026-05-13,0.15720010141617383,0.09779709581944333,0.10983140648228396,0.0,-0.17170254841768007,0.0484943019156247,0.17170254841768007,0.07789692179288552,0.08452877417265765,0.17170254841768007,0.1107129373022337,0.0,0.17170254841768007
2026-05-14,0.15720010141617383,0.09779709581944333,0.10983140648228396,0.0,-0.17170254841768007,0.0484943019156247,0.17170254841768007,0.07789692179288552,0.08452877417265765,0.17170254841768007,0.1107129373022337,0.0,0.17170254841768007
2026-05-15,0.15720010141617383,0.09779709581944333,0.10983140648228396,0.0,-0.17170254841768007,0.0484943019156247,0.17170254841768007,0.07789692179288552,0.08452877417265765,0.17170254841768007,0.1107129373022337,0.0,0.17170254841768007
2026-05-18,0.15720010141617383,0.09779709581944333,0.10983140648228396,0.0,-0.17170254841768007,0.0484943019156247,0.17170254841768007,0.07789692179288552,0.08452877417265765,0.17170254841768007,0.1107129373022337,0.0,0.17170254841768007
2026-05-19,0.15720010141617383,0.09779709581944333,0.10983140648228396,0.0,-0.17170254841768007,0.0484943019156247,0.17170254841768007,0.07789692179288552,0.08452877417265765,0.17170254841768007,0.1107129373022337,0.0,0.17170254841768007
2026-05-20,0.15720010141617383,0.09779709581944333,0.10983140648228396,0.0,-0.17170254841768007,0.0484943019156247,0.17170254841768007,0.07789692179288552,0.08452877417265765,0.17170254841768007,0.1107129373022337,0.0,0.17170254841768007
2026-05-21,0.15720010141617383,0.09779709581944333,0.10983140648228396,0.0,-0.17170254841768007,0.0484943019156247,0.17170254841768007,0.07789692179288552,0.08452877417265765,0.17170254841768007,0.1107129373022337,0.0,0.17170254841768007
2026-05-22,0.15720010141617383,0.09779709581944333,0.10983140648228396,0.0,-0.17170254841768007,0.0484943019156247,0.17170254841768007,0.07789692179288552,0.08452877417265765,0.17170254841768007,0.1107129373022337,0.0,0.17170254841768007
2026-05-26,0.15720010141617383,0.09779709581944333,0.10983140648228396,0.0,-0.17170254841768007,0.0484943019156247,0.17170254841768007,0.07789692179288552,0.08452877417265765,0.17170254841768007,0.1107129373022337,0.0,0.17170254841768007
2026-05-27,0.15720010141617383,0.09779709581944333,0.10983140648228396,0.0,-0.17170254841768007,0.0484943019156247,0.17170254841768007,0.07789692179288552,0.08452877417265765,0.17170254841768007,0.1107129373022337,0.0,0.17170254841768007
2026-05-28,0.15720010141617383,0.09779709581944333,0.10983140648228396,0.0,-0.17170254841768007,0.0484943019156247,0.17170254841768007,0.07789692179288552,0.08452877417265765,0.17170254841768007,0.1107129373022337,0.0,0.17170254841768007
2026-05-29,0.15720010141617383,0.09779709581944333,0.10983140648228396,0.0,-0.17170254841768007,0.0484943019156247,0.17170254841768007,0.07789692179288552,0.08452877417265765,0.17170254841768007,0.1107129373022337,0.0,0.17170254841768007
2026-06-01,0.15720010141617383,0.09779709581944333,0.10983140648228396,0.0,-0.17170254841768007,0.0484943019156247,0.17170254841768007,0.07789692179288552,0.08452877417265765,0.17170254841768007,0.1107129373022337,0.0,0.17170254841768007
2026-06-02,0.15720010141617383,0.09779709581944333,0.10983140648228396,0.0,-0.17170254841768007,0.0484943019156247,0.17170254841768007,0.07789692179288552,0.08452877417265765,0.17170254841768007,0.1107129373022337,0.0,0.17170254841768007
2026-06-03,0.15720010141617383,0.09779709581944333,0.10983140648228396,0.0,-0.17170254841768007,0.0484943019156247,0.17170254841768007,0.07789692179288552,0.08452877417265765,0.17170254841768007,0.1107129373022337,0.0,0.17170254841768007
2026-06-04,0.15720010141617383,0.09779709581944333,0.10983140648228396,0.0,-0.17170254841768007,0.0484943019156247,0.17170254841768007,0.07789692179288552,0.08452877417265765,0.17170254841768007,0.1107129373022337,0.0,0.17170254841768007
2026-06-05,0.15720010141617383,0.09779709581944333,0.10983140648228396,0.0,-0.17170254841768007,0.0484943019156247,0.17170254841768007,0.07789692179288552,0.08452877417265765,0.17170254841768007,0.1107129373022337,0.0,0.17170254841768007
