date,gross_return,base_cost_return,stressed_cost_return,net_return,stressed_net_return,turnover,gross_leverage,net_exposure,nav,stressed_cost_nav
2007-03-01,0.0,0.0,0.0,0.0,0.0,0.0,0.0,0.0,1.0,1.0
2007-03-02,0.0,0.0,0.0,0.0,0.0,0.0,0.0,0.0,1.0,1.0
2007-03-05,0.0,0.0,0.0,0.0,0.0,0.0,0.0,0.0,1.0,1.0
2007-03-06,0.0,0.0,0.0,0.0,0.0,0.0,0.0,0.0,1.0,1.0
2007-03-07,0.0,0.0,0.0,0.0,0.0,0.0,0.0,0.0,1.0,1.0
2007-03-08,0.0,0.0,0.0,0.0,0.0,0.0,0.0,0.0,1.0,1.0
2007-03-09,0.0,0.0,0.0,0.0,0.0,0.0,0.0,0.0,1.0,1.0
2007-03-12,0.0,0.0,0.0,0.0,0.0,0.0,0.0,0.0,1.0,1.0
2007-03-13,0.0,0.0,0.0,0.0,0.0,0.0,0.0,0.0,1.0,1.0
2007-03-14,0.0,0.0,0.0,0.0,0.0,0.0,0.0,0.0,1.0,1.0
2007-03-15,0.0,0.0,0.0,0.0,0.0,0.0,0.0,0.0,1.0,1.0
2007-03-16,0.0,0.0,0.0,0.0,0.0,0.0,0.0,0.0,1.0,1.0
2007-03-19,0.0,0.0,0.0,0.0,0.0,0.0,0.0,0.0,1.0,1.0
2007-03-20,0.0,0.0,0.0,0.0,0.0,0.0,0.0,0.0,1.0,1.0
2007-03-21,0.0,0.0,0.0,0.0,0.0,0.0,0.0,0.0,1.0,1.0
2007-03-22,0.0,0.0,0.0,0.0,0.0,0.0,0.0,0.0,1.0,1.0
2007-03-23,0.0,0.0,0.0,0.0,0.0,0.0,0.0,0.0,1.0,1.0
2007-03-26,0.0,0.0,0.0,0.0,0.0,0.0,0.0,0.0,1.0,1.0
2007-03-27,0.0,0.0,0.0,0.0,0.0,0.0,0.0,0.0,1.0,1.0
2007-03-28,0.0,0.0,0.0,0.0,0.0,0.0,0.0,0.0,1.0,1.0
2007-03-29,0.0,0.0,0.0,0.0,0.0,0.0,0.0,0.0,1.0,1.0
2007-03-30,0.0,0.0,0.0,0.0,0.0,0.0,0.0,0.0,1.0,1.0
2007-04-02,0.0,0.0,0.0,0.0,0.0,0.0,0.0,0.0,1.0,1.0
2007-04-03,0.0,0.0,0.0,0.0,0.0,0.0,0.0,0.0,1.0,1.0
2007-04-04,0.0,0.0,0.0,0.0,0.0,0.0,0.0,0.0,1.0,1.0
2007-04-05,0.0,0.0,0.0,0.0,0.0,0.0,0.0,0.0,1.0,1.0
2007-04-09,0.0,0.0,0.0,0.0,0.0,0.0,0.0,0.0,1.0,1.0
2007-04-10,0.0,0.0,0.0,0.0,0.0,0.0,0.0,0.0,1.0,1.0
2007-04-11,0.0,0.0,0.0,0.0,0.0,0.0,0.0,0.0,1.0,1.0
2007-04-12,0.0,0.0,0.0,0.0,0.0,0.0,0.0,0.0,1.0,1.0
2007-04-13,0.0,0.0,0.0,0.0,0.0,0.0,0.0,0.0,1.0,1.0
2007-04-16,0.0,0.0,0.0,0.0,0.0,0.0,0.0,0.0,1.0,1.0
2007-04-17,0.0,0.0,0.0,0.0,0.0,0.0,0.0,0.0,1.0,1.0
2007-04-18,0.0,0.0,0.0,0.0,0.0,0.0,0.0,0.0,1.0,1.0
2007-04-19,0.0,0.0,0.0,0.0,0.0,0.0,0.0,0.0,1.0,1.0
2007-04-20,0.0,0.0,0.0,0.0,0.0,0.0,0.0,0.0,1.0,1.0
2007-04-23,0.0,0.0,0.0,0.0,0.0,0.0,0.0,0.0,1.0,1.0
2007-04-24,0.0,0.0,0.0,0.0,0.0,0.0,0.0,0.0,1.0,1.0
2007-04-25,0.0,0.0,0.0,0.0,0.0,0.0,0.0,0.0,1.0,1.0
2007-04-26,0.0,0.0,0.0,0.0,0.0,0.0,0.0,0.0,1.0,1.0
2007-04-27,0.0,0.0,0.0,0.0,0.0,0.0,0.0,0.0,1.0,1.0
2007-04-30,0.0,0.0,0.0,0.0,0.0,0.0,0.0,0.0,1.0,1.0
2007-05-01,0.0,0.0,0.0,0.0,0.0,0.0,0.0,0.0,1.0,1.0
2007-05-02,0.0,0.0,0.0,0.0,0.0,0.0,0.0,0.0,1.0,1.0
2007-05-03,0.0,0.0,0.0,0.0,0.0,0.0,0.0,0.0,1.0,1.0
2007-05-04,0.0,0.0,0.0,0.0,0.0,0.0,0.0,0.0,1.0,1.0
2007-05-07,0.0,0.0,0.0,0.0,0.0,0.0,0.0,0.0,1.0,1.0
2007-05-08,0.0,0.0,0.0,0.0,0.0,0.0,0.0,0.0,1.0,1.0
2007-05-09,0.0,0.0,0.0,0.0,0.0,0.0,0.0,0.0,1.0,1.0
2007-05-10,0.0,0.0,0.0,0.0,0.0,0.0,0.0,0.0,1.0,1.0
2007-05-11,0.0,0.0,0.0,0.0,0.0,0.0,0.0,0.0,1.0,1.0
2007-05-14,0.0,0.0,0.0,0.0,0.0,0.0,0.0,0.0,1.0,1.0
2007-05-15,0.0,0.0,0.0,0.0,0.0,0.0,0.0,0.0,1.0,1.0
2007-05-16,0.0,0.0,0.0,0.0,0.0,0.0,0.0,0.0,1.0,1.0
2007-05-17,0.0,0.0,0.0,0.0,0.0,0.0,0.0,0.0,1.0,1.0
2007-05-18,0.0,0.0,0.0,0.0,0.0,0.0,0.0,0.0,1.0,1.0
2007-05-21,0.0,0.0,0.0,0.0,0.0,0.0,0.0,0.0,1.0,1.0
2007-05-22,0.0,0.0,0.0,0.0,0.0,0.0,0.0,0.0,1.0,1.0
2007-05-23,0.0,0.0,0.0,0.0,0.0,0.0,0.0,0.0,1.0,1.0
2007-05-24,0.0,0.0,0.0,0.0,0.0,0.0,0.0,0.0,1.0,1.0
2007-05-25,0.0,0.0,0.0,0.0,0.0,0.0,0.0,0.0,1.0,1.0
2007-05-29,0.0,0.0,0.0,0.0,0.0,0.0,0.0,0.0,1.0,1.0
2007-05-30,0.0,0.0,0.0,0.0,0.0,0.0,0.0,0.0,1.0,1.0
2007-05-31,0.0,0.0,0.0,0.0,0.0,0.0,0.0,0.0,1.0,1.0
2007-06-01,0.0,0.0,0.0,0.0,0.0,0.0,0.0,0.0,1.0,1.0
2007-06-04,0.0,0.0,0.0,0.0,0.0,0.0,0.0,0.0,1.0,1.0
2007-06-05,0.0,0.0,0.0,0.0,0.0,0.0,0.0,0.0,1.0,1.0
2007-06-06,0.0,0.0,0.0,0.0,0.0,0.0,0.0,0.0,1.0,1.0
2007-06-07,0.0,0.0,0.0,0.0,0.0,0.0,0.0,0.0,1.0,1.0
2007-06-08,0.0,0.0,0.0,0.0,0.0,0.0,0.0,0.0,1.0,1.0
2007-06-11,0.0,0.0,0.0,0.0,0.0,0.0,0.0,0.0,1.0,1.0
2007-06-12,0.0,0.0,0.0,0.0,0.0,0.0,0.0,0.0,1.0,1.0
2007-06-13,0.0,0.0,0.0,0.0,0.0,0.0,0.0,0.0,1.0,1.0
2007-06-14,0.0,0.0,0.0,0.0,0.0,0.0,0.0,0.0,1.0,1.0
2007-06-15,0.0,0.0,0.0,0.0,0.0,0.0,0.0,0.0,1.0,1.0
2007-06-18,0.0,0.0,0.0,0.0,0.0,0.0,0.0,0.0,1.0,1.0
2007-06-19,0.0,0.0,0.0,0.0,0.0,0.0,0.0,0.0,1.0,1.0
2007-06-20,0.0,0.0,0.0,0.0,0.0,0.0,0.0,0.0,1.0,1.0
2007-06-21,0.0,0.0,0.0,0.0,0.0,0.0,0.0,0.0,1.0,1.0
2007-06-22,0.0,0.0,0.0,0.0,0.0,0.0,0.0,0.0,1.0,1.0
2007-06-25,0.0,0.0,0.0,0.0,0.0,0.0,0.0,0.0,1.0,1.0
2007-06-26,0.0,0.0,0.0,0.0,0.0,0.0,0.0,0.0,1.0,1.0
2007-06-27,0.0,0.0,0.0,0.0,0.0,0.0,0.0,0.0,1.0,1.0
2007-06-28,0.0,0.0,0.0,0.0,0.0,0.0,0.0,0.0,1.0,1.0
2007-06-29,0.0,0.0,0.0,0.0,0.0,0.0,0.0,0.0,1.0,1.0
2007-07-02,0.0,0.0,0.0,0.0,0.0,0.0,0.0,0.0,1.0,1.0
2007-07-03,0.0,0.0,0.0,0.0,0.0,0.0,0.0,0.0,1.0,1.0
2007-07-05,0.0,0.0,0.0,0.0,0.0,0.0,0.0,0.0,1.0,1.0
2007-07-06,0.0,0.0,0.0,0.0,0.0,0.0,0.0,0.0,1.0,1.0
2007-07-09,0.0,0.0,0.0,0.0,0.0,0.0,0.0,0.0,1.0,1.0
2007-07-10,0.0,0.0,0.0,0.0,0.0,0.0,0.0,0.0,1.0,1.0
2007-07-11,0.0,0.0,0.0,0.0,0.0,0.0,0.0,0.0,1.0,1.0
2007-07-12,0.0,0.0,0.0,0.0,0.0,0.0,0.0,0.0,1.0,1.0
2007-07-13,0.0,0.0,0.0,0.0,0.0,0.0,0.0,0.0,1.0,1.0
2007-07-16,0.0,0.0,0.0,0.0,0.0,0.0,0.0,0.0,1.0,1.0
2007-07-17,0.0,0.0,0.0,0.0,0.0,0.0,0.0,0.0,1.0,1.0
2007-07-18,0.0,0.0,0.0,0.0,0.0,0.0,0.0,0.0,1.0,1.0
2007-07-19,0.0,0.0,0.0,0.0,0.0,0.0,0.0,0.0,1.0,1.0
2007-07-20,0.0,0.0,0.0,0.0,0.0,0.0,0.0,0.0,1.0,1.0
2007-07-23,0.0,0.0,0.0,0.0,0.0,0.0,0.0,0.0,1.0,1.0
2007-07-24,0.0,0.0,0.0,0.0,0.0,0.0,0.0,0.0,1.0,1.0
2007-07-25,0.0,0.0,0.0,0.0,0.0,0.0,0.0,0.0,1.0,1.0
2007-07-26,0.0,0.0,0.0,0.0,0.0,0.0,0.0,0.0,1.0,1.0
2007-07-27,0.0,0.0,0.0,0.0,0.0,0.0,0.0,0.0,1.0,1.0
2007-07-30,0.0,0.0,0.0,0.0,0.0,0.0,0.0,0.0,1.0,1.0
2007-07-31,0.0,0.0,0.0,0.0,0.0,0.0,0.0,0.0,1.0,1.0
2007-08-01,0.0,0.0,0.0,0.0,0.0,0.0,0.0,0.0,1.0,1.0
2007-08-02,0.0,0.0,0.0,0.0,0.0,0.0,0.0,0.0,1.0,1.0
2007-08-03,0.0,0.0,0.0,0.0,0.0,0.0,0.0,0.0,1.0,1.0
2007-08-06,0.0,0.0,0.0,0.0,0.0,0.0,0.0,0.0,1.0,1.0
2007-08-07,0.0,0.0,0.0,0.0,0.0,0.0,0.0,0.0,1.0,1.0
2007-08-08,0.0,0.0,0.0,0.0,0.0,0.0,0.0,0.0,1.0,1.0
2007-08-09,0.0,0.0,0.0,0.0,0.0,0.0,0.0,0.0,1.0,1.0
2007-08-10,0.0,0.0,0.0,0.0,0.0,0.0,0.0,0.0,1.0,1.0
2007-08-13,0.0,0.0,0.0,0.0,0.0,0.0,0.0,0.0,1.0,1.0
2007-08-14,0.0,0.0,0.0,0.0,0.0,0.0,0.0,0.0,1.0,1.0
2007-08-15,0.0,0.0,0.0,0.0,0.0,0.0,0.0,0.0,1.0,1.0
2007-08-16,0.0,0.0,0.0,0.0,0.0,0.0,0.0,0.0,1.0,1.0
2007-08-17,0.0,0.0,0.0,0.0,0.0,0.0,0.0,0.0,1.0,1.0
2007-08-20,0.0,0.0,0.0,0.0,0.0,0.0,0.0,0.0,1.0,1.0
2007-08-21,0.0,0.0,0.0,0.0,0.0,0.0,0.0,0.0,1.0,1.0
2007-08-22,0.0,0.0,0.0,0.0,0.0,0.0,0.0,0.0,1.0,1.0
2007-08-23,0.0,0.0,0.0,0.0,0.0,0.0,0.0,0.0,1.0,1.0
2007-08-24,0.0,0.0,0.0,0.0,0.0,0.0,0.0,0.0,1.0,1.0
2007-08-27,0.0,0.0,0.0,0.0,0.0,0.0,0.0,0.0,1.0,1.0
2007-08-28,0.0,0.0,0.0,0.0,0.0,0.0,0.0,0.0,1.0,1.0
2007-08-29,0.0,0.0,0.0,0.0,0.0,0.0,0.0,0.0,1.0,1.0
2007-08-30,0.0,0.0,0.0,0.0,0.0,0.0,0.0,0.0,1.0,1.0
2007-08-31,0.0,0.0,0.0,0.0,0.0,0.0,0.0,0.0,1.0,1.0
2007-09-04,0.0,0.0,0.0,0.0,0.0,0.0,0.0,0.0,1.0,1.0
2007-09-05,0.0,0.0,0.0,0.0,0.0,0.0,0.0,0.0,1.0,1.0
2007-09-06,0.0,0.0,0.0,0.0,0.0,0.0,0.0,0.0,1.0,1.0
2007-09-07,0.0,0.0,0.0,0.0,0.0,0.0,0.0,0.0,1.0,1.0
2007-09-10,0.0,0.0,0.0,0.0,0.0,0.0,0.0,0.0,1.0,1.0
2007-09-11,0.0,0.0,0.0,0.0,0.0,0.0,0.0,0.0,1.0,1.0
2007-09-12,0.0,0.0,0.0,0.0,0.0,0.0,0.0,0.0,1.0,1.0
2007-09-13,0.0,0.0,0.0,0.0,0.0,0.0,0.0,0.0,1.0,1.0
2007-09-14,0.0,0.0,0.0,0.0,0.0,0.0,0.0,0.0,1.0,1.0
2007-09-17,0.0,0.0,0.0,0.0,0.0,0.0,0.0,0.0,1.0,1.0
2007-09-18,0.0,0.0,0.0,0.0,0.0,0.0,0.0,0.0,1.0,1.0
2007-09-19,0.0,0.0,0.0,0.0,0.0,0.0,0.0,0.0,1.0,1.0
2007-09-20,0.0,0.0,0.0,0.0,0.0,0.0,0.0,0.0,1.0,1.0
2007-09-21,0.0,0.0,0.0,0.0,0.0,0.0,0.0,0.0,1.0,1.0
2007-09-24,0.0,0.0,0.0,0.0,0.0,0.0,0.0,0.0,1.0,1.0
2007-09-25,0.0,0.0,0.0,0.0,0.0,0.0,0.0,0.0,1.0,1.0
2007-09-26,0.0,0.0,0.0,0.0,0.0,0.0,0.0,0.0,1.0,1.0
2007-09-27,0.0,0.0,0.0,0.0,0.0,0.0,0.0,0.0,1.0,1.0
2007-09-28,0.0,0.0,0.0,0.0,0.0,0.0,0.0,0.0,1.0,1.0
2007-10-01,0.0,0.0,0.0,0.0,0.0,0.0,0.0,0.0,1.0,1.0
2007-10-02,0.0,0.0,0.0,0.0,0.0,0.0,0.0,0.0,1.0,1.0
2007-10-03,0.0,0.0,0.0,0.0,0.0,0.0,0.0,0.0,1.0,1.0
2007-10-04,0.0,0.0,0.0,0.0,0.0,0.0,0.0,0.0,1.0,1.0
2007-10-05,0.0,0.0,0.0,0.0,0.0,0.0,0.0,0.0,1.0,1.0
2007-10-08,0.0,0.0,0.0,0.0,0.0,0.0,0.0,0.0,1.0,1.0
2007-10-09,0.0,0.0,0.0,0.0,0.0,0.0,0.0,0.0,1.0,1.0
2007-10-10,0.0,0.0,0.0,0.0,0.0,0.0,0.0,0.0,1.0,1.0
2007-10-11,0.0,0.0,0.0,0.0,0.0,0.0,0.0,0.0,1.0,1.0
2007-10-12,0.0,0.0,0.0,0.0,0.0,0.0,0.0,0.0,1.0,1.0
2007-10-15,0.0,0.0,0.0,0.0,0.0,0.0,0.0,0.0,1.0,1.0
2007-10-16,0.0,0.0,0.0,0.0,0.0,0.0,0.0,0.0,1.0,1.0
2007-10-17,0.0,0.0,0.0,0.0,0.0,0.0,0.0,0.0,1.0,1.0
2007-10-18,0.0,0.0,0.0,0.0,0.0,0.0,0.0,0.0,1.0,1.0
2007-10-19,0.0,0.0,0.0,0.0,0.0,0.0,0.0,0.0,1.0,1.0
2007-10-22,0.0,0.0,0.0,0.0,0.0,0.0,0.0,0.0,1.0,1.0
2007-10-23,0.0,0.0,0.0,0.0,0.0,0.0,0.0,0.0,1.0,1.0
2007-10-24,0.0,0.0,0.0,0.0,0.0,0.0,0.0,0.0,1.0,1.0
2007-10-25,0.0,0.0,0.0,0.0,0.0,0.0,0.0,0.0,1.0,1.0
2007-10-26,0.0,0.0,0.0,0.0,0.0,0.0,0.0,0.0,1.0,1.0
2007-10-29,0.0,0.0,0.0,0.0,0.0,0.0,0.0,0.0,1.0,1.0
2007-10-30,0.0,0.0,0.0,0.0,0.0,0.0,0.0,0.0,1.0,1.0
2007-10-31,0.0,0.0,0.0,0.0,0.0,0.0,0.0,0.0,1.0,1.0
2007-11-01,0.0,0.0,0.0,0.0,0.0,0.0,0.0,0.0,1.0,1.0
2007-11-02,0.0,0.0,0.0,0.0,0.0,0.0,0.0,0.0,1.0,1.0
2007-11-05,0.0,0.0,0.0,0.0,0.0,0.0,0.0,0.0,1.0,1.0
2007-11-06,0.0,0.0,0.0,0.0,0.0,0.0,0.0,0.0,1.0,1.0
2007-11-07,0.0,0.0,0.0,0.0,0.0,0.0,0.0,0.0,1.0,1.0
2007-11-08,0.0,0.0,0.0,0.0,0.0,0.0,0.0,0.0,1.0,1.0
2007-11-09,0.0,0.0,0.0,0.0,0.0,0.0,0.0,0.0,1.0,1.0
2007-11-12,0.0,0.0,0.0,0.0,0.0,0.0,0.0,0.0,1.0,1.0
2007-11-13,0.0,0.0,0.0,0.0,0.0,0.0,0.0,0.0,1.0,1.0
2007-11-14,0.0,0.0,0.0,0.0,0.0,0.0,0.0,0.0,1.0,1.0
2007-11-15,0.0,0.0,0.0,0.0,0.0,0.0,0.0,0.0,1.0,1.0
2007-11-16,0.0,0.0,0.0,0.0,0.0,0.0,0.0,0.0,1.0,1.0
2007-11-19,0.0,0.0,0.0,0.0,0.0,0.0,0.0,0.0,1.0,1.0
2007-11-20,0.0,0.0,0.0,0.0,0.0,0.0,0.0,0.0,1.0,1.0
2007-11-21,0.0,0.0,0.0,0.0,0.0,0.0,0.0,0.0,1.0,1.0
2007-11-23,0.0,0.0,0.0,0.0,0.0,0.0,0.0,0.0,1.0,1.0
2007-11-26,0.0,0.0,0.0,0.0,0.0,0.0,0.0,0.0,1.0,1.0
2007-11-27,0.0,0.0,0.0,0.0,0.0,0.0,0.0,0.0,1.0,1.0
2007-11-28,0.0,0.0,0.0,0.0,0.0,0.0,0.0,0.0,1.0,1.0
2007-11-29,0.0,0.0,0.0,0.0,0.0,0.0,0.0,0.0,1.0,1.0
2007-11-30,0.0,0.0,0.0,0.0,0.0,0.0,0.0,0.0,1.0,1.0
2007-12-03,0.0,0.0,0.0,0.0,0.0,0.0,0.0,0.0,1.0,1.0
2007-12-04,0.0,0.0,0.0,0.0,0.0,0.0,0.0,0.0,1.0,1.0
2007-12-05,0.0,0.0,0.0,0.0,0.0,0.0,0.0,0.0,1.0,1.0
2007-12-06,0.0,0.0,0.0,0.0,0.0,0.0,0.0,0.0,1.0,1.0
2007-12-07,0.0,0.0,0.0,0.0,0.0,0.0,0.0,0.0,1.0,1.0
2007-12-10,0.0,0.0,0.0,0.0,0.0,0.0,0.0,0.0,1.0,1.0
2007-12-11,0.0,0.0,0.0,0.0,0.0,0.0,0.0,0.0,1.0,1.0
2007-12-12,0.0,0.0,0.0,0.0,0.0,0.0,0.0,0.0,1.0,1.0
2007-12-13,0.0,0.0,0.0,0.0,0.0,0.0,0.0,0.0,1.0,1.0
2007-12-14,0.0,0.0,0.0,0.0,0.0,0.0,0.0,0.0,1.0,1.0
2007-12-17,0.0,0.0,0.0,0.0,0.0,0.0,0.0,0.0,1.0,1.0
2007-12-18,0.0,0.0,0.0,0.0,0.0,0.0,0.0,0.0,1.0,1.0
2007-12-19,0.0,0.0,0.0,0.0,0.0,0.0,0.0,0.0,1.0,1.0
2007-12-20,0.0,0.0,0.0,0.0,0.0,0.0,0.0,0.0,1.0,1.0
2007-12-21,0.0,0.0,0.0,0.0,0.0,0.0,0.0,0.0,1.0,1.0
2007-12-24,0.0,0.0,0.0,0.0,0.0,0.0,0.0,0.0,1.0,1.0
2007-12-26,0.0,0.0,0.0,0.0,0.0,0.0,0.0,0.0,1.0,1.0
2007-12-27,0.0,0.0,0.0,0.0,0.0,0.0,0.0,0.0,1.0,1.0
2007-12-28,0.0,0.0,0.0,0.0,0.0,0.0,0.0,0.0,1.0,1.0
2007-12-31,0.0,0.0,0.0,0.0,0.0,0.0,0.0,0.0,1.0,1.0
2008-01-02,0.0,0.0,0.0,0.0,0.0,0.0,0.0,0.0,1.0,1.0
2008-01-03,0.0,0.0,0.0,0.0,0.0,0.0,0.0,0.0,1.0,1.0
2008-01-04,0.0,0.0,0.0,0.0,0.0,0.0,0.0,0.0,1.0,1.0
2008-01-07,0.0,0.0,0.0,0.0,0.0,0.0,0.0,0.0,1.0,1.0
2008-01-08,0.0,0.0,0.0,0.0,0.0,0.0,0.0,0.0,1.0,1.0
2008-01-09,0.0,0.0,0.0,0.0,0.0,0.0,0.0,0.0,1.0,1.0
2008-01-10,0.0,0.0,0.0,0.0,0.0,0.0,0.0,0.0,1.0,1.0
2008-01-11,0.0,0.0,0.0,0.0,0.0,0.0,0.0,0.0,1.0,1.0
2008-01-14,0.0,0.0,0.0,0.0,0.0,0.0,0.0,0.0,1.0,1.0
2008-01-15,0.0,0.0,0.0,0.0,0.0,0.0,0.0,0.0,1.0,1.0
2008-01-16,0.0,0.0,0.0,0.0,0.0,0.0,0.0,0.0,1.0,1.0
2008-01-17,0.0,0.0,0.0,0.0,0.0,0.0,0.0,0.0,1.0,1.0
2008-01-18,0.0,0.0,0.0,0.0,0.0,0.0,0.0,0.0,1.0,1.0
2008-01-22,0.0,0.0,0.0,0.0,0.0,0.0,0.0,0.0,1.0,1.0
2008-01-23,0.0,0.0,0.0,0.0,0.0,0.0,0.0,0.0,1.0,1.0
2008-01-24,0.0,0.0,0.0,0.0,0.0,0.0,0.0,0.0,1.0,1.0
2008-01-25,0.0,0.0,0.0,0.0,0.0,0.0,0.0,0.0,1.0,1.0
2008-01-28,0.0,0.0,0.0,0.0,0.0,0.0,0.0,0.0,1.0,1.0
2008-01-29,0.0,0.0,0.0,0.0,0.0,0.0,0.0,0.0,1.0,1.0
2008-01-30,0.0,0.0,0.0,0.0,0.0,0.0,0.0,0.0,1.0,1.0
2008-01-31,0.0,0.0,0.0,0.0,0.0,0.0,0.0,0.0,1.0,1.0
2008-02-01,0.0,0.0,0.0,0.0,0.0,0.0,0.0,0.0,1.0,1.0
2008-02-04,0.0,0.0,0.0,0.0,0.0,0.0,0.0,0.0,1.0,1.0
2008-02-05,0.0,0.0,0.0,0.0,0.0,0.0,0.0,0.0,1.0,1.0
2008-02-06,0.0,0.0,0.0,0.0,0.0,0.0,0.0,0.0,1.0,1.0
2008-02-07,0.0,0.0,0.0,0.0,0.0,0.0,0.0,0.0,1.0,1.0
2008-02-08,0.0,0.0,0.0,0.0,0.0,0.0,0.0,0.0,1.0,1.0
2008-02-11,0.0,0.0,0.0,0.0,0.0,0.0,0.0,0.0,1.0,1.0
2008-02-12,0.0,0.0,0.0,0.0,0.0,0.0,0.0,0.0,1.0,1.0
2008-02-13,0.0,0.0,0.0,0.0,0.0,0.0,0.0,0.0,1.0,1.0
2008-02-14,0.0,0.0,0.0,0.0,0.0,0.0,0.0,0.0,1.0,1.0
2008-02-15,0.0,0.0,0.0,0.0,0.0,0.0,0.0,0.0,1.0,1.0
2008-02-19,0.0,0.0,0.0,0.0,0.0,0.0,0.0,0.0,1.0,1.0
2008-02-20,0.0,0.0,0.0,0.0,0.0,0.0,0.0,0.0,1.0,1.0
2008-02-21,0.0,0.0,0.0,0.0,0.0,0.0,0.0,0.0,1.0,1.0
2008-02-22,0.0,0.0,0.0,0.0,0.0,0.0,0.0,0.0,1.0,1.0
2008-02-25,0.0,0.0,0.0,0.0,0.0,0.0,0.0,0.0,1.0,1.0
2008-02-26,0.0,0.0,0.0,0.0,0.0,0.0,0.0,0.0,1.0,1.0
2008-02-27,0.0,0.0,0.0,0.0,0.0,0.0,0.0,0.0,1.0,1.0
2008-02-28,0.0,0.0,0.0,0.0,0.0,0.0,0.0,0.0,1.0,1.0
2008-02-29,0.0,0.0,0.0,0.0,0.0,0.0,0.0,0.0,1.0,1.0
2008-03-03,0.0,0.0,0.0,0.0,0.0,0.0,0.0,0.0,1.0,1.0
2008-03-04,0.0,0.0,0.0,0.0,0.0,0.0,0.0,0.0,1.0,1.0
2008-03-05,0.0,0.0,0.0,0.0,0.0,0.0,0.0,0.0,1.0,1.0
2008-03-06,0.0,0.0,0.0,0.0,0.0,0.0,0.0,0.0,1.0,1.0
2008-03-07,0.0,0.0,0.0,0.0,0.0,0.0,0.0,0.0,1.0,1.0
2008-03-10,0.0,0.0,0.0,0.0,0.0,0.0,0.0,0.0,1.0,1.0
2008-03-11,0.0,0.0,0.0,0.0,0.0,0.0,0.0,0.0,1.0,1.0
2008-03-12,0.0,0.0,0.0,0.0,0.0,0.0,0.0,0.0,1.0,1.0
2008-03-13,0.0,0.0,0.0,0.0,0.0,0.0,0.0,0.0,1.0,1.0
2008-03-14,0.0,0.0,0.0,0.0,0.0,0.0,0.0,0.0,1.0,1.0
2008-03-17,0.0,0.0,0.0,0.0,0.0,0.0,0.0,0.0,1.0,1.0
2008-03-18,0.0,0.0,0.0,0.0,0.0,0.0,0.0,0.0,1.0,1.0
2008-03-19,0.0,0.0,0.0,0.0,0.0,0.0,0.0,0.0,1.0,1.0
2008-03-20,0.0,0.0,0.0,0.0,0.0,0.0,0.0,0.0,1.0,1.0
2008-03-24,0.0,0.0,0.0,0.0,0.0,0.0,0.0,0.0,1.0,1.0
2008-03-25,0.0,0.0,0.0,0.0,0.0,0.0,0.0,0.0,1.0,1.0
2008-03-26,0.0,0.0,0.0,0.0,0.0,0.0,0.0,0.0,1.0,1.0
2008-03-27,0.0,0.0,0.0,0.0,0.0,0.0,0.0,0.0,1.0,1.0
2008-03-28,0.0,0.0,0.0,0.0,0.0,0.0,0.0,0.0,1.0,1.0
2008-03-31,0.0,0.0,0.0,0.0,0.0,0.0,0.0,0.0,1.0,1.0
2008-04-01,0.0,0.0,0.0,0.0,0.0,0.0,0.0,0.0,1.0,1.0
2008-04-02,0.0,0.0,0.0,0.0,0.0,0.0,0.0,0.0,1.0,1.0
2008-04-03,0.0,0.0,0.0,0.0,0.0,0.0,0.0,0.0,1.0,1.0
2008-04-04,0.0,0.0,0.0,0.0,0.0,0.0,0.0,0.0,1.0,1.0
2008-04-07,0.0,0.0,0.0,0.0,0.0,0.0,0.0,0.0,1.0,1.0
2008-04-08,0.0,0.0,0.0,0.0,0.0,0.0,0.0,0.0,1.0,1.0
2008-04-09,0.0,0.0,0.0,0.0,0.0,0.0,0.0,0.0,1.0,1.0
2008-04-10,0.0,0.0,0.0,0.0,0.0,0.0,0.0,0.0,1.0,1.0
2008-04-11,0.0,0.0,0.0,0.0,0.0,0.0,0.0,0.0,1.0,1.0
2008-04-14,0.0,0.0,0.0,0.0,0.0,0.0,0.0,0.0,1.0,1.0
2008-04-15,0.0,0.0,0.0,0.0,0.0,0.0,0.0,0.0,1.0,1.0
2008-04-16,0.0,0.0,0.0,0.0,0.0,0.0,0.0,0.0,1.0,1.0
2008-04-17,0.0,0.0,0.0,0.0,0.0,0.0,0.0,0.0,1.0,1.0
2008-04-18,0.0,0.0,0.0,0.0,0.0,0.0,0.0,0.0,1.0,1.0
2008-04-21,0.0,0.0,0.0,0.0,0.0,0.0,0.0,0.0,1.0,1.0
2008-04-22,0.0,0.0,0.0,0.0,0.0,0.0,0.0,0.0,1.0,1.0
2008-04-23,0.0,0.0,0.0,0.0,0.0,0.0,0.0,0.0,1.0,1.0
2008-04-24,0.0,0.0,0.0,0.0,0.0,0.0,0.0,0.0,1.0,1.0
2008-04-25,0.0,0.0,0.0,0.0,0.0,0.0,0.0,0.0,1.0,1.0
2008-04-28,0.0,0.0,0.0,0.0,0.0,0.0,0.0,0.0,1.0,1.0
2008-04-29,0.0,0.0,0.0,0.0,0.0,0.0,0.0,0.0,1.0,1.0
2008-04-30,0.0,0.0,0.0,0.0,0.0,0.0,0.0,0.0,1.0,1.0
2008-05-01,0.0,0.0,0.0,0.0,0.0,0.0,0.0,0.0,1.0,1.0
2008-05-02,0.0,0.0,0.0,0.0,0.0,0.0,0.0,0.0,1.0,1.0
2008-05-05,0.0,0.0,0.0,0.0,0.0,0.0,0.0,0.0,1.0,1.0
2008-05-06,0.0,0.0,0.0,0.0,0.0,0.0,0.0,0.0,1.0,1.0
2008-05-07,0.0,0.0,0.0,0.0,0.0,0.0,0.0,0.0,1.0,1.0
2008-05-08,0.0,0.0,0.0,0.0,0.0,0.0,0.0,0.0,1.0,1.0
2008-05-09,0.0,0.0,0.0,0.0,0.0,0.0,0.0,0.0,1.0,1.0
2008-05-12,0.0,0.0,0.0,0.0,0.0,0.0,0.0,0.0,1.0,1.0
2008-05-13,0.0,0.0,0.0,0.0,0.0,0.0,0.0,0.0,1.0,1.0
2008-05-14,0.0,0.0,0.0,0.0,0.0,0.0,0.0,0.0,1.0,1.0
2008-05-15,0.0,0.0,0.0,0.0,0.0,0.0,0.0,0.0,1.0,1.0
2008-05-16,0.0,0.0,0.0,0.0,0.0,0.0,0.0,0.0,1.0,1.0
2008-05-19,0.0,0.0,0.0,0.0,0.0,0.0,0.0,0.0,1.0,1.0
2008-05-20,0.0,0.0,0.0,0.0,0.0,0.0,0.0,0.0,1.0,1.0
2008-05-21,0.0,0.0,0.0,0.0,0.0,0.0,0.0,0.0,1.0,1.0
2008-05-22,0.0,0.0,0.0,0.0,0.0,0.0,0.0,0.0,1.0,1.0
2008-05-23,0.0,0.0,0.0,0.0,0.0,0.0,0.0,0.0,1.0,1.0
2008-05-27,0.0,0.0,0.0,0.0,0.0,0.0,0.0,0.0,1.0,1.0
2008-05-28,0.0,0.0,0.0,0.0,0.0,0.0,0.0,0.0,1.0,1.0
2008-05-29,0.0,0.0,0.0,0.0,0.0,0.0,0.0,0.0,1.0,1.0
2008-05-30,0.0,0.0,0.0,0.0,0.0,0.0,0.0,0.0,1.0,1.0
2008-06-02,0.0,0.0,0.0,0.0,0.0,0.0,0.0,0.0,1.0,1.0
2008-06-03,0.0,0.0,0.0,0.0,0.0,0.0,0.0,0.0,1.0,1.0
2008-06-04,0.0,0.0,0.0,0.0,0.0,0.0,0.0,0.0,1.0,1.0
2008-06-05,0.0,0.0,0.0,0.0,0.0,0.0,0.0,0.0,1.0,1.0
2008-06-06,0.0,0.0,0.0,0.0,0.0,0.0,0.0,0.0,1.0,1.0
2008-06-09,0.0,0.0,0.0,0.0,0.0,0.0,0.0,0.0,1.0,1.0
2008-06-10,0.0,0.0,0.0,0.0,0.0,0.0,0.0,0.0,1.0,1.0
2008-06-11,0.0,0.0,0.0,0.0,0.0,0.0,0.0,0.0,1.0,1.0
2008-06-12,0.0,0.0,0.0,0.0,0.0,0.0,0.0,0.0,1.0,1.0
2008-06-13,0.0,0.0,0.0,0.0,0.0,0.0,0.0,0.0,1.0,1.0
2008-06-16,0.0,0.0,0.0,0.0,0.0,0.0,0.0,0.0,1.0,1.0
2008-06-17,0.0,0.0,0.0,0.0,0.0,0.0,0.0,0.0,1.0,1.0
2008-06-18,0.0,0.0,0.0,0.0,0.0,0.0,0.0,0.0,1.0,1.0
2008-06-19,0.0,0.0,0.0,0.0,0.0,0.0,0.0,0.0,1.0,1.0
2008-06-20,0.0,0.0,0.0,0.0,0.0,0.0,0.0,0.0,1.0,1.0
2008-06-23,0.0,0.0,0.0,0.0,0.0,0.0,0.0,0.0,1.0,1.0
2008-06-24,0.0,0.0,0.0,0.0,0.0,0.0,0.0,0.0,1.0,1.0
2008-06-25,0.0,0.0,0.0,0.0,0.0,0.0,0.0,0.0,1.0,1.0
2008-06-26,0.0,0.0,0.0,0.0,0.0,0.0,0.0,0.0,1.0,1.0
2008-06-27,0.0,0.0,0.0,0.0,0.0,0.0,0.0,0.0,1.0,1.0
2008-06-30,0.0,0.0,0.0,0.0,0.0,0.0,0.0,0.0,1.0,1.0
2008-07-01,0.0,0.0,0.0,0.0,0.0,0.0,0.0,0.0,1.0,1.0
2008-07-02,0.0,0.0,0.0,0.0,0.0,0.0,0.0,0.0,1.0,1.0
2008-07-03,0.0,0.0,0.0,0.0,0.0,0.0,0.0,0.0,1.0,1.0
2008-07-07,0.0,0.0,0.0,0.0,0.0,0.0,0.0,0.0,1.0,1.0
2008-07-08,0.0,0.0,0.0,0.0,0.0,0.0,0.0,0.0,1.0,1.0
2008-07-09,0.0,0.0,0.0,0.0,0.0,0.0,0.0,0.0,1.0,1.0
2008-07-10,0.0,0.0,0.0,0.0,0.0,0.0,0.0,0.0,1.0,1.0
2008-07-11,0.0,0.0,0.0,0.0,0.0,0.0,0.0,0.0,1.0,1.0
2008-07-14,0.0,0.0,0.0,0.0,0.0,0.0,0.0,0.0,1.0,1.0
2008-07-15,0.0,0.0,0.0,0.0,0.0,0.0,0.0,0.0,1.0,1.0
2008-07-16,0.0,0.0,0.0,0.0,0.0,0.0,0.0,0.0,1.0,1.0
2008-07-17,0.0,0.0,0.0,0.0,0.0,0.0,0.0,0.0,1.0,1.0
2008-07-18,0.0,0.0,0.0,0.0,0.0,0.0,0.0,0.0,1.0,1.0
2008-07-21,0.0,0.0,0.0,0.0,0.0,0.0,0.0,0.0,1.0,1.0
2008-07-22,0.0,0.0,0.0,0.0,0.0,0.0,0.0,0.0,1.0,1.0
2008-07-23,0.0,0.0,0.0,0.0,0.0,0.0,0.0,0.0,1.0,1.0
2008-07-24,0.0,0.0,0.0,0.0,0.0,0.0,0.0,0.0,1.0,1.0
2008-07-25,0.0,0.0,0.0,0.0,0.0,0.0,0.0,0.0,1.0,1.0
2008-07-28,0.0,0.0,0.0,0.0,0.0,0.0,0.0,0.0,1.0,1.0
2008-07-29,0.0,0.0,0.0,0.0,0.0,0.0,0.0,0.0,1.0,1.0
2008-07-30,0.0,0.0,0.0,0.0,0.0,0.0,0.0,0.0,1.0,1.0
2008-07-31,0.0,0.0,0.0,0.0,0.0,0.0,0.0,0.0,1.0,1.0
2008-08-01,0.0,0.0,0.0,0.0,0.0,0.0,0.0,0.0,1.0,1.0
2008-08-04,0.0,0.0,0.0,0.0,0.0,0.0,0.0,0.0,1.0,1.0
2008-08-05,0.0,0.0,0.0,0.0,0.0,0.0,0.0,0.0,1.0,1.0
2008-08-06,0.0,0.0,0.0,0.0,0.0,0.0,0.0,0.0,1.0,1.0
2008-08-07,0.0,0.0,0.0,0.0,0.0,0.0,0.0,0.0,1.0,1.0
2008-08-08,0.0,0.0,0.0,0.0,0.0,0.0,0.0,0.0,1.0,1.0
2008-08-11,0.0,0.0,0.0,0.0,0.0,0.0,0.0,0.0,1.0,1.0
2008-08-12,0.0,0.0,0.0,0.0,0.0,0.0,0.0,0.0,1.0,1.0
2008-08-13,0.0,0.0,0.0,0.0,0.0,0.0,0.0,0.0,1.0,1.0
2008-08-14,0.0,0.0,0.0,0.0,0.0,0.0,0.0,0.0,1.0,1.0
2008-08-15,0.0,0.0,0.0,0.0,0.0,0.0,0.0,0.0,1.0,1.0
2008-08-18,0.0,0.0,0.0,0.0,0.0,0.0,0.0,0.0,1.0,1.0
2008-08-19,0.0,0.0,0.0,0.0,0.0,0.0,0.0,0.0,1.0,1.0
2008-08-20,0.0,0.0,0.0,0.0,0.0,0.0,0.0,0.0,1.0,1.0
2008-08-21,0.0,0.0,0.0,0.0,0.0,0.0,0.0,0.0,1.0,1.0
2008-08-22,0.0,0.0,0.0,0.0,0.0,0.0,0.0,0.0,1.0,1.0
2008-08-25,0.0,0.0,0.0,0.0,0.0,0.0,0.0,0.0,1.0,1.0
2008-08-26,0.0,0.0,0.0,0.0,0.0,0.0,0.0,0.0,1.0,1.0
2008-08-27,0.0,0.0,0.0,0.0,0.0,0.0,0.0,0.0,1.0,1.0
2008-08-28,0.0,0.0,0.0,0.0,0.0,0.0,0.0,0.0,1.0,1.0
2008-08-29,0.0,0.0,0.0,0.0,0.0,0.0,0.0,0.0,1.0,1.0
2008-09-02,0.0,0.0,0.0,0.0,0.0,0.0,0.0,0.0,1.0,1.0
2008-09-03,0.0,0.0,0.0,0.0,0.0,0.0,0.0,0.0,1.0,1.0
2008-09-04,0.0,0.0,0.0,0.0,0.0,0.0,0.0,0.0,1.0,1.0
2008-09-05,0.0,0.0,0.0,0.0,0.0,0.0,0.0,0.0,1.0,1.0
2008-09-08,0.0,0.0,0.0,0.0,0.0,0.0,0.0,0.0,1.0,1.0
2008-09-09,0.0,0.0,0.0,0.0,0.0,0.0,0.0,0.0,1.0,1.0
2008-09-10,0.0,0.0,0.0,0.0,0.0,0.0,0.0,0.0,1.0,1.0
2008-09-11,0.0,0.0,0.0,0.0,0.0,0.0,0.0,0.0,1.0,1.0
2008-09-12,0.0,0.0,0.0,0.0,0.0,0.0,0.0,0.0,1.0,1.0
2008-09-15,0.0,0.0,0.0,0.0,0.0,0.0,0.0,0.0,1.0,1.0
2008-09-16,0.0,0.0,0.0,0.0,0.0,0.0,0.0,0.0,1.0,1.0
2008-09-17,0.0,0.0,0.0,0.0,0.0,0.0,0.0,0.0,1.0,1.0
2008-09-18,0.0,0.0,0.0,0.0,0.0,0.0,0.0,0.0,1.0,1.0
2008-09-19,0.0,0.0,0.0,0.0,0.0,0.0,0.0,0.0,1.0,1.0
2008-09-22,0.0,0.0,0.0,0.0,0.0,0.0,0.0,0.0,1.0,1.0
2008-09-23,0.0,0.0,0.0,0.0,0.0,0.0,0.0,0.0,1.0,1.0
2008-09-24,0.0,0.0,0.0,0.0,0.0,0.0,0.0,0.0,1.0,1.0
2008-09-25,0.0,0.0,0.0,0.0,0.0,0.0,0.0,0.0,1.0,1.0
2008-09-26,0.0,0.0,0.0,0.0,0.0,0.0,0.0,0.0,1.0,1.0
2008-09-29,0.0,0.0,0.0,0.0,0.0,0.0,0.0,0.0,1.0,1.0
2008-09-30,0.0,1.8767558923161136e-05,5.63026767694834e-05,-1.8767558923161136e-05,-5.63026767694834e-05,0.15,0.15,0.0384199346737718,0.9999812324410768,0.9999436973232305
2008-10-01,0.0007956464735399013,1.8767558923161136e-05,5.6302676769483394e-05,0.0007768789146167401,0.0007393437967704179,0.15,0.3,0.0768398693475436,1.0007580967755727,1.0006829994929662
2008-10-02,0.006295215483286795,1.8767558923161136e-05,5.63026767694834e-05,0.0062764479243636335,0.006238912806517311,0.15,0.4499999999999999,0.11525980402131539,1.0070393028548699,1.006926173473767
2008-10-03,0.003099398359257188,1.8767558923161136e-05,5.63026767694834e-05,0.003080630800334027,0.0030430956824877044,0.15,0.6,0.15367973869508722,1.0101416191483914,1.0099903461648487
2008-10-06,0.01670594783998254,1.8767558923161143e-05,5.630267676948343e-05,0.01668718028105938,0.01664964516321306,0.15000000000000002,0.75,0.19209967336885903,1.0269980344565217,1.0268063270467642
2008-10-07,0.015615128537434103,8.269098239406366e-06,2.4807294718219096e-05,0.015606859439194697,0.015590321242715885,0.06609089338625783,0.8160908933862578,0.20902772541173398,1.043026248424614,1.0428145675394767
2008-10-08,0.0027107701220538748,0.0,0.0,0.0027107701220538748,0.0027107701220538748,0.0,0.8160908933862578,0.20902772541173398,1.0458536528153615,1.0456413981120052
2008-10-09,0.016201600608597072,0.0,0.0,0.016201600608597072,0.016201600608597072,0.0,0.8160908933862578,0.20902772541173398,1.0627981559933182,1.0625824624240308
2008-10-10,-0.0001535073195112173,0.0,0.0,-0.0001535073195112173,-0.0001535073195112173,0.0,0.8160908933862578,0.20902772541173398,1.06263500869721,1.0624193482384643
2008-10-13,-0.05007424458786964,0.0,0.0,-0.05007424458786964,-0.05007424458786964,0.0,0.8160908933862578,0.20902772541173398,1.009424363364073,1.0092195019398864
2008-10-14,0.007535467574330314,0.0,0.0,0.007535467574330314,0.007535467574330314,0.0,0.8160908933862578,0.20902772541173398,1.0170308479229417,1.016824442772136
2008-10-15,0.03731762397217842,0.0,0.0,0.03731762397217842,0.03731762397217842,0.0,0.8160908933862578,0.20902772541173398,1.0549840226738358,1.0547699149732264
2008-10-16,-0.017881604013778963,0.0,0.0,-0.017881604013778963,-0.017881604013778963,0.0,0.8160908933862578,0.20902772541173398,1.0361192161395187,1.0359089370280279
2008-10-17,0.003844224935357815,0.0,0.0,0.003844224935357815,0.003844224935357815,0.0,0.8160908933862578,0.20902772541173398,1.0401022914662057,1.0398912039945112
2008-10-20,-0.014917054169202868,0.0,0.0,-0.014917054169202868,-0.014917054169202868,0.0,0.8160908933862578,0.20902772541173398,1.0245870292428922,1.0243790905744474
2008-10-21,0.018332490237646628,0.0,0.0,0.018332490237646628,0.018332490237646628,0.0,0.8160908933862578,0.20902772541173398,1.0433702609541071,1.0431585102520529
2008-10-22,0.02268516950469785,0.0,0.0,0.02268516950469785,0.02268516950469785,0.0,0.8160908933862578,0.20902772541173398,1.0670392921800118,1.066822737877389
2008-10-23,-0.0026189081896808826,0.0,0.0,-0.0026189081896808826,-0.0026189081896808826,0.0,0.8160908933862578,0.20902772541173398,1.0642448142390102,1.064028827072224
2008-10-24,0.019454024893306106,0.0,0.0,0.019454024893306106,0.019454024893306106,0.0,0.8160908933862578,0.20902772541173398,1.084948659347788,1.0847284703612825
2008-10-27,0.012038620602987478,0.0,0.0,0.012038620602987478,0.012038620602987478,0.0,0.8160908933862578,0.20902772541173398,1.0980099446313958,1.0977871048732208
2008-10-28,-0.045394120817544466,0.0,0.0,-0.045394120817544466,-0.045394120817544466,0.0,0.8160908933862578,0.20902772541173398,1.048166748545933,1.0479540244026635
2008-10-29,0.0007549638307081813,0.0,0.0,0.0007549638307081813,0.0007549638307081813,0.0,0.8160908933862578,0.20902772541173398,1.0489580765296362,1.0487451917873327
2008-10-30,-0.018397769217937003,0.0,0.0,-0.018397769217937003,-0.018397769217937003,0.0,0.8160908933862578,0.20902772541173398,1.029659587918353,1.0294506197804083
2008-10-31,-0.0028887752035579636,2.0436547954693642e-05,6.130964386408093e-05,-0.0029092117515126573,-0.0029500848474220444,0.15000000000000002,0.717527264504387,0.16944139843975728,1.0266640901451232,1.0264136531058248
2008-11-03,0.0007731487029943537,2.0436547954693642e-05,6.130964386408093e-05,0.00075271215503966,0.0007118390591302728,0.15000000000000002,0.6189636356225161,0.1298550714677806,1.0274368726849181,1.02714429443493
2008-11-04,-0.009996116630078461,2.0436547954693642e-05,6.130964386408091e-05,-0.010016553178033155,-0.010057426273942542,0.14999999999999997,0.5444541556055051,0.09026874449580395,1.0171454966125975,1.01681386642095
2008-11-05,0.012592480494684321,8.982788163320509e-06,2.6948364489961532e-05,0.012583497706521,0.01256553213019436,0.06593179178231107,0.5118114462269435,0.07286876138018497,1.02994474463642,1.0295906737298897
2008-11-06,0.008594499217533937,0.0,0.0,0.008594499217533937,0.008594499217533937,0.0,0.5118114462269435,0.07286876138018497,1.038796603938301,1.0384394899696414
2008-11-07,-0.006145940747756654,0.0,0.0,-0.006145940747756654,-0.006145940747756654,0.0,0.5118114462269435,0.07286876138018497,1.0324122215615255,1.0320573023941573
2008-11-10,0.002078178801737547,0.0,0.0,0.002078178801737547,0.002078178801737547,0.0,0.5118114462269435,0.07286876138018497,1.0345577587550292,1.0342021020021712
2008-11-11,0.006875863235804214,0.0,0.0,0.006875863235804214,0.006875863235804214,0.0,0.5118114462269435,0.07286876138018497,1.0416712364137688,1.0413131342137194
2008-11-12,0.010595076650166155,0.0,0.0,0.010595076650166155,0.010595076650166155,0.0,0.5118114462269435,0.07286876138018497,1.052707823007846,1.0523459266875386
2008-11-13,-0.01723939130782163,0.0,0.0,-0.01723939130782163,-0.01723939130782163,0.0,0.5118114462269435,0.07286876138018497,1.0345597809142086,1.0342041234661798
2008-11-14,0.010709093393815759,0.0,0.0,0.010709093393815759,0.010709093393815759,0.0,0.5118114462269435,0.07286876138018497,1.0456389782295044,1.0452795120126483
2008-11-17,0.003825485481487595,0.0,0.0,0.003825485481487595,0.003825485481487595,0.0,0.5118114462269435,0.07286876138018497,1.0496390549595989,1.0492782136099492
2008-11-18,0.0017514516028638886,0.0,0.0,0.0017514516028638886,0.0017514516028638886,0.0,0.5118114462269435,0.07286876138018497,1.0514774469648362,1.0511159736190265
2008-11-19,0.012004887269333504,0.0,0.0,0.012004887269333504,0.012004887269333504,0.0,0.5118114462269435,0.07286876138018497,1.0641003151818957,1.0637345023893185
2008-11-20,0.014270307637498082,0.0,0.0,0.014270307637498082,0.014270307637498082,0.0,0.5118114462269435,0.07286876138018497,1.0792853540367002,1.0789143209830352
2008-11-21,-0.013132766457461692,0.0,0.0,-0.013132766457461692,-0.013132766457461692,0.0,0.5118114462269435,0.07286876138018497,1.0651113515411774,1.0647451911779542
2008-11-24,-0.015042448397530626,0.0,0.0,-0.015042448397530626,-0.015042448397530626,0.0,0.5118114462269435,0.07286876138018497,1.049089468997995,1.048728816583141
2008-11-25,0.0024942141731521695,0.0,0.0,0.0024942141731521695,0.0024942141731521695,0.0,0.5118114462269435,0.07286876138018497,1.0517061228204745,1.0513445708612557
2008-11-26,-0.00405027745698611,0.0,0.0,-0.00405027745698611,-0.00405027745698611,0.0,0.5118114462269435,0.07286876138018497,1.0474464212198404,1.0470863336463716
2008-11-28,0.0036201921108545854,0.0,0.0,0.0036201921108545854,0.0036201921108545854,0.0,0.5118114462269435,0.07286876138018497,1.0512383784904833,1.0508769873308217
2008-12-01,0.017904480324601228,0.0,0.0,0.017904480324601228,0.017904480324601228,0.0,0.5118114462269435,0.07286876138018497,1.0700602553546317,1.0696923936740625
2008-12-02,-0.006210737319157891,0.0,0.0,-0.006210737319157891,-0.006210737319157891,0.0,0.5118114462269435,0.07286876138018497,1.063414392192953,1.0630488152046518
2008-12-03,-0.0017957622489030184,0.0,0.0,-0.0017957622489030184,-0.0017957622489030184,0.0,0.5118114462269435,0.07286876138018497,1.0615047527725128,1.0611398322735661
2008-12-04,0.006925103999277924,0.0,0.0,0.006925103999277924,0.006925103999277924,0.0,0.5118114462269435,0.07286876138018497,1.0688557835811903,1.068488335969837
2008-12-05,-0.004968285363176288,0.0,0.0,-0.004968285363176288,-0.004968285363176288,0.0,0.5118114462269435,0.07286876138018497,1.0635454030362774,1.0631797810095134
2008-12-08,-0.00941609072508632,0.0,0.0,-0.00941609072508632,-0.00941609072508632,0.0,0.5118114462269435,0.07286876138018497,1.0535309630310394,1.0531687837344503
2008-12-09,0.004900054588540354,0.0,0.0,0.004900054588540354,0.004900054588540354,0.0,0.5118114462269435,0.07286876138018497,1.058693322260609,1.0583293682656958
2008-12-10,-0.0053558796849207686,0.0,0.0,-0.0053558796849207686,-0.0053558796849207686,0.0,0.5118114462269435,0.07286876138018497,1.053023088203352,1.0526610835022465
2008-12-11,0.0005640801637175883,0.0,0.0,0.0005640801637175883,0.0005640801637175883,0.0,0.5118114462269435,0.07286876138018497,1.0536170776393443,1.0532548687385677
2008-12-12,-0.0024762377355524202,0.0,0.0,-0.0024762377355524202,-0.0024762377355524202,0.0,0.5118114462269435,0.07286876138018497,1.0510080712728713,1.0506467592874429
2008-12-15,0.0007543658830918825,0.0,0.0,0.0007543658830918825,0.0007543658830918825,0.0,0.5118114462269435,0.07286876138018497,1.051800915904694,1.0514393313578305
2008-12-16,-0.007033874624026034,0.0,0.0,-0.007033874624026034,-0.007033874624026034,0.0,0.5118114462269435,0.07286876138018497,1.0444026801327846,1.0440436389262897
2008-12-17,0.0019117510046182036,0.0,0.0,0.0019117510046182036,0.0019117510046182036,0.0,0.5118114462269435,0.07286876138018497,1.0463993180057545,1.0460395904018724
2008-12-18,0.004854403747290829,0.0,0.0,0.004854403747290829,0.004854403747290829,0.0,0.5118114462269435,0.07286876138018497,1.0514789627762442,1.051117488909334
2008-12-19,0.002622071460556729,0.0,0.0,0.002622071460556729,0.002622071460556729,0.0,0.5118114462269435,0.07286876138018497,1.0542360157559156,1.0538735940786952
2008-12-22,0.0013590141403469734,0.0,0.0,0.0013590141403469734,0.0013590141403469734,0.0,0.5118114462269435,0.07286876138018497,1.055668737408591,1.0553058231951864
2008-12-23,0.00043939290575614417,0.0,0.0,0.00043939290575614417,0.00043939290575614417,0.0,0.5118114462269435,0.07286876138018497,1.0561325907626369,1.0557695170873016
2008-12-24,-0.0006386031379741341,0.0,0.0,-0.0006386031379741341,-0.0006386031379741341,0.0,0.5118114462269435,0.07286876138018497,1.055458141176059,1.0550952993607121
2008-12-26,-0.0014818154376425217,0.0,0.0,-0.0014818154376425217,-0.0014818154376425217,0.0,0.5118114462269435,0.07286876138018497,1.053894147008679,1.0535318428579354
2008-12-29,0.0011343622985826643,0.0,0.0,0.0011343622985826643,0.0011343622985826643,0.0,0.5118114462269435,0.07286876138018497,1.0550896447957425,1.0547269296608297
2008-12-30,-0.0027973497396019302,0.0,0.0,-0.0027973497396019302,-0.0027973497396019302,0.0,0.5118114462269435,0.07286876138018497,1.0521381900526166,1.051776489558792
2008-12-31,-0.00434616518287397,2.4438735672045437e-05,7.33162070161363e-05,-0.004370603918546016,-0.004419481389890107,0.14999999999999997,0.3618114462269435,0.1326275542476033,1.0475397107563207,1.047128182936863
2009-01-02,-0.006743268390995082,9.173694648987466e-07,2.75210839469624e-06,-0.00674418576045998,-0.006746020499389778,0.005630627606165962,0.35618081862077755,0.1348707509731396,1.0404749083555216,1.0400642347492821
2009-01-05,-0.0017761043105997357,0.0,0.0,-0.0017761043105997357,-0.0017761043105997357,0.0,0.35618081862077755,0.1348707509731396,1.0386269163857205,1.0382169721786434
2009-01-06,-0.0025949739110852138,0.0,0.0,-0.0025949739110852138,-0.0025949739110852138,0.0,0.35618081862077755,0.1348707509731396,1.0359317066343487,1.035522826221794
2009-01-07,0.004728570288635181,0.0,0.0,0.004728570288635181,0.004728570288635181,0.0,0.35618081862077755,0.1348707509731396,1.0408301825233952,1.0404193686910699
2009-01-08,2.0019363362477666e-05,0.0,0.0,2.0019363362477666e-05,2.0019363362477666e-05,0.0,0.35618081862077755,0.1348707509731396,1.0408510192810176,1.040440197224461
2009-01-09,0.004132242263694711,0.0,0.0,0.004132242263694711,0.004132242263694711,0.0,0.35618081862077755,0.1348707509731396,1.0451520678531003,1.0447395481802788
2009-01-12,0.005109147348862881,0.0,0.0,0.005109147348862881,0.005109147348862881,0.0,0.35618081862077755,0.1348707509731396,1.0504919037697307,1.0500772764731163
2009-01-13,8.745568792395707e-05,0.0,0.0,8.745568792395707e-05,8.745568792395707e-05,0.0,0.35618081862077755,0.1348707509731396,1.0505837752618334,1.0501691117037038
2009-01-14,0.005148900352415613,0.0,0.0,0.005148900352415613,0.005148900352415613,0.0,0.35618081862077755,0.1348707509731396,1.0559931264325213,1.055576327813051
2009-01-15,-0.0014816430663566933,0.0,0.0,-0.0014816430663566933,-0.0014816430663566933,0.0,0.35618081862077755,0.1348707509731396,1.0544285215386222,1.0540123404659365
2009-01-16,-0.0029736922252636758,0.0,0.0,-0.0029736922252636758,-0.0029736922252636758,0.0,0.35618081862077755,0.1348707509731396,1.0512929756420266,1.050878032163761
2009-01-20,0.007710580338450507,0.0,0.0,0.007710580338450507,0.007710580338450507,0.0,0.35618081862077755,0.1348707509731396,1.0593990545899632,1.0589809116566724
2009-01-21,-0.006629221049993559,0.0,0.0,-0.006629221049993559,-0.006629221049993559,0.0,0.35618081862077755,0.1348707509731396,1.0523760640769322,1.0519606931055767
2009-01-22,0.001364836820969335,0.0,0.0,0.001364836820969335,0.001364836820969335,0.0,0.35618081862077755,0.1348707509731396,1.0538123856786912,1.0533964477937396
2009-01-23,-0.001825842249550773,0.0,0.0,-0.001825842249550773,-0.001825842249550773,0.0,0.35618081862077755,0.1348707509731396,1.0518882905018192,1.0514731120538312
2009-01-26,-0.0022313674045282782,0.0,0.0,-0.0022313674045282782,-0.0022313674045282782,0.0,0.35618081862077755,0.1348707509731396,1.0495411412571884,1.0491268892248564
2009-01-27,0.0010084150390419042,0.0,0.0,0.0010084150390419042,0.0010084150390419042,0.0,0.35618081862077755,0.1348707509731396,1.0505995143281255,1.0501848445578141
2009-01-28,-0.006263652765921459,0.0,0.0,-0.006263652765921459,-0.006263652765921459,0.0,0.35618081862077755,0.1348707509731396,1.0440189237743285,1.0436068513514707
2009-01-29,0.002202339640266872,0.0,0.0,0.002202339640266872,0.002202339640266872,0.0,0.35618081862077755,0.1348707509731396,1.0463182080353455,1.0459052280890562
2009-01-30,0.0016044973734763571,0.0,0.0,0.0016044973734763571,0.0016044973734763571,0.0,0.35618081862077755,0.1348707509731396,1.0479970228519586,1.0475833802804302
2009-02-02,0.0019471652056961446,0.0,0.0,0.0019471652056961446,0.0019471652056961446,0.0,0.35618081862077755,0.1348707509731396,1.0500376461905292,1.0496231981885777
2009-02-03,-0.0033450445507008045,0.0,0.0,-0.0033450445507008045,-0.0033450445507008045,0.0,0.35618081862077755,0.1348707509731396,1.046525223484109,1.0461121618291878
2009-02-04,-0.0002827108894959502,0.0,0.0,-0.0002827108894959502,-0.0002827108894959502,0.0,0.35618081862077755,0.1348707509731396,1.0462293594072978,1.0458164145294044
2009-02-05,-0.0028627842706047887,0.0,0.0,-0.0028627842706047887,-0.0028627842706047887,0.0,0.35618081862077755,0.1348707509731396,1.0432342304537416,1.0428224677479494
2009-02-06,-0.004305802738446512,0.0,0.0,-0.004305802738446512,-0.004305802738446512,0.0,0.35618081862077755,0.1348707509731396,1.038742269647413,1.0383322799106067
2009-02-09,0.00038245282772817087,0.0,0.0,0.00038245282772817087,0.00038245282772817087,0.0,0.35618081862077755,0.1348707509731396,1.0391395395657201,1.03872939302718
2009-02-10,0.007559164818877131,0.0,0.0,0.007559164818877131,0.007559164818877131,0.0,0.35618081862077755,0.1348707509731396,1.0469945666151095,1.0465813197112845
2009-02-11,0.00041826835777149165,0.0,0.0,0.00041826835777149165,0.00041826835777149165,0.0,0.35618081862077755,0.1348707509731396,1.0474324913130832,1.0470190715611547
2009-02-12,-0.0009236568356281767,0.0,0.0,-0.0009236568356281767,-0.0009236568356281767,0.0,0.35618081862077755,0.1348707509731396,1.046465023132623,1.046051985238674
2009-02-13,-0.001732651131034959,0.0,0.0,-0.001732651131034959,-0.001732651131034959,0.0,0.35618081862077755,0.1348707509731396,1.0446518643267038,1.0442395420833288
2009-02-17,0.008498461392829055,0.0,0.0,0.008498461392829055,0.008498461392829055,0.0,0.35618081862077755,0.1348707509731396,1.053529797864631,1.0531139715165894
2009-02-18,-0.0011738506485727484,0.0,0.0,-0.0011738506485727484,-0.0011738506485727484,0.0,0.35618081862077755,0.1348707509731396,1.0522931112281169,1.0518777729981035
2009-02-19,-0.001228059590540372,0.0,0.0,-0.001228059590540372,-0.001228059590540372,0.0,0.35618081862077755,0.1348707509731396,1.0510008325808136,1.0505860044108968
2009-02-20,0.0022529524621887546,0.0,0.0,0.0022529524621887546,0.0022529524621887546,0.0,0.35618081862077755,0.1348707509731396,1.053368687494339,1.0529529247362754
2009-02-23,0.003288912049558714,0.0,0.0,0.003288912049558714,0.003288912049558714,0.0,0.35618081862077755,0.1348707509731396,1.0568331244632672,1.0564159942980587
2009-02-24,-0.00584353977258073,0.0,0.0,-0.00584353977258073,-0.00584353977258073,0.0,0.35618081862077755,0.1348707509731396,1.0506574780674853,1.0502427854189875
2009-02-25,-3.995940188345989e-05,0.0,0.0,-3.995940188345989e-05,-3.995940188345989e-05,0.0,0.35618081862077755,0.1348707509731396,1.0506154944230772,1.0502008183454496
2009-02-26,-7.794396854430207e-05,0.0,0.0,-7.794396854430207e-05,-7.794396854430207e-05,0.0,0.35618081862077755,0.1348707509731396,1.0505336052820278,1.0501189615258992
2009-02-27,0.001440492962801812,0.0,0.0,0.001440492962801812,0.001440492962801812,0.0,0.35618081862077755,0.1348707509731396,1.0520468915476233,1.051631650500082
2009-03-02,0.007422491857471709,0.0,0.0,0.007422491857471709,0.007422491857471709,0.0,0.35618081862077755,0.1348707509731396,1.0598557010338139,1.0594373778629784
2009-03-03,-0.0007810963715838393,0.0,0.0,-0.0007810963715838393,-0.0007810963715838393,0.0,0.35618081862077755,0.1348707509731396,1.0590278515913338,1.0586098551712093
2009-03-04,-0.0051065272373680025,0.0,0.0,-0.0051065272373680025,-0.0051065272373680025,0.0,0.35618081862077755,0.1348707509731396,1.0536198970220514,1.0532040351120313
2009-03-05,0.0068235725937165915,0.0,0.0,0.0068235725937165915,0.0068235725937165915,0.0,0.35618081862077755,0.1348707509731396,1.0608093488755657,1.0603906493016135
2009-03-06,-0.0017230921373281043,0.0,0.0,-0.0017230921373281043,-0.0017230921373281043,0.0,0.35618081862077755,0.1348707509731396,1.058981476627314,1.0585634985113057
2009-03-09,0.001485267185326693,0.0,0.0,0.001485267185326693,0.001485267185326693,0.0,0.35618081862077755,0.1348707509731396,1.0605543470644174,1.0601357481392293
2009-03-10,-0.0074452893281704915,0.0,0.0,-0.0074452893281704915,-0.0074452893281704915,0.0,0.35618081862077755,0.1348707509731396,1.052658213102274,1.0522427307671962
2009-03-11,0.0015677339402922134,0.0,0.0,0.0015677339402922134,0.0015677339402922134,0.0,0.35618081862077755,0.1348707509731396,1.0543085011104816,1.0538923674096456
2009-03-12,-0.004449213793430095,0.0,0.0,-0.004449213793430095,-0.004449213793430095,0.0,0.35618081862077755,0.1348707509731396,1.0496176571848101,1.049203374951776
2009-03-13,-0.0008548860358369711,0.0,0.0,-0.0008548860358369711,-0.0008548860358369711,0.0,0.35618081862077755,0.1348707509731396,1.048720353706715,1.0483064256377768
2009-03-16,-0.0012977801701666855,0.0,0.0,-0.0012977801701666855,-0.0012977801701666855,0.0,0.35618081862077755,0.1348707509731396,1.0473593452276242,1.0469459543463258
2009-03-17,-0.004091713111014509,0.0,0.0,-0.004091713111014509,-0.004091713111014509,0.0,0.35618081862077755,0.1348707509731396,1.0430738512628128,1.0426621518584034
2009-03-18,0.0019638920330868094,0.0,0.0,0.0019638920330868094,0.0019638920330868094,0.0,0.35618081862077755,0.1348707509731396,1.0451223356892292,1.0447098277516393
2009-03-19,0.0005589837904373864,0.0,0.0,0.0005589837904373864,0.0005589837904373864,0.0,0.35618081862077755,0.1348707509731396,1.0457065421339036,1.045293803611063
2009-03-20,0.0007379641044592582,0.0,0.0,0.0007379641044592582,0.0007379641044592582,0.0,0.35618081862077755,0.1348707509731396,1.0464782360257967,1.0460651929167417
2009-03-23,-0.008690904953581699,0.0,0.0,-0.008690904953581699,-0.008690904953581699,0.0,0.35618081862077755,0.1348707509731396,1.0373833931405048,1.0369739397498523
2009-03-24,0.0030633802766520065,0.0,0.0,0.0030633802766520065,0.0030633802766520065,0.0,0.35618081862077755,0.1348707509731396,1.0405612929663777,1.040150585264284
2009-03-25,-0.002077531820526842,0.0,0.0,-0.002077531820526842,-0.002077531820526842,0.0,0.35618081862077755,0.1348707509731396,1.0383994937690315,1.037989639325258
2009-03-26,-0.0024315337209202424,0.0,0.0,-0.0024315337209202424,-0.0024315337209202424,0.0,0.35618081862077755,0.1348707509731396,1.0358745903841458,1.0354657325152727
2009-03-27,0.0039411899457248295,0.0,0.0,0.0039411899457248295,0.0039411899457248295,0.0,0.35618081862077755,0.1348707509731396,1.0399571689047997,1.0395466996494045
2009-03-30,0.004903265545656141,0.0,0.0,0.004903265545656141,0.004903265545656141,0.0,0.35618081862077755,0.1348707509731396,1.045056355060049,1.0446438731648962
2009-03-31,-0.0019515287626828436,2.0702874750470297e-05,6.210862425141087e-05,-0.001972231637433314,-0.0020136373869342546,0.15000000000000002,0.44333282698020837,0.10601037209973796,1.0429952618536986,1.0425403392058594
2009-04-01,-0.0019149330407045335,2.0702874750470294e-05,6.210862425141087e-05,-0.0019356359154550037,-0.001977041664955944,0.15000000000000002,0.530484835339639,0.07714999322633632,1.0409764027652053,1.0404791935178521
2009-04-02,-0.010453586922498764,1.0837132015218948e-05,3.2511396045656835e-05,-0.010464424054513984,-0.010486098318544421,0.07851903766388361,0.5761054475186873,0.062042732054639144,1.0300831842559277,1.029568626396224
2009-04-03,-0.005034417848896426,0.0,0.0,-0.005034417848896426,-0.005034417848896426,0.0,0.5761054475186873,0.062042732054639144,1.0248973150872616,1.024385347726831
2009-04-06,0.0029425790180857983,0.0,0.0,0.0029425790180857983,0.0029425790180857983,0.0,0.5761054475186873,0.062042732054639144,1.0279131564223296,1.0273996825574865
2009-04-07,0.006721522709449097,0.0,0.0,0.006721522709449097,0.006721522709449097,0.0,0.5761054475186873,0.062042732054639144,1.0348222980465638,1.0343053728554774
2009-04-08,-0.0018718106715650473,0.0,0.0,-0.0018718106715650473,-0.0018718106715650473,0.0,0.5761054475186873,0.062042732054639144,1.0328853066259067,1.0323693490209094
2009-04-09,-0.008232257878664868,0.0,0.0,-0.008232257878664868,-0.008232257878664868,0.0,0.5761054475186873,0.062042732054639144,1.0243823284226785,1.0238706183137398
2009-04-13,-0.001387076548252646,0.0,0.0,-0.001387076548252646,-0.001387076548252646,0.0,0.5761054475186873,0.062042732054639144,1.022961431718479,1.022450431390632
2009-04-14,0.004911187139914151,0.0,0.0,0.004911187139914151,0.004911187139914151,0.0,0.5761054475186873,0.062042732054639144,1.027985386746563,1.0274718768004774
2009-04-15,-0.001389787391201755,0.0,0.0,-0.001389787391201755,-0.001389787391201755,0.0,0.5761054475186873,0.062042732054639144,1.026556705617723,1.0260439093412856
2009-04-16,-0.003421488787499983,0.0,0.0,-0.003421488787499983,-0.003421488787499983,0.0,0.5761054475186873,0.062042732054639144,1.0230443533597189,1.0225333116099917
2009-04-17,-0.0002307704912603494,0.0,0.0,-0.0002307704912603494,-0.0002307704912603494,0.0,0.5761054475186873,0.062042732054639144,1.022808264911713,1.0222973410953415
2009-04-20,0.011070208034514901,0.0,0.0,0.011070208034514901,0.011070208034514901,0.0,0.5761054475186873,0.062042732054639144,1.0341309651837067,1.0336143853343984
2009-04-21,-0.00528958594337398,0.0,0.0,-0.00528958594337398,-0.00528958594337398,0.0,0.5761054475186873,0.062042732054639144,1.028660840566663,1.0281469932108644
2009-04-22,-0.0001479560153161369,0.0,0.0,-0.0001479560153161369,-0.0001479560153161369,0.0,0.5761054475186873,0.062042732054639144,1.028508644007581,1.0279948726785897
2009-04-23,-0.003950608868880276,0.0,0.0,-0.003950608868880276,-0.003950608868880276,0.0,0.5761054475186873,0.062042732054639144,1.0244454086368446,1.0239336670174222
2009-04-24,-0.005186291503503432,0.0,0.0,-0.005186291503503432,-0.005186291503503432,0.0,0.5761054475186873,0.062042732054639144,1.0191323361182283,1.0186232485400186
2009-04-27,0.0049985532090915915,0.0,0.0,0.0049985532090915915,0.0049985532090915915,0.0,0.5761054475186873,0.062042732054639144,1.024226523327421,1.0237148910478635
2009-04-28,-0.0010151027209470678,0.0,0.0,-0.0010151027209470678,-0.0010151027209470678,0.0,0.5761054475186873,0.062042732054639144,1.0231868281967251,1.0226757152764867
2009-04-29,-0.007484834941543624,0.0,0.0,-0.007484834941543624,-0.007484834941543624,0.0,0.5761054475186873,0.062042732054639144,1.0155284436733112,1.015021156348917
2009-04-30,-0.0005497169113925929,2.3004018156254934e-05,6.901205446876481e-05,-0.0005727209295488478,-0.0006187289658613577,0.14999999999999997,0.4983218341776546,0.13512311254871645,1.0149468292790673,1.0143931333585219
2009-05-01,-0.002613021588821159,2.3004018156254937e-05,6.901205446876481e-05,-0.002636025606977414,-0.002682033643289924,0.14999999999999997,0.4205382208366219,0.2082034930427938,1.0122714034473672,1.011672496847332
2009-05-04,-0.0026399158441029903,3.944865593484555e-06,1.183459678045366e-05,-0.002643860709696475,-0.002651750440883444,0.025722890453457062,0.40719942506965223,0.22073575052110123,1.0095950988562434,1.0089897938577876
2009-05-05,0.0004930750878300358,0.0,0.0,0.0004930750878300358,0.0004930750878300358,0.0,0.40719942506965223,0.22073575052110123,1.0100929050482848,1.0094873015890138
2009-05-06,-0.0012140536784791078,0.0,0.0,-0.0012140536784791078,-0.0012140536784791078,0.0,0.40719942506965223,0.22073575052110123,1.0088665980413052,1.0082617298171417
2009-05-07,-0.0012342450518125696,0.0,0.0,-0.0012342450518125696,-0.0012342450518125696,0.0,0.40719942506965223,0.22073575052110123,1.0076214094347338,1.007017287766183
2009-05-08,-0.002326042632172313,0.0,0.0,-0.002326042632172313,-0.002326042632172313,0.0,0.40719942506965223,0.22073575052110123,1.005277639079299,1.0046749226235043
2009-05-11,0.003442088110634595,0.0,0.0,0.003442088110634595,0.003442088110634595,0.0,0.40719942506965223,0.22073575052110123,1.0087378932886606,1.0081331022297193
2009-05-12,0.0003588343044380275,0.0,0.0,0.0003588343044380275,0.0003588343044380275,0.0,0.40719942506965223,0.22073575052110123,1.0090998630489592,1.0084948549702388
2009-05-13,0.0038941414184005324,0.0,0.0,0.0038941414184005324,0.0038941414184005324,0.0,0.40719942506965223,0.22073575052110123,1.0130294406209606,1.0124220765552223
2009-05-14,-0.0006552651351993211,0.0,0.0,-0.0006552651351993211,-0.0006552651351993211,0.0,0.40719942506965223,0.22073575052110123,1.0123656377475911,1.0117586716663496
2009-05-15,0.0009839397046561055,0.0,0.0,0.0009839397046561055,0.0009839397046561055,0.0,0.40719942506965223,0.22073575052110123,1.0133617444942005,1.012754181194932
2009-05-18,-0.004909466936807062,0.0,0.0,-0.004909466936807062,-0.004909466936807062,0.0,0.40719942506965223,0.22073575052110123,1.008386678514581,1.0077820980272425
2009-05-19,-0.0003072373912266106,0.0,0.0,-0.0003072373912266106,-0.0003072373912266106,0.0,0.40719942506965223,0.22073575052110123,1.0080768644221265,1.0074724696845196
2009-05-20,0.00135193150623235,0.0,0.0,0.00135193150623235,0.00135193150623235,0.0,0.40719942506965223,0.22073575052110123,1.0094397152958425,1.0088345034579478
2009-05-21,-0.0010999428106131161,0.0,0.0,-0.0010999428106131161,-0.0010999428106131161,0.0,0.40719942506965223,0.22073575052110123,1.0083293893382554,1.0077248431987709
2009-05-22,-0.001312182280288671,0.0,0.0,-0.001312182280288671,-0.001312182280288671,0.0,0.40719942506965223,0.22073575052110123,1.0070062773808715,1.0064025245161188
2009-05-26,-0.003964182208670697,0.0,0.0,-0.003964182208670697,-0.003964182208670697,0.0,0.40719942506965223,0.22073575052110123,1.0030143210120586,1.0024129615336708
2009-05-27,-0.0011515600604903933,0.0,0.0,-0.0011515600604903933,-0.0011515600604903933,0.0,0.40719942506965223,0.22073575052110123,1.001859289779881,1.0012586228030507
2009-05-28,0.0005284045943882814,0.0,0.0,0.0005284045943882814,0.0005284045943882814,0.0,0.40719942506965223,0.22073575052110123,1.0023886768315313,1.0017876924595106
2009-05-29,0.0016595116870240765,0.0,0.0,0.0016595116870240765,0.0016595116870240765,0.0,0.40719942506965223,0.22073575052110123,1.004052152555674,1.003450170843064
2009-06-01,-0.006279723077592945,0.0,0.0,-0.006279723077592945,-0.006279723077592945,0.0,0.40719942506965223,0.22073575052110123,0.9977469830821633,0.9971487816480064
2009-06-02,0.0002730138104321712,0.0,0.0,0.0002730138104321712,0.0002730138104321712,0.0,0.40719942506965223,0.22073575052110123,0.9980193817878616,0.9974210170364518
2009-06-03,0.0026449367165963062,0.0,0.0,0.0026449367165963062,0.0026449367165963062,0.0,0.40719942506965223,0.22073575052110123,1.000659079894627,1.0000591325063164
2009-06-04,-0.003431102224139567,0.0,0.0,-0.003431102224139567,-0.003431102224139567,0.0,0.40719942506965223,0.22073575052110123,0.9972257162999952,0.9966278273925029
2009-06-05,-0.0027705431612766594,0.0,0.0,-0.0027705431612766594,-0.0027705431612766594,0.0,0.40719942506965223,0.22073575052110123,0.9944628594114511,0.9938666269809826
2009-06-08,-0.0006138151912380929,0.0,0.0,-0.0006138151912380929,-0.0006138151912380929,0.0,0.40719942506965223,0.22073575052110123,0.9938524430012223,0.9932565765472772
2009-06-09,0.00012241341743564533,0.0,0.0,0.00012241341743564533,0.00012241341743564533,0.0,0.40719942506965223,0.22073575052110123,0.9939741038751968,0.9933781644792027
2009-06-10,-0.001288183313145841,0.0,0.0,-0.001288183313145841,-0.001288183313145841,0.0,0.40719942506965223,0.22073575052110123,0.9926936830208857,0.9920985113040771
2009-06-11,0.0005896062934104174,0.0,0.0,0.0005896062934104174,0.0005896062934104174,0.0,0.40719942506965223,0.22073575052110123,0.9932789814638234,0.992683458830025
2009-06-12,0.0009664168797639936,0.0,0.0,0.0009664168797639936,0.0009664168797639936,0.0,0.40719942506965223,0.22073575052110123,0.9942389030378249,0.9936428048809008
2009-06-15,0.003079060422266839,0.0,0.0,0.003079060422266839,0.003079060422266839,0.0,0.40719942506965223,0.22073575052110123,0.9973002246944467,0.9967022911152797
2009-06-16,0.002998714503563759,0.0,0.0,0.002998714503563759,0.002998714503563759,0.0,0.40719942506965223,0.22073575052110123,1.0002908433426452,0.9996911167313823
2009-06-17,-0.0005309996190114008,0.0,0.0,-0.0005309996190114008,-0.0005309996190114008,0.0,0.40719942506965223,0.22073575052110123,0.9997596892859296,0.9991602811292689
2009-06-18,-0.0029101974884620002,0.0,0.0,-0.0029101974884620002,-0.0029101974884620002,0.0,0.40719942506965223,0.22073575052110123,0.9968501911491041,0.9962525273885555
2009-06-19,0.001048803092583202,0.0,0.0,0.001048803092583202,0.001048803092583202,0.0,0.40719942506965223,0.22073575052110123,0.9978956907124235,0.9972974001202746
2009-06-22,0.0038187489659343528,0.0,0.0,0.0038187489659343528,0.0038187489659343528,0.0,0.40719942506965223,0.22073575052110123,1.0017064038494419,1.0011058285357128
2009-06-23,0.000547187584484633,0.0,0.0,0.000547187584484633,0.000547187584484633,0.0,0.40719942506965223,0.22073575052110123,1.002254525156927,1.001653621215843
2009-06-24,-0.0012297194348257659,0.0,0.0,-0.0012297194348257659,-0.0012297194348257659,0.0,0.40719942506965223,0.22073575052110123,1.0010220332886994,1.00042186829087
2009-06-25,0.0010596000907813242,0.0,0.0,0.0010596000907813242,0.0010596000907813242,0.0,0.40719942506965223,0.22073575052110123,1.0020827163260464,1.0014819153933308
2009-06-26,0.0005292221172158095,0.0,0.0,0.0005292221172158095,0.0005292221172158095,0.0,0.40719942506965223,0.22073575052110123,1.0026130406628058,1.0020119217729484
2009-06-29,-0.00044506078740840296,0.0,0.0,-0.00044506078740840296,-0.00044506078740840296,0.0,0.40719942506965223,0.22073575052110123,1.0021668169134625,1.0015659655580516
2009-06-30,0.0002507820489268519,1.749854691889401e-05,5.249564075668203e-05,0.0002332835020079579,0.00019828640817016986,0.15,0.3780357596601036,0.23536229531013864,1.0024006058981083,1.0017645624759075
2009-07-01,-0.00022915656031774966,1.7498546918894007e-05,5.2495640756682025e-05,-0.0002466551072366437,-0.0002816522010744317,0.14999999999999997,0.3792801787920135,0.24998884009917596,1.0021533586691664,1.0014824132819278
2009-07-02,0.0019625606940076043,1.749854691889401e-05,5.249564075668203e-05,0.0019450621470887104,0.0019100650532509224,0.15000000000000002,0.41591519677292227,0.26461538488821335,1.0041026092326917,1.003395309840983
2009-07-06,0.0008969011232241274,1.7498546918894007e-05,5.2495640756682025e-05,0.0008794025763052334,0.0008444054824674453,0.15,0.45255021475383106,0.27924192967725076,1.0049856196541258,1.0042425823416947
2009-07-07,0.00017592381555775103,4.516606928067024e-06,1.3549820784201075e-05,0.000171407208629684,0.00016237399477354996,0.038716988464827004,0.46200619854433483,0.2830172347831003,1.0051578814339037,1.0044056452215113
2009-07-08,0.0015971827577504782,0.0,0.0,0.0015971827577504782,0.0015971827577504782,0.0,0.46200619854433483,0.2830172347831003,1.006763302270947,1.0060098645998465
2009-07-09,0.000582090038544652,0.0,0.0,0.000582090038544652,0.000582090038544652,0.0,0.46200619854433483,0.2830172347831003,1.0073493291603712,1.0065954529207077
2009-07-10,7.655148044603453e-05,0.0,0.0,7.655148044603453e-05,7.655148044603453e-05,0.0,0.46200619854433483,0.2830172347831003,1.0074264432428446,1.006672509292839
2009-07-13,-0.00027319508784843865,0.0,0.0,-0.00027319508784843865,-0.00027319508784843865,0.0,0.46200619854433483,0.2830172347831003,1.007151219287182,1.0063974913082283
2009-07-14,0.0007129840032100459,0.0,0.0,0.0007129840032100459,0.0007129840032100459,0.0,0.46200619854433483,0.2830172347831003,1.0078693019953473,1.0071150366204018
2009-07-15,0.0004631952438620597,0.0,0.0,0.0004631952438620597,0.0004631952438620597,0.0,0.46200619854433483,0.2830172347831003,1.0083361422624662,1.0075815275153863
2009-07-16,8.462352662931463e-05,0.0,0.0,8.462352662931463e-05,8.462352662931463e-05,0.0,0.46200619854433483,0.2830172347831003,1.0084214712228523,1.0076667926176113
2009-07-17,0.0005515688310409088,0.0,0.0,0.0005515688310409088,0.0005515688310409088,0.0,0.46200619854433483,0.2830172347831003,1.0089776850749312,1.0082225902124942
2009-07-20,-0.0004075931607613508,0.0,0.0,-0.0004075931607613508,-0.0004075931607613508,0.0,0.46200619854433483,0.2830172347831003,1.0085664326711339,1.0078116455801984
2009-07-21,-0.0006621067420079858,0.0,0.0,-0.0006621067420079858,-0.0006621067420079858,0.0,0.46200619854433483,0.2830172347831003,1.0078986540362995,1.0071443666949857
2009-07-22,0.0009150538398839477,0.0,0.0,0.0009150538398839477,0.0009150538398839477,0.0,0.46200619854433483,0.2830172347831003,1.0088209355698892,1.0080659580150475
2009-07-23,-0.000799178243525779,0.0,0.0,-0.000799178243525779,-0.000799178243525779,0.0,0.46200619854433483,0.2830172347831003,1.0080147078265684,1.0072603336333628
2009-07-24,5.616881980300754e-05,0.0,0.0,5.616881980300754e-05,5.616881980300754e-05,0.0,0.46200619854433483,0.2830172347831003,1.0080713268230512,1.0073169102575374
2009-07-27,0.00027624396422863326,0.0,0.0,0.00027624396422863326,0.00027624396422863326,0.0,0.46200619854433483,0.2830172347831003,1.008349800442598,1.0075951754740615
2009-07-28,-0.0001318869270414654,0.0,0.0,-0.0001318869270414654,-0.0001318869270414654,0.0,0.46200619854433483,0.2830172347831003,1.0082168122860347,1.0074622868426664
2009-07-29,-0.0011181261452527626,0.0,0.0,-0.0011181261452527626,-0.0011181261452527626,0.0,0.46200619854433483,0.2830172347831003,1.0070894987081342,1.0063358169193914
2009-07-30,-0.0018587898385371675,0.0,0.0,-0.0018587898385371675,-0.0018587898385371675,0.0,0.46200619854433483,0.2830172347831003,1.0052175309814382,1.0044652501287457
2009-07-31,-0.00027631283462307065,3.0464598452006953e-05,9.139379535602086e-05,-0.0003067774330750776,-0.0003677066299790915,0.14999999999999997,0.5197844714158588,0.4330172347831003,1.0049091529276017,1.0040959015966897
2009-08-03,0.0008846645235407214,2.866275773739068e-05,8.598827321217205e-05,0.0008560017658033307,0.0007986762503285493,0.1411281907221516,0.5741454255052518,0.5741454255052518,1.0057693569369797,1.0048978491463472
2009-08-04,-0.0009605770272050039,0.0,0.0,-0.0009605770272050039,-0.0009605770272050039,0.0,0.5741454255052518,0.5741454255052518,1.0048032379980392,1.0039325673577695
2009-08-05,-0.0001633138018924976,0.0,0.0,-0.0001633138018924976,-0.0001633138018924976,0.0,0.5741454255052518,0.5741454255052518,1.0046391397610879,1.0037686113133506
2009-08-06,-0.0017586654864858511,0.0,0.0,-0.0017586654864858511,-0.0017586654864858511,0.0,0.5741454255052518,0.5741454255052518,1.0028723155796173,1.002003318100216
2009-08-07,-0.004395651416171589,0.0,0.0,-0.004395651416171589,-0.004395651416171589,0.0,0.5741454255052518,0.5741454255052518,0.9984640384654004,0.997598860796
2009-08-10,0.00016973958243629269,0.0,0.0,0.00016973958243629269,0.00016973958243629269,0.0,0.5741454255052518,0.5741454255052518,0.9986335173343672,0.9977681928100705
2009-08-11,0.0011931010142278262,0.0,0.0,0.0011931010142278262,0.0011931010142278262,0.0,0.5741454255052518,0.5741454255052518,0.9998249879967408,0.9989586310528764
2009-08-12,0.0006962392581618525,0.0,0.0,0.0006962392581618525,0.0006962392581618525,0.0,0.5741454255052518,0.5741454255052518,1.0005211054046752,0.9996541452690949
2009-08-13,0.003718827092742845,0.0,0.0,0.003718827092742845,0.003718827092742845,0.0,0.5741454255052518,0.5741454255052518,1.0042418703983151,1.0033716861878943
2009-08-14,-0.00033063270002074664,0.0,0.0,-0.00033063270002074664,-0.00033063270002074664,0.0,0.5741454255052518,0.5741454255052518,1.0039098351972315,1.0030399386981657
2009-08-17,-0.0026445191511049854,0.0,0.0,-0.0026445191511049854,-0.0026445191511049854,0.0,0.5741454255052518,0.5741454255052518,1.0012549764120697,1.000387380370955
2009-08-18,0.0014497745933556103,0.0,0.0,0.0014497745933556103,0.0014497745933556103,0.0,0.5741454255052518,0.5741454255052518,1.0027065704383429,1.0018377165785306
2009-08-19,0.0020490265978388503,0.0,0.0,0.0020490265978388503,0.0020490265978388503,0.0,0.5741454255052518,0.5741454255052518,1.0047611428709988,1.0038905087065182
2009-08-20,0.0011802960973540688,0.0,0.0,0.0011802960973540688,0.0011802960973540688,0.0,0.5741454255052518,0.5741454255052518,1.0059470585267025,1.0050753967561155
2009-08-21,0.0008849794442159105,0.0,0.0,0.0008849794442159105,0.0008849794442159105,0.0,0.5741454255052518,0.5741454255052518,1.006837300995468,1.0059648678221318
2009-08-24,0.00024094809190083817,0.0,0.0,0.00024094809190083817,0.00024094809190083817,0.0,0.5741454255052518,0.5741454255052518,1.0070798965219976,1.0062072531375528
2009-08-25,0.00066342204002722,0.0,0.0,0.00066342204002722,0.00066342204002722,0.0,0.5741454255052518,0.5741454255052518,1.0077480155214187,1.0068747932061195
2009-08-26,-0.00031968732118416686,0.0,0.0,-0.00031968732118416686,-0.00031968732118416686,0.0,0.5741454255052518,0.5741454255052518,1.007425851257908,1.0065529081007116
2009-08-27,0.0014055633896221398,0.0,0.0,0.0014055633896221398,0.0014055633896221398,0.0,0.5741454255052518,0.5741454255052518,1.008841852152195,1.0079676820180556
2009-08-28,-0.00035444744827103913,0.0,0.0,-0.00035444744827103913,-0.00035444744827103913,0.0,0.5741454255052518,0.5741454255052518,1.0084842707319905,1.0076104104452246
2009-08-31,-0.0005309870162628371,1.83472771219124e-05,5.50418313657372e-05,-0.0005493342933847495,-0.0005860288476285744,0.15000000000000002,0.724145425505252,0.5837742924048048,1.0079302757377384,1.0070199216775328
2009-09-01,-0.001445562725484753,1.8347277121912395e-05,5.504183136573718e-05,-0.0014639100026066654,-0.0015006045568504902,0.14999999999999997,0.8741454255052519,0.5934031593043578,1.0064547565251558,1.0055087829942242
2009-09-02,0.004452049919073703,1.83472771219124e-05,5.504183136573719e-05,0.004433702641951791,0.004397008087707966,0.15,1.0241454255052518,0.6030320262039108,1.0109170776381664,1.0099300132453113
2009-09-03,-0.0004971325342770088,1.0310911454908919e-05,3.093273436472676e-05,-0.0005074434457319177,-0.0005280652686417356,0.08429788834383327,1.1084433138490852,0.6084433138490851,1.0104040943929404,1.0093967042815577
2009-09-04,0.0006251124175915401,0.0,0.0,0.0006251124175915401,0.0006251124175915401,0.0,1.1084433138490852,0.6084433138490851,1.0110357105391308,1.01002769069568
2009-09-08,0.006636756098681011,0.0,0.0,0.006636756098681011,0.006636756098681011,0.0,1.1084433138490852,0.6084433138490851,1.0177457079570358,1.0167309981317414
2009-09-09,0.0020050467866992005,0.0,0.0,0.0020050467866992005,0.0020050467866992005,0.0,1.1084433138490852,0.6084433138490851,1.019786335718452,1.018769591352483
2009-09-10,0.005073273420420826,0.0,0.0,0.005073273420420826,0.005073273420420826,0.0,1.1084433138490852,0.6084433138490851,1.024959990629961,1.0239380880418245
2009-09-11,0.004157007513158433,0.0,0.0,0.004157007513158433,0.004157007513158433,0.0,1.1084433138490852,0.6084433138490851,1.0292207570116965,1.0281946063668235
2009-09-14,-0.0026191147881274176,0.0,0.0,-0.0026191147881274176,-0.0026191147881274176,0.0,1.1084433138490852,0.6084433138490851,1.0265251097067596,1.0255016466682154
2009-09-15,0.0014514417179225495,0.0,0.0,0.0014514417179225495,0.0014514417179225495,0.0,1.1084433138490852,0.6084433138490851,1.028015051075483,1.026990102539988
2009-09-16,0.0036197194651360434,0.0,0.0,0.0036197194651360434,0.0036197194651360434,0.0,1.1084433138490852,0.6084433138490851,1.0317361771663138,1.030707518604654
2009-09-17,-0.0003919555062038846,0.0,0.0,-0.0003919555062038846,-0.0003919555062038846,0.0,1.1084433138490852,0.6084433138490851,1.0313317824907238,1.0303035271174512
2009-09-18,-0.0027928734814711307,0.0,0.0,-0.0027928734814711307,-0.0027928734814711307,0.0,1.1084433138490852,0.6084433138490851,1.028451403304807,1.0274260197186986
2009-09-21,-0.0036458177603150245,0.0,0.0,-0.0036458177603150245,-0.0036458177603150245,0.0,1.1084433138490852,0.6084433138490851,1.0247018569130175,1.0236802116885984
2009-09-22,0.007079734580207775,0.0,0.0,0.007079734580207775,0.007079734580207775,0.0,1.1084433138490852,0.6084433138490851,1.0319564740838079,1.0309275958823645
2009-09-23,-0.0020527872488667965,0.0,0.0,-0.0020527872488667965,-0.0020527872488667965,0.0,1.1084433138490852,0.6084433138490851,1.029838086992423,1.0288113208590322
2009-09-24,-0.0029842018767740463,0.0,0.0,-0.0029842018767740463,-0.0029842018767740463,0.0,1.1084433138490852,0.6084433138490851,1.026764842240447,1.0257411401844783
2009-09-25,0.005795887312569931,0.0,0.0,0.005795887312569931,0.005795887312569931,0.0,1.1084433138490852,0.6084433138490851,1.032715855562581,1.0316862202448545
2009-09-28,0.0017331102784903431,0.0,0.0,0.0017331102784903431,0.0017331102784903431,0.0,1.1084433138490852,0.6084433138490851,1.0345056660266165,1.0334742462373376
2009-09-29,-0.0020808270969532327,0.0,0.0,-0.0020808270969532327,-0.0020808270969532327,0.0,1.1084433138490852,0.6084433138490851,1.0323530386047968,1.0313237650217637
2009-09-30,0.003911266431310652,2.607026885483548e-05,7.821080656450641e-05,0.0038851961624558166,0.0038330556247461456,0.15,1.2205470835804397,0.6938273787220794,1.0363639326686838,1.0352768863802146
2009-10-01,-0.004691672983333928,2.6070268854835465e-05,7.821080656450638e-05,-0.004717743252188764,-0.004769883789898435,0.14999999999999997,1.3326508533117942,0.7792114435950735,1.0314746337185243,1.0303387359418132
2009-10-02,0.0008164622032501422,2.607026885483547e-05,7.82108065645064e-05,0.0007903919343953068,0.0007382513966856358,0.14999999999999997,1.4447546230431487,0.8645955084680679,1.0322899029495487,1.0310993849526815
2009-10-05,0.006439450253611327,2.607026885483547e-05,7.82108065645064e-05,0.006413379984756491,0.00636123944704682,0.14999999999999997,1.5568583927745034,0.9499795733410623,1.0389103703515916,1.0376584550340684
2009-10-06,0.011925262839601583,2.6070268854835472e-05,7.821080656450641e-05,0.011899192570746748,0.011847052033037077,0.14999999999999997,1.6689621625058577,1.0353636382140565,1.051272564912151,1.049951648743378
2009-10-07,0.002286499909347594,2.6070268854835472e-05,7.821080656450643e-05,0.0022604296404927587,0.0022082891027830876,0.15,1.781065932237212,1.1207477030870512,1.0536488925781151,1.052270245527747
2009-10-08,0.006221210269096298,2.607026885483547e-05,7.821080656450641e-05,0.006195140000241462,0.006142999462531791,0.15,1.8931697019685672,1.206131767960045,1.060176394978736,1.0587343410804622
2009-10-09,-0.009284740646243364,2.4843897740422632e-05,7.453169322126789e-05,-0.009309584543983786,-0.009359272339464632,0.14294385231751042,2.0,1.2874992823565385,1.0503065931981455,1.0488253580471465
2009-10-12,0.004083515922597666,0.0,0.0,0.004083515922597666,0.004083515922597666,0.0,2.0,1.2874992823565385,1.0545955368950792,1.0531082530967562
2009-10-13,0.0018384366428227479,0.0,0.0,0.0018384366428227479,0.0018384366428227479,0.0,2.0,1.2874992823565385,1.0565343439734645,1.0550443258981084
2009-10-14,0.013434200754268185,0.0,0.0,0.013434200754268185,0.013434200754268185,0.0,2.0,1.2874992823565385,1.070728038454183,1.0692180031768752
2009-10-15,-0.00854148101309248,0.0,0.0,-0.00854148101309248,-0.00854148101309248,0.0,2.0,1.2874992823565385,1.061582435243541,1.0600852979038833
2009-10-16,-0.0068279239956959914,0.0,0.0,-0.0068279239956959914,-0.0068279239956959914,0.0,2.0,1.2874992823565385,1.0543340310605323,1.0528471160608408
2009-10-19,0.01117559614558852,0.0,0.0,0.01117559614558852,0.01117559614558852,0.0,2.0,1.2874992823565385,1.0661168423942153,1.0646133102329844
2009-10-20,-0.004712127174114095,0.0,0.0,-0.004712127174114095,-0.004712127174114095,0.0,2.0,1.2874992823565385,1.061093164250389,1.059596716923912
2009-10-21,-0.0032491198034028225,0.0,0.0,-0.0032491198034028225,-0.0032491198034028225,0.0,2.0,1.2874992823565385,1.0576455454371676,1.056153960247334
2009-10-22,0.002232416093584735,0.0,0.0,0.002232416093584735,0.002232416093584735,0.0,2.0,1.2874992823565385,1.0600066503741097,1.0585117353454934
2009-10-23,-0.010321607978216695,0.0,0.0,-0.010321607978216695,-0.010321607978216695,0.0,2.0,1.2874992823565385,1.0490656772746456,1.0475861921729153
2009-10-26,-0.01135221038419652,0.0,0.0,-0.01135221038419652,-0.01135221038419652,0.0,2.0,1.2874992823565385,1.0371564629993841,1.035693773323789
2009-10-27,-0.005236204404417193,0.0,0.0,-0.005236204404417193,-0.005236204404417193,0.0,2.0,1.2874992823565385,1.031725699759757,1.0302706690262835
2009-10-28,-0.014309904277635425,0.0,0.0,-0.014309904277635425,-0.014309904277635425,0.0,2.0,1.2874992823565385,1.0169618037554184,1.015527594372462
2009-10-29,0.016769033061243804,0.0,0.0,0.016769033061243804,0.016769033061243804,0.0,2.0,1.2874992823565385,1.0340152698646152,1.032557010177099
2009-10-30,-0.01422474226396148,0.0,0.0,-0.01422474226396148,-0.01422474226396148,0.0,2.0,1.2874992823565385,1.0193066691537904,1.0178691528344832
2009-11-02,0.005821986769795096,0.0,0.0,0.005821986769795096,0.005821986769795096,0.0,2.0,1.2874992823565385,1.0252410590959677,1.023795173575668
2009-11-03,0.0015373407111768686,0.0,0.0,0.0015373407111768686,0.0015373407111768686,0.0,2.0,1.2874992823565385,1.0268172039148862,1.0253690955759125
2009-11-04,0.009473963009397731,0.0,0.0,0.009473963009397731,0.009473963009397731,0.0,2.0,1.2874992823565385,1.0365452321221889,1.035083404458378
2009-11-05,0.00789104435354442,0.0,0.0,0.00789104435354442,0.00789104435354442,0.0,2.0,1.2874992823565385,1.0447246565233201,1.043251293512577
2009-11-06,0.008519708049816447,0.0,0.0,0.008519708049816447,0.008519708049816447,0.0,2.0,1.2874992823565385,1.0536254055893437,1.0521394899558976
2009-11-09,0.01975786805327098,0.0,0.0,0.01975786805327098,0.01975786805327098,0.0,2.0,1.2874992823565385,1.0744427973305521,1.072927523172082
2009-11-10,0.0012225671476195068,0.0,0.0,0.0012225671476195068,0.0012225671476195068,0.0,2.0,1.2874992823565385,1.075756375796565,1.0742392491136892
2009-11-11,0.0054704718661842825,0.0,0.0,0.0054704718661842825,0.0054704718661842825,0.0,2.0,1.2874992823565385,1.0816412707852283,1.0801158447035164
2009-11-12,-0.014453306726712307,0.0,0.0,-0.014453306726712307,-0.014453306726712307,0.0,2.0,1.2874992823565385,1.0660079777302984,1.0645045990996345
2009-11-13,0.017863115302533338,0.0,0.0,0.017863115302533338,0.017863115302533338,0.0,2.0,1.2874992823565385,1.085050201149915,1.0835199674934282
2009-11-16,0.013256219054135739,0.0,0.0,0.013256219054135739,0.013256219054135739,0.0,2.0,1.2874992823565385,1.0994338643010921,1.097883345532051
2009-11-17,-0.0038649140226521897,0.0,0.0,-0.0038649140226521897,-0.0038649140226521897,0.0,2.0,1.2874992823565385,1.0951846469419761,1.0936401207946678
2009-11-18,-0.0015344101709029929,0.0,0.0,-0.0015344101709029929,-0.0015344101709029929,0.0,2.0,1.2874992823565385,1.0935041844806916,1.0919620282700129
2009-11-19,-0.007917255169221597,0.0,0.0,-0.007917255169221597,-0.007917255169221597,0.0,2.0,1.2874992823565385,1.0848466328235464,1.0833166862570984
2009-11-20,-0.0029344534750782507,0.0,0.0,-0.0029344534750782507,-0.0029344534750782507,0.0,2.0,1.2874992823565385,1.0816632008519305,1.080137743842501
2009-11-23,0.0152241833447804,0.0,0.0,0.0152241833447804,0.0152241833447804,0.0,2.0,1.2874992823565385,1.0981306397390023,1.0965819588923766
2009-11-24,0.002232105589335606,0.0,0.0,0.002232105589335606,0.002232105589335606,0.0,2.0,1.2874992823565385,1.1005817832777842,1.0990296456119848
2009-11-25,0.013940324720270021,0.0,0.0,0.013940324720270021,0.013940324720270021,0.0,2.0,1.2874992823565385,1.1159242507178904,1.1143504757490192
2009-11-27,-0.01888302981658048,0.0,0.0,-0.01888302981658048,-0.01888302981658048,0.0,2.0,1.2874992823565385,1.094852219818539,1.0933081624893297
2009-11-30,0.004723907991069309,2.4446128553329077e-05,7.333838565998723e-05,0.00469946186251598,0.004650569605409322,0.14999999999999997,1.9151699319882134,1.2699490345294497,1.0999974360706672,1.0983926681991485
2009-12-01,0.01457672829802533,2.444612855332908e-05,7.333838565998726e-05,0.014552282169472002,0.014503389912365343,0.15,1.830339863976427,1.2523987867023612,1.1160049091460633,1.1143230853429242
2009-12-02,0.0020174349573416355,2.444612855332907e-05,7.333838565998723e-05,0.0019929888287883064,0.0019440965716816482,0.14999999999999994,1.7455097959646406,1.2348485388752728,1.1182290944628643,1.1164894370328853
2009-12-03,-0.00627075535011602,2.4446128553329073e-05,7.333838565998723e-05,-0.006295201478669349,-0.006344093735776007,0.14999999999999997,1.6606797279528542,1.217298291048184,1.1111896170139106,1.1094063233893448
2009-12-04,-0.016845295192169922,2.4446128553329087e-05,7.333838565998726e-05,-0.01686974132072325,-0.016918633577829908,0.15,1.5767516324692876,1.1997480432210954,1.0924441356166124,1.090636684314993
2009-12-07,-0.001423871472557311,2.444612855332908e-05,7.333838565998726e-05,-0.00144831760111064,-0.0014972098582172982,0.15,1.5526001036171213,1.1821977953940068,1.0908619295467687,1.0890037723195032
2009-12-08,-0.010091129514224747,1.9303968031931125e-05,5.791190409579336e-05,-0.010110433482256678,-0.01014904141832054,0.118448006950178,1.5335287672348623,1.1683391828833378,1.0798328425697599,1.0779514279295253
2009-12-09,0.003117705901947595,0.0,0.0,0.003117705901947595,0.003117705901947595,0.0,1.5335287672348623,1.1683391828833378,1.0831994437961565,1.081312163458394
2009-12-10,0.0007985250081640465,0.0,0.0,0.0007985250081640465,0.0007985250081640465,0.0,1.5335287672348623,1.1683391828833378,1.0840644056408573,1.0821756182625475
2009-12-11,-0.005916362593094159,0.0,0.0,-0.005916362593094159,-0.005916362593094159,0.0,1.5335287672348623,1.1683391828833378,1.077650687542819,1.0757730749155003
2009-12-14,0.008480889109003997,0.0,0.0,0.008480889109003997,0.008480889109003997,0.0,1.5335287672348623,1.1683391828833378,1.0867901235221116,1.084896587070311
2009-12-15,-0.008770280012705781,0.0,0.0,-0.008770280012705781,-0.008770280012705781,0.0,1.5335287672348623,1.1683391828833378,1.0772586698237796,1.0753817402168755
2009-12-16,0.00585302417993218,0.0,0.0,0.00585302417993218,0.00585302417993218,0.0,1.5335287672348623,1.1683391828833378,1.0835638908662997,1.0816759755450225
2009-12-17,-0.021552671960371195,0.0,0.0,-0.021552671960371195,-0.021552671960371195,0.0,1.5335287672348623,1.1683391828833378,1.060210193778355,1.0583629680766862
2009-12-18,0.006495583607927208,0.0,0.0,0.006495583607927208,0.006495583607927208,0.0,1.5335287672348623,1.1683391828833378,1.067096877734019,1.0652376532233623
2009-12-21,-0.0029693262912014414,0.0,0.0,-0.0029693262912014414,-0.0029693262912014414,0.0,1.5335287672348623,1.1683391828833378,1.0639283189197046,1.0620746150532685
2009-12-22,3.1505005692167905e-05,0.0,0.0,3.1505005692167905e-05,3.1505005692167905e-05,0.0,1.5335287672348623,1.1683391828833378,1.0639618379874483,1.0621080757200614
2009-12-23,0.008017402651752041,0.0,0.0,0.008017402651752041,0.008017402651752041,0.0,1.5335287672348623,1.1683391828833378,1.072492048448692,1.0706234238227867
2009-12-24,0.007304187921679995,0.0,0.0,0.007304187921679995,0.007304187921679995,0.0,1.5335287672348623,1.1683391828833378,1.0803257319150688,1.0784434585037408
2009-12-28,0.0034476380700557653,0.0,0.0,0.0034476380700557653,0.0034476380700557653,0.0,1.5335287672348623,1.1683391828833378,1.08405030403648,1.0821615412276808
2009-12-29,-0.00461243869336837,0.0,0.0,-0.00461243869336837,-0.00461243869336837,0.0,1.5335287672348623,1.1683391828833378,1.0790501884685844,1.0771701374624472
2009-12-30,-0.0018355759017242956,0.0,0.0,-0.0018355759017242956,-0.0018355759017242956,0.0,1.5335287672348623,1.1683391828833378,1.0770695099458802,1.075192909916064
2009-12-31,-0.005507122757762687,2.2455592937677047e-05,6.736677881303112e-05,-0.005529578350700365,-0.005574489536575718,0.14999999999999997,1.4813186936778089,1.077240240775148,1.071113769701484,1.0691992582899366
2010-01-04,0.020129386558930037,2.2455592937677054e-05,6.736677881303115e-05,0.02010693096599236,0.020062019780117006,0.15000000000000002,1.4291086201207555,0.9861412986669582,1.0926505803255955,1.0906495549586357
2010-01-05,0.001309764788357534,2.245559293767705e-05,6.736677881303113e-05,0.0012873091954198569,0.0012423980095445028,0.14999999999999997,1.3768985465637016,0.8950423565587684,1.0940571594650292,1.0920045757948267
2010-01-06,0.004548275790399968,2.2455592937677054e-05,6.736677881303115e-05,0.00452582019746229,0.004480909011586936,0.15,1.3246884730066482,0.8039434144505786,1.0990086654545144,1.0968977489391998
2010-01-07,-0.003118631131817717,2.2455592937677054e-05,6.736677881303115e-05,-0.003141086724755394,-0.003185997910630748,0.15000000000000002,1.2724783994495943,0.712844472342389,1.095556583925064,1.0934030350029038
2010-01-08,0.004939498343185996,2.245559293767705e-05,6.736677881303113e-05,0.004917042750248318,0.004872131564372964,0.15,1.2202683258925409,0.6217455302341991,1.1009434824835396,1.0987302384423225
2010-01-11,0.002506871121673477,1.9029999535765672e-05,5.708999860729701e-05,0.0024878411221377116,0.0024497811230661803,0.1271175487677921,1.1760228820821492,0.5445437021266518,1.1036824549524116,1.1014218870398005
2010-01-12,-0.01367730686545229,0.0,0.0,-0.01367730686545229,-0.01367730686545229,0.0,1.1760228820821492,0.5445437021266518,1.0885870513340117,1.0863574019024316
2010-01-13,0.008370117558320551,0.0,0.0,0.008370117558320551,0.008370117558320551,0.0,1.1760228820821492,0.5445437021266518,1.097698652926143,1.0954503410667067
2010-01-14,-0.0013519537179800456,0.0,0.0,-0.0013519537179800456,-0.0013519537179800456,0.0,1.1760228820821492,0.5445437021266518,1.0962146151510979,1.093969342905239
2010-01-15,-0.009764721477585754,0.0,0.0,-0.009764721477585754,-0.009764721477585754,0.0,1.1760228820821492,0.5445437021266518,1.0855103847544885,1.0832870369667518
2010-01-19,0.009368431451068453,0.0,0.0,0.009368431451068453,0.009368431451068453,0.0,1.1760228820821492,0.5445437021266518,1.0956799143834839,1.093435737314406
2010-01-20,-0.01435779482605577,0.0,0.0,-0.01435779482605577,-0.01435779482605577,0.0,1.1760228820821492,0.5445437021266518,1.0799483669777354,1.0777364113425687
2010-01-21,-0.012411556071715648,0.0,0.0,-0.012411556071715648,-0.012411556071715648,0.0,1.1760228820821492,0.5445437021266518,1.0665445272664336,1.0643600254426608
2010-01-22,-0.011844416440917632,0.0,0.0,-0.011844416440917632,-0.011844416440917632,0.0,1.1760228820821492,0.5445437021266518,1.0539119297327084,1.0517533020582523
2010-01-25,0.004082438604500542,0.0,0.0,0.004082438604500542,0.004082438604500542,0.0,1.1760228820821492,0.5445437021266518,1.058214460480393,1.056047020340986
2010-01-26,-0.003935525338626086,0.0,0.0,-0.003935525338626086,-0.003935525338626086,0.0,1.1760228820821492,0.5445437021266518,1.0540498306574717,1.0518909205336535
2010-01-27,0.0003589213603956345,0.0,0.0,0.0003589213603956345,0.0003589213603956345,0.0,1.1760228820821492,0.5445437021266518,1.054428151656616,1.0522684666538393
2010-01-28,-0.008111822593484117,0.0,0.0,-0.008111822593484117,-0.008111822593484117,0.0,1.1760228820821492,0.5445437021266518,1.0458748175528023,1.0437326515316259
2010-01-29,-0.009616506589178722,0.0,0.0,-0.009616506589178722,-0.009616506589178722,0.0,1.1760228820821492,0.5445437021266518,1.0358171554783497,1.033695589610831
2010-02-01,0.014106655396266448,0.0,0.0,0.014106655396266448,0.014106655396266448,0.0,1.1760228820821492,0.5445437021266518,1.050429071144224,1.0482775770781116
2010-02-02,0.0070892854789406335,0.0,0.0,0.0070892854789406335,0.0070892854789406335,0.0,1.1760228820821492,0.5445437021266518,1.0578758627049438,1.0557091160831906
2010-02-03,-0.0004144290405460366,0.0,0.0,-0.0004144290405460366,-0.0004144290405460366,0.0,1.1760228820821492,0.5445437021266518,1.0574374482261462,1.0552715995671167
2010-02-04,-0.027645705452011823,0.0,0.0,-0.027645705452011823,-0.027645705452011823,0.0,1.1760228820821492,0.5445437021266518,1.028203843998559,1.026097871753611
2010-02-05,-0.00012299043643895606,0.0,0.0,-0.00012299043643895606,-0.00012299043643895606,0.0,1.1760228820821492,0.5445437021266518,1.0280773847590374,1.025971671528535
2010-02-08,-0.0056104846643039614,0.0,0.0,-0.0056104846643039614,-0.0056104846643039614,0.0,1.1760228820821492,0.5445437021266518,1.0223093723581291,1.020215473199414
2010-02-09,0.013586385236322579,0.0,0.0,0.013586385236322579,0.013586385236322579,0.0,1.1760228820821492,0.5445437021266518,1.0361988613216897,1.0340765136423582
2010-02-10,0.000630086764761766,0.0,0.0,0.000630086764761766,0.000630086764761766,0.0,1.1760228820821492,0.5445437021266518,1.0368517565098696,1.0347280715673552
2010-02-11,0.011708314351255729,0.0,0.0,0.011708314351255729,0.011708314351255729,0.0,1.1760228820821492,0.5445437021266518,1.0489915428107388,1.0468429930973344
2010-02-12,-0.001952036385925314,0.0,0.0,-0.001952036385925314,-0.001952036385925314,0.0,1.1760228820821492,0.5445437021266518,1.0469438731506442,1.0447995174844575
2010-02-16,0.01316557835420451,0.0,0.0,0.01316557835420451,0.01316557835420451,0.0,1.1760228820821492,0.5445437021266518,1.0607274947450631,1.058554907396334
2010-02-17,0.0038281794080501277,0.0,0.0,0.0038281794080501277,0.0038281794080501277,0.0,1.1760228820821492,0.5445437021266518,1.0647881498979987,1.0626072454951192
2010-02-18,0.00555634919652713,0.0,0.0,0.00555634919652713,0.00555634919652713,0.0,1.1760228820821492,0.5445437021266518,1.070704484679156,1.06851146240985
2010-02-19,-0.001857901142460951,0.0,0.0,-0.001857901142460951,-0.001857901142460951,0.0,1.1760228820821492,0.5445437021266518,1.0687152215938325,1.066526273743106
2010-02-22,5.633363688847489e-05,0.0,0.0,5.633363688847489e-05,5.633363688847489e-05,0.0,1.1760228820821492,0.5445437021266518,1.0687754262090627,1.066586355046943
2010-02-23,-0.012818057545513638,0.0,0.0,-0.012818057545513638,-0.012818057545513638,0.0,1.1760228820821492,0.5445437021266518,1.055075801292684,1.0529147897706916
2010-02-24,0.003805972177896081,0.0,0.0,0.003805972177896081,0.003805972177896081,0.0,1.1760228820821492,0.5445437021266518,1.0590913904379753,1.0569221541662541
2010-02-25,-0.0023056154583672973,0.0,0.0,-0.0023056154583672973,-0.0023056154583672973,0.0,1.1760228820821492,0.5445437021266518,1.0566495329563579,1.0544852981093176
2010-02-26,0.003101520491006779,0.0,0.0,0.003101520491006779,0.003101520491006779,0.0,1.1760228820821492,0.5445437021266518,1.0599267531346348,1.057755805868869
2010-03-01,0.005991572676268539,0.0,0.0,0.005991572676268539,0.005991572676268539,0.0,1.1760228820821492,0.5445437021266518,1.0662773813075623,1.0640934266534772
2010-03-02,0.005550434254740103,0.0,0.0,0.005550434254740103,0.005550434254740103,0.0,1.1760228820821492,0.5445437021266518,1.0721956838098263,1.0699996072590183
2010-03-03,0.003530217389268859,0.0,0.0,0.003530217389268859,0.003530217389268859,0.0,1.1760228820821492,0.5445437021266518,1.0759807676575108,1.073776938479075
2010-03-04,-0.0022269453359763216,0.0,0.0,-0.0022269453359763216,-0.0022269453359763216,0.0,1.1760228820821492,0.5445437021266518,1.0735846173053758,1.07138569593405
2010-03-05,0.011862404993811847,0.0,0.0,0.011862404993811847,0.011862404993811847,0.0,1.1760228820821492,0.5445437021266518,1.0863199128309786,1.0840949069637966
2010-03-08,0.0003300602855565717,0.0,0.0,0.0003300602855565717,0.0003300602855565717,0.0,1.1760228820821492,0.5445437021266518,1.0866784638916134,1.0844527236383594
2010-03-09,0.0002182316050847394,0.0,0.0,0.0002182316050847394,0.0002182316050847394,0.0,1.1760228820821492,0.5445437021266518,1.0869156114769993,1.0846893854968775
2010-03-10,0.002320794774024037,0.0,0.0,0.002320794774024037,0.002320794774024037,0.0,1.1760228820821492,0.5445437021266518,1.0894381195479204,1.087206726954178
2010-03-11,0.0009577800633401205,0.0,0.0,0.0009577800633401205,0.0009577800633401205,0.0,1.1760228820821492,0.5445437021266518,1.090481561659066,1.088248031881984
2010-03-12,-0.0022273913176420286,0.0,0.0,-0.0022273913176420286,-0.0022273913176420286,0.0,1.1760228820821492,0.5445437021266518,1.0880526324965778,1.085824077664329
2010-03-15,-0.0015657586095969892,0.0,0.0,-0.0015657586095969892,-0.0015657586095969892,0.0,1.1760228820821492,0.5445437021266518,1.0863490047195516,1.0841239392662185
2010-03-16,0.006081542411415545,0.0,0.0,0.006081542411415545,0.006081542411415545,0.0,1.1760228820821492,0.5445437021266518,1.0929556822653528,1.0907170849820969
2010-03-17,0.0014219950662129606,0.0,0.0,0.0014219950662129606,0.0014219950662129606,0.0,1.1760228820821492,0.5445437021266518,1.0945098598531235,1.0922680792955755
2010-03-18,0.0009750526460118146,0.0,0.0,0.0009750526460118146,0.0009750526460118146,0.0,1.1760228820821492,0.5445437021266518,1.0955770645880591,1.0933330981764466
2010-03-19,-0.007560908167104006,0.0,0.0,-0.007560908167104006,-0.007560908167104006,0.0,1.1760228820821492,0.5445437021266518,1.0872935070127234,1.0850665070250793
2010-03-22,0.0021499848021754473,0.0,0.0,0.0021499848021754473,0.0021499848021754473,0.0,1.1760228820821492,0.5445437021266518,1.089631171528305,1.087399383524533
2010-03-23,0.005210601047729971,0.0,0.0,0.005210601047729971,0.005210601047729971,0.0,1.1760228820821492,0.5445437021266518,1.0953088048523096,1.0930653878916268
2010-03-24,-0.0035903901608381134,0.0,0.0,-0.0035903901608381134,-0.0035903901608381134,0.0,1.1760228820821492,0.5445437021266518,1.0913762188962886,1.089140856677788
2010-03-25,0.0007415266104891438,0.0,0.0,0.0007415266104891438,0.0007415266104891438,0.0,1.1760228820821492,0.5445437021266518,1.092185503404655,1.0899484836055855
2010-03-26,0.0028257711104389517,0.0,0.0,0.0028257711104389517,0.0028257711104389517,0.0,1.1760228820821492,0.5445437021266518,1.0952717696474161,1.0930284285424248
2010-03-29,0.006308233990664147,0.0,0.0,0.006308233990664147,0.006308233990664147,0.0,1.1760228820821492,0.5445437021266518,1.102181000253721,1.0999235076281184
2010-03-30,-0.00047932746686550403,0.0,0.0,-0.00047932746686550403,-0.00047932746686550403,0.0,1.1760228820821492,0.5445437021266518,1.101652694626842,1.099396284079461
2010-03-31,-0.0016308625765737866,2.2266607901707844e-05,6.679982370512353e-05,-0.0016531291844754945,-0.0016976624002789102,0.14999999999999997,1.219599366049201,0.5717730037889847,1.0998315204061981,1.0975298803449731
2010-04-01,0.0074514769851855185,2.2266607901707844e-05,6.679982370512353e-05,0.00742921037728381,0.007384677161480395,0.14999999999999997,1.2631758500162535,0.5990023054513175,1.1080024001508637,1.1056347841863992
2010-04-05,0.010534698782443846,2.2266607901707847e-05,6.679982370512354e-05,0.010512432174542138,0.010467898958738722,0.15000000000000002,1.3067523339833054,0.6262316071136503,1.1196502002316797,1.1172084573925294
2010-04-06,0.0021610086992439044,2.2266607901707847e-05,6.679982370512354e-05,0.0021387420913421967,0.002094208875538781,0.15000000000000002,1.3503288179503579,0.653460908775983,1.1220448432424948,1.1195481252598276
2010-04-07,-0.0023993360661987836,2.226660790170785e-05,6.679982370512357e-05,-0.0024216026741004913,-0.002466135889903907,0.15000000000000008,1.3939053019174101,0.6806902104383158,1.1193276964496381,1.1167871674476497
2010-04-08,0.0010315524786479206,2.226660790170784e-05,6.679982370512354e-05,0.0010092858707462127,0.0009647526549427971,0.14999999999999997,1.4374817858844626,0.7079195121006486,1.1204574180783997,1.117864590832451
2010-04-09,0.000891648942844278,1.8727048008212296e-05,5.6181144024636885e-05,0.0008729218948360657,0.0008354677988196411,0.1261555964712699,1.4741312347310238,0.7308203707187001,1.1214354898908718,1.118798530701532
2010-04-12,-0.002784778158362828,0.0,0.0,-0.002784778158362828,-0.002784778158362828,0.0,1.4741312347310238,0.7308203707187001,1.1183125408326107,1.1156829249896258
2010-04-13,0.0005483786111329992,0.0,0.0,0.0005483786111329992,0.0005483786111329992,0.0,1.4741312347310238,0.7308203707187001,1.1189257995105653,1.1162947416424966
2010-04-14,0.008137894900702373,0.0,0.0,0.008137894900702373,0.008137894900702373,0.0,1.4741312347310238,0.7308203707187001,1.1280315000686665,1.12537903092819
2010-04-15,0.0035886408222053027,0.0,0.0,0.0035886408222053027,0.0035886408222053027,0.0,1.4741312347310238,0.7308203707187001,1.1320795999585462,1.1294176120590327
2010-04-16,-0.010069946817962912,0.0,0.0,-0.010069946817962912,-0.010069946817962912,0.0,1.4741312347310238,0.7308203707187001,1.120679618593263,1.1180444367703275
2010-04-19,0.00026781130330080197,0.0,0.0,0.00026781130330080197,0.00026781130330080197,0.0,1.4741312347310238,0.7308203707187001,1.120979749262501,1.1183438617080872
2010-04-20,0.006410154304449741,0.0,0.0,0.006410154304449741,0.006410154304449741,0.0,1.4741312347310238,0.7308203707187001,1.128165402427437,1.1255126184270703
2010-04-21,0.0023688967332997192,0.0,0.0,0.0023688967332997192,0.0023688967332997192,0.0,1.4741312347310238,0.7308203707187001,1.1308379097638692,1.1281788415921499
2010-04-22,0.0059522964954990985,0.0,0.0,0.0059522964954990985,0.0059522964954990985,0.0,1.4741312347310238,0.7308203707187001,1.137568992291134,1.134894096557255
2010-04-23,0.004245175497387708,0.0,0.0,0.004245175497387708,0.004245175497387708,0.0,1.4741312347310238,0.7308203707187001,1.1423981723037966,1.1397119211680897
2010-04-26,-0.0022023331467372464,0.0,0.0,-0.0022023331467372464,-0.0022023331467372464,0.0,1.4741312347310238,0.7308203707187001,1.13988223094216,1.1372018958263697
2010-04-27,-0.009326729965328493,0.0,0.0,-0.009326729965328493,-0.009326729965328493,0.0,1.4741312347310238,0.7308203707187001,1.1292508571818862,1.1265955208279375
2010-04-28,0.002833836286906788,0.0,0.0,0.002833836286906788,0.002833836286906788,0.0,1.4741312347310238,0.7308203707187001,1.1324509692379887,1.1297881080955263
2010-04-29,0.008084309380137355,0.0,0.0,0.008084309380137355,0.008084309380137355,0.0,1.4741312347310238,0.7308203707187001,1.141606053231145,1.1389216646953706
2010-04-30,-0.014755948999378491,2.1246807391307707e-05,6.374042217392311e-05,-0.014777195806769798,-0.014819689421552415,0.15000000000000002,1.5180486655923322,0.7417032918109887,1.1247363170483546,1.1220431993491078
2010-05-03,0.012765279468841161,2.1246807391307704e-05,6.374042217392311e-05,0.012744032661449854,0.012701539046667237,0.14999999999999997,1.5619660964536406,0.7525862129032774,1.1390699934083377,1.1362948748576878
2010-05-04,-0.02004231230173284,2.124680739130771e-05,6.374042217392312e-05,-0.02006355910912415,-0.020106052723906764,0.15000000000000002,1.6058835273149494,0.7634691339955659,1.1162161952661598,1.113448470193894
2010-05-05,-0.003602531568175506,1.188237080562974e-05,3.564711241688922e-05,-0.003614413938981136,-0.0036381786805923955,0.08388816201975088,1.63044454435218,0.7695554556478197,1.1121817278910733,1.1093975457076963
2010-05-06,-0.019269889911728913,0.0,0.0,-0.019269889911728913,-0.019269889911728913,0.0,1.63044454435218,0.7695554556478197,1.0907501084327758,1.0880195771335668
2010-05-07,-0.013036488423821033,0.0,0.0,-0.013036488423821033,-0.013036488423821033,0.0,1.63044454435218,0.7695554556478197,1.0765305572709103,1.0738356225113743
2010-05-10,0.03872088771664895,0.0,0.0,0.03872088771664895,0.03872088771664895,0.0,1.63044454435218,0.7695554556478197,1.1182147761025387,1.115415491076775
2010-05-11,0.007512045899375149,0.0,0.0,0.007512045899375149,0.007512045899375149,0.0,1.63044454435218,0.7695554556478197,1.1266148568259804,1.123794543442618
2010-05-12,0.01750254163535243,0.0,0.0,0.01750254163535243,0.01750254163535243,0.0,1.63044454435218,0.7695554556478197,1.1463334802645837,1.1434638042288043
2010-05-13,-0.009499125860620367,0.0,0.0,-0.009499125860620367,-0.009499125860620367,0.0,1.63044454435218,0.7695554556478197,1.1354443142573074,1.1326018976353711
2010-05-14,-0.014162620137084185,0.0,0.0,-0.014162620137084185,-0.014162620137084185,0.0,1.63044454435218,0.7695554556478197,1.1193634477476693,1.1165612871926207
2010-05-17,-0.0008245905208785714,0.0,0.0,-0.0008245905208785714,-0.0008245905208785714,0.0,1.63044454435218,0.7695554556478197,1.1184404312592386,1.1156405813392216
2010-05-18,-0.010395257855119366,0.0,0.0,-0.010395257855119366,-0.010395257855119366,0.0,1.63044454435218,0.7695554556478197,1.1068139545807079,1.104043209822565
2010-05-19,-0.01552402770277386,0.0,0.0,-0.01552402770277386,-0.01552402770277386,0.0,1.63044454435218,0.7695554556478197,1.0896317440879804,1.08690401244822
2010-05-20,-0.037131018517572764,0.0,0.0,-0.037131018517572764,-0.037131018517572764,0.0,1.63044454435218,0.7695554556478197,1.0491726076209145,1.0465461594351813
2010-05-21,0.008522767853724595,0.0,0.0,0.008522767853724595,0.008522767853724595,0.0,1.63044454435218,0.7695554556478197,1.0581144621941543,1.0554656294002542
2010-05-24,9.99154535524609e-05,0.0,0.0,9.99154535524609e-05,9.99154535524609e-05,0.0,1.63044454435218,0.7695554556478197,1.0582201841805547,1.0555710867273247
2010-05-25,0.0004280596766309859,0.0,0.0,0.0004280596766309859,0.0004280596766309859,0.0,1.63044454435218,0.7695554556478197,1.0586731655703996,1.0560229341453702
2010-05-26,0.0017957365557520002,0.0,0.0,0.0017957365557520002,0.0017957365557520002,0.0,1.63044454435218,0.7695554556478197,1.060574263674408,1.0579192731319274
2010-05-27,0.030366077492285204,0.0,0.0,0.030366077492285204,0.030366077492285204,0.0,1.63044454435218,0.7695554556478197,1.0927797439514684,1.0900441317604335
2010-05-28,-0.0064926543055100795,0.0,0.0,-0.0064926543055100795,-0.0064926543055100795,0.0,1.63044454435218,0.7695554556478197,1.0856847028419276,1.0829668520351632
2010-06-01,-0.010982090626600367,0.0,0.0,-0.010982090626600367,-0.010982090626600367,0.0,1.63044454435218,0.7695554556478197,1.073761615043404,1.0710736119205089
2010-06-02,0.020021550867239647,0.0,0.0,0.020021550867239647,0.020021550867239647,0.0,1.63044454435218,0.7695554556478197,1.095259987838285,1.0925181667241335
2010-06-03,0.003725106314801556,0.0,0.0,0.003725106314801556,0.003725106314801556,0.0,1.63044454435218,0.7695554556478197,1.099339947735331,1.096587913046033
2010-06-04,-0.025452649073828285,0.0,0.0,-0.025452649073828285,-0.025452649073828285,0.0,1.63044454435218,0.7695554556478197,1.0713588338327829,1.0686768457166707
2010-06-07,-0.00820049655140573,0.0,0.0,-0.00820049655140573,-0.00820049655140573,0.0,1.63044454435218,0.7695554556478197,1.062573159410619,1.0599131649288038
2010-06-08,0.0033812435313906215,0.0,0.0,0.0033812435313906215,0.0033812435313906215,0.0,1.63044454435218,0.7695554556478197,1.0661659780325055,1.0634969894615551
2010-06-09,-0.004589704704501528,0.0,0.0,-0.004589704704501528,-0.004589704704501528,0.0,1.63044454435218,0.7695554556478197,1.0612725910273502,1.0586158523258002
2010-06-10,0.01893775219541519,0.0,0.0,0.01893775219541519,0.01893775219541519,0.0,1.63044454435218,0.7695554556478197,1.0813707083680124,1.0786636570072845
2010-06-11,0.006905565765085707,0.0,0.0,0.006905565765085707,0.006905565765085707,0.0,1.63044454435218,0.7695554556478197,1.0888381849110849,1.086112439829156
2010-06-14,-0.0013351536716384497,0.0,0.0,-0.0013351536716384497,-0.0013351536716384497,0.0,1.63044454435218,0.7695554556478197,1.0873844186106807,1.0846623128173059
2010-06-15,0.019322765853182912,0.0,0.0,0.019322765853182912,0.019322765853182912,0.0,1.63044454435218,0.7695554556478197,1.1083956931238943,1.1056209887176465
2010-06-16,-0.001903984389365817,0.0,0.0,-0.001903984389365817,-0.001903984389365817,0.0,1.63044454435218,0.7695554556478197,1.1062853250269462,1.103515903614573
2010-06-17,0.0011688134498928152,0.0,0.0,0.0011688134498928152,0.0011688134498928152,0.0,1.63044454435218,0.7695554556478197,1.1075783661942569,1.1048057078448883
2010-06-18,0.0031804307162105576,0.0,0.0,0.0031804307162105576,0.0031804307162105576,0.0,1.63044454435218,0.7695554556478197,1.1111009424507114,1.1083194658535631
2010-06-21,-0.006147767377380189,0.0,0.0,-0.006147767377380189,-0.006147767377380189,0.0,1.63044454435218,0.7695554556478197,1.1042701523237366,1.1015057755976732
2010-06-22,-0.009629539050726115,0.0,0.0,-0.009629539050726115,-0.009629539050726115,0.0,1.63044454435218,0.7695554556478197,1.093636539769384,1.090898782716955
2010-06-23,-0.0040063474756422916,0.0,0.0,-0.0040063474756422916,-0.0040063474756422916,0.0,1.63044454435218,0.7695554556478197,1.0892550517790087,1.0865282631326356
2010-06-24,-0.009840018845481437,0.0,0.0,-0.009840018845481437,-0.009840018845481437,0.0,1.63044454435218,0.7695554556478197,1.0785367615419674,1.0758368045472622
2010-06-25,0.006450784776024545,0.0,0.0,0.006450784776024545,0.006450784776024545,0.0,1.63044454435218,0.7695554556478197,1.085494170063705,1.0827767962275225
2010-06-28,-0.005984773255772466,0.0,0.0,-0.005984773255772466,-0.005984773255772466,0.0,1.63044454435218,0.7695554556478197,1.0789977335854108,1.076296622615489
2010-06-29,-0.025178410974592707,0.0,0.0,-0.025178410974592707,-0.025178410974592707,0.0,1.63044454435218,0.7695554556478197,1.0518302852085433,1.0491971839207102
2010-06-30,-0.008808487686290794,2.0308543134856957e-05,6.092562940457087e-05,-0.00882879622942565,-0.008869413315695365,0.1499999999999999,1.5706036357559283,0.7696508468105302,1.0425438899524984,1.0398914204468537
2010-07-01,-0.01682739757587404,2.0308543134856974e-05,6.092562940457091e-05,-0.016847706119008897,-0.01688832320527861,0.15,1.5107627271596769,0.7697462379732406,1.0249794168784103,1.022329398039951
2010-07-02,0.00033498574809503296,2.0308543134856974e-05,6.092562940457092e-05,0.00031467720496017597,0.00027406011869046204,0.15,1.4509218185634247,0.7698416291359513,1.0253019545364555,1.0226095777561186
2010-07-06,-0.004611068549335096,2.0308543134856974e-05,6.092562940457091e-05,-0.004631377092469953,-0.004671994178739667,0.15,1.3910809099671728,0.7699370202986617,1.0205533945513505,1.0178319517617187
2010-07-07,0.016438902517769582,2.030854313485697e-05,6.092562940457092e-05,0.016418593974634726,0.016377976888365012,0.15,1.331240001370921,0.7700324114613722,1.0373094463659243,1.0345019799439115
2010-07-08,0.0013538747048571578,2.0308543134856974e-05,6.092562940457092e-05,0.001333566161722301,0.001292949075452587,0.15,1.2713990927746692,0.7701278026240825,1.0386927671428325,1.0358395383224337
2010-07-09,0.006229079689057866,2.0308543134856974e-05,6.092562940457092e-05,0.006208771145923009,0.006168154059653295,0.15,1.2689474193297985,0.770223193786793,1.045141772824948,1.0422287561758865
2010-07-12,-0.0009731373553390804,2.0308543134856974e-05,6.092562940457092e-05,-0.0009934458984739373,-0.0010340629847436513,0.15,1.2688605569986524,0.7703185849495036,1.0441034810174112,1.0411510259974897
2010-07-13,0.0012884949228238233,2.0308543134856957e-05,6.092562940457088e-05,0.0012681863796889664,0.0012275692934192524,0.1499999999999999,1.2687736946675066,0.7704139761122141,1.0454275988310235,1.042429111026816
2010-07-14,0.0013124276305284599,2.0308543134856974e-05,6.0925629404570926e-05,0.001292119087393603,0.001251502001123889,0.15000000000000005,1.2686868323363605,0.7705093672749244,1.0467784157859612,1.043733713145296
2010-07-15,-0.0028154106409374975,2.0308543134856967e-05,6.09256294045709e-05,-0.0028357191840723546,-0.0028763362703420683,0.14999999999999997,1.2685999700052148,0.770604758437635,1.0438100461508442,1.0407315840095972
2010-07-16,-0.00035640083921599253,1.9082363958637762e-05,5.7247091875913286e-05,-0.0003754832031746303,-0.00041364793109190584,0.14094337416467875,1.2685183522049512,0.7706943901198876,1.0434181130112097,1.0403010875430496
2010-07-19,-0.0033982885097822327,0.0,0.0,-0.0033982885097822327,-0.0033982885097822327,0.0,1.2685183522049512,0.7706943901198876,1.0398722772268651,1.036765844310538
2010-07-20,0.0017689476080305802,0.0,0.0,0.0017689476080305802,0.0017689476080305802,0.0,1.2685183522049512,0.7706943901198876,1.0417117568043228,1.0385998287709188
2010-07-21,0.006658997796817344,0.0,0.0,0.006658997796817344,0.006658997796817344,0.0,1.2685183522049512,0.7706943901198876,1.0486485130978016,1.0455158627424794
2010-07-22,-0.005728485514780407,0.0,0.0,-0.005728485514780407,-0.005728485514780407,0.0,1.2685183522049512,0.7706943901198876,1.0426413452804248,1.039526640267286
2010-07-23,-0.004932875778285673,0.0,0.0,-0.004932875778285673,-0.004932875778285673,0.0,1.2685183522049512,0.7706943901198876,1.0374981250428519,1.0343987844826288
2010-07-26,-0.0028766822099653886,0.0,0.0,-0.0028766822099653886,-0.0028766822099653886,0.0,1.2685183522049512,0.7706943901198876,1.0345135726436687,1.0314231479012979
2010-07-27,-0.0061911736549417114,0.0,0.0,-0.0061911736549417114,-0.0061911736549417114,0.0,1.2685183522049512,0.7706943901198876,1.0281087194670375,1.0250374280809142
2010-07-28,0.002462649654667331,0.0,0.0,0.002462649654667331,0.002462649654667331,0.0,1.2685183522049512,0.7706943901198876,1.0306405910499936,1.0275617361491989
2010-07-29,-0.001299651826177463,0.0,0.0,-0.001299651826177463,-0.001299651826177463,0.0,1.2685183522049512,0.7706943901198876,1.029301117123703,1.0262262636623025
2010-07-30,0.00632232903478958,0.0,0.0,0.00632232903478958,0.00632232903478958,0.0,1.2685183522049512,0.7706943901198876,1.0358086974620355,1.0327144037653184
2010-08-02,-0.007987791553586018,0.0,0.0,-0.007987791553586018,-0.007987791553586018,0.0,1.2685183522049512,0.7706943901198876,1.0275348734973173,1.0244652963736551
2010-08-03,0.001699383418955649,0.0,0.0,0.001699383418955649,0.001699383418955649,0.0,1.2685183522049512,0.7706943901198876,1.0292810492237372,1.0262062557116078
2010-08-04,-0.00011356195906830078,0.0,0.0,-0.00011356195906830078,-0.00011356195906830078,0.0,1.2685183522049512,0.7706943901198876,1.0291641620513554,1.026089717718801
2010-08-05,0.002115441289109627,0.0,0.0,0.002115441289109627,0.002115441289109627,0.0,1.2685183522049512,0.7706943901198876,1.0313412984130308,1.0282603502739942
2010-08-06,0.0032336550941735563,0.0,0.0,0.0032336550941735563,0.0032336550941735563,0.0,1.2685183522049512,0.7706943901198876,1.0346763004564756,1.0315853895937945
2010-08-09,-0.0005025852071411642,0.0,0.0,-0.0005025852071411642,-0.0005025852071411642,0.0,1.2685183522049512,0.7706943901198876,1.0341562874536867,1.0310669300370816
2010-08-10,0.004258748384484547,0.0,0.0,0.004258748384484547,0.004258748384484547,0.0,1.2685183522049512,0.7706943901198876,1.0385604988721846,1.0354579846596723
2010-08-11,0.011682487937942626,0.0,0.0,0.011682487937942626,0.011682487937942626,0.0,1.2685183522049512,0.7706943901198876,1.0506934693730827,1.0475547100757054
2010-08-12,0.002633448325676039,0.0,0.0,0.002633448325676039,0.002633448325676039,0.0,1.2685183522049512,0.7706943901198876,1.053460416330802,1.0503133912730083
2010-08-13,0.004301755810495334,0.0,0.0,0.004301755810495334,0.004301755810495334,0.0,1.2685183522049512,0.7706943901198876,1.0579921457978798,1.054831583006758
2010-08-16,0.006752233172995519,0.0,0.0,0.006752233172995519,0.006752233172995519,0.0,1.2685183522049512,0.7706943901198876,1.065135955461505,1.0619540518134596
2010-08-17,-0.004522981933326057,0.0,0.0,-0.004522981933326057,-0.004522981933326057,0.0,1.2685183522049512,0.7706943901198876,1.0603183647784167,1.0571508528230849
2010-08-18,0.0018765122081066555,0.0,0.0,0.0018765122081066555,0.0018765122081066555,0.0,1.2685183522049512,0.7706943901198876,1.062308065134403,1.0591346093042178
2010-08-19,0.005634484292858549,0.0,0.0,0.005634484292858549,0.005634484292858549,0.0,1.2685183522049512,0.7706943901198876,1.0682936232415798,1.0651022866243653
2010-08-20,0.0014210650635580338,0.0,0.0,0.0014210650635580338,0.0014210650635580338,0.0,1.2685183522049512,0.7706943901198876,1.0698117379871903,1.066615866273003
2010-08-23,0.0019939998490510796,0.0,0.0,0.0019939998490510796,0.0019939998490510796,0.0,1.2685183522049512,0.7706943901198876,1.0719449424312497,1.0687426981493469
2010-08-24,0.006931755730871819,0.0,0.0,0.006931755730871819,0.006931755730871819,0.0,1.2685183522049512,0.7706943901198876,1.0793754029291267,1.076150961472071
2010-08-25,-0.00035711791265419116,0.0,0.0,-0.00035711791265419116,-0.00035711791265419116,0.0,1.2685183522049512,0.7706943901198876,1.0789899386382624,1.0757666486870094
2010-08-26,-0.0008100670487754325,0.0,0.0,-0.0008100670487754325,-0.0008100670487754325,0.0,1.2685183522049512,0.7706943901198876,1.0781158844430114,1.0748952055727365
2010-08-27,-0.009082655496068596,0.0,0.0,-0.009082655496068596,-0.009082655496068596,0.0,1.2685183522049512,0.7706943901198876,1.0683237292797763,1.0651323027261437
2010-08-30,0.007540923239317511,0.0,0.0,0.007540923239317511,0.007540923239317511,0.0,1.2685183522049512,0.7706943901198876,1.0763798765170165,1.073164383660719
2010-08-31,0.00590816050360665,2.5779640321692796e-05,7.733892096507838e-05,0.005882380863284958,0.005830821582641572,0.15000000000000002,1.2697866831127065,0.85652844720751,1.082711552904265,1.0794218137106901
2010-09-01,-0.009939882998426929,2.5779640321692782e-05,7.733892096507834e-05,-0.009965662638748622,-0.010017221919392007,0.14999999999999997,1.2710550140204617,0.9423625042951322,1.0719216148329453,1.0686090058581175
2010-09-02,-0.0021295303796632402,2.5779640321692792e-05,7.733892096507838e-05,-0.002155310019984933,-0.0022068693006283184,0.15000000000000002,1.2723233449282167,1.0281965613827544,1.0696112914358575,1.0662507254487144
2010-09-03,-0.005650743625798645,2.5779640321692782e-05,7.733892096507835e-05,-0.005676523266120338,-0.0057280825467637235,0.15,1.273591675835972,1.114030618470377,1.0635396180543168,1.0601431532777974
2010-09-07,0.010226479499585927,2.5779640321692782e-05,7.733892096507834e-05,0.010200699859264233,0.010149140578620848,0.14999999999999997,1.2748600067437272,1.1998646755579994,1.0743884664865255,1.0709026951738763
2010-09-08,-0.002430313471210981,2.286213045297043e-05,6.858639135891129e-05,-0.0024531756016639514,-0.0024988998625698924,0.13302433723483315,1.2759847992663846,1.2759847992663846,1.0717528029138317,1.0682266165760805
2010-09-09,-0.008281499791081044,0.0,0.0,-0.008281499791081044,-0.008281499791081044,0.0,1.2759847992663846,1.2759847992663846,1.0628770823004103,1.0593800980740784
2010-09-10,-0.002311653380168115,0.0,0.0,-0.002311653380168115,-0.002311653380168115,0.0,1.2759847992663846,1.2759847992663846,1.0604200789004072,1.0569311784894826
2010-09-13,0.005649694062431188,0.0,0.0,0.005649694062431188,0.005649694062431188,0.0,1.2759847992663846,1.2759847992663846,1.0664111279238535,1.0629025162929928
2010-09-14,0.010198634983882461,0.0,0.0,0.010198634983882461,0.010198634983882461,0.0,1.2759847992663846,1.2759847992663846,1.0772870657602993,1.0737426710801152
2010-09-15,-0.011618341359128608,0.0,0.0,-0.011618341359128608,-0.011618341359128608,0.0,1.2759847992663846,1.2759847992663846,1.0647707768885222,1.0612675621956438
2010-09-16,-0.002771490141776959,0.0,0.0,-0.002771490141776959,-0.002771490141776959,0.0,1.2759847992663846,1.2759847992663846,1.0618197751771234,1.058326269609231
2010-09-17,0.0013114562321007433,0.0,0.0,0.0013114562321007433,0.0013114562321007433,0.0,1.2759847992663846,1.2759847992663846,1.0632123053386473,1.0597142181911061
2010-09-20,0.004095363664841961,0.0,0.0,0.004095363664841961,0.004095363664841961,0.0,1.2759847992663846,1.2759847992663846,1.0675665463819441,1.0640541332954023
2010-09-21,0.009566432322025616,0.0,0.0,0.009566432322025616,0.009566432322025616,0.0,1.2759847992663846,1.2759847992663846,1.0777793494971657,1.0742333351485445
2010-09-22,0.004527364608717064,0.0,0.0,0.004527364608717064,0.004527364608717064,0.0,1.2759847992663846,1.2759847992663846,1.0826588495800853,1.0790967811316001
2010-09-23,0.0013354901511089807,0.0,0.0,0.0013354901511089807,0.0013354901511089807,0.0,1.2759847992663846,1.2759847992663846,1.0841047298107105,1.0805379042548946
2010-09-24,-0.0019110942628292214,0.0,0.0,-0.0019110942628292214,-0.0019110942628292214,0.0,1.2759847992663846,1.2759847992663846,1.0820329034812632,1.0784728944653035
2010-09-27,0.00592374916819773,0.0,0.0,0.00592374916819773,0.00592374916819773,0.0,1.2759847992663846,1.2759847992663846,1.088442594993223,1.0848614973768163
2010-09-28,0.006060729156241089,0.0,0.0,0.006060729156241089,0.006060729156241089,0.0,1.2759847992663846,1.2759847992663846,1.0950393507635932,1.0914365490844513
2010-09-29,-0.00024389397798727907,0.0,0.0,-0.00024389397798727907,-0.00024389397798727907,0.0,1.2759847992663846,1.2759847992663846,1.0947722772602828,1.0911703542827744
2010-09-30,0.00048489543258360365,2.719482028649537e-05,8.158446085948611e-05,0.00045770061229710826,0.00040331097172411755,0.14999999999999997,1.4259847992663846,1.3032361546093247,1.095273355201911,1.0916104352586766
2010-10-01,0.0033430581649450414,2.719482028649537e-05,8.158446085948611e-05,0.003315863344658546,0.0032614737040855555,0.14999999999999997,1.5759847992663845,1.3304875099522648,1.0989051319728063,1.095170693988378
2010-10-04,-0.0016702039647853422,2.719482028649537e-05,8.158446085948612e-05,-0.0016973987850718375,-0.0017517884256448284,0.15000000000000002,1.7259847992663846,1.3577388652952052,1.0970398517368865,1.0932521866425438
2010-10-05,0.01292758301550435,1.9813667820632048e-05,5.9441003461896143e-05,0.012907769347683718,0.012868142012042455,0.109287362144132,1.8352721614105167,1.3775937235637539,1.1112001891083234,1.1073203110352359
2010-10-06,0.00682552959333564,0.0,0.0,0.00682552959333564,0.00682552959333564,0.0,1.8352721614105167,1.3775937235637539,1.1187847188832025,1.1148783585875086
2010-10-07,-0.005009882994626869,0.0,0.0,-0.005009882994626869,-0.005009882994626869,0.0,1.8352721614105167,1.3775937235637539,1.1131797383454212,1.1092929484577434
2010-10-08,0.010448176981348797,0.0,0.0,0.010448176981348797,0.010448176981348797,0.0,1.8352721614105167,1.3775937235637539,1.1248104372637056,1.120883037507392
2010-10-11,-0.00021643752125748475,0.0,0.0,-0.00021643752125748475,-0.00021643752125748475,0.0,1.8352721614105167,1.3775937235637539,1.1245669860807797,1.1206404363611344
2010-10-12,-0.0011905053301399496,0.0,0.0,-0.0011905053301399496,-0.0011905053301399496,0.0,1.8352721614105167,1.3775937235637539,1.123228183089751,1.1193063079484762
2010-10-13,0.008782285498000668,0.0,0.0,0.008782285498000668,0.008782285498000668,0.0,1.8352721614105167,1.3775937235637539,1.1330926936730457,1.1291363755045927
2010-10-14,-0.0019326375220406536,0.0,0.0,-0.0019326375220406536,-0.0019326375220406536,0.0,1.8352721614105167,1.3775937235637539,1.130902836217303,1.1269541641777916
2010-10-15,-0.005786880362761723,0.0,0.0,-0.005786880362761723,-0.005786880362761723,0.0,1.8352721614105167,1.3775937235637539,1.1243584368022055,1.1204326152553785
2010-10-18,0.006043366428658998,0.0,0.0,0.006043366428658998,0.006043366428658998,0.0,1.8352721614105167,1.3775937235637539,1.1311533468329555,1.1272038001079874
2010-10-19,-0.019831904391212064,0.0,0.0,-0.019831904391212064,-0.019831904391212064,0.0,1.8352721614105167,1.3775937235637539,1.1087204218067648,1.1048492021148348
2010-10-20,0.013294516812719133,0.0,0.0,0.013294516812719133,0.013294516812719133,0.0,1.8352721614105167,1.3775937235637539,1.12346032409508,1.11953763840787
2010-10-21,-0.010431507569979293,0.0,0.0,-0.010431507569979293,-0.010431507569979293,0.0,1.8352721614105167,1.3775937235637539,1.1117409392197108,1.1078591730579415
2010-10-22,0.004351747519908197,0.0,0.0,0.004351747519908197,0.004351747519908197,0.0,1.8352721614105167,1.3775937235637539,1.1165789550947407,1.112680296466704
2010-10-25,0.008443535925897075,0.0,0.0,0.008443535925897075,0.008443535925897075,0.0,1.8352721614105167,1.3775937235637539,1.1260068296161836,1.1220752525239583
2010-10-26,-0.008088105745883575,0.0,0.0,-0.008088105745883575,-0.008088105745883575,0.0,1.8352721614105167,1.3775937235637539,1.1168995673076607,1.1129997892267056
2010-10-27,-0.010268436105377466,0.0,0.0,-0.010268436105377466,-0.010268436105377466,0.0,1.8352721614105167,1.3775937235637539,1.1054307554646383,1.1015710220057326
2010-10-28,0.011996895455131181,0.0,0.0,0.011996895455131181,0.011996895455131181,0.0,1.8352721614105167,1.3775937235637539,1.1186924926708344,1.1147864543931376
2010-10-29,0.007744521744619519,0.0,0.0,0.007744521744619519,0.007744521744619519,0.0,1.8352721614105167,1.3775937235637539,1.1273562310058662,1.1234199423297926
2010-11-01,-0.0010061576982137131,0.0,0.0,-0.0010061576982137131,-0.0010061576982137131,0.0,1.8352721614105167,1.3775937235637539,1.1262219328554106,1.1222896047064908
2010-11-02,0.010526538476175042,0.0,0.0,0.010526538476175042,0.010526538476175042,0.0,1.8352721614105167,1.3775937235637539,1.1380771513643253,1.1341034294118448
2010-11-03,-0.0039016506389695236,0.0,0.0,-0.0039016506389695236,-0.0039016506389695236,0.0,1.8352721614105167,1.3775937235637539,1.133636771919508,1.1296785540418226
2010-11-04,0.0234708502781773,0.0,0.0,0.0234708502781773,0.0234708502781773,0.0,1.8352721614105167,1.3775937235637539,1.160244190863067,1.156193070246206
2010-11-05,-0.008489984790972833,0.0,0.0,-0.008489984790972833,-0.008489984790972833,0.0,1.8352721614105167,1.3775937235637539,1.150393735328825,1.1463770086643874
2010-11-08,0.0027552263890242173,0.0,0.0,0.0027552263890242173,0.0027552263890242173,0.0,1.8352721614105167,1.3775937235637539,1.1535633305061712,1.1495355368504303
2010-11-09,-0.018723304491702314,0.0,0.0,-0.018723304491702314,-0.018723304491702314,0.0,1.8352721614105167,1.3775937235637539,1.131964813018642,1.1280124329699472
2010-11-10,0.006337850202536035,0.0,0.0,0.006337850202536035,0.006337850202536035,0.0,1.8352721614105167,1.3775937235637539,1.1391390364380958,1.135161606796709
2010-11-11,-0.005554161138939187,0.0,0.0,-0.005554161138939187,-0.005554161138939187,0.0,1.8352721614105167,1.3775937235637539,1.1328120746700627,1.1288567363138229
2010-11-12,-0.0210428833872662,0.0,0.0,-0.0210428833872662,-0.0210428833872662,0.0,1.8352721614105167,1.3775937235637539,1.1089744422830934,1.105102335650641
2010-11-15,-0.014901149932864259,0.0,0.0,-0.014901149932864259,-0.014901149932864259,0.0,1.8352721614105167,1.3775937235637539,1.0924494478469184,1.0886350400559524
2010-11-16,-0.006522673972357654,0.0,0.0,-0.006522673972357654,-0.006522673972357654,0.0,1.8352721614105167,1.3775937235637539,1.0853237562673308,1.0815342286147829
2010-11-17,-0.0028609995067386965,0.0,0.0,-0.0028609995067386965,-0.0028609995067386965,0.0,1.8352721614105167,1.3775937235637539,1.0822186455359981,1.078439959720195
2010-11-18,0.01388073720504212,0.0,0.0,0.01388073720504212,0.01388073720504212,0.0,1.8352721614105167,1.3775937235637539,1.09724063815308,1.0934095013924872
2010-11-19,0.0009863816183954448,0.0,0.0,0.0009863816183954448,0.0009863816183954448,0.0,1.8352721614105167,1.3775937235637539,1.0983229361495106,1.0944880204260397
2010-11-22,0.006026281144804984,0.0,0.0,0.006026281144804984,0.006026281144804984,0.0,1.8352721614105167,1.3775937235637539,1.1049417389505354,1.1010837129467481
2010-11-23,-0.005831205638606068,0.0,0.0,-0.005831205638606068,-0.005831205638606068,0.0,1.8352721614105167,1.3775937235637539,1.0984985964520357,1.0946630673912356
2010-11-24,-0.0007492000897882656,0.0,0.0,-0.0007492000897882656,-0.0007492000897882656,0.0,1.8352721614105167,1.3775937235637539,1.0976756012049416,1.0938429457228582
2010-11-26,-0.0036735097568227843,0.0,0.0,-0.0036735097568227843,-0.0036735097568227843,0.0,1.8352721614105167,1.3775937235637539,1.0936432791740889,1.0898247029893136
2010-11-29,0.002475766160473583,0.0,0.0,0.002475766160473583,0.002475766160473583,0.0,1.8352721614105167,1.3775937235637539,1.0963508841962974,1.0925228541098226
2010-11-30,0.0013897492035075875,1.9951555714986722e-05,5.9854667144960166e-05,0.0013697976477926009,0.0013298945363626274,0.15000000000000002,1.7765493298808168,1.337861964923824,1.097852663058625,1.0939757942843547
2010-12-01,0.00433918344544792,1.9951555714986725e-05,5.985466714496018e-05,0.004319231889732933,0.004279328778302959,0.15000000000000002,1.7178264983511178,1.2981302062838944,1.102594543291136,1.0986572763836024
2010-12-02,0.006677661621866653,1.9951555714986705e-05,5.985466714496011e-05,0.0066577100661516665,0.006617806954721694,0.14999999999999994,1.6591036668214183,1.258398447643965,1.1099352980808892,1.1059279781481093
2010-12-03,0.01261576554584909,1.9951555714986725e-05,5.9854667144960166e-05,0.012595813990134102,0.012555910878704129,0.15000000000000002,1.600380835291719,1.2186666890040352,1.1239158366366002,1.1198139112800023
2010-12-06,0.00296280440383466,1.9951555714986715e-05,5.985466714496014e-05,0.002942852848119673,0.0029029497366897,0.15000000000000002,1.5416580037620196,1.1789349303641057,1.127223355557493,1.123064674778894
2010-12-07,-0.011395749557031706,1.995155571498672e-05,5.985466714496015e-05,-0.011415701112746693,-0.011455604224176666,0.15,1.4829351722323203,1.1392031717241764,1.1143553106431414,1.1101992903464732
2010-12-08,-0.0037793072608912465,5.888747902751375e-06,1.7666243708254122e-05,-0.003785196008793998,-0.0037969735045995006,0.04427284759299256,1.465602992428698,1.1274762510917284,1.1101372573689166,1.1059838930562025
2010-12-09,0.0019145122609469944,0.0,0.0,0.0019145122609469944,0.0019145122609469944,0.0,1.465602992428698,1.1274762510917284,1.1122626287594835,1.1081013127798685
2010-12-10,0.000918595318340968,0.0,0.0,0.000918595318340968,0.000918595318340968,0.0,1.465602992428698,1.1274762510917284,1.1132843480030277,1.1091192094580355
2010-12-13,0.006379236639581336,0.0,0.0,0.006379236639581336,0.006379236639581336,0.0,1.465602992428698,1.1274762510917284,1.120386252306081,1.1161945433566738
2010-12-14,-0.0024372315261505344,0.0,0.0,-0.0024372315261505344,-0.0024372315261505344,0.0,1.465602992428698,1.1274762510917284,1.117655611610495,1.1134741188262878
2010-12-15,-0.00964466469328726,0.0,0.0,-0.00964466469328726,-0.00964466469328726,0.0,1.465602992428698,1.1274762510917284,1.1068761979939408,1.1027350343055546
2010-12-16,0.0033804978754665587,0.0,0.0,0.0033804978754665587,0.0033804978754665587,0.0,1.465602992428698,1.1274762510917284,1.1106179906296638,1.1064628277462272
2010-12-17,0.002902061804532067,0.0,0.0,0.002902061804532067,0.002902061804532067,0.0,1.465602992428698,1.1274762510917284,1.1138410726796963,1.109673851256764
2010-12-20,0.0027790402411899643,0.0,0.0,0.0027790402411899643,0.0027790402411899643,0.0,1.465602992428698,1.1274762510917284,1.1169364818429635,1.112757679544003
2010-12-21,0.005461634969502017,0.0,0.0,0.005461634969502017,0.005461634969502017,0.0,1.465602992428698,1.1274762510917284,1.1230367811909097,1.1188351557991825
2010-12-22,0.0010868664650041382,0.0,0.0,0.0010868664650041382,0.0010868664650041382,0.0,1.465602992428698,1.1274762510917284,1.1242573722073521,1.1200511802098883
2010-12-23,0.0002328128301379325,0.0,0.0,0.0002328128301379325,0.0002328128301379325,0.0,1.465602992428698,1.1274762510917284,1.124519113747979,1.1203119424950523
2010-12-27,0.0014719544802977475,0.0,0.0,0.0014719544802977475,0.0014719544802977475,0.0,1.465602992428698,1.1274762510917284,1.1261743546956409,1.121960990678139
2010-12-28,0.0027827339591577965,0.0,0.0,0.0027827339591577965,0.0027827339591577965,0.0,1.465602992428698,1.1274762510917284,1.129308198316385,1.1250831096277492
2010-12-29,0.008276693008126602,0.0,0.0,0.008276693008126602,0.008276693008126602,0.0,1.465602992428698,1.1274762510917284,1.1386551355854104,1.1343950771347664
2010-12-30,-0.002702058883565639,0.0,0.0,-0.002702058883565639,-0.002702058883565639,0.0,1.465602992428698,1.1274762510917284,1.1355784223609842,1.1313298748391212
2010-12-31,0.008146702712066033,2.0372485323748323e-05,6.111745597124498e-05,0.008126330226742286,0.008085585256094789,0.14999999999999997,1.3781940241701742,1.1475267491944374,1.1448065076194525,1.1404773389949
2011-01-03,0.003682927732571316,2.0372485323748333e-05,6.111745597124499e-05,0.0036625552472475675,0.003621810276600071,0.15000000000000002,1.2907850559116507,1.167577247297147,1.1489994247010173,1.1446079315415012
2011-01-04,-0.00855341889935413,2.0372485323748326e-05,6.111745597124498e-05,-0.008573791384677877,-0.008614536355325374,0.14999999999999997,1.2033760876531274,1.1876277453998565,1.139148143332516,1.1347476649026431
2011-01-05,0.0007330826391920852,2.9856175755575e-06,8.9568527266725e-06,0.0007300970216165278,0.0007241257864654127,0.021982719791756193,1.1905661752763697,1.1905661752763697,1.139979831999143,1.1355693649479306
2011-01-06,-0.0048705308837199415,0.0,0.0,-0.0048705308837199415,-0.0048705308837199415,0.0,1.1905661752763697,1.1905661752763697,1.1344275250205733,1.1300385392853456
2011-01-07,-0.002053091218561266,0.0,0.0,-0.002053091218561266,-0.002053091218561266,0.0,1.1905661752763697,1.1905661752763697,1.1320984418308595,1.127718467083703
2011-01-10,0.003544876482088083,0.0,0.0,0.003544876482088083,0.003544876482088083,0.0,1.1905661752763697,1.1905661752763697,1.1361115909727142,1.1317160897560845
2011-01-11,0.004112093648080086,0.0,0.0,0.004112093648080086,0.004112093648080086,0.0,1.1905661752763697,1.1905661752763697,1.1407833882294631,1.1363698123002006
2011-01-12,0.008216641791663658,0.0,0.0,0.008216641791663658,0.008216641791663658,0.0,1.1905661752763697,1.1905661752763697,1.1501567966924249,1.1457069559907314
2011-01-13,-0.002317936907085628,0.0,0.0,-0.002317936907085628,-0.002317936907085628,0.0,1.1905661752763697,1.1905661752763697,1.1474908058044362,1.1430512795527357
2011-01-14,0.0018182742671030267,0.0,0.0,0.0018182742671030267,0.0018182742671030267,0.0,1.1905661752763697,1.1905661752763697,1.149577258808368,1.1451296602803258
2011-01-18,0.0024710524408047643,0.0,0.0,0.0024710524408047643,0.0024710524408047643,0.0,1.1905661752763697,1.1905661752763697,1.15241792449964,1.1479593357223994
2011-01-19,-0.004978895062110901,0.0,0.0,-0.004978895062110901,-0.004978895062110901,0.0,1.1905661752763697,1.1905661752763697,1.1466801565858606,1.142243766654267
2011-01-20,-0.010842535260705017,0.0,0.0,-0.010842535260705017,-0.010842535260705017,0.0,1.1905661752763697,1.1905661752763697,1.1342472365553278,1.1298589483379977
2011-01-21,0.0006430936971752801,0.0,0.0,0.0006430936971752801,0.0006430936971752801,0.0,1.1905661752763697,1.1905661752763697,1.134976663804195,1.130585553506371
2011-01-24,0.0022818303535034738,0.0,0.0,0.0022818303535034738,0.0022818303535034738,0.0,1.1905661752763697,1.1905661752763697,1.1375664880061815,1.1331653579395944
2011-01-25,-0.002034235839757356,0.0,0.0,-0.002034235839757356,-0.002034235839757356,0.0,1.1905661752763697,1.1905661752763697,1.1352524094861725,1.1308602323561021
2011-01-26,0.009105942587297626,0.0,0.0,0.009105942587297626,0.009105942587297626,0.0,1.1905661752763697,1.1905661752763697,1.145589952749045,1.141157780706195
2011-01-27,-0.005673146854059287,0.0,0.0,-0.005673146854059287,-0.005673146854059287,0.0,1.1905661752763697,1.1905661752763697,1.1390908527125647,1.1346838250325963
2011-01-28,-0.004672062114148781,0.0,0.0,-0.004672062114148781,-0.004672062114148781,0.0,1.1905661752763697,1.1905661752763697,1.133768949495033,1.1293825117221241
2011-01-31,0.005848088044214896,1.7192160074925107e-05,5.157648022477532e-05,0.005830895884139971,0.005796511563990121,0.09817887995551082,1.2708601969589775,1.2708601969589775,1.1403798381962091,1.1359289905114898
2011-02-01,0.014966171962928293,0.0,0.0,0.014966171962928293,0.014966171962928293,0.0,1.2708601969589775,1.2708601969589775,1.15744695895771,1.1529294991211603
2011-02-02,-0.0006359676000333973,0.0,0.0,-0.0006359676000333973,-0.0006359676000333973,0.0,1.2708601969589775,1.2708601969589775,1.1567108601930558,1.1521962733145965
2011-02-03,0.001731292505652066,0.0,0.0,0.001731292505652066,0.001731292505652066,0.0,1.2708601969589775,1.2708601969589775,1.1587134650365143,1.1541910620876263
2011-02-04,-0.002129607065864312,0.0,0.0,-0.002129607065864312,-0.002129607065864312,0.0,1.2708601969589775,1.2708601969589775,1.1562458606540604,1.1517330886464472
2011-02-07,0.002154543704413143,0.0,0.0,0.002154543704413143,0.002154543704413143,0.0,1.2708601969589775,1.2708601969589775,1.1587370428938863,1.1542145479217545
2011-02-08,0.00574284505681023,0.0,0.0,0.00574284505681023,0.00574284505681023,0.0,1.2708601969589775,1.2708601969589775,1.1653914901928124,1.1608430232327853
2011-02-09,-0.001836084646705143,0.0,0.0,-0.001836084646705143,-0.001836084646705143,0.0,1.2708601969589775,1.2708601969589775,1.1632517327702685,1.158711617180593
2011-02-10,-0.003994456067338137,0.0,0.0,-0.003994456067338137,-0.003994456067338137,0.0,1.2708601969589775,1.2708601969589775,1.1586051748284627,1.1540831945310506
2011-02-11,0.0021715400934551625,0.0,0.0,0.0021715400934551625,0.0021715400934551625,0.0,1.2708601969589775,1.2708601969589775,1.1611211324180875,1.1565893324591576
2011-02-14,0.003224825130871695,0.0,0.0,0.003224825130871695,0.003224825130871695,0.0,1.2708601969589775,1.2708601969589775,1.1648655450258956,1.1603191308045702
2011-02-15,-0.0035822652884191994,0.0,0.0,-0.0035822652884191994,-0.0035822652884191994,0.0,1.2708601969589775,1.2708601969589775,1.1606926876182737,1.1561625598588001
2011-02-16,0.0061557489825107455,0.0,0.0,0.0061557489825107455,0.0061557489825107455,0.0,1.2708601969589775,1.2708601969589775,1.1678376204490877,1.163279606360268
2011-02-17,0.0044256006239332575,0.0,0.0,0.0044256006239332575,0.0044256006239332575,0.0,1.2708601969589775,1.2708601969589775,1.1730060033507999,1.1684278173119846
2011-02-18,0.0016386191385327291,0.0,0.0,0.0016386191385327291,0.0016386191385327291,0.0,1.2708601969589775,1.2708601969589775,1.1749281134375043,1.170342425495426
2011-02-22,-0.01208009322367813,0.0,0.0,-0.01208009322367813,-0.01208009322367813,0.0,1.2708601969589775,1.2708601969589775,1.1607348722960589,1.1562045798918157
2011-02-23,0.0025129115719893496,0.0,0.0,0.0025129115719893496,0.0025129115719893496,0.0,1.2708601969589775,1.2708601969589775,1.1636516963886632,1.1591100197602129
2011-02-24,0.0001003767869823532,0.0,0.0,0.0001003767869823532,0.0001003767869823532,0.0,1.2708601969589775,1.2708601969589775,1.1637685000071132,1.1592263674997554
2011-02-25,0.013736500687967806,0.0,0.0,0.013736500687967806,0.013736500687967806,0.0,1.2708601969589775,1.2708601969589775,1.179754606808096,1.175150081294426
2011-02-28,0.0026994570602763977,1.9348911068012636e-05,5.804673320403791e-05,0.0026801081492083853,0.00264141032707236,0.14999999999999994,1.3464669460153944,1.2190600189830763,1.1829164767438687,1.178254134855017
2011-03-01,-0.002943705236480913,1.9348911068012646e-05,5.804673320403795e-05,-0.0029630541475489255,-0.003001751969684951,0.15,1.4220736950718111,1.1672598410071753,1.1794114311712487,1.1747173081849265
2011-03-02,0.004753856141923589,1.934891106801265e-05,5.804673320403795e-05,0.004734507230855577,0.004695809408719551,0.15000000000000002,1.4976804441282279,1.1154596630312739,1.1849953631202828,1.180233556773287
2011-03-03,0.007610855974138062,1.934891106801265e-05,5.804673320403795e-05,0.007591507063070049,0.007552809240934023,0.15,1.573287193184645,1.0636594850553729,1.1939912637891157,1.1891476356873447
2011-03-04,-0.0005652824911888808,1.934891106801265e-05,5.804673320403795e-05,-0.0005846314022568934,-0.0006233292243929187,0.15000000000000002,1.6488939422410618,1.011859307079472,1.1932932190022842,1.1884064052139032
2011-03-07,-0.0076581865789546386,1.4905363833612692e-06,4.471609150083808e-06,-0.007659677115338,-0.007662658188104722,0.011555195882511977,1.654718280876974,1.0078688990577351,1.1841529782408045,1.1793000531421947
2011-03-08,0.0014195840161511392,0.0,0.0,0.0014195840161511392,0.0014195840161511392,0.0,1.654718280876974,1.0078688990577351,1.1858339828813929,1.1809741686478814
2011-03-09,-0.0011839853589114572,0.0,0.0,-0.0011839853589114572,-0.0011839853589114572,0.0,1.654718280876974,1.0078688990577351,1.1844299728075616,1.1795759125229497
2011-03-10,-0.024590035559498236,0.0,0.0,-0.024590035559498236,-0.024590035559498236,0.0,1.654718280876974,1.0078688990577351,1.155304797658488,1.1505700988888827
2011-03-11,0.0074924008615488615,0.0,0.0,0.0074924008615488615,0.0074924008615488615,0.0,1.654718280876974,1.0078688990577351,1.163960804319816,1.1591906312890703
2011-03-14,-0.0007806398164209938,0.0,0.0,-0.0007806398164209938,-0.0007806398164209938,0.0,1.654718280876974,1.0078688990577351,1.1630521701712107,1.158285720927464
2011-03-15,-0.020874565904377765,0.0,0.0,-0.020874565904377765,-0.020874565904377765,0.0,1.654718280876974,1.0078688990577351,1.138773960994742,1.134107009309864
2011-03-16,-0.011141922855351632,0.0,0.0,-0.011141922855351632,-0.011141922855351632,0.0,1.654718280876974,1.0078688990577351,1.1260858293716554,1.12147087650242
2011-03-17,0.022898586556950852,0.0,0.0,0.022898586556950852,0.022898586556950852,0.0,1.654718280876974,1.0078688990577351,1.151871603206078,1.1471509744391102
2011-03-18,0.0034059717939364164,0.0,0.0,0.0034059717939364164,0.0034059717939364164,0.0,1.654718280876974,1.0078688990577351,1.155794845396834,1.1510581383014364
2011-03-21,0.01599729489320577,0.0,0.0,0.01599729489320577,0.01599729489320577,0.0,1.654718280876974,1.0078688990577351,1.1742844363746943,1.1694719547790688
2011-03-22,-9.562885636194039e-05,0.0,0.0,-9.562885636194039e-05,-9.562885636194039e-05,0.0,1.654718280876974,1.0078688990577351,1.174172140897,1.169360119513486
2011-03-23,0.004232106728991394,0.0,0.0,0.004232106728991394,0.004232106728991394,0.0,1.654718280876974,1.0078688990577351,1.1791413627154845,1.1743089763438932
2011-03-24,0.007516441074920157,0.0,0.0,0.007516441074920157,0.007516441074920157,0.0,1.654718280876974,1.0078688990577351,1.1880043092873367,1.183135600568332
2011-03-25,-0.001685402525856395,0.0,0.0,-0.001685402525856395,-0.001685402525856395,0.0,1.654718280876974,1.0078688990577351,1.1860020438237355,1.1811415408387036
2011-03-28,-0.006772634506250178,0.0,0.0,-0.006772634506250178,-0.006772634506250178,0.0,1.654718280876974,1.0078688990577351,1.1779696854572517,1.1731421008824539
2011-03-29,0.004889752552935761,0.0,0.0,0.004889752552935761,0.004889752552935761,0.0,1.654718280876974,1.0078688990577351,1.183729665733997,1.1788784754652002
2011-03-30,0.004706562676124262,0.0,0.0,0.004706562676124262,0.004706562676124262,0.0,1.654718280876974,1.0078688990577351,1.1893009635973617,1.184426940897511
2011-03-31,0.005873356375395499,2.1186936065993056e-05,6.356080819797916e-05,0.005852169439329506,0.00580979556719752,0.14999999999999994,1.652787905359288,1.0639492537668724,1.1962609543506912,1.1913082192884068
2011-04-01,0.001720184009637839,2.1186936065993073e-05,6.356080819797924e-05,0.001698997073571846,0.0016566232014398597,0.15000000000000005,1.6508575298416024,1.1200296084760102,1.1982933982113615,1.193281768124546
2011-04-04,0.003785755903061675,2.1186936065993066e-05,6.356080819797921e-05,0.0037645689669956817,0.0037221950948636956,0.14999999999999997,1.6489271543239168,1.1761099631851475,1.2028044563516238,1.1977233956686493
2011-04-05,0.001405373992146114,2.118693606599307e-05,6.356080819797918e-05,0.001384187056080121,0.0013418131839481348,0.15,1.6469967788062312,1.2321903178942852,1.2044693627111012,1.1993305167116808
2011-04-06,0.004314842743798017,2.1086524270736044e-05,6.325957281220813e-05,0.004293756219527281,0.0042515831709858095,0.14928910111204188,1.6450755519672713,1.2880048895247627,1.209641060528472,1.2044295701529817
2011-04-07,-0.0002888049579791738,0.0,0.0,-0.0002888049579791738,-0.0002888049579791738,0.0,1.6450755519672713,1.2880048895247627,1.209291710192816,1.2040817249215847
2011-04-08,0.00783169748205232,0.0,0.0,0.00783169748205232,0.00783169748205232,0.0,1.6450755519672713,1.2880048895247627,1.2187625170345997,1.2135117287348383
2011-04-11,-0.008010723464354289,0.0,0.0,-0.008010723464354289,-0.008010723464354289,0.0,1.6450755519672713,1.2880048895247627,1.2089993475419152,1.203790621855193
2011-04-12,-0.007561874076289538,0.0,0.0,-0.007561874076289538,-0.007561874076289538,0.0,1.6450755519672713,1.2880048895247627,1.1998570467174872,1.194687708758506
2011-04-13,0.0034090047778362123,0.0,0.0,0.0034090047778362123,0.0034090047778362123,0.0,1.6450755519672713,1.2880048895247627,1.2039473651224675,1.1987604048656857
2011-04-14,0.005819627458599758,0.0,0.0,0.005819627458599758,0.005819627458599758,0.0,1.6450755519672713,1.2880048895247627,1.210953890267243,1.2057367438341242
2011-04-15,0.0040884690734307415,0.0,0.0,0.0040884690734307415,0.0040884690734307415,0.0,1.6450755519672713,1.2880048895247627,1.215904837796951,1.210666361221989
2011-04-18,-0.010931169299019631,0.0,0.0,-0.010931169299019631,-0.010931169299019631,0.0,1.6450755519672713,1.2880048895247627,1.2026135761634955,1.1974323622628433
2011-04-19,0.006053149055573803,0.0,0.0,0.006053149055573803,0.006053149055573803,0.0,1.6450755519672713,1.2880048895247627,1.2098931753962698,1.2046805988355882
2011-04-20,0.018960616705743488,0.0,0.0,0.018960616705743488,0.018960616705743488,0.0,1.6450755519672713,1.2880048895247627,1.2328334961498533,1.2275220859229552
2011-04-21,0.007882259014131938,0.0,0.0,0.007882259014131938,0.007882259014131938,0.0,1.6450755519672713,1.2880048895247627,1.2425510090878042,1.2371977329497674
2011-04-25,-0.00011144030621019888,0.0,0.0,-0.00011144030621019888,-0.00011144030621019888,0.0,1.6450755519672713,1.2880048895247627,1.2424125388228697,1.2370598592555648
2011-04-26,0.005300880984296213,0.0,0.0,0.005300880984296213,0.005300880984296213,0.0,1.6450755519672713,1.2880048895247627,1.2489984198245672,1.2436173663399288
2011-04-27,0.010202871941644666,0.0,0.0,0.010202871941644666,0.010202871941644666,0.0,1.6450755519672713,1.2880048895247627,1.2617417907573538,1.2563058350731005
2011-04-28,0.0019859497324172717,0.0,0.0,0.0019859497324172717,0.0019859497324172717,0.0,1.6450755519672713,1.2880048895247627,1.264247546529088,1.2588007953100981
2011-04-29,0.006936043418221826,0.0,0.0,0.006936043418221826,0.006936043418221826,0.0,1.6450755519672713,1.2880048895247627,1.2730164224031941,1.267531892281261
2011-05-02,-0.005908272356921769,0.0,0.0,-0.005908272356921769,-0.005908272356921769,0.0,1.6450755519672713,1.2880048895247627,1.2654950946648018,1.260042968640579
2011-05-03,-0.00684543340372161,0.0,0.0,-0.00684543340372161,-0.00684543340372161,0.0,1.6450755519672713,1.2880048895247627,1.2568322322715375,1.2514174284129223
2011-05-04,-0.009182556914836198,0.0,0.0,-0.009182556914836198,-0.009182556914836198,0.0,1.6450755519672713,1.2880048895247627,1.2452912987663036,1.2399262166523026
2011-05-05,-0.02833230637932817,0.0,0.0,-0.02833230637932817,-0.02833230637932817,0.0,1.6450755519672713,1.2880048895247627,1.2100093241581453,1.2047962471943483
2011-05-06,7.685327202761874e-05,0.0,0.0,7.685327202761874e-05,7.685327202761874e-05,0.0,1.6450755519672713,1.2880048895247627,1.210102317333891,1.204888839728072
2011-05-09,0.013896153618867592,0.0,0.0,0.013896153618867592,0.013896153618867592,0.0,1.6450755519672713,1.2880048895247627,1.2269180850301102,1.2216321601385922
2011-05-10,0.007340780928381026,0.0,0.0,0.007340780928381026,0.007340780928381026,0.0,1.6450755519672713,1.2880048895247627,1.235924621909385,1.2305998942012344
2011-05-11,-0.01990458885177888,0.0,0.0,-0.01990458885177888,-0.01990458885177888,0.0,1.6450755519672713,1.2880048895247627,1.2113240504584883,1.2061053092661163
2011-05-12,0.004239480091073246,0.0,0.0,0.004239480091073246,0.004239480091073246,0.0,1.6450755519672713,1.2880048895247627,1.2164594346542452,1.2112185687124877
2011-05-13,-0.01066036184071739,0.0,0.0,-0.01066036184071739,-0.01066036184071739,0.0,1.6450755519672713,1.2880048895247627,1.2034915369162764,1.1983065405018167
2011-05-16,-0.006195402200178366,0.0,0.0,-0.006195402200178366,-0.006195402200178366,0.0,1.6450755519672713,1.2880048895247627,1.1960354228005694,1.1908825495243036
2011-05-17,-0.0006252966479446216,0.0,0.0,-0.0006252966479446216,-0.0006252966479446216,0.0,1.6450755519672713,1.2880048895247627,1.195287545859869,1.1901378946579904
2011-05-18,0.010327867671191388,0.0,0.0,0.010327867671191388,0.010327867671191388,0.0,1.6450755519672713,1.2880048895247627,1.2076323174625327,1.2024294813444882
2011-05-19,0.0014281091823317863,0.0,0.0,0.0014281091823317863,0.0014281091823317863,0.0,1.6450755519672713,1.2880048895247627,1.2093569482639817,1.2041466819279028
2011-05-20,-0.0038434789887277832,0.0,0.0,-0.0038434789887277832,-0.0038434789887277832,0.0,1.6450755519672713,1.2880048895247627,1.204708810243457,1.1995185694565664
2011-05-23,-0.014746234377546297,0.0,0.0,-0.014746234377546297,-0.014746234377546297,0.0,1.6450755519672713,1.2880048895247627,1.186943891770912,1.1818301874911408
2011-05-24,0.0046979324712844205,0.0,0.0,0.0046979324712844205,0.0046979324712844205,0.0,1.6450755519672713,1.2880048895247627,1.1925200740216553,1.1873823459044994
2011-05-25,0.006423657514258023,0.0,0.0,0.006423657514258023,0.006423657514258023,0.0,1.6450755519672713,1.2880048895247627,1.200180414556048,1.1950096834330661
2011-05-26,0.00770648632465463,0.0,0.0,0.00770648632465463,0.00770648632465463,0.0,1.6450755519672713,1.2880048895247627,1.2094295885079425,1.2042190092162728
2011-05-27,0.010887970414440678,0.0,0.0,0.010887970414440678,0.010887970414440678,0.0,1.6450755519672713,1.2880048895247627,1.2225978220859661,1.2173305101611267
2011-05-31,0.009623016103793972,2.2323220880595514e-05,6.696966264178655e-05,0.009600692882913375,0.009556046441152185,0.15000000000000002,1.59376338673318,1.252001166532261,1.2343356082951322,1.2289633770504578
2011-06-01,-0.013049457501304228,2.2323220880595508e-05,6.696966264178654e-05,-0.013071780722184824,-0.013116427163946015,0.14999999999999997,1.5424512214990889,1.2159974435397596,1.2182006438859136,1.2128437684282183
2011-06-02,0.0036688771277018414,2.232322088059552e-05,6.696966264178658e-05,0.003646553906821246,0.003601907465060055,0.15000000000000005,1.4911390562649975,1.179993720547258,1.2226428782031682,1.2172123194516713
2011-06-03,0.001099051587731636,6.189772935736507e-06,1.856931880720952e-05,0.0010928618147958995,0.0010804822689244264,0.041591934485025225,1.4769112415003234,1.1700106239611172,1.2239790579178884,1.2185274957803551
2011-06-06,-0.007299945307991113,0.0,0.0,-0.007299945307991113,-0.007299945307991113,0.0,1.4769112415003234,1.1700106239611172,1.2150440777369613,1.209632311704875
2011-06-07,0.004433433562406973,0.0,0.0,0.004433433562406973,0.004433433562406973,0.0,1.4769112415003234,1.1700106239611172,1.2204308949310043,1.2149951361937594
2011-06-08,-0.0047751485789849415,0.0,0.0,-0.0047751485789849415,-0.0047751485789849415,0.0,1.4769112415003234,1.1700106239611172,1.2146031560773252,1.20919335389569
2011-06-09,0.0014658436333861392,0.0,0.0,0.0014658436333861392,0.0014658436333861392,0.0,1.4769112415003234,1.1700106239611172,1.2163835743807518,1.210965842275031
2011-06-10,-0.012687039897874177,0.0,0.0,-0.012687039897874177,-0.012687039897874177,0.0,1.4769112415003234,1.1700106239611172,1.2009512674414644,1.1956022703191247
2011-06-13,-0.0008514106129967902,0.0,0.0,-0.0008514106129967902,-0.0008514106129967902,0.0,1.4769112415003234,1.1700106239611172,1.1999287647866728,1.194584321857252
2011-06-14,0.0072147038136497876,0.0,0.0,0.0072147038136497876,0.0072147038136497876,0.0,1.4769112415003234,1.1700106239611172,1.2085858954220874,1.203202893919882
2011-06-15,-0.015417610516909134,0.0,0.0,-0.015417610516909134,-0.015417610516909134,0.0,1.4769112415003234,1.1700106239611172,1.1899523888102397,1.1846523803286073
2011-06-16,0.00028261186304616746,0.0,0.0,0.00028261186304616746,0.00028261186304616746,0.0,1.4769112415003234,1.1700106239611172,1.1902886834717776,1.1849871771448741
2011-06-17,0.0047939970569153365,0.0,0.0,0.0047939970569153365,0.0047939970569153365,0.0,1.4769112415003234,1.1700106239611172,1.195994923917221,1.190668002184589
2011-06-20,0.0007395549237418111,0.0,0.0,0.0007395549237418111,0.0007395549237418111,0.0,1.4769112415003234,1.1700106239611172,1.1968794278519743,1.1915485665681464
2011-06-21,0.011465244135599392,0.0,0.0,0.011465244135599392,0.011465244135599392,0.0,1.4769112415003234,1.1700106239611172,1.2106019426931738,1.2052099617832737
2011-06-22,-0.004267677895851367,0.0,0.0,-0.004267677895851367,-0.004267677895851367,0.0,1.4769112415003234,1.1700106239611172,1.2054354835416674,1.2000665138695112
2011-06-23,-0.005571868827564363,0.0,0.0,-0.005571868827564363,-0.005571868827564363,0.0,1.4769112415003234,1.1700106239611172,1.1987189551472817,1.193379900669878
2011-06-24,-0.00856794497819763,0.0,0.0,-0.00856794497819763,-0.00856794497819763,0.0,1.4769112415003234,1.1700106239611172,1.188448397095257,1.1831550873428514
2011-06-27,0.00433085623022934,0.0,0.0,0.00433085623022934,0.00433085623022934,0.0,1.4769112415003234,1.1700106239611172,1.1935953962401231,1.1882791619241977
2011-06-28,0.007581990698988481,0.0,0.0,0.007581990698988481,0.007581990698988481,0.0,1.4769112415003234,1.1700106239611172,1.202645225432771,1.1972886834777088
2011-06-29,0.007406072937243771,0.0,0.0,0.007406072937243771,0.007406072937243771,0.0,1.4769112415003234,1.1700106239611172,1.2115521036899541,1.2061558907944814
2011-06-30,0.00410876833790088,2.407256550088579e-05,7.221769650265735e-05,0.004084695772399994,0.004036550641398223,0.14999999999999994,1.5167883753176097,1.1996245170758326,1.2165009254459387,1.211024600129094
2011-07-01,0.004111869097583085,2.4072565500885786e-05,7.221769650265738e-05,0.004087796532082199,0.0040396514010804276,0.15000000000000002,1.5566655091348958,1.2292384101905478,1.2214737337102515,1.2159167173517487
2011-07-05,0.0034562090373492145,1.3950105843926584e-05,4.185031753177976e-05,0.003442258931505288,0.0034143587198174345,0.08692533733107882,1.5797743978606569,1.2463997278484351,1.2256783625797147,1.2200682931982103
2011-07-06,0.0008187750131447376,0.0,0.0,0.0008187750131447376,0.0008187750131447376,0.0,1.5797743978606569,1.2463997278484351,1.2266819173971473,1.221067254631011
2011-07-07,0.004590833316228,0.0,0.0,0.004590833316228,0.004590833316228,0.0,1.5797743978606569,1.2463997278484351,1.2323134096119484,1.226672970864926
2011-07-08,0.002691312678372595,0.0,0.0,0.002691312678372595,0.002691312678372595,0.0,1.5797743978606569,1.2463997278484351,1.2356299503149655,1.2299743313836318
2011-07-11,-0.007417924375075727,0.0,0.0,-0.007417924375075727,-0.007417924375075727,0.0,1.5797743978606569,1.2463997278484351,1.2264641407879504,1.2208504748101436
2011-07-12,0.001956419982815234,0.0,0.0,0.001956419982815234,0.001956419982815234,0.0,1.5797743978606569,1.2463997278484351,1.2288636197411944,1.2232389710750917
2011-07-13,0.010170741597171604,0.0,0.0,0.010170741597171604,0.010170741597171604,0.0,1.5797743978606569,1.2463997278484351,1.2413620740757472,1.2356802185614866
2011-07-14,-0.007020215053441371,0.0,0.0,-0.007020215053441371,-0.007020215053441371,0.0,1.5797743978606569,1.2463997278484351,1.2326474453565492,1.2270054776899015
2011-07-15,0.00559010944210489,0.0,0.0,0.00559010944210489,0.00559010944210489,0.0,1.5797743978606569,1.2463997278484351,1.2395380794796234,1.2338645725962503
2011-07-18,-0.00469661532448194,0.0,0.0,-0.00469661532448194,-0.00469661532448194,0.0,1.5797743978606569,1.2463997278484351,1.2337164459402605,1.2280695853362593
2011-07-19,0.008805002217023713,0.0,0.0,0.008805002217023713,0.008805002217023713,0.0,1.5797743978606569,1.2463997278484351,1.244579321981943,1.2388827407578045
2011-07-20,0.002242748899239878,0.0,0.0,0.002242748899239878,0.002242748899239878,0.0,1.5797743978606569,1.2463997278484351,1.2473706008863346,1.2416612436609262
2011-07-21,0.004754849218555839,0.0,0.0,0.004754849218555839,0.004754849218555839,0.0,1.5797743978606569,1.2463997278484351,1.2533016600132085,1.2475651556550584
2011-07-22,0.004742873226907942,0.0,0.0,0.004742873226907942,0.004742873226907942,0.0,1.5797743978606569,1.2463997278484351,1.2592459109017244,1.253482199030638
2011-07-25,-0.0027554275866535378,0.0,0.0,-0.0027554275866535378,-0.0027554275866535378,0.0,1.5797743978606569,1.2463997278484351,1.2557761499804452,1.2500283196000497
2011-07-26,0.006179756901933378,0.0,0.0,0.006179756901933378,0.006179756901933378,0.0,1.5797743978606569,1.2463997278484351,1.2635365413105701,1.2577531907357102
2011-07-27,-0.013240756569202506,0.0,0.0,-0.013240756569202506,-0.013240756569202506,0.0,1.5797743978606569,1.2463997278484351,1.2468063615507847,1.241099586913041
2011-07-28,-0.00016047849087597922,0.0,0.0,-0.00016047849087597922,-0.00016047849087597922,0.0,1.5797743978606569,1.2463997278484351,1.2466062759474685,1.2409004171243063
2011-07-29,0.00782570938875074,0.0,0.0,0.00782570938875074,0.00782570938875074,0.0,1.5797743978606569,1.2463997278484351,1.2563618543852264,1.2506113431691008
2011-08-01,-0.0035400055602191755,0.0,0.0,-0.0035400055602191755,-0.0035400055602191755,0.0,1.5797743978606569,1.2463997278484351,1.2519143264350554,1.246184172060609
2011-08-02,-0.0001295809262672471,0.0,0.0,-0.0001295809262672471,-0.0001295809262672471,0.0,1.5797743978606569,1.2463997278484351,1.2517521022170288,1.2460226903612939
2011-08-03,0.004347389250270657,0.0,0.0,0.004347389250270657,0.004347389250270657,0.0,1.5797743978606569,1.2463997278484351,1.2571939558502108,1.2514396360109639
2011-08-04,-0.024399215060351177,0.0,0.0,-0.024399215060351177,-0.024399215060351177,0.0,1.5797743978606569,1.2463997278484351,1.226519410148848,1.2209054911968849
2011-08-05,-0.0007894041791092394,0.0,0.0,-0.0007894041791092394,-0.0007894041791092394,0.0,1.5797743978606569,1.2463997278484351,1.225551190600718,1.2199417032998365
2011-08-08,-0.013621958812614849,0.0,0.0,-0.013621958812614849,-0.013621958812614849,0.0,1.5797743978606569,1.2463997278484351,1.208856782759604,1.203323707663695
2011-08-09,0.02815276065256668,0.0,0.0,0.02815276065256668,0.02815276065256668,0.0,1.5797743978606569,1.2463997278484351,1.2428894384278668,1.23720059199311
2011-08-10,-0.006984072714926506,0.0,0.0,-0.006984072714926506,-0.006984072714926506,0.0,1.5797743978606569,1.2463997278484351,1.2342090082132724,1.22855989309568
2011-08-11,0.0050913985862735,0.0,0.0,0.0050913985862735,0.0050913985862735,0.0,1.5797743978606569,1.2463997278484351,1.2404928582128554,1.2348149811985396
2011-08-12,0.006315833511965656,0.0,0.0,0.006315833511965656,0.006315833511965656,0.0,1.5797743978606569,1.2463997278484351,1.2483276045781102,1.2426138670378706
2011-08-15,0.012142921867636693,0.0,0.0,0.012142921867636693,0.012142921867636693,0.0,1.5797743978606569,1.2463997278484351,1.2634859491457164,1.2577028301369535
2011-08-16,0.0006215889095538354,0.0,0.0,0.0006215889095538354,0.0006215889095538354,0.0,1.5797743978606569,1.2463997278484351,1.2642713179990825,1.258484604267681
2011-08-17,0.0059024365840556195,0.0,0.0,0.0059024365840556195,0.0059024365840556195,0.0,1.5797743978606569,1.2463997278484351,1.2717335992786125,1.2659127298363813
2011-08-18,-0.013931896909642017,0.0,0.0,-0.013931896909642017,-0.013931896909642017,0.0,1.5797743978606569,1.2463997278484351,1.2540159378769349,1.2482761641876974
2011-08-19,-0.0005297001806219,0.0,0.0,-0.0005297001806219,-0.0005297001806219,0.0,1.5797743978606569,1.2463997278484351,1.2533516854081388,1.247614952078061
2011-08-22,0.003315013171761202,0.0,0.0,0.003315013171761202,0.003315013171761202,0.0,1.5797743978606569,1.2463997278484351,1.2575065627541158,1.251750812077486
2011-08-23,0.006729632123092875,0.0,0.0,0.006729632123092875,0.006729632123092875,0.0,1.5797743978606569,1.2463997278484351,1.265969119313826,1.2601746345525504
2011-08-24,-0.009975649526378446,0.0,0.0,-0.009975649526378446,-0.009975649526378446,0.0,1.5797743978606569,1.2463997278484351,1.2533402550683335,1.2476035740562221
2011-08-25,-0.005226039545098962,0.0,0.0,-0.005226039545098962,-0.005226039545098962,0.0,1.5797743978606569,1.2463997278484351,1.2467902493318819,1.2410835484415976
2011-08-26,0.018782699481248263,0.0,0.0,0.018782699481248263,0.018782699481248263,0.0,1.5797743978606569,1.2463997278484351,1.2702083359012333,1.2643944477630975
2011-08-29,0.005000623324369223,0.0,0.0,0.005000623324369223,0.005000623324369223,0.0,1.5797743978606569,1.2463997278484351,1.276560169332549,1.2707172081297844
2011-08-30,0.009401774445520674,0.0,0.0,0.009401774445520674,0.009401774445520674,0.0,1.5797743978606569,1.2463997278484351,1.2885621001107492,1.2826642047046624
2011-08-31,-0.0034884522918379912,2.345836601513336e-05,7.037509804540008e-05,-0.0035119106578531244,-0.0035588273898833913,0.15000000000000008,1.4889176337909917,1.126799263252044,1.2840367851380647,1.2780994242009363
2011-09-01,-0.0012887918363998782,2.3458366015133364e-05,7.037509804540008e-05,-0.0013122502024150117,-0.0013591669344452783,0.15000000000000008,1.3980608697213261,1.0071987986556525,1.282351807606859,1.2763622737246287
2011-09-02,0.006867241492994135,2.3458366015133347e-05,7.037509804540004e-05,0.006843783126979001,0.006796866394948735,0.14999999999999994,1.3629440096653407,0.8875983340592611,1.2911279452706097,1.285037537570688
2011-09-06,-0.004665876779846411,7.3031405469299e-06,2.1909421640789703e-05,-0.004673179920393341,-0.0046877862014872,0.04669852458320328,1.3548400334656723,0.8503638991518141,1.2850942720821124,1.2790135563336709
2011-09-07,-0.008063372391332039,0.0,0.0,-0.008063372391332039,-0.008063372391332039,0.0,1.3548400334656723,0.8503638991518141,1.2747320784083465,1.2687003937353905
2011-09-08,0.0034564920761833515,0.0,0.0,0.0034564920761833515,0.0034564920761833515,0.0,1.3548400334656723,0.8503638991518141,1.2791381797366215,1.2730856465933875
2011-09-09,-0.0020411366756832427,0.0,0.0,-0.0020411366756832427,-0.0020411366756832427,0.0,1.3548400334656723,0.8503638991518141,1.2765272838846944,1.2704871047888397
2011-09-12,-0.00419960302579905,0.0,0.0,-0.00419960302579905,-0.00419960302579905,0.0,1.3548400334656723,0.8503638991518141,1.2711663760407772,1.26515156329933
2011-09-13,0.0007382968389618535,0.0,0.0,0.0007382968389618535,0.0007382968389618535,0.0,1.3548400334656723,0.8503638991518141,1.2721048741580026,1.2660856206993214
2011-09-14,0.0008189080928526621,0.0,0.0,0.0008189080928526621,0.0008189080928526621,0.0,1.3548400334656723,0.8503638991518141,1.2731466111344079,1.2671224284603564
2011-09-15,-0.00472539039579178,0.0,0.0,-0.00472539039579178,-0.00472539039579178,0.0,1.3548400334656723,0.8503638991518141,1.2671304963657184,1.2611347803066175
2011-09-16,0.0005316495764389741,0.0,0.0,0.0005316495764389741,0.0005316495764389741,0.0,1.3548400334656723,0.8503638991518141,1.2678041657574042,1.2618052620784
2011-09-19,0.0007655485689104193,0.0,0.0,0.0007655485689104193,0.0007655485689104193,0.0,1.3548400334656723,0.8503638991518141,1.2687747314221585,1.2627712352910276
2011-09-20,0.0034518437872076936,0.0,0.0,0.0034518437872076936,0.0034518437872076936,0.0,1.3548400334656723,0.8503638991518141,1.2731543435961843,1.2671301243342317
2011-09-21,0.0013677003306662313,0.0,0.0,0.0013677003306662313,0.0013677003306662313,0.0,1.3548400334656723,0.8503638991518141,1.2748956372129099,1.2688631786242808
2011-09-22,0.0010770326079106009,0.0,0.0,0.0010770326079106009,0.0010770326079106009,0.0,1.3548400334656723,0.8503638991518141,1.276268741385871,1.2702297856426361
2011-09-23,-0.01641332558680346,0.0,0.0,-0.01641332558680346,-0.01641332558680346,0.0,1.3548400334656723,0.8503638991518141,1.255320926997245,1.249381090600828
2011-09-26,-0.006397870715909364,0.0,0.0,-0.006397870715909364,-0.006397870715909364,0.0,1.3548400334656723,0.8503638991518141,1.2472895459993412,1.2413877119082621
2011-09-27,0.0005554045038504191,0.0,0.0,0.0005554045038504191,0.0005554045038504191,0.0,1.3548400334656723,0.8503638991518141,1.247982296230795,1.2420771842344807
2011-09-28,-0.005820963718679243,0.0,0.0,-0.005820963718679243,-0.005820963718679243,0.0,1.3548400334656723,0.8503638991518141,1.2407178365628815,1.2348470980092525
2011-09-29,0.0026703540496590523,0.0,0.0,0.0026703540496590523,0.0026703540496590523,0.0,1.3548400334656723,0.8503638991518141,1.2440309924622315,1.2381445769581314
2011-09-30,0.000957809165657048,2.7372516836461783e-05,8.211755050938532e-05,0.0009304366488205862,0.0008756916151476627,0.15000000000000002,1.2942053111868919,0.771854039955813,1.2451884844898868,1.2392288097825142
2011-10-03,0.00973441300235598,2.737251683646178e-05,8.211755050938531e-05,0.009707040485519519,0.009652295451846595,0.14999999999999997,1.2335705889081112,0.6933441807598117,1.257275579520933,1.2511902123869751
2011-10-04,-0.009492689183793765,2.7372516836461772e-05,8.21175505093853e-05,-0.009520061700630227,-0.009574806734303151,0.14999999999999997,1.1729358666293308,0.6148343215638106,1.245306238429198,1.2392103079155181
2011-10-05,-0.0025025482806605884,2.7372516836461786e-05,8.211755050938532e-05,-0.0025299207974970503,-0.002584665831169974,0.15000000000000002,1.1934937801566534,0.5363244623678095,1.2421557122773432,1.2360073633750153
2011-10-06,-0.008598214553346077,2.737251683646179e-05,8.211755050938535e-05,-0.008625587070182539,-0.008680332103855463,0.15,1.2400255001401363,0.4578146031718084,1.2314413900263703,1.2252784089781095
2011-10-07,-0.0003590696782361776,2.166931803002848e-05,6.500795409008543e-05,-0.0003807389962662061,-0.00042407763232626305,0.11874676062577316,1.2768621069026977,0.3956626601270704,1.230972532267571,1.2247587958114896
2011-10-10,-0.015234112198193353,0.0,0.0,-0.015234112198193353,-0.015234112198193353,0.0,1.2768621069026977,0.3956626601270704,1.2122197585981127,1.206100682900373
2011-10-11,-0.0013534375895611654,0.0,0.0,-0.0013534375895611654,-0.0013534375895611654,0.0,1.2768621069026977,0.3956626601270704,1.2105790948100172,1.2044683008993402
2011-10-12,-0.010099615435190246,0.0,0.0,-0.010099615435190246,-0.010099615435190246,0.0,1.2768621069026977,0.3956626601270704,1.1983527114985555,1.19230363425638
2011-10-13,0.0036651403826488613,0.0,0.0,0.0036651403826488613,0.0036651403826488613,0.0,1.2768621069026977,0.3956626601270704,1.2027448424141256,1.196673594454672
2011-10-14,-0.008992866433892674,0.0,0.0,-0.008992866433892674,-0.008992866433892674,0.0,1.2768621069026977,0.3956626601270704,1.191928718692242,1.185912068654775
2011-10-17,0.013776821376091675,0.0,0.0,0.013776821376091675,0.013776821376091675,0.0,1.2768621069026977,0.3956626601270704,1.2083497077426988,1.202250167392383
2011-10-18,-0.008617916721621212,0.0,0.0,-0.008617916721621212,-0.008617916721621212,0.0,1.2768621069026977,0.3956626601270704,1.197936250590777,1.1918892755712402
2011-10-19,0.004120365526112344,0.0,0.0,0.004120365526112344,0.004120365526112344,0.0,1.2768621069026977,0.3956626601270704,1.2028721858201914,1.196800295053247
2011-10-20,-0.0024310941403313593,0.0,0.0,-0.0024310941403313593,-0.0024310941403313593,0.0,1.2768621069026977,0.3956626601270704,1.1999478902976763,1.1938907608687963
2011-10-21,-0.007329666791477586,0.0,0.0,-0.007329666791477586,-0.007329666791477586,0.0,1.2768621069026977,0.3956626601270704,1.191152672094658,1.1851399394062043
2011-10-24,-0.006578084502207759,0.0,0.0,-0.006578084502207759,-0.006578084502207759,0.0,1.2768621069026977,0.3956626601270704,1.1833171691625888,1.177343988737849
2011-10-25,0.0163865206989057,0.0,0.0,0.0163865206989057,0.0163865206989057,0.0,1.2768621069026977,0.3956626601270704,1.2027076204484421,1.196636560379034
2011-10-26,-0.007981099118809504,0.0,0.0,-0.007981099118809504,-0.007981099118809504,0.0,1.2768621069026977,0.3956626601270704,1.1931086917186957,1.1870860853814578
2011-10-27,-0.02386840795442966,0.0,0.0,-0.02386840795442966,-0.02386840795442966,0.0,1.2768621069026977,0.3956626601270704,1.164631086730778,1.1587522304185462
2011-10-28,0.005258376873895298,0.0,0.0,0.005258376873895298,0.005258376873895298,0.0,1.2768621069026977,0.3956626601270704,1.1707551559038627,1.1648453863495536
2011-10-31,0.015567644916994177,2.311912083661598e-05,6.935736250984794e-05,0.015544525796157562,0.01549828755448433,0.15000000000000005,1.1445262138435501,0.4200593349087731,1.1889539896257948,1.1828984951037134
2011-11-01,0.014370268392212174,2.3119120836615975e-05,6.935736250984791e-05,0.01434714927137556,0.014300911029702327,0.15,1.0121903207844027,0.44445600969047566,1.2060120899917537,1.1998150212393603
2011-11-02,-0.004031692846448733,2.3119120836615982e-05,6.935736250984794e-05,-0.004054811967285349,-0.004101050208958581,0.15000000000000002,0.8798544277252552,0.46885268447217826,1.2011219377365643,1.194894519595795
2011-11-03,-0.00284170715474688,7.651240956723565e-06,2.295372287017069e-05,-0.0028493583957036038,-0.002864660877617051,0.04964229183364247,0.8360580475698691,0.47692673013407,1.197699510859011,1.1914715520126298
2011-11-04,0.0008729821605895508,0.0,0.0,0.0008729821605895508,0.0008729821605895508,0.0,0.8360580475698691,0.47692673013407,1.1987450811657376,1.1925116854223867
2011-11-07,0.002522222554863421,0.0,0.0,0.002522222554863421,0.002522222554863421,0.0,0.8360580475698691,0.47692673013407,1.2017685830469853,1.1955194652922971
2011-11-08,-0.003147879399544909,0.0,0.0,-0.003147879399544909,-0.003147879399544909,0.0,0.8360580475698691,0.47692673013407,1.1979855604813914,1.1917561141957487
2011-11-09,0.00835607782175147,0.0,0.0,0.00835607782175147,0.00835607782175147,0.0,0.8360580475698691,0.47692673013407,1.2079960210541085,1.2017145210305165
2011-11-10,-0.003547109421575964,0.0,0.0,-0.003547109421575964,-0.003547109421575964,0.0,0.8360580475698691,0.47692673013407,1.2037111269866012,1.1974519081309245
2011-11-11,-0.0017358069474349043,0.0,0.0,-0.0017358069474349043,-0.0017358069474349043,0.0,0.8360580475698691,0.47692673013407,1.2016217168496732,1.1953733627895717
2011-11-14,0.004540749099617249,0.0,0.0,0.004540749099617249,0.004540749099617249,0.0,0.8360580475698691,0.47692673013407,1.207077979578539,1.200801253310365
2011-11-15,0.00042456740014845424,0.0,0.0,0.00042456740014845424,0.00042456740014845424,0.0,0.8360580475698691,0.47692673013407,1.207590465538105,1.2013110743765778
2011-11-16,0.0027986536039061516,0.0,0.0,0.0027986536039061516,0.0027986536039061516,0.0,0.8360580475698691,0.47692673013407,1.210970092946526,1.2046731279442942
2011-11-17,0.000323546727647663,0.0,0.0,0.000323546727647663,0.000323546727647663,0.0,0.8360580475698691,0.47692673013407,1.211361898357378,1.2050628959927256
2011-11-18,-0.0012286022973451382,0.0,0.0,-0.0012286022973451382,-0.0012286022973451382,0.0,0.8360580475698691,0.47692673013407,1.2098736163461397,1.2035823529502636
2011-11-21,0.0011164620152544738,0.0,0.0,0.0011164620152544738,0.0011164620152544738,0.0,0.8360580475698691,0.47692673013407,1.2112243942820486,1.2049261069295631
2011-11-22,0.0025098278598091285,0.0,0.0,0.0025098278598091285,0.0025098278598091285,0.0,0.8360580475698691,0.47692673013407,1.214264359011298,1.207950264041746
2011-11-23,0.0037901669350395603,0.0,0.0,0.0037901669350395603,0.0037901669350395603,0.0,0.8360580475698691,0.47692673013407,1.2188666236352197,1.2125285971916895
2011-11-25,-0.0030595258989469707,0.0,0.0,-0.0030595258989469707,-0.0030595258989469707,0.0,0.8360580475698691,0.47692673013407,1.2151374696328456,1.2088188345453676
2011-11-28,-0.0023938322644650443,0.0,0.0,-0.0023938322644650443,-0.0023938322644650443,0.0,0.8360580475698691,0.47692673013407,1.2122286343522781,1.20592512501734
2011-11-29,-0.0012294070011041078,0.0,0.0,-0.0012294070011041078,-0.0012294070011041078,0.0,0.8360580475698691,0.47692673013407,1.2107383119822666,1.2044425522258364
2011-11-30,-0.005088540276493303,2.0167727547136992e-05,6.050318264141098e-05,-0.00510870800404044,-0.005149043459134714,0.15000000000000002,0.9338801038446634,0.5094159047375791,1.2045530034770444,1.1982408251803944
2011-12-01,-0.0007530064114973457,2.5743231684086305e-06,7.72296950522589e-06,-0.0007555807346657544,-0.0007607293810025716,0.019146851045005908,0.9463666661140612,0.5135630073156363,1.2036428664337333,1.1973292881791628
2011-12-02,0.0027323779155036536,0.0,0.0,0.0027323779155036536,0.0027323779155036536,0.0,0.9463666661140612,0.5135630073156363,1.2069316736201305,1.2006008442837695
2011-12-05,-0.0024432933064134853,0.0,0.0,-0.0024432933064134853,-0.0024432933064134853,0.0,0.9463666661140612,0.5135630073156363,1.2039827855406762,1.1976674242772565
2011-12-06,-0.0003701711960032775,0.0,0.0,-0.0003701711960032775,-0.0003701711960032775,0.0,0.9463666661140612,0.5135630073156363,1.2035371057929853,1.1972240822943976
2011-12-07,0.0013367065440424092,0.0,0.0,0.0013367065440424092,0.0013367065440424092,0.0,0.9463666661140612,0.5135630073156363,1.2051458817182967,1.1988244195598856
2011-12-08,0.005211268957804831,0.0,0.0,0.005211268957804831,0.005211268957804831,0.0,0.9463666661140612,0.5135630073156363,1.2114262210413216,1.2050718160433964
2011-12-09,-0.006243266168813478,0.0,0.0,-0.006243266168813478,-0.006243266168813478,0.0,0.9463666661140612,0.5135630073156363,1.2038629646994807,1.1975482319433022
2011-12-12,0.004285724969214854,0.0,0.0,0.004285724969214854,0.004285724969214854,0.0,0.9463666661140612,0.5135630073156363,1.2090223902668062,1.2026805943027805
2011-12-13,0.0025770120023245434,0.0,0.0,0.0025770120023245434,0.0025770120023245434,0.0,0.9463666661140612,0.5135630073156363,1.212138055477603,1.2057799166292615
2011-12-14,0.0021119628188431532,0.0,0.0,0.0021119628188431532,0.0021119628188431532,0.0,0.9463666661140612,0.5135630073156363,1.2146980459820764,1.2083264789808903
2011-12-15,-0.0015849646387910623,0.0,0.0,-0.0015849646387910623,-0.0015849646387910623,0.0,0.9463666661140612,0.5135630073156363,1.2127727925323861,1.2064113242395906
2011-12-16,0.003977586903922951,0.0,0.0,0.003977586903922951,0.003977586903922951,0.0,0.9463666661140612,0.5135630073156363,1.217596701709397,1.2112099301236303
2011-12-19,0.003908490731121206,0.0,0.0,0.003908490731121206,0.003908490731121206,0.0,0.9463666661140612,0.5135630073156363,1.2223556671322717,1.2159439329089603
2011-12-20,-0.008520924282564695,0.0,0.0,-0.008520924282564695,-0.008520924282564695,0.0,0.9463666661140612,0.5135630073156363,1.2119400670462739,1.2055829667247993
2011-12-21,-0.0025166446289194024,0.0,0.0,-0.0025166446289194024,-0.0025166446289194024,0.0,0.9463666661140612,0.5135630073156363,1.2088900445859696,1.2025489428268745
2011-12-22,-0.001311414967856562,0.0,0.0,-0.001311414967856562,-0.001311414967856562,0.0,0.9463666661140612,0.5135630073156363,1.2073046880870069,1.2009719021436713
2011-12-23,-0.0024035961537710046,0.0,0.0,-0.0024035961537710046,-0.0024035961537710046,0.0,0.9463666661140612,0.5135630073156363,1.2044028151822912,1.1980852506988917
2011-12-27,0.0009969239918784004,0.0,0.0,0.0009969239918784004,0.0009969239918784004,0.0,0.9463666661140612,0.5135630073156363,1.2056035132446323,1.199279650629629
2011-12-28,0.004508258769511955,0.0,0.0,0.004508258769511955,0.004508258769511955,0.0,0.9463666661140612,0.5135630073156363,1.211038685855772,1.2046863136316774
2011-12-29,-0.001206712514847384,0.0,0.0,-0.001206712514847384,-0.001206712514847384,0.0,0.9463666661140612,0.5135630073156363,1.2095773103175855,1.2032326035805527
2011-12-30,0.003332180290451362,0.0,0.0,0.003332180290451362,0.003332180290451362,0.0,0.9463666661140612,0.5135630073156363,1.213607839990803,1.2072419915470323
2012-01-03,-0.004538060176104211,0.0,0.0,-0.004538060176104211,-0.004538060176104211,0.0,0.9463666661140612,0.5135630073156363,1.2081004145827328,1.201763454742272
2012-01-04,-0.000424776294812146,0.0,0.0,-0.000424776294812146,-0.000424776294812146,0.0,0.9463666661140612,0.5135630073156363,1.2075872421648652,1.2012529741147258
2012-01-05,0.001546982442967051,0.0,0.0,0.001546982442967051,0.001546982442967051,0.0,0.9463666661140612,0.5135630073156363,1.2094553584268453,1.203111291375243
2012-01-06,0.004097590991224407,0.0,0.0,0.004097590991224407,0.004097590991224407,0.0,0.9463666661140612,0.5135630073156363,1.2144112118078232,1.2080411493642227
2012-01-09,-0.0013700569453415758,0.0,0.0,-0.0013700569453415758,-0.0013700569453415758,0.0,0.9463666661140612,0.5135630073156363,1.2127473992925852,1.206386064197278
2012-01-10,-0.0015359106608070865,0.0,0.0,-0.0015359106608070865,-0.0015359106608070865,0.0,0.9463666661140612,0.5135630073156363,1.2108847276331458,1.2045331629802283
2012-01-11,0.003993023928117895,0.0,0.0,0.003993023928117895,0.003993023928117895,0.0,0.9463666661140612,0.5135630073156363,1.2157198193247774,1.2093428927222198
2012-01-12,-0.0014356999752706957,0.0,0.0,-0.0014356999752706957,-0.0014356999752706957,0.0,0.9463666661140612,0.5135630073156363,1.2139744104102366,1.2076066391610447
2012-01-13,0.0035382776001947787,0.0,0.0,0.0035382776001947787,0.0035382776001947787,0.0,0.9463666661140612,0.5135630073156363,1.218269788873801,1.2118794866822349
2012-01-17,-0.00037670649455009866,0.0,0.0,-0.00037670649455009866,-0.00037670649455009866,0.0,0.9463666661140612,0.5135630073156363,1.217810858732218,1.2114229638089895
2012-01-18,-0.004983194486673895,0.0,0.0,-0.004983194486673895,-0.004983194486673895,0.0,0.9463666661140612,0.5135630073156363,1.211742270375172,1.2053862075747064
2012-01-19,-0.005973052252697572,0.0,0.0,-0.005973052252697572,-0.005973052252697572,0.0,0.9463666661140612,0.5135630073156363,1.2045044704774186,1.1981863727721815
2012-01-20,-0.0013886330906695652,0.0,0.0,-0.0013886330906695652,-0.0013886330906695652,0.0,0.9463666661140612,0.5135630073156363,1.2028318557118542,1.1965225315261607
2012-01-23,-0.00225544359540759,0.0,0.0,-0.00225544359540759,-0.00225544359540759,0.0,0.9463666661140612,0.5135630073156363,1.2001189363065368,1.193823842445669
2012-01-24,-0.0014441144271912245,0.0,0.0,-0.0014441144271912245,-0.0014441144271912245,0.0,0.9463666661140612,0.5135630073156363,1.198385827236271,1.1920998242112684
2012-01-25,0.0009126064028873884,0.0,0.0,0.0009126064028873884,0.0009126064028873884,0.0,0.9463666661140612,0.5135630073156363,1.1994794818153365,1.1931877421437247
2012-01-26,0.004033827218389477,0.0,0.0,0.004033827218389477,0.004033827218389477,0.0,0.9463666661140612,0.5135630073156363,1.204317974796983,1.1980008553346329
2012-01-27,0.0022566366559234495,0.0,0.0,0.0022566366559234495,0.0022566366559234495,0.0,0.9463666661140612,0.5135630073156363,1.2070356828842972,1.2007043079786086
2012-01-30,0.004683757693098705,0.0,0.0,0.004683757693098705,0.004683757693098705,0.0,0.9463666661140612,0.5135630073156363,1.2126891455498512,1.2063281160182402
2012-01-31,0.0027274587594869385,2.298345367632666e-05,6.895036102897998e-05,0.0027044753058106117,0.0026585083984579584,0.15000000000000002,1.0308933069703603,0.5685575924912718,1.2159688333976153,1.2095351494459707
2012-02-01,-0.005044564640874982,2.298345367632665e-05,6.895036102897995e-05,-0.0050675480945513085,-0.005113515001903962,0.14999999999999997,1.1154199478266595,0.6235521776669073,1.2098068528528974,1.2033501733139487
2012-02-02,0.0011836566916894535,2.2983453676326656e-05,6.895036102897997e-05,0.0011606732380131269,0.0011147063306604734,0.15,1.1999465886829586,0.6785467628425428,1.2112110432901686,1.2046915553701432
2012-02-03,-0.009156133060257098,2.298345367632665e-05,6.895036102897995e-05,-0.009179116513933425,-0.009225083421286077,0.14999999999999997,1.2844732295392576,0.7335413480181784,1.2000931960008452,1.1935781752749348
2012-02-06,0.0028605423274119263,2.298345367632665e-05,6.895036102897995e-05,0.0028375588737355995,0.0027915919663829463,0.14999999999999997,1.3689998703955568,0.788535933193814,1.203498531098467,1.1969101585202824
2012-02-07,-0.005557194604691047,2.2983453676326646e-05,6.895036102897993e-05,-0.005580178058367373,-0.005626144965720027,0.14999999999999994,1.4535265112518556,0.8435305183694495,1.1967827950019538,1.1901761684575043
2012-02-08,-0.0005582484286663262,1.898176240969621e-05,5.6945287229088635e-05,-0.0005772301910760224,-0.0006151937158954148,0.12388322493007924,1.5233360636637554,0.8889498954711138,1.1960919758405184,1.1894439795578606
2012-02-09,-0.002731391695475218,0.0,0.0,-0.002731391695475218,-0.002731391695475218,0.0,1.5233360636637554,0.8889498954711138,1.1928249801506832,1.1861951421498633
2012-02-10,0.007842496389230465,0.0,0.0,0.007842496389230465,0.007842496389230465,0.0,1.5233360636637554,0.8889498954711138,1.2021797057504988,1.1954978732690964
2012-02-13,-0.00016782764075694984,0.0,0.0,-0.00016782764075694984,-0.00016782764075694984,0.0,1.5233360636637554,0.8889498954711138,1.2019779467667169,1.1952972356814957
2012-02-14,0.00472566150901352,0.0,0.0,0.00472566150901352,0.00472566150901352,0.0,1.5233360636637554,0.8889498954711138,1.2076580876844354,1.200945805819986
2012-02-15,0.0019028076389867108,0.0,0.0,0.0019028076389867108,0.0019028076389867108,0.0,1.5233360636637554,0.8889498954711138,1.2099560287189652,1.2032309746733092
2012-02-16,-0.0051387202218377654,0.0,0.0,-0.0051387202218377654,-0.0051387202218377654,0.0,1.5233360636637554,0.8889498954711138,1.2037384032066525,1.1970479073322138
2012-02-17,-0.0019225777801650512,0.0,0.0,-0.0019225777801650512,-0.0019225777801650512,0.0,1.5233360636637554,0.8889498954711138,1.2014241224995161,1.1947464896237838
2012-02-21,-0.0022405870091930305,0.0,0.0,-0.0022405870091930305,-0.0022405870091930305,0.0,1.5233360636637554,0.8889498954711138,1.1987322272181125,1.1920695561598538
2012-02-22,0.005812522995187693,0.0,0.0,0.005812522995187693,0.005812522995187693,0.0,1.5233360636637554,0.8889498954711138,1.2056998858538903,1.1989984878668962
2012-02-23,-0.003914964489026873,0.0,0.0,-0.003914964489026873,-0.003914964489026873,0.0,1.5233360636637554,0.8889498954711138,1.2009796136163486,1.1943044513645005
2012-02-24,-0.00194245464870889,0.0,0.0,-0.00194245464870889,-0.00194245464870889,0.0,1.5233360636637554,0.8889498954711138,1.198646765182875,1.1919845691309738
2012-02-27,0.004929645556955107,0.0,0.0,0.004929645556955107,0.004929645556955107,0.0,1.5233360636637554,0.8889498954711138,1.2045556688832173,1.1978606305661494
2012-02-28,-0.000887306840437887,0.0,0.0,-0.000887306840437887,-0.000887306840437887,0.0,1.5233360636637554,0.8889498954711138,1.203486858398529,1.1967977606347568
2012-02-29,-0.005755594063971763,2.515025430271207e-05,7.545076290813618e-05,-0.005780744318274475,-0.005831044826879899,0.15000000000000002,1.563065762742548,0.905179705469773,1.1965298085797238,1.189819179243786
2012-03-01,6.645122254592302e-05,2.5150254302712058e-05,7.545076290813616e-05,4.1300968243210964e-05,-8.999540362213145e-06,0.14999999999999994,1.6027954618213403,0.9214095154684318,1.19657922641935,1.1898084714180586
2012-03-02,0.006061056780443248,2.515025430271207e-05,7.545076290813618e-05,0.006035906526140535,0.0059856060175351115,0.15000000000000002,1.6425251609001326,0.9376393254670907,1.2038016667811389,1.1969301961642929
2012-03-05,-0.005790964528985683,2.515025430271207e-05,7.545076290813618e-05,-0.005816114783288396,-0.00586641529189382,0.14999999999999997,1.6933000566878043,0.9538691354657498,1.196800218110826,1.1899085065581851
2012-03-06,-0.003112905013237667,2.515025430271206e-05,7.545076290813618e-05,-0.003138055267540379,-0.0031883557761458034,0.15000000000000002,1.7693875969919772,0.9700989454644088,1.1930445928821898,1.1861146548982153
2012-03-07,0.002643854440882867,2.515025430271207e-05,7.545076290813619e-05,0.002618704186580155,0.0025684036779747305,0.15,1.8454751372961498,0.9863287554630679,1.1961688237523471,1.1891610761403557
2012-03-08,0.0037294873149935357,2.515025430271206e-05,7.545076290813618e-05,0.0037043370606908237,0.0036540365520853994,0.14999999999999997,1.9215626776003223,1.0025585654617268,1.2005998362570158,1.1935063141788897
2012-03-09,0.00913705108757349,2.5150254302712065e-05,7.545076290813619e-05,0.009111900833270778,0.009061600324665355,0.14999999999999997,1.997650217904495,1.0187883754603857,1.2115395829054307,1.2043213913829434
2012-03-12,-0.0037952308339770755,7.767055817768703e-07,2.330116745330611e-06,-0.003796007539558852,-0.003797560950722406,0.0046323920173628914,2.0000000000000004,1.0192895944089262,1.2069405695142477,1.1997479074949078
2012-03-13,0.009319959264196152,0.0,0.0,0.009319959264196152,0.009319959264196152,0.0,2.0000000000000004,1.0192895944089262,1.2181892064564261,1.210929509120065
2012-03-14,-0.010657446154018018,0.0,0.0,-0.010657446154018018,-0.010657446154018018,0.0,2.0000000000000004,1.0192895944089262,1.205206420583211,1.1980240930803063
2012-03-15,0.004133314604360215,0.0,0.0,0.004133314604360215,0.004133314604360215,0.0,2.0000000000000004,1.0192895944089262,1.2101879178826762,1.2029759035606107
2012-03-16,-0.0007525752718686727,0.0,0.0,-0.0007525752718686727,-0.0007525752718686727,0.0,2.0000000000000004,1.0192895944089262,1.2092771603813635,1.2020705736429371
2012-03-19,-0.002134001067380287,0.0,0.0,-0.002134001067380287,-0.002134001067380287,0.0,2.0000000000000004,1.0192895944089262,1.206696561630351,1.1995053537557168
2012-03-20,-0.0030503256655144066,0.0,0.0,-0.0030503256655144066,-0.0030503256655144066,0.0,2.0000000000000004,1.0192895944089262,1.2030157441379221,1.1958464717892336
2012-03-21,0.0025094213195897,0.0,0.0,0.0025094213195897,0.0025094213195897,0.0,2.0000000000000004,1.0192895944089262,1.206034617494064,1.1988473544204978
2012-03-22,-0.006711290420237617,0.0,0.0,-0.006711290420237617,-0.006711290420237617,0.0,2.0000000000000004,1.0192895944089262,1.197940568919201,1.1908015416554483
2012-03-23,0.0058045565293255675,0.0,0.0,0.0058045565293255675,0.0058045565293255675,0.0,2.0000000000000004,1.0192895944089262,1.2048940826702652,1.1977136165191955
2012-03-26,0.012100632762262573,0.0,0.0,0.012100632762262573,0.012100632762262573,0.0,2.0000000000000004,1.0192895944089262,1.2194740634820813,1.2122067091470556
2012-03-27,0.0013255794455802568,0.0,0.0,0.0013255794455802568,0.0013255794455802568,0.0,2.0000000000000004,1.0192895944089262,1.2210905732350514,1.2138135854444954
2012-03-28,-0.007838552229709394,0.0,0.0,-0.007838552229709394,-0.007838552229709394,0.0,2.0000000000000004,1.0192895944089262,1.2115189909995427,1.2042990442578578
2012-03-29,-0.00020845581771417087,0.0,0.0,-0.00020845581771417087,-0.00020845581771417087,0.0,2.0000000000000004,1.0192895944089262,1.2112664428175977,1.2040480011158146
2012-03-30,-0.00235959641185181,0.0,0.0,-0.00235959641185181,-0.00235959641185181,0.0,2.0000000000000004,1.0192895944089262,1.2084083428653287,1.2012069337726843
2012-04-02,0.007700862230249411,0.0,0.0,0.007700862230249411,0.007700862230249411,0.0,2.0000000000000004,1.0192895944089262,1.2177141290316187,1.2104572628796881
2012-04-03,-0.007860236647125957,0.0,0.0,-0.007860236647125957,-0.007860236647125957,0.0,2.0000000000000004,1.0192895944089262,1.2081426078088813,1.2009427823422214
2012-04-04,-0.007640462046625702,0.0,0.0,-0.007640462046625702,-0.007640462046625702,0.0,2.0000000000000004,1.0192895944089262,1.198911840067006,1.1917670245935665
2012-04-05,0.005423741450864954,0.0,0.0,0.005423741450864954,0.005423741450864954,0.0,2.0000000000000004,1.0192895944089262,1.2054144279099102,1.1982308608046286
2012-04-09,-0.002280246235725727,0.0,0.0,-0.002280246235725727,-0.002280246235725727,0.0,2.0000000000000004,1.0192895944089262,1.202665786198179,1.1954985993947485
2012-04-10,-0.010090013247509869,0.0,0.0,-0.010090013247509869,-0.010090013247509869,0.0,2.0000000000000004,1.0192895944089262,1.1905308724831125,1.183436002689476
2012-04-11,0.00326277723625514,0.0,0.0,0.00326277723625514,0.00326277723625514,0.0,2.0000000000000004,1.0192895944089262,1.1944153095129095,1.187297290739616
2012-04-12,0.00888779322741457,0.0,0.0,0.00888779322741457,0.00888779322741457,0.0,2.0000000000000004,1.0192895944089262,1.2050310258115187,1.197849743559179
2012-04-13,-0.003931615296656944,0.0,0.0,-0.003931615296656944,-0.003931615296656944,0.0,2.0000000000000004,1.0192895944089262,1.200293307397492,1.1931402591843052
2012-04-16,-0.005465114730157459,0.0,0.0,-0.005465114730157459,-0.005465114730157459,0.0,2.0000000000000004,1.0192895944089262,1.1937335667627245,1.1866196107786933
2012-04-17,0.011907397276442256,0.0,0.0,0.011907397276442256,0.011907397276442256,0.0,2.0000000000000004,1.0192895944089262,1.2079478265843926,1.2007491619002526
2012-04-18,-0.0014134320559128963,0.0,0.0,-0.0014134320559128963,-0.0014134320559128963,0.0,2.0000000000000004,1.0192895944089262,1.206240474404428,1.1990519845437122
2012-04-19,-0.0036792284458762553,0.0,0.0,-0.0036792284458762553,-0.0036792284458762553,0.0,2.0000000000000004,1.0192895944089262,1.201802440138432,1.1946403983740947
2012-04-20,0.0006751750840886248,0.0,0.0,0.0006751750840886248,0.0006751750840886248,0.0,2.0000000000000004,1.0192895944089262,1.2026138672020101,1.1954469898055224
2012-04-23,-0.007043551594068098,0.0,0.0,-0.007043551594068098,-0.007043551594068098,0.0,2.0000000000000004,1.0192895944089262,1.194143194380631,1.1870267972548538
2012-04-24,-0.000563892061021639,0.0,0.0,-0.000563892061021639,-0.000563892061021639,0.0,2.0000000000000004,1.0192895944089262,1.193469826513597,1.186357442267662
2012-04-25,0.009978453827749643,0.0,0.0,0.009978453827749643,0.009978453827749643,0.0,2.0000000000000004,1.0192895944089262,1.2053788100722753,1.198195455228537
2012-04-26,0.006668794798955623,0.0,0.0,0.006668794798955623,0.006668794798955623,0.0,2.0000000000000004,1.0192895944089262,1.2134172340116567,1.2061859748484973
2012-04-27,0.0018416748058991972,0.0,0.0,0.0018416748058991972,0.0018416748058991972,0.0,2.0000000000000004,1.0192895944089262,1.2156519539605797,1.2084073771696047
2012-04-30,-0.005076091330772137,2.436820681669004e-05,7.310462045007012e-05,-0.005100459537588827,-0.0051491959512222065,0.15000000000000016,1.926508209732212,0.9420127693908915,1.209451570357613,1.202185050795656
2012-05-01,0.0014835575533853887,2.4368206816690023e-05,7.310462045007006e-05,0.0014591893465686987,0.0014104529329353186,0.15,1.8530164194644232,0.8647359443728566,1.2112163892042696,1.2038806762264818
2012-05-02,0.002930983239484989,2.4368206816690023e-05,7.310462045007005e-05,0.002906615032668299,0.002857878619034919,0.14999999999999997,1.7795246291966345,0.7874591193548215,1.2147369289689447,1.2073212210709388
2012-05-03,-0.005599132041228698,2.4368206816690023e-05,7.310462045007006e-05,-0.005623500248045388,-0.005672236661678768,0.15,1.706032838928846,0.7101822943367866,1.207905855547578,1.2004730093783573
2012-05-04,-0.007384393349364614,4.408689736444374e-06,1.3226069209333121e-05,-0.007388802039101058,-0.0073976194185739474,0.027137961584178725,1.6927367230552472,0.6962013909455418,1.1989808782990659,1.191592366932706
2012-05-07,0.0012651538149612341,0.0,0.0,0.0012651538149612341,0.0012651538149612341,0.0,1.6927367230552472,0.6962013909455418,1.2004977735313116,1.1930999145616097
2012-05-08,0.00036911282485614357,0.0,0.0,0.00036911282485614357,0.00036911282485614357,0.0,1.6927367230552472,0.6962013909455418,1.2009408926557332,1.1935403030414091
2012-05-09,-0.0013289786598953144,0.0,0.0,-0.0013289786598953144,-0.0013289786598953144,0.0,1.6927367230552472,0.6962013909455418,1.1993448678375982,1.191954113448942
2012-05-10,0.0001092931234627165,0.0,0.0,0.0001092931234627165,0.0001092931234627165,0.0,1.6927367230552472,0.6962013909455418,1.1994759479843131,1.1920843858370251
2012-05-11,0.002059656631118399,0.0,0.0,0.002059656631118399,0.002059656631118399,0.0,1.6927367230552472,0.6962013909455418,1.201946456574446,1.1945396703471671
2012-05-14,0.0003366019887921772,0.0,0.0,0.0003366019887921772,0.0003366019887921772,0.0,1.6927367230552472,0.6962013909455418,1.2023510341421508,1.1949417547758971
2012-05-15,0.0019136197276826024,0.0,0.0,0.0019136197276826024,0.0019136197276826024,0.0,1.6927367230552472,0.6962013909455418,1.2046518768006849,1.1972284188912679
2012-05-16,-0.0012937317808027053,0.0,0.0,-0.0012937317808027053,-0.0012937317808027053,0.0,1.6927367230552472,0.6962013909455418,1.203093380382864,1.195679526436868
2012-05-17,-0.007755684192951508,0.0,0.0,-0.007755684192951508,-0.007755684192951508,0.0,1.6927367230552472,0.6962013909455418,1.1937625680699842,1.186406213633846
2012-05-18,-0.0072408048757957874,0.0,0.0,-0.0072408048757957874,-0.0072408048757957874,0.0,1.6927367230552472,0.6962013909455418,1.1851187662465605,1.1778156777374915
2012-05-21,0.009912288214985866,0.0,0.0,0.009912288214985866,0.009912288214985866,0.0,1.6927367230552472,0.6962013909455418,1.196866005026585,1.1894905261993545
2012-05-22,0.002055664077259821,0.0,0.0,0.002055664077259821,0.002055664077259821,0.0,1.6927367230552472,0.6962013909455418,1.1993263594784114,1.1919357191443034
2012-05-23,0.0028022921337342455,0.0,0.0,0.0028022921337342455,0.0028022921337342455,0.0,1.6927367230552472,0.6962013909455418,1.2026872223013578,1.1952758712339784
2012-05-24,-0.0007050791355431474,0.0,0.0,-0.0007050791355431474,-0.0007050791355431474,0.0,1.6927367230552472,0.6962013909455418,1.2018392326343288,1.194433107155953
2012-05-25,0.00102500795425014,0.0,0.0,0.00102500795425014,0.00102500795425014,0.0,1.6927367230552472,0.6962013909455418,1.203071127407509,1.1956574105916078
2012-05-29,0.005000845244656737,0.0,0.0,0.005000845244656737,0.005000845244656737,0.0,1.6927367230552472,0.6962013909455418,1.2090874999339887,1.2016367082676036
2012-05-30,0.003259188496555744,0.0,0.0,0.003259188496555744,0.003259188496555744,0.0,1.6927367230552472,0.6962013909455418,1.213028144005103,1.2055530688042286
2012-05-31,-0.0004404152594893059,2.657934252822095e-05,7.973802758466285e-05,-0.00046699460201752685,-0.0005201532870739687,0.15,1.7235309702031802,0.6487275633100414,1.2124616664097572,1.204925996412748
2012-06-01,-0.006086299853476923,2.657934252822095e-05,7.973802758466287e-05,-0.006112879196005143,-0.006166037881061586,0.15000000000000002,1.7543252173511128,0.6012537356745413,1.2050500347132074,1.197496377074991
2012-06-04,-0.0031301024315340898,2.657934252822095e-05,7.973802758466285e-05,-0.003156681774062311,-0.003209840459118753,0.14999999999999997,1.7851194644990453,0.5537799080390412,1.201246075231795,1.1936526047542075
2012-06-05,0.0004926072082286157,2.6579342528220943e-05,7.973802758466285e-05,0.00046602786570039477,0.0004128691806439529,0.15000000000000002,1.8159137116469783,0.5063060804035411,1.2018058893764165,1.194145427127106
2012-06-06,-0.0043736613494480495,2.6579342528220954e-05,7.973802758466287e-05,-0.00440024069197627,-0.004453399377032713,0.15,1.846707958794911,0.45883225276804096,1.1965176541981257,1.1888274206258516
2012-06-07,0.002588449254922751,2.657934252822095e-05,7.973802758466287e-05,0.0025618699123945298,0.002508711227338088,0.15000000000000002,1.8775022059428434,0.41135842513254095,1.1995829767760648,1.191809845323343
2012-06-08,0.004713916259449962,2.657934252822096e-05,7.973802758466288e-05,0.004687336916921741,0.004634178231865299,0.15000000000000002,1.9082964530907764,0.3638845974970408,1.2052058263480183,1.1973329045650631
2012-06-11,0.0027164066210227556,2.657934252822095e-05,7.973802758466287e-05,0.0026898272784945344,0.0026366685934380925,0.15000000000000002,1.939090700238709,0.3164107698615407,1.2084476218559297,1.2004898746304198
2012-06-12,-0.007048932314358254,2.6579342528220957e-05,7.973802758466287e-05,-0.0070755116568864745,-0.007128670341942917,0.14999999999999997,1.969884947386642,0.26893694222604053,1.1998972366207514,1.1919319780653392
2012-06-13,0.0023098087818233725,2.5993111467236805e-05,7.797933440171039e-05,0.002283815670356136,0.002231829447421662,0.14669161646665047,2.0,0.2225101921213029,1.2026375807325629,1.194592166953309
2012-06-14,-0.007356853477958485,0.0,0.0,-0.007356853477958485,-0.007356853477958485,0.0,2.0,0.2225101921213029,1.193789952264027,1.1858037274151167
2012-06-15,-0.0010041679060895697,0.0,0.0,-0.0010041679060895697,-0.0010041679060895697,0.0,2.0,0.2225101921213029,1.192591186707351,1.184612981369125
2012-06-18,0.005313101415179529,0.0,0.0,0.005313101415179529,0.005313101415179529,0.0,2.0,0.2225101921213029,1.1989275446291765,1.1909069502768774
2012-06-19,-0.011081003364833716,0.0,0.0,-0.011081003364833716,-0.011081003364833716,0.0,2.0,0.2225101921213029,1.1856422244729488,1.1777105063536555
2012-06-20,0.005779401590520016,0.0,0.0,0.005779401590520016,0.005779401590520016,0.0,2.0,0.2225101921213029,1.1924945270308553,1.1845169683272478
2012-06-21,0.019179477009126596,0.0,0.0,0.019179477009126596,0.019179477009126596,0.0,2.0,0.2225101921213029,1.215365948395553,1.2072353842882007
2012-06-22,-0.007248999673103614,0.0,0.0,-0.007248999673103614,-0.007248999673103614,0.0,2.0,0.2225101921213029,1.2065557610329323,1.1984841353821363
2012-06-25,0.004366821691923727,0.0,0.0,0.004366821691923727,0.004366821691923727,0.0,2.0,0.2225101921213029,1.2118245749027263,1.2037177019019494
2012-06-26,-0.0030565435887213955,0.0,0.0,-0.0030565435887213955,-0.0030565435887213955,0.0,2.0,0.2225101921213029,1.2081205802676522,1.2000384862775706
2012-06-27,-0.0004911421612112956,0.0,0.0,-0.0004911421612112956,-0.0004911421612112956,0.0,2.0,0.2225101921213029,1.2075272213148558,1.1994490967818836
2012-06-28,0.004576048270685349,0.0,0.0,0.004576048270685349,0.004576048270685349,0.0,2.0,0.2225101921213029,1.2130529241677592,1.2049378337469874
2012-06-29,-0.030187311014327357,0.0,0.0,-0.030187311014327357,-0.030187311014327357,0.0,2.0,0.2225101921213029,1.1764341182690679,1.1685640006067373
2012-07-02,0.005579278760997004,0.0,0.0,0.005579278760997004,0.005579278760997004,0.0,2.0,0.2225101921213029,1.1829977721588387,1.1750837449161882
2012-07-03,-0.014218356552384627,0.0,0.0,-0.014218356552384627,-0.014218356552384627,0.0,2.0,0.2225101921213029,1.1661774880336075,1.1583759852520583
2012-07-05,0.013651919092157495,0.0,0.0,0.013651919092157495,0.013651919092157495,0.0,2.0,0.2225101921213029,1.1820980487473378,1.1741900404810177
2012-07-06,0.015277616585543177,0.0,0.0,0.015277616585543177,0.015277616585543177,0.0,2.0,0.2225101921213029,1.2001576895026185,1.1921288657180502
2012-07-09,-0.0030363029182034966,0.0,0.0,-0.0030363029182034966,-0.0030363029182034966,0.0,2.0,0.2225101921213029,1.1965136472076774,1.188509201364196
2012-07-10,0.007989714543400604,0.0,0.0,0.007989714543400604,0.007989714543400604,0.0,2.0,0.2225101921213029,1.20607344969615,1.198005050615301
2012-07-11,-0.005164816084490943,0.0,0.0,-0.005164816084490943,-0.005164816084490943,0.0,2.0,0.2225101921213029,1.1998443021440819,1.1918175748605817
2012-07-12,0.004886196538647041,0.0,0.0,0.004886196538647041,0.004886196538647041,0.0,2.0,0.2225101921213029,1.2057069772201336,1.1976410297695643
2012-07-13,-0.00832325797909569,0.0,0.0,-0.00832325797909569,-0.00832325797909569,0.0,2.0,0.2225101921213029,1.1956715670015348,1.1876727545124424
2012-07-16,-0.0031563721823780816,0.0,0.0,-0.0031563721823780816,-0.0031563721823780816,0.0,2.0,0.2225101921213029,1.1918975825281908,1.183924017268331
2012-07-17,-0.0033444016378169554,0.0,0.0,-0.0033444016378169554,-0.0033444016378169554,0.0,2.0,0.2225101921213029,1.1879113983010734,1.179964499845928
2012-07-18,0.0004401461121191644,0.0,0.0,0.0004401461121191644,0.0004401461121191644,0.0,2.0,0.2225101921213029,1.1884342528845775,1.1804838566329736
2012-07-19,-0.004388476949683731,0.0,0.0,-0.004388476949683731,-0.004388476949683731,0.0,2.0,0.2225101921213029,1.183218836559579,1.1753033304386662
2012-07-20,0.009811575464524705,0.0,0.0,0.009811575464524705,0.009811575464524705,0.0,2.0,0.2225101921213029,1.1948280774655304,1.1868349077589724
2012-07-23,0.011846789083476942,0.0,0.0,0.011846789083476942,0.011846789083476942,0.0,2.0,0.2225101921213029,1.208982953690281,1.2008950905881008
2012-07-24,0.005739311351283415,0.0,0.0,0.005739311351283415,0.005739311351283415,0.0,2.0,0.2225101921213029,1.2159216832799036,1.2077874014132135
2012-07-25,-0.00863956003829363,0.0,0.0,-0.00863956003829363,-0.00863956003829363,0.0,2.0,0.2225101921213029,1.2054166548953438,1.1973526496452094
2012-07-26,-0.01352259274126245,0.0,0.0,-0.01352259274126245,-0.01352259274126245,0.0,2.0,0.2225101921213029,1.1891162963876591,1.1811613373963856
2012-07-27,-0.011374662035015543,0.0,0.0,-0.011374662035015543,-0.011374662035015543,0.0,2.0,0.2225101921213029,1.1755905003959202,1.1677260263746747
2012-07-30,0.0030910241090251317,0.0,0.0,0.0030910241090251317,0.0030910241090251317,0.0,2.0,0.2225101921213029,1.179224278974985,1.171335495674935
2012-07-31,0.00447721251164786,2.419932074973026e-05,7.259796224919077e-05,0.004453013190898129,0.004404614549398669,0.1499999999999999,1.8735877719962195,0.24074624953737478,1.184475380244288,1.176494777041412
2012-08-01,0.0012805779986391707,2.4199320749730277e-05,7.259796224919082e-05,0.0012563786778894404,0.0012079800363899798,0.15000000000000002,1.7471755439924386,0.25898230695344643,1.1859635298565119,1.1779159592449953
2012-08-02,0.008082192534812587,2.4199320749730266e-05,7.259796224919079e-05,0.008057993214062857,0.008009594572563396,0.14999999999999994,1.6207633159886574,0.2772183643695184,1.1955200159322215,1.1873505885190998
2012-08-03,-0.02266354672388185,1.4751540737744918e-05,4.425462221323475e-05,-0.022678298264619597,-0.022707801346095086,0.09143773635408348,1.5437043294810442,0.2883347897705097,1.1684076564295878,1.160388467226839
2012-08-06,-0.002870941832887828,0.0,0.0,-0.002870941832887828,-0.002870941832887828,0.0,1.5437043294810442,0.2883347897705097,1.1650532260108777,1.157057059433877
2012-08-07,-0.006615313235828278,0.0,0.0,-0.006615313235828278,-0.006615313235828278,0.0,1.5437043294810442,0.2883347897705097,1.1573460339844035,1.1494027645539955
2012-08-08,-0.0008865906065528401,0.0,0.0,-0.0008865906065528401,-0.0008865906065528401,0.0,1.5437043294810442,0.2883347897705097,1.1563199418621417,1.148383714859796
2012-08-09,0.00027328637800755546,0.0,0.0,0.00027328637800755546,0.00027328637800755546,0.0,1.5437043294810442,0.2883347897705097,1.156635948350871,1.1486975524857927
2012-08-10,0.001061858288497422,0.0,0.0,0.001061858288497422,0.001061858288497422,0.0,1.5437043294810442,0.2883347897705097,1.1578641318194014,1.1499173065028765
2012-08-13,0.0010932754078542108,0.0,0.0,0.0010932754078542108,0.0010932754078542108,0.0,1.5437043294810442,0.2883347897705097,1.159129996200356,1.1511744828151422
2012-08-14,-0.004321921555051097,0.0,0.0,-0.004321921555051097,-0.004321921555051097,0.0,1.5437043294810442,0.2883347897705097,1.1541203272846714,1.1461991970042387
2012-08-15,-0.00313044977330118,0.0,0.0,-0.00313044977330118,-0.00313044977330118,0.0,1.5437043294810442,0.2883347897705097,1.150507411567761,1.142611077987819
2012-08-16,-0.0082320521255364,0.0,0.0,-0.0082320521255364,-0.0082320521255364,0.0,1.5437043294810442,0.2883347897705097,1.1410363745849192,1.133205044034608
2012-08-17,0.0026057768646943966,0.0,0.0,0.0026057768646943966,0.0026057768646943966,0.0,1.5437043294810442,0.2883347897705097,1.1440096607715873,1.1361579235213082
2012-08-20,-0.00022464206308705592,0.0,0.0,-0.00022464206308705592,-0.00022464206308705592,0.0,1.5437043294810442,0.2883347897705097,1.1437526680812,1.1359026946613757
2012-08-21,-0.004225042272862101,0.0,0.0,-0.004225042272862101,-0.004225042272862101,0.0,1.5437043294810442,0.2883347897705097,1.138920264708858,1.1311034577585735
2012-08-22,0.0028872128061249985,0.0,0.0,0.0028872128061249985,0.0028872128061249985,0.0,1.5437043294810442,0.2883347897705097,1.1422085698822808,1.1343691941468663
2012-08-23,0.0028264190879589528,0.0,0.0,0.0028264190879589528,0.0028264190879589528,0.0,1.5437043294810442,0.2883347897705097,1.1454369299866265,1.1375753968899958
2012-08-24,0.0020315566421019136,0.0,0.0,0.0020315566421019136,0.0020315566421019136,0.0,1.5437043294810442,0.2883347897705097,1.1477639499898495,1.1398864457434392
2012-08-27,0.004085259391764035,0.0,0.0,0.004085259391764035,0.004085259391764035,0.0,1.5437043294810442,0.2883347897705097,1.1524528634460738,1.144543177551457
2012-08-28,-0.0012602002007216088,0.0,0.0,-0.0012602002007216088,-0.0012602002007216088,0.0,1.5437043294810442,0.2883347897705097,1.1510005421162368,1.143100824009372
2012-08-29,0.0010212320974897406,0.0,0.0,0.0010212320974897406,0.0010212320974897406,0.0,1.5437043294810442,0.2883347897705097,1.1521759808140741,1.1442681952615175
2012-08-30,0.006323865382609182,0.0,0.0,0.006323865382609182,0.006323865382609182,0.0,1.5437043294810442,0.2883347897705097,1.1594621866138182,1.1515043932899525
2012-08-31,-0.0017027942829423623,2.512011283125361e-05,7.536033849376082e-05,-0.001727914395773616,-0.0017781546214361232,0.15,1.5583425159132345,0.42483624841747675,1.157458735210213,1.1494568404314198
2012-09-04,0.0011969347445385458,2.5120112831253618e-05,7.536033849376084e-05,0.0011718146317072921,0.001121574406044785,0.15000000000000002,1.5729807023454245,0.5613377070644439,1.1588150622917297,1.150746041804501
2012-09-05,-0.0008983914737378829,2.5120112831253604e-05,7.53603384937608e-05,-0.0009235115865691365,-0.0009737518122316437,0.14999999999999997,1.5876188887776153,0.6978391657114109,1.1577448831550126,1.1496255007608753
2012-09-06,-0.005314823713262621,2.5120112831253618e-05,7.536033849376085e-05,-0.0053399438260938745,-0.005390184051756381,0.15000000000000005,1.6022570752098055,0.834340624358378,1.1515625905140172,1.1434288077211816
2012-09-07,-0.008053375832729926,2.5120112831253618e-05,7.536033849376085e-05,-0.00807849594556118,-0.008128736171223687,0.15000000000000002,1.6287966455355234,0.970842083005345,1.1422596967954897,1.1341341766126394
2012-09-10,-0.0003916523536355199,2.5120112831253618e-05,7.536033849376086e-05,-0.0004167724664667735,-0.00046701269212928075,0.15000000000000002,1.7060970337064443,1.107343541652312,1.1417836344043106,1.1336045215575838
2012-09-11,-0.004927499518063729,2.5120112831253604e-05,7.536033849376082e-05,-0.004952619630894983,-0.00500285985655749,0.14999999999999997,1.7833974218773654,1.2438450002992794,1.1361288143623252,1.1279332570034715
2012-09-12,-0.002311614589153218,1.9476909144661323e-05,5.8430727433983954e-05,-0.0023310914982978795,-0.002370045316587202,0.11630267711474285,1.843332369119278,1.3496815674373435,1.1334803941421938,1.1252600040702874
2012-09-13,0.006544060809716238,0.0,0.0,0.006544060809716238,0.006544060809716238,0.0,1.843332369119278,1.3496815674373435,1.1408979587680814,1.1326237739636649
2012-09-14,-0.006128777209289123,0.0,0.0,-0.006128777209289123,-0.006128777209289123,0.0,1.843332369119278,1.3496815674373435,1.133905649360259,1.1256821751910973
2012-09-17,0.0017154176301057257,0.0,0.0,0.0017154176301057257,0.0017154176301057257,0.0,1.843332369119278,1.3496815674373435,1.1358507711020482,1.127613190240316
2012-09-18,0.0028970418302937625,0.0,0.0,0.0028970418302937625,0.0028970418302937625,0.0,1.843332369119278,1.3496815674373435,1.1391413782989024,1.1308799328208332
2012-09-19,0.0016371272571804416,0.0,0.0,0.0016371272571804416,0.0016371272571804416,0.0,1.843332369119278,1.3496815674373435,1.1410062976990976,1.1327313271834527
2012-09-20,0.0018338352697841644,0.0,0.0,0.0018338352697841644,0.0018338352697841644,0.0,1.843332369119278,1.3496815674373435,1.143098715290864,1.1348085698424313
2012-09-21,0.0007082097274479272,0.0,0.0,0.0007082097274479272,0.0007082097274479272,0.0,1.843332369119278,1.3496815674373435,1.1439082689204663,1.135612252310385
2012-09-24,0.0013810584991055818,0.0,0.0,0.0013810584991055818,0.0013810584991055818,0.0,1.843332369119278,1.3496815674373435,1.1454880731574562,1.1371805992631268
2012-09-25,-0.0046201690706736435,0.0,0.0,-0.0046201690706736435,-0.0046201690706736435,0.0,1.843332369119278,1.3496815674373435,1.1401957245910286,1.1319266326306412
2012-09-26,-0.0005215952689897002,0.0,0.0,-0.0005215952689897002,-0.0005215952689897002,0.0,1.843332369119278,1.3496815674373435,1.1396010038953597,1.1313362250542176
2012-09-27,0.004474114431696542,0.0,0.0,0.004474114431696542,0.004474114431696542,0.0,1.843332369119278,1.3496815674373435,1.1446997091932638,1.1363979527858339
2012-09-28,-0.0034175133654398737,0.0,0.0,-0.0034175133654398737,-0.0034175133654398737,0.0,1.843332369119278,1.3496815674373435,1.1407876826376808,1.13251429759373
2012-10-01,0.0015232211514022073,0.0,0.0,0.0015232211514022073,0.0015232211514022073,0.0,1.843332369119278,1.3496815674373435,1.1425253545651337,1.1342393673260902
2012-10-02,0.0002530486785808432,0.0,0.0,0.0002530486785808432,0.0002530486785808432,0.0,1.843332369119278,1.3496815674373435,1.1428144690963515,1.1345263850991865
2012-10-03,0.0028741812389768704,0.0,0.0,0.0028741812389768704,0.0028741812389768704,0.0,1.843332369119278,1.3496815674373435,1.1460991250030597,1.1377872195503629
2012-10-04,-0.0026730073928414207,0.0,0.0,-0.0026730073928414207,-0.0026730073928414207,0.0,1.843332369119278,1.3496815674373435,1.1430355935689975,1.1347459059010243
2012-10-05,-0.005348621545349636,0.0,0.0,-0.005348621545349636,-0.005348621545349636,0.0,1.843332369119278,1.3496815674373435,1.136921928766133,1.1286765795002247
2012-10-08,-0.0001285898791288366,0.0,0.0,-0.0001285898791288366,-0.0001285898791288366,0.0,1.843332369119278,1.3496815674373435,1.136775732112734,1.1285314431152913
2012-10-09,-0.0065114705726297606,0.0,0.0,-0.0065114705726297606,-0.0065114705726297606,0.0,1.843332369119278,1.3496815674373435,1.1293736503854024,1.1211830438331587
2012-10-10,-0.0021976028378634374,0.0,0.0,-0.0021976028378634374,-0.0021976028378634374,0.0,1.843332369119278,1.3496815674373435,1.1268917356463073,1.1187191287942666
2012-10-11,0.0011800157032720927,0.0,0.0,0.0011800157032720927,0.0011800157032720927,0.0,1.843332369119278,1.3496815674373435,1.1282214855902577,1.1200392349337949
2012-10-12,-0.002252572061737957,0.0,0.0,-0.002252572061737957,-0.002252572061737957,0.0,1.843332369119278,1.3496815674373435,1.1256800853923645,1.1175162658451325
2012-10-15,0.0051325174483572685,0.0,0.0,0.0051325174483572685,0.0051325174483572685,0.0,1.843332369119278,1.3496815674373435,1.1314576580719091,1.1232519375784056
2012-10-16,0.0014879277117471304,0.0,0.0,0.0014879277117471304,0.0014879277117471304,0.0,1.843332369119278,1.3496815674373435,1.133141185276023,1.1249232552636022
2012-10-17,-0.00303683290761202,0.0,0.0,-0.00303683290761202,-0.00303683290761202,0.0,1.843332369119278,1.3496815674373435,1.1297000248356062,1.1215070513034795
2012-10-18,-0.004212028349448927,0.0,0.0,-0.004212028349448927,-0.004212028349448927,0.0,1.843332369119278,1.3496815674373435,1.1249416963046255,1.1167832318092825
2012-10-19,-0.007804741647477017,0.0,0.0,-0.007804741647477017,-0.007804741647477017,0.0,1.843332369119278,1.3496815674373435,1.1161618169964933,1.1080670272087767
2012-10-22,-0.0010808193898718668,0.0,0.0,-0.0010808193898718668,-0.0010808193898718668,0.0,1.843332369119278,1.3496815674373435,1.114955447662449,1.1068694068804918
2012-10-23,-0.0014153929563342515,0.0,0.0,-0.0014153929563342515,-0.0014153929563342515,0.0,1.843332369119278,1.3496815674373435,1.1133773475752011,1.1053027517184113
2012-10-24,-0.004010824791391114,0.0,0.0,-0.004010824791391114,-0.004010824791391114,0.0,1.843332369119278,1.3496815674373435,1.1089117861073732,1.1008695760398262
2012-10-25,0.00023602463821260355,0.0,0.0,0.00023602463821260355,0.00023602463821260355,0.0,1.843332369119278,1.3496815674373435,1.109173516610499,1.1011294083832304
2012-10-26,0.0046142404323704115,0.0,0.0,0.0046142404323704115,0.0046142404323704115,0.0,1.843332369119278,1.3496815674373435,1.1142915098973576,1.1062102842206643
2012-10-31,0.0008116372746750783,2.0948748530555623e-05,6.284624559166686e-05,0.0007906885261445227,0.0007487910290834114,0.15,1.782782936715697,1.2887017908890006,1.1151725674090138,1.1070386045577685
2012-11-01,0.006751473376413859,2.0948748530555623e-05,6.284624559166686e-05,0.006730524627883303,0.006688627130822192,0.15,1.7222335043121155,1.2277220143406575,1.1226782638383,1.114443173003081
2012-11-02,-0.005193871786566239,2.0948748530555627e-05,6.284624559166688e-05,-0.005214820535096795,-0.005256718032157906,0.15000000000000002,1.6616840719085344,1.1667422377923145,1.1168236981737292,1.1085848594797405
2012-11-05,0.005007046647805381,2.0948748530555627e-05,6.284624559166688e-05,0.004986097899274825,0.004944200402213714,0.15000000000000002,1.6011346395049533,1.1057624612439716,1.1223922904690535,1.1140659251878684
2012-11-06,0.0028667616420615456,2.094874853055563e-05,6.284624559166689e-05,0.00284581289353099,0.0028039153964698788,0.15000000000000005,1.540585207101372,1.0447826846956287,1.12558640892087,1.117189671788185
2012-11-07,-0.01074042231749461,2.094874853055563e-05,6.284624559166689e-05,-0.010761371066025165,-0.010803268563086277,0.15000000000000005,1.4800357746977908,0.9838029081472858,1.113473555907598,1.105120371727951
2012-11-08,-0.006170080889898294,2.0948748530555627e-05,6.284624559166689e-05,-0.0061910296384288495,-0.0062329271354899605,0.15000000000000002,1.4314813305283498,0.9228231315989427,1.1065800081213673,1.098232236975025
2012-11-09,0.0018866697641565615,2.094874853055562e-05,6.284624559166686e-05,0.0018657210156260058,0.0018238235185648946,0.14999999999999997,1.4338696746064727,0.8618433550505996,1.108644577697991,1.100235218757666
2012-11-12,-0.00024860648567168566,2.0948748530555627e-05,6.284624559166688e-05,-0.0002695552342022413,-0.00031145273126335254,0.15000000000000002,1.4362580186845952,0.8008635785022568,1.1083457367492024,1.099892547493752
2012-11-13,-0.003989848594961135,2.094874853055562e-05,6.284624559166686e-05,-0.004010797343491691,-0.004052694840552802,0.14999999999999997,1.4386463627627184,0.7398838019539139,1.1039003866125783,1.0954350186413615
2012-11-14,-0.007772142233933525,2.0948748530555623e-05,6.284624559166686e-05,-0.0077930909824640805,-0.007834988479525191,0.14999999999999997,1.4410347068408411,0.6789040254055709,1.0952975904641291,1.086852297890238
2012-11-15,-0.0002527877572701327,2.094874853055563e-05,6.284624559166689e-05,-0.00027373650580068834,-0.0003156340028617996,0.15000000000000002,1.4434230509189638,0.6179242488572281,1.0949977675289035,1.0865092503489353
2012-11-16,0.002727565804397497,2.0948748530555617e-05,6.284624559166685e-05,0.0027066170558669414,0.00266471955880583,0.14999999999999994,1.445811394997087,0.5569444723088852,1.0979615071626334,1.0894044927991635
2012-11-19,0.01830562268687753,2.0948748530555617e-05,6.284624559166685e-05,0.018284673938346974,0.018242776441285864,0.1499999999999999,1.4481997390752095,0.49596469576054225,1.118037375317958,1.109278255415431
2012-11-20,0.0005195865834142135,1.5790527733530435e-05,4.73715832005913e-05,0.0005037960556806831,0.0004722150002136222,0.11306542520068825,1.4499999999999997,0.44999999999999984,1.1186006381377467,1.109802073247049
2012-11-21,0.004154824781238146,0.0,0.0,0.004154824781238146,0.004154824781238146,0.0,1.4499999999999997,0.44999999999999984,1.1232482277893903,1.1144131064032454
2012-11-23,0.015596115515872706,0.0,0.0,0.015596115515872706,0.015596115515872706,0.0,1.4499999999999997,0.44999999999999984,1.140766536902993,1.131793621943113
2012-11-26,-0.0009222288780160529,0.0,0.0,-0.0009222288780160529,-0.0009222288780160529,0.0,1.4499999999999997,0.44999999999999984,1.1397144890595865,1.1307498491810026
2012-11-27,-0.004558240062996525,0.0,0.0,-0.004558240062996525,-0.004558240062996525,0.0,1.4499999999999997,0.44999999999999984,1.1345193968151774,1.1255956199172386
2012-11-28,0.0020596957746098123,0.0,0.0,0.0020596957746098123,0.0020596957746098123,0.0,1.4499999999999997,0.44999999999999984,1.1368561616230104,1.1279140044595013
2012-11-29,0.006963125938909008,0.0,0.0,0.006963125938909008,0.006963125938909008,0.0,1.4499999999999997,0.44999999999999984,1.144772234250816,1.1357678117208119
2012-11-30,-0.0008527931558694687,1.920114771692317e-05,5.760344315076952e-05,-0.0008719943035863919,-0.0009103965990202382,0.15000000000000002,1.5468792802118858,0.5579517556153845,1.1437739993836453,1.1347338125677446
2012-12-03,-0.0006787993740551596,1.9201147716923164e-05,5.760344315076949e-05,-0.0006980005217720827,-0.000736402817205929,0.14999999999999997,1.6437585604237717,0.665903511230769,1.1429756445352863,1.133898191391391
2012-12-04,-0.002840810422379845,1.9201147716923188e-05,5.7603443150769556e-05,-0.0028600115700967684,-0.0028984138655306145,0.1500000000000001,1.7406378406356573,0.7738552668461535,1.1397067209675766,1.1306116851513621
2012-12-05,0.0010398536867623123,1.9201147716923167e-05,5.7603443150769495e-05,0.001020652539045389,0.0009822502436115427,0.15,1.8375171208475434,0.8818070224615382,1.1408699655260994,1.1317222287545323
2012-12-06,0.0007624118284168843,1.9201147716923167e-05,5.7603443150769516e-05,0.0007432106806999611,0.0007048083852661148,0.15,1.934396401059429,0.9897587780769226,1.1417178722697683,1.1325198760711506
2012-12-07,0.0004202755049239578,1.3002412809680862e-05,3.9007238429042576e-05,0.0004072730921142769,0.0003812682664949152,0.10157527821803866,1.9999999999999996,1.062860308815312,1.1421828632379298,1.1329516699610713
2012-12-10,0.0025470406924183466,0.0,0.0,0.0025470406924183466,0.0025470406924183466,0.0,1.9999999999999996,1.062860308815312,1.1450920494687797,1.1358373439670055
2012-12-11,0.0053951358598324905,0.0,0.0,0.0053951358598324905,0.0053951358598324905,0.0,1.9999999999999996,1.062860308815312,1.151269976647678,1.1419653407523789
2012-12-12,0.0024174438053684794,0.0,0.0,0.0024174438053684794,0.0024174438053684794,0.0,1.9999999999999996,1.062860308815312,1.1540531071210316,1.1447259777913263
2012-12-13,-0.0064855379772479835,0.0,0.0,-0.0064855379772479835,-0.0064855379772479835,0.0,1.9999999999999996,1.062860308815312,1.1465684518670372,1.1373018139888185
2012-12-14,0.0018528369289883447,0.0,0.0,0.0018528369289883447,0.0018528369289883447,0.0,1.9999999999999996,1.062860308815312,1.1486928562362693,1.1394090487891824
2012-12-17,0.005604861413029046,0.0,0.0,0.005604861413029046,0.005604861413029046,0.0,1.9999999999999996,1.062860308815312,1.1551311205016102,1.145795278600397
2012-12-18,0.004990182888278844,0.0,0.0,0.004990182888278844,0.004990182888278844,0.0,1.9999999999999996,1.062860308815312,1.1608954360528556,1.1515130065931394
2012-12-19,0.00030061195888441555,0.0,0.0,0.00030061195888441555,0.00030061195888441555,0.0,1.9999999999999996,1.062860308815312,1.1612444151039474,1.1518591651737322
2012-12-20,0.00011698553391720014,0.0,0.0,0.00011698553391720014,0.00011698553391720014,0.0,1.9999999999999996,1.062860308815312,1.1613802639018567,1.1519939160331674
2012-12-21,-0.0058690493264718585,0.0,0.0,-0.0058690493264718585,-0.0058690493264718585,0.0,1.9999999999999996,1.062860308815312,1.1545640658462257,1.1452328069161732
2012-12-24,-0.0007593178265620755,0.0,0.0,-0.0007593178265620755,-0.0007593178265620755,0.0,1.9999999999999996,1.062860308815312,1.1536873847691207,1.1443632112303181
2012-12-26,0.0028375241250130235,0.0,0.0,0.0028375241250130235,0.0028375241250130235,0.0,1.9999999999999996,1.062860308815312,1.1569610005561262,1.1476103694499615
2012-12-27,0.0034296977202149396,0.0,0.0,0.0034296977202149396,0.0034296977202149396,0.0,1.9999999999999996,1.062860308815312,1.160929027062111,1.151546326117759
2012-12-28,-0.005791089532983595,0.0,0.0,-0.005791089532983595,-0.005791089532983595,0.0,1.9999999999999996,1.062860308815312,1.154205983124955,1.1448776182418328
2012-12-31,0.014826296296632133,2.2335799696141096e-05,6.700739908842328e-05,0.014803960496935992,0.01475928889754371,0.14999999999999983,1.9822194851426942,1.0457264518071407,1.1712928029044638,1.1617751977617956
2013-01-02,0.01778586173318579,2.2335799696141117e-05,6.700739908842335e-05,0.01776352593348965,0.017718854334097367,0.14999999999999994,1.9644389702853877,1.02859259479897,1.192099092984567,1.182360523259904
2013-01-03,-0.010552386836995716,2.2335799696141117e-05,6.700739908842335e-05,-0.010574722636691857,-0.010619394236084139,0.14999999999999997,1.9466584554280815,1.0114587377907986,1.1794929757208032,1.1698045707342242
2013-01-04,0.003620588749694754,2.233579969614111e-05,6.700739908842332e-05,0.003598252949998613,0.0035535813506063305,0.14999999999999994,1.9288779405707754,0.9943248807826275,1.1837370898001933,1.1739615664406393
2013-01-07,-0.0026604383870838287,2.2335799696141117e-05,6.700739908842335e-05,-0.0026827741867799697,-0.002727445786172252,0.15,1.9110974257134696,0.9771910237744563,1.1805613904917434,1.1707596499131225
2013-01-08,-0.004725906512737981,1.9794000189947088e-05,5.938200056984128e-05,-0.004745700512927928,-0.004785288513307822,0.13293009737211364,1.8953403219047495,0.9620069885714156,1.174958799695344,1.1651572272085489
2013-01-09,0.003420897090846773,0.0,0.0,0.003420897090846773,0.003420897090846773,0.0,1.8953403219047495,0.9620069885714156,1.1789782128350865,1.1691431101774856
2013-01-10,0.013435032000616206,0.0,0.0,0.013435032000616206,0.013435032000616206,0.0,1.8953403219047495,0.9620069885714156,1.1948178228525552,1.18485058527602
2013-01-11,0.002445044580405011,0.0,0.0,0.002445044580405011,0.002445044580405011,0.0,1.8953403219047495,0.9620069885714156,1.1977392056948921,1.1877475977781389
2013-01-14,0.0039521104711610815,0.0,0.0,0.0039521104711610815,0.0039521104711610815,0.0,1.8953403219047495,0.9620069885714156,1.2024728033514391,1.1924417074964142
2013-01-15,-0.0052091784370291196,0.0,0.0,-0.0052091784370291196,-0.0052091784370291196,0.0,1.8953403219047495,0.9620069885714156,1.1962089079531069,1.1862300658663096
2013-01-16,-0.0027020227158299297,0.0,0.0,-0.0027020227158299297,-0.0027020227158299297,0.0,1.8953403219047495,0.9620069885714156,1.1929767243109395,1.1830248452821384
2013-01-17,0.011724838630484033,0.0,0.0,0.011724838630484033,0.011724838630484033,0.0,1.8953403219047495,0.9620069885714156,1.2069641838934086,1.1968956206889247
2013-01-18,0.0008939989460051746,0.0,0.0,0.0008939989460051746,0.0008939989460051746,0.0,1.8953403219047495,0.9620069885714156,1.2080432086016755,1.197965644112299
2013-01-22,-0.0007407820218194297,0.0,0.0,-0.0007407820218194297,-0.0007407820218194297,0.0,1.8953403219047495,0.9620069885714156,1.2071483119111623,1.1970782127003834
2013-01-23,-0.0004076614657466608,0.0,0.0,-0.0004076614657466608,-0.0004076614657466608,0.0,1.8953403219047495,0.9620069885714156,1.206656204060955,1.1965902100415806
2013-01-24,0.004303948984682963,0.0,0.0,0.004303948984682963,0.004303948984682963,0.0,1.8953403219047495,0.9620069885714156,1.2118495908052846,1.2017402732611706
2013-01-25,0.006667054868264452,0.0,0.0,0.006667054868264452,0.006667054868264452,0.0,1.8953403219047495,0.9620069885714156,1.2199290585192673,1.209752341600406
2013-01-28,-0.0025344716577248433,0.0,0.0,-0.0025344716577248433,-0.0025344716577248433,0.0,1.8953403219047495,0.9620069885714156,1.2168371828960152,1.2066862585777534
2013-01-29,0.006164138013274273,0.0,0.0,0.006164138013274273,0.006164138013274273,0.0,1.8953403219047495,0.9620069885714156,1.22433793523107,1.2141244392143482
2013-01-30,0.003072465079606391,0.0,0.0,0.003072465079606391,0.003072465079606391,0.0,1.8953403219047495,0.9620069885714156,1.2280996707827048,1.2178547941561308
2013-01-31,0.0013673046003682913,3.4068144313987463e-05,0.00010220443294196242,0.001333236456054304,0.0012651001674263288,0.15000000000000008,1.7853524523498192,0.852019119016486,1.2297370180354605,1.2193955024601189
2013-02-01,0.0117735703739485,3.406814431398746e-05,0.00010220443294196239,0.011739502229634512,0.011671365941006538,0.15000000000000002,1.6753645827948893,0.742031249461556,1.2441735185005518,1.2336275135961485
2013-02-04,-0.015148857689426901,7.856541549691622e-06,2.3569624649074864e-05,-0.015156714230976592,-0.015172427314075976,0.034591882128721954,1.65,0.7166666666666668,1.2253159360268902,1.2149103898134668
2013-02-05,0.009693550938408445,0.0,0.0,0.009693550938408445,0.009693550938408445,0.0,1.65,0.7166666666666668,1.2371935984684104,1.2266871855627253
2013-02-06,-0.0016326867099309926,0.0,0.0,-0.0016326867099309926,-0.0016326867099309926,0.0,1.65,0.7166666666666668,1.2351736489225793,1.2246843896976143
2013-02-07,-0.006169760014409943,0.0,0.0,-0.006169760014409943,-0.006169760014409943,0.0,1.65,0.7166666666666668,1.227552923932604,1.217128380919786
2013-02-08,0.002185843083578796,0.0,0.0,0.002185843083578796,0.002185843083578796,0.0,1.65,0.7166666666666668,1.230236162001109,1.219788832573047
2013-02-11,0.0027420309421932426,0.0,0.0,0.0027420309421932426,0.0027420309421932426,0.0,1.65,0.7166666666666668,1.2336095076235212,1.223133531294904
2013-02-12,0.002115981605650338,0.0,0.0,0.002115981605650338,0.002115981605650338,0.0,1.65,0.7166666666666668,1.236219802650208,1.2257216593483784
2013-02-13,0.0017801912272627032,0.0,0.0,0.0017801912272627032,0.0017801912272627032,0.0,1.65,0.7166666666666668,1.2384205102978545,1.2279036782934163
2013-02-14,-0.004320475849000301,0.0,0.0,-0.004320475849000301,-0.004320475849000301,0.0,1.65,0.7166666666666668,1.233069944392206,1.222598550106451
2013-02-15,0.0004879549432384277,0.0,0.0,0.0004879549432384277,0.0004879549432384277,0.0,1.65,0.7166666666666668,1.2336716269669308,1.2231951231125715
2013-02-19,0.005595193408902971,0.0,0.0,0.005595193408902971,0.005595193408902971,0.0,1.65,0.7166666666666668,1.2405742583228867,1.230039136403213
2013-02-20,-0.012826500695976715,0.0,0.0,-0.012826500695976715,-0.012826500695976715,0.0,1.65,0.7166666666666668,1.2246620317350974,1.2142620385640588
2013-02-21,-0.01120264124094267,0.0,0.0,-0.01120264124094267,-0.01120264124094267,0.0,1.65,0.7166666666666668,1.2109425823521651,1.20065909657353
2013-02-22,0.007801198246095962,0.0,0.0,0.007801198246095962,0.007801198246095962,0.0,1.65,0.7166666666666668,1.2203893855017338,1.2100256762118786
2013-02-25,-0.02143487627238329,0.0,0.0,-0.02143487627238329,-0.02143487627238329,0.0,1.65,0.7166666666666668,1.1942304900193743,1.1840889255558702
2013-02-26,0.005641821717594111,0.0,0.0,0.005641821717594111,0.005641821717594111,0.0,1.65,0.7166666666666668,1.2009681255337787,1.190769344171634
2013-02-27,0.010784304763414234,0.0,0.0,0.010784304763414234,0.010784304763414234,0.0,1.65,0.7166666666666668,1.2139197318106814,1.2036109636821117
2013-02-28,-0.0025945710328374267,2.4363029234223346e-05,7.308908770267003e-05,-0.00261893406207165,-0.0026676601205400967,0.15,1.6572479909404403,0.71425066968652,1.2107405560764215,1.200400138713652
2013-03-01,0.0028188403782170406,2.4363029234223336e-05,7.308908770267001e-05,0.002794477348982817,0.0027457512905143706,0.14999999999999994,1.6644959818808809,0.711834672706373,1.214123943135872,1.2036961389436587
2013-03-04,0.0012865120224835275,2.4363029234223343e-05,7.308908770267003e-05,0.0012621489932493042,0.0012134229347808573,0.15,1.671743972821321,0.7094186757262261,1.2156563484483809,1.2051567314451601
2013-03-05,0.00757106973239629,2.4363029234223353e-05,7.308908770267007e-05,0.007546706703162067,0.00749798064469362,0.15000000000000008,1.6789919637617619,0.7070026787460796,1.2248305503619579,1.2141929732913581
2013-03-06,0.0014402041441036624,2.4363029234223346e-05,7.308908770267004e-05,0.001415841114869439,0.0013671150564009923,0.15,1.686239954702202,0.7045866817659325,1.2265647158139086,1.215852914786521
2013-03-07,0.007201042069994315,2.4363029234223356e-05,7.308908770267007e-05,0.007176679040760092,0.0071279529822916455,0.15000000000000005,1.6934879456426424,0.7021706847857858,1.2353673771020262,1.2245194571965015
2013-03-08,0.0044177656117080156,2.188928931987793e-05,6.566786795963379e-05,0.004395876322388138,0.0043520977437483815,0.13476950531953663,1.7,0.6999999999999998,1.2407978993044797,1.2298486855633424
2013-03-11,0.002340705621833159,0.0,0.0,0.002340705621833159,0.002340705621833159,0.0,1.7,0.6999999999999998,1.2437022419229404,1.2327273992956447
2013-03-12,-0.004912069069335909,0.0,0.0,-0.004912069069335909,-0.004912069069335909,0.0,1.7,0.6999999999999998,1.237593090608927,1.2266721571666417
2013-03-13,0.0003347056047393326,0.0,0.0,0.0003347056047393326,0.0003347056047393326,0.0,1.7,0.6999999999999998,1.2380073199527404,1.2270827312128232
2013-03-14,0.0069389617698240825,0.0,0.0,0.0069389617698240825,0.0069389617698240825,0.0,1.7,0.6999999999999998,1.2465978054166549,1.2355974113731203
2013-03-15,-0.0011666906342581163,0.0,0.0,-0.0011666906342581163,-0.0011666906342581163,0.0,1.7,0.6999999999999998,1.2451434114323885,1.2341558514455577
2013-03-18,-0.010078667586545464,0.0,0.0,-0.010078667586545464,-0.010078667586545464,0.0,1.7,0.6999999999999998,1.2325940248909844,1.221717204868848
2013-03-19,-0.004862947353151059,0.0,0.0,-0.004862947353151059,-0.004862947353151059,0.0,1.7,0.6999999999999998,1.226599985040131,1.215776058421132
2013-03-20,0.01005642418240642,0.0,0.0,0.01005642418240642,0.01005642418240642,0.0,1.7,0.6999999999999998,1.238935194791828,1.2280024181754288
2013-03-21,-0.011555312633974538,0.0,0.0,-0.011555312633974538,-0.011555312633974538,0.0,1.7,0.6999999999999998,1.2246189112827741,1.2138124663181349
2013-03-22,0.006324368011331286,0.0,0.0,0.006324368011331286,0.006324368011331286,0.0,1.7,0.6999999999999998,1.2323638519513622,1.2214890630518722
2013-03-25,-0.006614119034724655,0.0,0.0,-0.006614119034724655,-0.006614119034724655,0.0,1.7,0.6999999999999998,1.2242128507404642,1.213409988989233
2013-03-26,0.006087523194333184,0.0,0.0,0.006087523194333184,0.006087523194333184,0.0,1.7,0.6999999999999998,1.2316652748641475,1.2207966504414405
2013-03-27,-0.003982438943933407,0.0,0.0,-0.003982438943933407,-0.003982438943933407,0.0,1.7,0.6999999999999998,1.226760243107638,1.2159349023180992
2013-03-28,0.0037951998589256706,0.0,0.0,0.0037951998589256706,0.0037951998589256706,0.0,1.7,0.6999999999999998,1.2314160434092158,1.2205496182878397
2013-04-01,-0.009189969235562345,0.0,0.0,-0.009189969235562345,-0.009189969235562345,0.0,1.7,0.6999999999999998,1.2200993678541072,1.2093328048452971
2013-04-02,0.005545773695007741,0.0,0.0,0.005545773695007741,0.005545773695007741,0.0,1.7,0.6999999999999998,1.2268657628336481,1.2160394909029182
2013-04-03,-0.005193862237845941,0.0,0.0,-0.005193862237845941,-0.005193862237845941,0.0,1.7,0.6999999999999998,1.2204935910771604,1.2097235493113883
2013-04-04,0.016186916962092516,0.0,0.0,0.016186916962092516,0.016186916962092516,0.0,1.7,0.6999999999999998,1.2402496194886925,1.2293052439511796
2013-04-05,-0.0013965603237969745,0.0,0.0,-0.0013965603237969745,-0.0013965603237969745,0.0,1.7,0.6999999999999998,1.2385175360785103,1.2275884450216419
2013-04-08,0.009225884664481054,0.0,0.0,0.009225884664481054,0.009225884664481054,0.0,1.7,0.6999999999999998,1.249943956021308,1.2389140344308611
2013-04-09,-0.0002307525129496246,0.0,0.0,-0.0002307525129496246,-0.0002307525129496246,0.0,1.7,0.6999999999999998,1.2496555283124098,1.2386281519040878
2013-04-10,0.016380291859326778,0.0,0.0,0.016380291859326778,0.016380291859326778,0.0,1.7,0.6999999999999998,1.2701252505897882,1.2589172425374553
2013-04-11,0.0031532537700205416,0.0,0.0,0.0031532537700205416,0.0031532537700205416,0.0,1.7,0.6999999999999998,1.2741302778246086,1.2628869280786303
2013-04-12,0.006667980872938869,0.0,0.0,0.006667980872938869,0.006667980872938869,0.0,1.7,0.6999999999999998,1.2826261541467754,1.2713078339597432
2013-04-15,-0.002955364717324575,0.0,0.0,-0.002955364717324575,-0.002955364717324575,0.0,1.7,0.6999999999999998,1.2788355260652922,1.2675506556424003
2013-04-16,0.012901811330241986,0.0,0.0,0.012901811330241986,0.012901811330241986,0.0,1.7,0.6999999999999998,1.2953348207449973,1.2839043550530231
2013-04-17,-0.013875540643057458,0.0,0.0,-0.013875540643057458,-0.013875540643057458,0.0,1.7,0.6999999999999998,1.2773613497933827,1.2660894879926865
2013-04-18,-0.005613704342273904,0.0,0.0,-0.005613704342273904,-0.005613704342273904,0.0,1.7,0.6999999999999998,1.2701906208373948,1.2589820359362345
2013-04-19,0.007816966345086093,0.0,0.0,0.007816966345086093,0.007816966345086093,0.0,1.7,0.6999999999999998,1.2801196581723246,1.2688234561402159
2013-04-22,-0.002315280915620334,0.0,0.0,-0.002315280915620334,-0.002315280915620334,0.0,1.7,0.6999999999999998,1.2771558215580479,1.2658857734069229
2013-04-23,0.010509194938340698,0.0,0.0,0.010509194938340698,0.010509194938340698,0.0,1.7,0.6999999999999998,1.290577701053438,1.2791892137693284
2013-04-24,0.0013392322913589637,0.0,0.0,0.0013392322913589637,0.0013392322913589637,0.0,1.7,0.6999999999999998,1.2923060843851968,1.2809023452711663
2013-04-25,-0.0029702801157230757,0.0,0.0,-0.0029702801157230757,-0.0029702801157230757,0.0,1.7,0.6999999999999998,1.2884675733193194,1.2770977065048243
2013-04-26,-0.002850289257101973,0.0,0.0,-0.002850289257101973,-0.002850289257101973,0.0,1.7,0.6999999999999998,1.284795068036963,1.2734576086317042
2013-04-29,0.00443689730120171,0.0,0.0,0.00443689730120171,0.00443689730120171,0.0,1.7,0.6999999999999998,1.2904955718069335,1.279107809258637
2013-04-30,0.0017370721817165737,2.429827112304795e-05,7.289481336914384e-05,0.0017127739105935258,0.00166417736834743,0.15,1.7336773578391136,0.6923455538781857,1.292705898954061,1.2812364715264817
2013-05-01,-0.005575993491440076,2.429827112304795e-05,7.289481336914383e-05,-0.005600291762563124,-0.00564888830480922,0.14999999999999997,1.7673547156782266,0.6846911077563715,1.2854663687567318,1.2739989098067808
2013-05-02,0.004695739692861948,2.4298271123047946e-05,7.289481336914383e-05,0.0046714414217389,0.004622844879492804,0.14999999999999997,1.8010320735173402,0.6770366616345573,1.2914713495979941,1.2798884091434604
2013-05-03,0.009874738914415846,2.4298271123047953e-05,7.289481336914386e-05,0.009850440643292798,0.009801844101046703,0.14999999999999997,1.8347094313564538,0.6693822155127432,1.3041929114697226,1.2924336757966213
2013-05-06,0.002111063627521021,2.4298271123047963e-05,7.289481336914388e-05,0.002086765356397973,0.0020381688141518773,0.15000000000000008,1.8683867891955668,0.6617277693909289,1.3069144560554375,1.2950678738089898
2013-05-07,0.005396399888847162,2.429827112304795e-05,7.289481336914386e-05,0.005372101617724114,0.005323505075478018,0.14999999999999997,1.9020641470346802,0.6540733232691148,1.31393533331904,1.3019621742083005
2013-05-08,-0.0005958614444512305,2.4298271123047956e-05,7.289481336914387e-05,-0.0006201597155742784,-0.0006687562578203744,0.15000000000000002,1.9357415048737936,0.6464188771473005,1.3131204835564458,1.3010914788568533
2013-05-09,0.004801124215155446,2.4298271123047953e-05,7.289481336914386e-05,0.0047768259440323976,0.004728229401786302,0.15,1.969418862712907,0.6387644310254864,1.3193930315499387,1.307243337841598
2013-05-10,0.007702245794255732,1.3858845306782245e-05,4.1576535920346725e-05,0.00768838694894895,0.007660669258335385,0.08555451478378971,1.9886271961070765,0.6343986148662165,1.3295370357142415,1.3172576966929648
2013-05-13,0.0035657768974277065,0.0,0.0,0.0035657768974277065,0.0035657768974277065,0.0,1.9886271961070765,0.6343986148662165,1.334277868160466,1.3219547437557915
2013-05-14,0.007880547603067927,0.0,0.0,0.007880547603067927,0.007880547603067927,0.0,1.9886271961070765,0.6343986148662165,1.3447927084162243,1.3323724710430604
2013-05-15,0.009257649570522634,0.0,0.0,0.009257649570522634,0.009257649570522634,0.0,1.9886271961070765,0.6343986148662165,1.3572423280557357,1.3447071084773883
2013-05-16,-0.00032480489124468395,0.0,0.0,-0.00032480489124468395,-0.00032480489124468395,0.0,1.9886271961070765,0.6343986148662165,1.356801489108979,1.3442703410312633
2013-05-17,0.012099436461158054,0.0,0.0,0.012099436461158054,0.012099436461158054,0.0,1.9886271961070765,0.6343986148662165,1.3732180225168575,1.3605352546091902
2013-05-20,-0.011185723840652884,0.0,0.0,-0.011185723840652884,-0.011185723840652884,0.0,1.9886271961070765,0.6343986148662165,1.3578575849439765,1.3453166829756595
2013-05-21,0.00694318014379709,0.0,0.0,0.00694318014379709,0.00694318014379709,0.0,1.9886271961070765,0.6343986148662165,1.3672854347658638,1.3546574590560152
2013-05-22,-0.003818541235377026,0.0,0.0,-0.003818541235377026,-0.003818541235377026,0.0,1.9886271961070765,0.6343986148662165,1.36206439895268,1.3494846436887986
2013-05-23,-0.012084779135542243,0.0,0.0,-0.012084779135542243,-0.012084779135542243,0.0,1.9886271961070765,0.6343986148662165,1.3456041515229515,1.3331764198230136
2013-05-24,-0.0012025030545213086,0.0,0.0,-0.0012025030545213086,-0.0012025030545213086,0.0,1.9886271961070765,0.6343986148662165,1.3439860584205687,1.3315732711059607
2013-05-28,0.004323204605637733,0.0,0.0,0.004323204605637733,0.004323204605637733,0.0,1.9886271961070765,0.6343986148662165,1.3497963851382455,1.3373299348043501
2013-05-29,-0.008902852631435167,0.0,0.0,-0.008902852631435167,-0.008902852631435167,0.0,1.9886271961070765,0.6343986148662165,1.3377793468389159,1.3254238834751801
2013-05-30,-0.0022958231586111817,0.0,0.0,-0.0022958231586111817,-0.0022958231586111817,0.0,1.9886271961070765,0.6343986148662165,1.3347080420333313,1.3223809446285215
2013-05-31,-0.0022267092199651515,2.123725547867453e-05,6.371176643602357e-05,-0.002247946475443826,-0.002290420986401175,0.15000000000000008,1.9568069946109652,0.6052446566759637,1.331707689794496,1.3193521355609272
2013-06-03,-0.006947285328298931,2.123725547867451e-05,6.371176643602352e-05,-0.006968522583777605,-0.007010997094734954,0.1499999999999999,1.9249867931148539,0.576090698485711,1.3224276546831728,1.310102161571577
2013-06-04,-0.0005680512047229067,2.123725547867453e-05,6.371176643602357e-05,-0.0005892884602015813,-0.0006317629711589303,0.15000000000000008,1.8931665916187428,0.5469367402954582,1.3216483633268166,1.309274487537461
2013-06-05,-0.012938676169615746,1.3967961342785532e-05,4.19038840283566e-05,-0.012952644130958531,-0.012980580053644103,0.09865654267434548,1.8722381178400265,0.5277618821599732,1.3045295224103806,1.292279345239787
2013-06-06,-0.005855053999338807,0.0,0.0,-0.005855053999338807,-0.005855053999338807,0.0,1.8722381178400265,0.5277618821599732,1.296891431612936,1.2847129798911778
2013-06-07,0.013934002382384401,0.0,0.0,0.013934002382384401,0.013934002382384401,0.0,1.8722381178400265,0.5277618821599732,1.3149623199107245,1.3026141736136616
2013-06-10,0.003033540620596945,0.0,0.0,0.003033540620596945,0.003033540620596945,0.0,1.8722381178400265,0.5277618821599732,1.3189513115227283,1.306565706622284
2013-06-11,-0.014990642080318238,0.0,0.0,-0.014990642080318238,-0.014990642080318238,0.0,1.8722381178400265,0.5277618821599732,1.2991793844903248,1.2869794477598913
2013-06-12,-0.007227446604889035,0.0,0.0,-0.007227446604889035,-0.007227446604889035,0.0,1.8722381178400265,0.5277618821599732,1.2897896348587483,1.277677872519617
2013-06-13,0.008031347321614823,0.0,0.0,0.008031347321614823,0.008031347321614823,0.0,1.8722381178400265,0.5277618821599732,1.3001483833881178,1.287939347278964
2013-06-14,-0.010293893830746794,0.0,0.0,-0.010293893830746794,-0.010293893830746794,0.0,1.8722381178400265,0.5277618821599732,1.2867647939653035,1.274681436377633
2013-06-17,0.007393866128782947,0.0,0.0,0.007393866128782947,0.007393866128782947,0.0,1.8722381178400265,0.5277618821599732,1.2962789605911138,1.284106260275054
2013-06-18,0.010952315014066301,0.0,0.0,0.010952315014066301,0.010952315014066301,0.0,1.8722381178400265,0.5277618821599732,1.310476216113614,1.2981701965491208
2013-06-19,-0.0031322061243043587,0.0,0.0,-0.0031322061243043587,-0.0031322061243043587,0.0,1.8722381178400265,0.5277618821599732,1.3063715344837479,1.2941040599091003
2013-06-20,0.0018876209083836717,0.0,0.0,0.0018876209083836717,0.0018876209083836717,0.0,1.8722381178400265,0.5277618821599732,1.3088374687063564,1.2965468377902087
2013-06-21,0.0021528836847095304,0.0,0.0,0.0021528836847095304,0.0021528836847095304,0.0,1.8722381178400265,0.5277618821599732,1.3116552435386708,1.299338152323749
2013-06-24,-0.006655473878707516,0.0,0.0,-0.006655473878707516,-0.006655473878707516,0.0,1.8722381178400265,0.5277618821599732,1.3029255563274296,1.2906904411913502
2013-06-25,0.009295266938711402,0.0,0.0,0.009295266938711402,0.009295266938711402,0.0,1.8722381178400265,0.5277618821599732,1.3150365971747622,1.302687753377467
2013-06-26,0.017987473064813967,0.0,0.0,0.017987473064813967,0.017987473064813967,0.0,1.8722381178400265,0.5277618821599732,1.3386907825456877,1.3261198142532071
2013-06-27,0.013375603736689196,0.0,0.0,0.013375603736689196,0.013375603736689196,0.0,1.8722381178400265,0.5277618821599732,1.3565965799789772,1.34385746739603
2013-06-28,-0.004389095592932075,0.0,0.0,-0.004389095592932075,-0.004389095592932075,0.0,1.8722381178400265,0.5277618821599732,1.3506423479084047,1.337959148508353
2013-07-01,0.0013702628504591013,0.0,0.0,0.0013702628504591013,0.0013702628504591013,0.0,1.8722381178400265,0.5277618821599732,1.3524930829420003,1.3397925042249859
2013-07-02,0.0035275159252739644,0.0,0.0,0.0035275159252739644,0.0035275159252739644,0.0,1.8722381178400265,0.5277618821599732,1.357264023830901,1.3445186436202021
2013-07-03,-0.0050000279860371345,0.0,0.0,-0.0050000279860371345,-0.0050000279860371345,0.0,1.8722381178400265,0.5277618821599732,1.3504776657273052,1.3377960127743524
2013-07-05,0.017509564795227275,0.0,0.0,0.017509564795227275,0.017509564795227275,0.0,1.8722381178400265,0.5277618821599732,1.3741239419198648,1.3612202387428216
2013-07-08,-0.0019389860424349308,0.0,0.0,-0.0019389860424349308,-0.0019389860424349308,0.0,1.8722381178400265,0.5277618821599732,1.3714595347759064,1.3585808516992193
2013-07-09,0.0028444310016221427,0.0,0.0,0.0028444310016221427,0.0028444310016221427,0.0,1.8722381178400265,0.5277618821599732,1.3753605567940934,1.362445241192003
2013-07-10,-0.003753580058080733,0.0,0.0,-0.003753580058080733,-0.003753580058080733,0.0,1.8722381178400265,0.5277618821599732,1.3701980308354405,1.3573311939044377
2013-07-11,-9.510600360562596e-05,0.0,0.0,-9.510600360562596e-05,-9.510600360562596e-05,0.0,1.8722381178400265,0.5277618821599732,1.3700677167765793,1.3572021035590163
2013-07-12,0.00044426596130034765,0.0,0.0,0.00044426596130034765,0.00044426596130034765,0.0,1.8722381178400265,0.5277618821599732,1.3706763912278197,1.357805062256233
2013-07-15,0.005672411331882475,0.0,0.0,0.005672411331882475,0.005672411331882475,0.0,1.8722381178400265,0.5277618821599732,1.3784514315217642,1.3655070910778626
2013-07-16,-0.006594050942085742,0.0,0.0,-0.006594050942085742,-0.006594050942085742,0.0,1.8722381178400265,0.5277618821599732,1.3693618525611186,1.356502867757516
2013-07-17,0.008014623588103318,0.0,0.0,0.008014623588103318,0.008014623588103318,0.0,1.8722381178400265,0.5277618821599732,1.380336772365304,1.367374727638775
2013-07-18,0.002317506206595958,0.0,0.0,0.002317506206595958,0.002317506206595958,0.0,1.8722381178400265,0.5277618821599732,1.3835357114024531,1.3705436270568203
2013-07-19,-0.004769642196662999,0.0,0.0,-0.004769642196662999,-0.004769642196662999,0.0,1.8722381178400265,0.5277618821599732,1.3769367410927578,1.3640066243408426
2013-07-22,-0.007886404162132163,0.0,0.0,-0.007886404162132163,-0.007886404162132163,0.0,1.8722381178400265,0.5277618821599732,1.366077661446811,1.353249516821465
2013-07-23,-0.003370256149567271,0.0,0.0,-0.003370256149567271,-0.003370256149567271,0.0,1.8722381178400265,0.5277618821599732,1.3614736298075334,1.3486887193154986
2013-07-24,0.006265602467684573,0.0,0.0,0.006265602467684573,0.006265602467684573,0.0,1.8722381178400265,0.5277618821599732,1.3700040823421429,1.3571390666833802
2013-07-25,-0.0030056278576019594,0.0,0.0,-0.0030056278576019594,-0.0030056278576019594,0.0,1.8722381178400265,0.5277618821599732,1.3658863599072268,1.3530600116979168
2013-07-26,-0.0026459703941410237,0.0,0.0,-0.0026459703941410237,-0.0026459703941410237,0.0,1.8722381178400265,0.5277618821599732,1.3622722650371513,1.3494798549654679
2013-07-29,-0.004427307059777211,0.0,0.0,-0.004427307059777211,-0.004427307059777211,0.0,1.8722381178400265,0.5277618821599732,1.3562410674208136,1.343505293276552
2013-07-30,0.003014003647018025,0.0,0.0,0.003014003647018025,0.003014003647018025,0.0,1.8722381178400265,0.5277618821599732,1.3603287829442556,1.3475546231302757
2013-07-31,-0.0012118607682921987,1.887725146576787e-05,5.66317543973036e-05,-0.0012307380197579666,-0.0012684925226895023,0.14999999999999997,1.8829494259059976,0.44172041665885564,1.3586545745917151,1.3458452601669193
2013-08-01,0.017467713009504195,1.8877251465767875e-05,5.663175439730362e-05,0.017448835758038427,0.017411081255106892,0.15000000000000005,1.8936607339719684,0.3556789511577381,1.3823615151156736,1.369277881348486
2013-08-02,0.00047679399733306063,1.8877251465767865e-05,5.663175439730359e-05,0.0004579167458672928,0.00042016224293575703,0.14999999999999997,1.9043720420379393,0.2696374856566206,1.3829945216022876,1.3698532002143158
2013-08-05,0.0008684522976696261,1.8877251465767865e-05,5.663175439730359e-05,0.0008495750462038582,0.0008118205432723225,0.14999999999999997,1.9150833501039104,0.18359602015550308,1.3841694792368775,1.370965275183517
2013-08-06,-0.0015349510540570272,1.887725146576788e-05,5.663175439730363e-05,-0.0015538283055227952,-0.0015915828084543308,0.15000000000000008,1.925794658169881,0.0975545546543857,1.3820187175203986,1.3687832704205471
2013-08-07,-0.006928475496544478,1.8877251465767875e-05,5.663175439730362e-05,-0.006947352748010246,-0.006985107250941782,0.15000000000000002,1.9365059662358521,0.01151308915326818,1.3724173459854316,1.3592221724733646
2013-08-08,-0.0014701161151041385,1.8877251465767875e-05,5.663175439730362e-05,-0.0014889933665699065,-0.0015267478695014422,0.15000000000000002,1.9472172743018232,-0.07452837634784919,1.3703738256610938,1.3571469829173617
2013-08-09,-0.004576302369704139,1.887725146576787e-05,5.66317543973036e-05,-0.004595179621169907,-0.004632934124101443,0.15000000000000002,1.9579285823677939,-0.16056984184896672,1.3640767117840311,1.3508594103487825
2013-08-12,-0.0022093378858846504,1.8877251465767872e-05,5.663175439730362e-05,-0.0022282151373504183,-0.002265969640281954,0.15000000000000002,1.968639890433765,-0.24661130735008427,1.3610372554063268,1.347798403936643
2013-08-13,0.012702458352797671,5.28052503973205e-06,1.584157511919615e-05,0.012697177827757939,0.012686616777678475,0.04195943235677971,1.971636159808743,-0.27067964769389996,1.3783185874684247,1.364897405780954
2013-08-14,-0.00653394703481911,0.0,0.0,-0.00653394703481911,-0.00653394703481911,0.0,1.971636159808743,-0.27067964769389996,1.3693127268207994,1.3559792384236191
2013-08-15,-0.011955656606097338,0.0,0.0,-0.011955656606097338,-0.011955656606097338,0.0,1.971636159808743,-0.27067964769389996,1.3529416940725711,1.3397676162840289
2013-08-16,-0.0003118961301763586,0.0,0.0,-0.0003118961301763586,-0.0003118961301763586,0.0,1.971636159808743,-0.27067964769389996,1.3525197167938356,1.3393497479491743
2013-08-19,-0.00013301162369876553,0.0,0.0,-0.00013301162369876553,-0.00013301162369876553,0.0,1.971636159808743,-0.27067964769389996,1.3523398159502205,1.339171598864499
2013-08-20,0.001085201562024229,0.0,0.0,0.001085201562024229,0.001085201562024229,0.0,1.971636159808743,-0.27067964769389996,1.3538073772308772,1.340624869975405
2013-08-21,0.0008358410969549301,0.0,0.0,0.0008358410969549301,0.0008358410969549301,0.0,1.971636159808743,-0.27067964769389996,1.3549389450741274,1.3417454193373304
2013-08-22,0.005957002928852494,0.0,0.0,0.005957002928852494,0.005957002928852494,0.0,1.971636159808743,-0.27067964769389996,1.3630103203383503,1.3497382007300973
2013-08-23,-0.004763254877473188,0.0,0.0,-0.004763254877473188,-0.004763254877473188,0.0,1.971636159808743,-0.27067964769389996,1.3565179547819524,1.3433090536621577
2013-08-26,-0.005960031279003569,0.0,0.0,-0.005960031279003569,-0.005960031279003569,0.0,1.971636159808743,-0.27067964769389996,1.348433065340922,1.3353028896849626
2013-08-27,-0.024495264310945446,0.0,0.0,-0.024495264310945446,-0.024495264310945446,0.0,1.971636159808743,-0.27067964769389996,1.3154028409997778,1.3025942924669602
2013-08-28,0.005094350374907532,0.0,0.0,0.005094350374907532,0.005094350374907532,0.0,1.971636159808743,-0.27067964769389996,1.3221039639559793,1.3092301641891415
2013-08-29,0.004099263080391632,0.0,0.0,0.004099263080391632,0.004099263080391632,0.0,1.971636159808743,-0.27067964769389996,1.3275236159238633,1.314597043064937
2013-08-30,-0.0036203296935086752,0.0,0.0,-0.0036203296935086752,-0.0036203296935086752,0.0,1.971636159808743,-0.27067964769389996,1.3227175427583,1.3098377683549303
2013-09-03,0.009787113551340182,0.0,0.0,0.009787113551340182,0.009787113551340182,0.0,1.971636159808743,-0.27067964769389996,1.335663129545625,1.322657299327654
2013-09-04,0.012458593317802722,0.0,0.0,0.012458593317802722,0.012458593317802722,0.0,1.971636159808743,-0.27067964769389996,1.3523036132862176,1.3391357487188005
2013-09-05,0.009790913169782757,0.0,0.0,0.009790913169782757,0.009790913169782757,0.0,1.971636159808743,-0.27067964769389996,1.3655439005430865,1.3522471105570584
2013-09-06,-0.006856264719872722,0.0,0.0,-0.006856264719872722,-0.006856264719872722,0.0,1.971636159808743,-0.27067964769389996,1.3561813700743555,1.3429757464003962
2013-09-09,0.011816071642195676,0.0,0.0,0.011816071642195676,0.011816071642195676,0.0,1.971636159808743,-0.27067964769389996,1.3722061063029654,1.3588444440335947
2013-09-10,0.01519189636513288,0.0,0.0,0.01519189636513288,0.01519189636513288,0.0,1.971636159808743,-0.27067964769389996,1.3930525192615226,1.3794878680036897
2013-09-11,-0.0032522342557515047,0.0,0.0,-0.0032522342557515047,-0.0032522342557515047,0.0,1.971636159808743,-0.27067964769389996,1.3885219861383193,1.3750014503039745
2013-09-12,0.0010663959865162128,0.0,0.0,0.0010663959865162128,0.0010663959865162128,0.0,1.971636159808743,-0.27067964769389996,1.3900027004115267,1.3764677463320327
2013-09-13,0.0009755117271492796,0.0,0.0,0.0009755117271492796,0.0009755117271492796,0.0,1.971636159808743,-0.27067964769389996,1.3913586643465474,1.3778105067606223
2013-09-16,0.007909710746911635,0.0,0.0,0.007909710746911635,0.007909710746911635,0.0,1.971636159808743,-0.27067964769389996,1.4023639089267381,1.3887085893331548
2013-09-17,0.003667980072556609,0.0,0.0,0.003667980072556609,0.003667980072556609,0.0,1.971636159808743,-0.27067964769389996,1.4075077517991539,1.3938023447654169
2013-09-18,-0.009471344752957538,0.0,0.0,-0.009471344752957538,-0.009471344752957538,0.0,1.971636159808743,-0.27067964769389996,1.394176760639404,1.380601162240663
2013-09-19,0.006066166450558803,0.0,0.0,0.006066166450558803,0.006066166450558803,0.0,1.971636159808743,-0.27067964769389996,1.4026340689309436,1.38897611869265
2013-09-20,0.0020843327171830286,0.0,0.0,0.0020843327171830286,0.0020843327171830286,0.0,1.971636159808743,-0.27067964769389996,1.405557625011052,1.391871207060227
2013-09-23,-0.0034803717226574394,0.0,0.0,-0.0034803717226574394,-0.0034803717226574394,0.0,1.971636159808743,-0.27067964769389996,1.400665761998398,1.3870269778695936
2013-09-24,-0.003924171799120503,0.0,0.0,-0.003924171799120503,-0.003924171799120503,0.0,1.971636159808743,-0.27067964769389996,1.3951693089151702,1.3815840457184183
2013-09-25,-0.004556347152164712,0.0,0.0,-0.004556347152164712,-0.004556347152164712,0.0,1.971636159808743,-0.27067964769389996,1.388812433207707,1.375289069186233
2013-09-26,0.0063247751355368295,0.0,0.0,0.0063247751355368295,0.0063247751355368295,0.0,1.971636159808743,-0.27067964769389996,1.3975963595531835,1.3839874632951976
2013-09-27,-0.005073378780133236,0.0,0.0,-0.005073378780133236,-0.005073378780133236,0.0,1.971636159808743,-0.27067964769389996,1.390505823839435,1.3769659706669453
2013-09-30,-0.00022020403030411295,1.9940722659440605e-05,5.982216797832181e-05,-0.00024014475296355356,-0.00028002619828243475,0.15000000000000002,1.9763669251188012,-0.2404411619395475,1.3901719011618747,1.3765803841210151
2013-10-01,0.012446791793109643,1.9940722659440595e-05,5.982216797832178e-05,0.012426851070450202,0.012386969625131321,0.14999999999999994,1.9810976904288595,-0.21020267618519503,1.407447360339938,1.3936320435256737
2013-10-02,-0.006832340009332347,1.9940722659440605e-05,5.982216797832181e-05,-0.006852280731991787,-0.006892162177310668,0.15000000000000002,1.9858284557389174,-0.1799641904308425,1.397803135911388,1.3840269054661978
2013-10-03,-0.005242777081908384,1.9940722659440595e-05,5.982216797832178e-05,-0.005262717804567825,-0.005302599249886706,0.14999999999999994,1.990559221048976,-0.14972570467649005,1.3904468924607465,1.3766879654354496
2013-10-04,0.0037586425898027418,1.994072265944061e-05,5.982216797832182e-05,0.0037387018671433013,0.00369882042182442,0.15000000000000005,1.995289986359034,-0.11948721892213754,1.3956453588537532,1.3817800869964822
2013-10-07,-0.009416189750162394,1.9853251975318e-05,5.9559755925954004e-05,-0.009436043002137712,-0.009475749506088349,0.1493420197029731,1.9999999999999998,-0.08938137535337368,1.3824759892318752,1.3686866850196027
2013-10-08,-0.008026184690979007,0.0,0.0,-0.008026184690979007,-0.008026184690979007,0.0,1.9999999999999998,-0.08938137535337368,1.3713799816114562,1.3577013529015516
2013-10-09,0.003719624687075563,0.0,0.0,0.003719624687075563,0.003719624687075563,0.0,1.9999999999999998,-0.08938137535337368,1.3764810004464196,1.3627514923714803
2013-10-10,0.013170603859359007,0.0,0.0,0.013170603859359007,0.013170603859359007,0.0,1.9999999999999998,-0.08938137535337368,1.3946100864232338,1.3806997524362554
2013-10-11,0.008349293925057578,0.0,0.0,0.008349293925057578,0.008349293925057578,0.0,1.9999999999999998,-0.08938137535337368,1.4062540959456313,1.3922276204916
2013-10-14,0.005208719370380091,0.0,0.0,0.005208719370380091,0.005208719370380091,0.0,1.9999999999999998,-0.08938137535337368,1.4135788788948596,1.3994793434664328
2013-10-15,-0.0058646574267514975,0.0,0.0,-0.0058646574267514975,-0.0058646574267514975,0.0,1.9999999999999998,-0.08938137535337368,1.4052887230244497,1.3912718765411871
2013-10-16,0.003179873103478988,0.0,0.0,0.003179873103478988,0.003179873103478988,0.0,1.9999999999999998,-0.08938137535337368,1.4097573628374174,1.395695944561027
2013-10-17,0.0017184649965792155,0.0,0.0,0.0017184649965792155,0.0017184649965792155,0.0,1.9999999999999998,-0.08938137535337368,1.4121799815191232,1.3980943991876227
2013-10-18,0.004276134897788925,0.0,0.0,0.004276134897788925,0.004276134897788925,0.0,1.9999999999999998,-0.08938137535337368,1.418218653620056,1.4040728394383921
2013-10-21,0.0015305082692972172,0.0,0.0,0.0015305082692972172,0.0015305082692972172,0.0,1.9999999999999998,-0.08938137535337368,1.420389248997093,1.4062217845298481
2013-10-22,0.00027243825651695705,0.0,0.0,0.00027243825651695705,0.00027243825651695705,0.0,1.9999999999999998,-0.08938137535337368,1.4207762173676652,1.4066048931411015
2013-10-23,-0.0037597917795761347,0.0,0.0,-0.0037597917795761347,-0.0037597917795761347,0.0,1.9999999999999998,-0.08938137535337368,1.415434394624989,1.4013163516267582
2013-10-24,0.0026099611504720056,0.0,0.0,0.0026099611504720056,0.0026099611504720056,0.0,1.9999999999999998,-0.08938137535337368,1.419128623406002,1.404973732864025
2013-10-25,-0.00027005717528768273,0.0,0.0,-0.00027005717528768273,-0.00027005717528768273,0.0,1.9999999999999998,-0.08938137535337368,1.4187453775385952,1.4045943096263744
2013-10-28,0.00036234592553574345,0.0,0.0,0.00036234592553574345,0.00036234592553574345,0.0,1.9999999999999998,-0.08938137535337368,1.419259454145519,1.4051032586514982
2013-10-29,0.002207439883295707,0.0,0.0,0.002207439883295707,0.002207439883295707,0.0,1.9999999999999998,-0.08938137535337368,1.4223923840693442,1.4082049396247942
2013-10-30,-0.0018072231496441828,0.0,0.0,-0.0018072231496441828,-0.0018072231496441828,0.0,1.9999999999999998,-0.08938137535337368,1.4198218036249766,1.4056599990584608
2013-10-31,-0.003586375139460409,2.5734690072802918e-05,7.720407021840875e-05,-0.003612109829533212,-0.003663579209678818,0.15,2.0,-0.04824691811891871,1.4146932513319173,1.400510252310033
2013-11-01,0.0031158661572011706,2.5890314064213713e-06,7.767094219264112e-06,0.0031132771257947494,0.0031080990629819066,0.015090708684058672,2.0,-0.044108597378905184,1.419097583471305,1.4048631769129345
2013-11-04,0.004239442928831754,0.0,0.0,0.004239442928831754,0.004239442928831754,0.0,2.0,-0.044108597378905184,1.4251137666868747,1.410819014174274
2013-11-05,-0.0003533419693082311,0.0,0.0,-0.0003533419693082311,-0.0003533419693082311,0.0,2.0,-0.044108597378905184,1.4246102141820653,1.410320512605468
2013-11-06,0.0017189483885845119,0.0,0.0,0.0017189483885845119,0.0017189483885845119,0.0,2.0,-0.044108597378905184,1.4270590456140946,1.412744780777999
2013-11-07,-0.013137745645668934,0.0,0.0,-0.013137745645668934,-0.013137745645668934,0.0,2.0,-0.044108597378905184,1.4083107068514655,1.3941844991858912
2013-11-08,0.013842726313872164,0.0,0.0,0.013842726313872164,0.013842726313872164,0.0,2.0,-0.044108597378905184,1.427805566531306,1.4134838136391643
2013-11-11,0.002092796463197609,0.0,0.0,0.002092796463197609,0.002092796463197609,0.0,2.0,-0.044108597378905184,1.4307936729710766,1.4164419475651353
2013-11-12,0.0019677970871211908,0.0,0.0,0.0019677970871211908,0.0019677970871211908,0.0,2.0,-0.044108597378905184,1.4336091845930206,1.4192292179036303
2013-11-13,0.002283612024942239,0.0,0.0,0.002283612024942239,0.002283612024942239,0.0,2.0,-0.044108597378905184,1.4368829917660249,1.4224701868117846
2013-11-14,-0.0006762649946938826,0.0,0.0,-0.0006762649946938826,-0.0006762649946938826,0.0,2.0,-0.044108597378905184,1.4359112780972225,1.4215082200184481
2013-11-15,0.004488808415159715,0.0,0.0,0.004488808415159715,0.004488808415159715,0.0,2.0,-0.044108597378905184,1.442356808725768,1.4278890980786856
2013-11-18,-0.001794815046158884,0.0,0.0,-0.001794815046158884,-0.001794815046158884,0.0,2.0,-0.044108597378905184,1.4397680450235375,1.4253263012412078
2013-11-19,0.0013438108538762297,0.0,0.0,0.0013438108538762297,0.0013438108538762297,0.0,2.0,-0.044108597378905184,1.4417028209495042,1.427241670195131
2013-11-20,0.0014422895494463077,0.0,0.0,0.0014422895494463077,0.0014422895494463077,0.0,2.0,-0.044108597378905184,1.443782173861567,1.4293001659405877
2013-11-21,0.005780385565201612,0.0,0.0,0.005780385565201612,0.005780385565201612,0.0,2.0,-0.044108597378905184,1.452127791498652,1.437562071988131
2013-11-22,0.002415440352386268,0.0,0.0,0.002415440352386268,0.002415440352386268,0.0,2.0,-0.044108597378905184,1.4556353195630591,1.4410344174258711
2013-11-25,-0.0021501087353396325,0.0,0.0,-0.0021501087353396325,-0.0021501087353396325,0.0,2.0,-0.044108597378905184,1.4525055453469977,1.4379360367370388
2013-11-26,0.0024612429435874775,0.0,0.0,0.0024612429435874775,0.0024612429435874775,0.0,2.0,-0.044108597378905184,1.4560805143710047,1.441475146660788
2013-11-27,0.0048902504697763355,0.0,0.0,0.0048902504697763355,0.0048902504697763355,0.0,2.0,-0.044108597378905184,1.4632011127904396,1.4485243211739167
2013-11-29,0.001415325459405437,0.0,0.0,0.001415325459405437,0.001415325459405437,0.0,2.0,-0.044108597378905184,1.4652720185776023,1.450574454524242
2013-12-02,0.0005881053388356732,0.0,0.0,0.0005881053388356732,0.0005881053388356732,0.0,2.0,-0.044108597378905184,1.4661337528745744,1.4514275451053265
2013-12-03,-0.004092574032975023,0.0,0.0,-0.004092574032975023,-0.004092574032975023,0.0,2.0,-0.044108597378905184,1.4601334919486917,1.4454874704234837
2013-12-04,-0.0007069634267147089,0.0,0.0,-0.0007069634267147089,-0.0007069634267147089,0.0,2.0,-0.044108597378905184,1.4591012309717628,1.4444655636481198
2013-12-05,0.0024730556560429258,0.0,0.0,0.0024730556560429258,0.0024730556560429258,0.0,2.0,-0.044108597378905184,1.4627096695237567,1.448037807380259
2013-12-06,0.006566336190924939,0.0,0.0,0.006566336190924939,0.006566336190924939,0.0,2.0,-0.044108597378905184,1.4723143129635665,1.4575461104406875
2013-12-09,0.0009809705413927792,0.0,0.0,0.0009809705413927792,0.0009809705413927792,0.0,2.0,-0.044108597378905184,1.4737586099322548,1.4589759202377515
2013-12-10,-0.006393072949568479,0.0,0.0,-0.006393072949568479,-0.006393072949568479,0.0,2.0,-0.044108597378905184,1.4643367636289033,1.4496485807480077
2013-12-11,-0.004799801903949356,0.0,0.0,-0.004799801903949356,-0.004799801903949356,0.0,2.0,-0.044108597378905184,1.4573082372428143,1.442690554730076
2013-12-12,0.003427640053967782,0.0,0.0,0.003427640053967782,0.003427640053967782,0.0,2.0,-0.044108597378905184,1.4623033653277648,1.4476355786609496
2013-12-13,-0.0017596266879215078,0.0,0.0,-0.0017596266879215078,-0.0017596266879215078,0.0,2.0,-0.044108597378905184,1.4597302573002966,1.445088280462353
2013-12-16,0.004866536958767943,0.0,0.0,0.004866536958767943,0.004866536958767943,0.0,2.0,-0.044108597378905184,1.4668340885472804,1.4521208559879055
2013-12-17,-0.0022193740233349794,0.0,0.0,-0.0022193740233349794,-0.0022193740233349794,0.0,2.0,-0.044108597378905184,1.4635786350746163,1.4488980566813832
2013-12-18,0.011374438309741093,0.0,0.0,0.011374438309741093,0.011374438309741093,0.0,2.0,-0.044108597378905184,1.4802260199707278,1.4653784582442093
2013-12-19,7.888549889764097e-06,0.0,0.0,7.888549889764097e-06,7.888549889764097e-06,0.0,2.0,-0.044108597378905184,1.4802376968075344,1.4653900179552846
2013-12-20,-0.0006154634103770964,0.0,0.0,-0.0006154634103770964,-0.0006154634103770964,0.0,2.0,-0.044108597378905184,1.4793266646664884,1.4644881240173013
2013-12-23,0.007978516962424402,0.0,0.0,0.007978516962424402,0.007978516962424402,0.0,2.0,-0.044108597378905184,1.4911294975534968,1.4761725673560426
2013-12-24,0.002399511578077412,0.0,0.0,0.002399511578077412,0.002399511578077412,0.0,2.0,-0.044108597378905184,1.4947074800472893,1.4797146605226539
2013-12-26,0.0026594486525574126,0.0,0.0,0.0026594486525574126,0.0026594486525574126,0.0,2.0,-0.044108597378905184,1.4986825778410686,1.4836498856827505
2013-12-27,0.002704418988498428,0.0,0.0,0.002704418988498428,0.002704418988498428,0.0,2.0,-0.044108597378905184,1.5027356434623138,1.4876622966058743
2013-12-30,0.0028655578647360036,0.0,0.0,0.0028655578647360036,0.0028655578647360036,0.0,2.0,-0.044108597378905184,1.5070418194040565,1.4919252789999846
2013-12-31,0.003730910309496266,2.9351050137058348e-05,8.805315041117502e-05,0.0037015592593592074,0.003642857159085091,0.15,1.9999999999999998,-0.033823958532595844,1.5126202240049131,1.49736014968341
2014-01-02,-0.013237315462281163,2.9351050137058348e-05,8.805315041117502e-05,-0.01326666651241822,-0.013325368612692337,0.15,1.9999999999999998,-0.02353931968628656,1.4925527959331006,1.4774072737429225
2014-01-03,-0.0038543404307653795,2.6697758094274088e-05,8.009327428282224e-05,-0.0038810381888596535,-0.0039344337050482014,0.13644021918946148,2.0,-0.014184397163120643,1.486760141533195,1.4715945127690249
2014-01-06,-0.003961508571079598,0.0,0.0,-0.003961508571079598,-0.003961508571079598,0.0,2.0,-0.014184397163120643,1.4808703284893718,1.4657647784935368
2014-01-07,0.004667741733036796,0.0,0.0,0.004667741733036796,0.004667741733036796,0.0,2.0,-0.014184397163120643,1.4877826487228776,1.4726065899209264
2014-01-08,0.002609690236898568,0.0,0.0,0.002609690236898568,0.002609690236898568,0.0,2.0,-0.014184397163120643,1.4916653005758769,1.4764496369614357
2014-01-09,-0.002153090566335343,0.0,0.0,-0.002153090566335343,-0.002153090566335343,0.0,2.0,-0.014184397163120643,1.488453610089077,1.4732707071764248
2014-01-10,-0.003721608303782054,0.0,0.0,-0.003721608303782054,-0.003721608303782054,0.0,2.0,-0.014184397163120643,1.482914168773975,1.4677877706788782
2014-01-13,-0.011952892117194245,0.0,0.0,-0.011952892117194245,-0.011952892117194245,0.0,2.0,-0.014184397163120643,1.4651890556955611,1.4502434618050166
2014-01-14,0.01326415591484468,0.0,0.0,0.01326415591484468,0.01326415591484468,0.0,2.0,-0.014184397163120643,1.4846235517750312,1.4694797171968825
2014-01-15,0.0031926768028606714,0.0,0.0,0.0031926768028606714,0.0031926768028606714,0.0,2.0,-0.014184397163120643,1.4893634749497642,1.4741712910022513
2014-01-16,-0.0022806571022284047,0.0,0.0,-0.0022806571022284047,-0.0022806571022284047,0.0,2.0,-0.014184397163120643,1.4859667475628204,1.4708092117775258
2014-01-17,-0.007988773335539311,0.0,0.0,-0.007988773335539311,-0.007988773335539311,0.0,2.0,-0.014184397163120643,1.4740956960323925,1.4590592503648119
2014-01-21,0.006487939330181438,0.0,0.0,0.006487939330181438,0.006487939330181438,0.0,2.0,-0.014184397163120643,1.4836595394751324,1.4685255382603188
2014-01-22,0.0028807509168266915,0.0,0.0,0.0028807509168266915,0.0028807509168266915,0.0,2.0,-0.014184397163120643,1.487933593053734,1.4727559945510458
2014-01-23,-0.010733806164940383,0.0,0.0,-0.010733806164940383,-0.010733806164940383,0.0,2.0,-0.014184397163120643,1.471962402279592,1.4569477171772809
2014-01-24,-0.019199975808058906,0.0,0.0,-0.019199975808058906,-0.019199975808058906,0.0,2.0,-0.014184397163120643,1.4437007597654516,1.4289743562538706
2014-01-27,-5.7107438106292815e-05,0.0,0.0,-5.7107438106292815e-05,-5.7107438106292815e-05,0.0,2.0,-0.014184397163120643,1.4436183137136693,1.4288927511892653
2014-01-28,0.0031441573150004748,0.0,0.0,0.0031441573150004748,0.0031441573150004748,0.0,2.0,-0.014184397163120643,1.4481572767948008,1.433385414785268
2014-01-29,-0.013384135738586654,0.0,0.0,-0.013384135738586654,-0.013384135738586654,0.0,2.0,-0.014184397163120643,1.4287749432313572,1.4142007898280717
2014-01-30,0.010990566653516887,0.0,0.0,0.010990566653516887,0.010990566653516887,0.0,2.0,-0.014184397163120643,1.4444779894778161,1.4297436578701332
2014-01-31,-0.01007756400642694,2.5355889142423886e-05,7.606766742727166e-05,-0.010102919895569364,-0.010153631673854212,0.1499999999999999,1.9648572168534502,-0.015486942313883978,1.4298845440592087,1.415226567380091
2014-02-03,-0.02064279872314651,2.53558891424239e-05,7.606766742727171e-05,-0.020668154612288932,-0.02071886639057378,0.15000000000000002,1.9297144337069008,-0.016789487464647534,1.4003314692248707,1.3859046772181527
2014-02-04,0.007852182371563262,2.5355889142423886e-05,7.606766742727166e-05,0.007826826482420838,0.007776114704135991,0.1499999999999999,1.8945716505603512,-0.018092032615411008,1.4112916206523671,1.3966816309571997
2014-02-05,-0.0005617978415228888,2.535588914242391e-05,7.606766742727172e-05,-0.0005871537306653126,-0.0006378655089501605,0.15000000000000008,1.8594288674138013,-0.019394577766174537,1.4104629755122444,1.3957907359178279
2014-02-06,0.008997477209054047,2.5355889142423893e-05,7.606766742727167e-05,0.008972121319911623,0.008921409541626775,0.1499999999999999,1.8242860842672515,-0.020697122916937843,1.423117820445784,1.4082431567073594
2014-02-07,0.004868947743058055,2.5355889142423907e-05,7.606766742727171e-05,0.004843591853915631,0.004792880075630784,0.15000000000000008,1.7891433011207019,-0.021999668067701345,1.4300108223280572,1.4149926972747855
2014-02-10,0.0010511158477537314,2.53558891424239e-05,7.60676674272717e-05,0.0010257599586113075,0.0009750481803264597,0.14999999999999997,1.754000517974152,-0.023302213218464735,1.431477670169982,1.4163723833294386
2014-02-11,0.002457646758264393,2.5355889142423907e-05,7.606766742727171e-05,0.002432290869121969,0.0023815790908371212,0.15000000000000008,1.7188577348276022,-0.024604758369228485,1.4349594402364885,1.419745586182415
2014-02-12,0.00010103762648169439,1.7861390026434808e-05,5.358417007930442e-05,8.317623645525958e-05,4.745345640238997e-05,0.10566415119249498,1.6941021858161216,-0.025522307220863794,1.4350787947621932,1.4198129580176915
2014-02-13,0.00011421697799585693,0.0,0.0,0.00011421697799585693,0.00011421697799585693,0.0,1.6941021858161216,-0.025522307220863794,1.4352427051253172,1.4199751247630759
2014-02-14,-0.004739624382496548,0.0,0.0,-0.004739624382496548,-0.004739624382496548,0.0,1.6941021858161216,-0.025522307220863794,1.4284401938053048,1.4132449760392103
2014-02-18,0.002148219420973367,0.0,0.0,0.002148219420973367,0.002148219420973367,0.0,1.6941021858161216,-0.025522307220863794,1.4315087967713365,1.4162809363433309
2014-02-19,-0.0025586904854315593,0.0,0.0,-0.0025586904854315593,-0.0025586904854315593,0.0,1.6941021858161216,-0.025522307220863794,1.427846008833226,1.412657111786811
2014-02-20,0.0003233477999117117,0.0,0.0,0.0003233477999117117,0.0003233477999117117,0.0,1.6941021858161216,-0.025522307220863794,1.428307699698795,1.4131138913559367
2014-02-21,0.0010484546705604551,0.0,0.0,0.0010484546705604551,0.0010484546705604551,0.0,1.6941021858161216,-0.025522307220863794,1.4298052155775416,1.4145954772153626
2014-02-24,-8.168346443353203e-05,0.0,0.0,-8.168346443353203e-05,-8.168346443353203e-05,0.0,1.6941021858161216,-0.025522307220863794,1.4296884241340682,1.4144799281560116
2014-02-25,0.0008678159215637421,0.0,0.0,0.0008678159215637421,0.0008678159215637421,0.0,1.6941021858161216,-0.025522307220863794,1.4309291305114071,1.415707436358398
2014-02-26,0.0036066076892669234,0.0,0.0,0.0036066076892669234,0.0036066076892669234,0.0,1.6941021858161216,-0.025522307220863794,1.4360899305163055,1.4208133376841205
2014-02-27,0.0007254418409625999,0.0,0.0,0.0007254418409625999,0.0007254418409625999,0.0,1.6941021858161216,-0.025522307220863794,1.437131730239287,1.4218440551274742
2014-02-28,4.931725216099136e-05,2.9742076410656862e-05,8.92262292319706e-05,1.95751757503345e-05,-3.990897707097923e-05,0.14999999999999997,1.7090173163014095,0.05840328543275551,1.4371598623454829,1.4217873107856798
2014-03-03,-0.013314810369209265,2.9742076410656862e-05,8.92262292319706e-05,-0.013344552445619922,-0.013404036598441235,0.14999999999999997,1.7239324467866974,0.14232887808637476,1.4179816071896736,1.4027296216367091
2014-03-04,0.014957943498496638,2.974207641065687e-05,8.922622923197061e-05,0.014928201422085981,0.014868717269264668,0.15000000000000002,1.738847577271986,0.22625447073999422,1.4391495222346142,1.4235864117860482
2014-03-05,0.0012488146574868122,2.9742076410656866e-05,8.922622923197058e-05,0.0012190725810761554,0.0011595884282548416,0.14999999999999997,1.7537627077572735,0.3101800633936134,1.4409039499572391,1.4252371861157762
2014-03-06,0.0018858603054184662,2.9742076410656862e-05,8.922622923197058e-05,0.0018561182290078094,0.0017966340761864956,0.14999999999999997,1.7686778382425616,0.3941056560472327,1.443578438045004,1.427797815811
2014-03-07,0.0010328601048429386,2.9742076410656886e-05,8.922622923197065e-05,0.0010031180284322818,0.000943633875610968,0.1500000000000001,1.7835929687278498,0.47803124870085223,1.445026517601663,1.4291451341975228
2014-03-10,-0.0015031440797862185,2.9742076410656876e-05,8.92262292319706e-05,-0.0015328861561968753,-0.0015923703090181891,0.15000000000000005,1.798508099213138,0.5619568413544715,1.442811456457494,1.426869405918549
2014-03-11,-0.00626551368517664,1.8661560302113034e-06,5.59846809063391e-06,-0.006267379841206851,-0.0062711121532672736,0.009411696771493602,1.7994439437827034,0.5672227228839634,1.4337688090206302,1.4179213478459678
2014-03-12,-0.000653965889424628,0.0,0.0,-0.000653965889424628,-0.000653965889424628,0.0,1.7994439437827034,0.5672227228839634,1.4328311731262096,1.4169940756505894
2014-03-13,-0.013573145775633504,0.0,0.0,-0.013573145775633504,-0.013573145775633504,0.0,1.7994439437827034,0.5672227228839634,1.4133831467414955,1.397761008498575
2014-03-14,-0.0017344157035463893,0.0,0.0,-0.0017344157035463893,-0.0017344157035463893,0.0,1.7994439437827034,0.5672227228839634,1.4109317528166592,1.3953367098556302
2014-03-17,0.00915842930849263,0.0,0.0,0.00915842930849263,0.00915842930849263,0.0,1.7994439437827034,0.5672227228839634,1.423853671533938,1.4081158024743876
2014-03-18,0.007481560298636198,0.0,0.0,0.007481560298636198,0.007481560298636198,0.0,1.7994439437827034,0.5672227228839634,1.4345063186339537,1.4186507057580622
2014-03-19,-0.0036051607148463627,0.0,0.0,-0.0036051607148463627,-0.0036051607148463627,0.0,1.7994439437827034,0.5672227228839634,1.4293346928088158,1.4135362419655741
2014-03-20,-0.00048445183083906313,0.0,0.0,-0.00048445183083906313,-0.00048445183083906313,0.0,1.7994439437827034,0.5672227228839634,1.4286422490000026,1.4128514517451964
2014-03-21,-0.004665663164704558,0.0,0.0,-0.004665663164704558,-0.004665663164704558,0.0,1.7994439437827034,0.5672227228839634,1.4219766854833027,1.4062595627695895
2014-03-24,0.00022884100213643374,0.0,0.0,0.00022884100213643374,0.00022884100213643374,0.0,1.7994439437827034,0.5672227228839634,1.4223020920530234,1.4065813726171978
2014-03-25,0.0029388220048862093,0.0,0.0,0.0029388220048862093,0.0029388220048862093,0.0,1.7994439437827034,0.5672227228839634,1.4264819847387447,1.4107150649067084
2014-03-26,-0.006697023548610612,0.0,0.0,-0.006697023548610612,-0.006697023548610612,0.0,1.7994439437827034,0.5672227228839634,1.4169288012952805,1.4012674728966485
2014-03-27,-0.0011517360409915229,0.0,0.0,-0.0011517360409915229,-0.0011517360409915229,0.0,1.7994439437827034,0.5672227228839634,1.41529687332731,1.3996535826450445
2014-03-28,0.004112352675239671,0.0,0.0,0.004112352675239671,0.004112352675239671,0.0,1.7994439437827034,0.5672227228839634,1.4211170732105958,1.4054094518000435
2014-03-31,0.00946777375989215,1.6657651081952417e-05,4.997295324585725e-05,0.009451116108810198,0.009417800806646292,0.15000000000000005,1.7628393522437507,0.5653745033715674,1.4345482156737217,1.4186453180688743
2014-04-01,0.008530376080713829,1.6657651081952424e-05,4.9972953245857265e-05,0.008513718429631877,0.008480403127467971,0.15000000000000008,1.726234760704798,0.5635262838591714,1.4467615552556985,1.4306760022609932
2014-04-02,0.0002122263736295046,1.665765108195242e-05,4.997295324585725e-05,0.00019556872254755217,0.00016225342038364733,0.15000000000000002,1.6896301691658457,0.5616780643467754,1.4470444965648905,1.4309081343358208
2014-04-03,-0.004190607932770155,1.665765108195239e-05,4.997295324585716e-05,-0.004207265583852107,-0.004240580886016012,0.1499999999999998,1.6530255776268934,0.5598298448343796,1.4409563960561904,1.4248402526517114
2014-04-04,-0.011457931654278856,1.5978205887896333e-05,4.7934617663688986e-05,-0.011473909860166753,-0.011505866271942545,0.14388168364152898,1.6179140425626604,0.5580570119331618,1.424422992255411,1.4084462312458201
2014-04-07,-0.004674754882762624,0.0,0.0,-0.004674754882762624,-0.004674754882762624,0.0,1.6179140425626604,0.5580570119331618,1.4177641639172458,1.4018620903491952
2014-04-08,0.002422951459440366,0.0,0.0,0.002422951459440366,0.002422951459440366,0.0,1.6179140425626604,0.5580570119331618,1.4211993376673513,1.4052587341469407
2014-04-09,0.009740858224487099,0.0,0.0,0.009740858224487099,0.009740858224487099,0.0,1.6179140425626604,0.5580570119331618,1.4350430389243038,1.4189471602449883
2014-04-10,-0.013857268240609639,0.0,0.0,-0.013857268240609639,-0.013857268240609639,0.0,1.6179140425626604,0.5580570119331618,1.4151572625971103,1.3992844288262223
2014-04-11,-0.004526056868680719,0.0,0.0,-0.004526056868680719,-0.004526056868680719,0.0,1.6179140425626604,0.5580570119331618,1.4087521803484693,1.3929511879258953
2014-04-14,0.0020347006474756694,0.0,0.0,0.0020347006474756694,0.0020347006474756694,0.0,1.6179140425626604,0.5580570119331618,1.4116185693219572,1.3957854266098702
2014-04-15,0.003997034808058078,0.0,0.0,0.003997034808058078,0.003997034808058078,0.0,1.6179140425626604,0.5580570119331618,1.417260857879238,1.40136442954461
2014-04-16,0.007887980612826659,0.0,0.0,0.007887980612826659,0.007887980612826659,0.0,1.6179140425626604,0.5580570119331618,1.4284401840495076,1.4124183649963629
2014-04-17,-0.0010244908360601246,0.0,0.0,-0.0010244908360601246,-0.0010244908360601246,0.0,1.6179140425626604,0.5580570119331618,1.4269767601710888,1.410971355324741
2014-04-21,0.0029915049221066305,0.0,0.0,0.0029915049221066305,0.0029915049221066305,0.0,1.6179140425626604,0.5580570119331618,1.4312455681728722,1.4151922830791461
2014-04-22,0.005652285856954686,0.0,0.0,0.005652285856954686,0.005652285856954686,0.0,1.6179140425626604,0.5580570119331618,1.439335377255685,1.423191354405666
2014-04-23,-0.0016916219054618163,0.0,0.0,-0.0016916219054618163,-0.0016916219054618163,0.0,1.6179140425626604,0.5580570119331618,1.4369005660022132,1.4207838527348895
2014-04-24,0.002012417680635017,0.0,0.0,0.002012417680635017,0.002012417680635017,0.0,1.6179140425626604,0.5580570119331618,1.4397922101065506,1.423643063280494
2014-04-25,-0.0068364554598190535,0.0,0.0,-0.0068364554598190535,-0.0068364554598190535,0.0,1.6179140425626604,0.5580570119331618,1.4299491347907627,1.4139103908876964
2014-04-28,0.0005698113242487994,0.0,0.0,0.0005698113242487994,0.0005698113242487994,0.0,1.6179140425626604,0.5580570119331618,1.4307639360008662,1.4147160530398972
2014-04-29,0.0017377172697845063,0.0,0.0,0.0017377172697845063,0.0017377172697845063,0.0,1.6179140425626604,0.5580570119331618,1.4332501992014397,1.417174429557106
2014-04-30,0.004431792036092289,2.3941490153882543e-05,7.182447046164762e-05,0.004407850545938407,0.0043599675656306415,0.14999999999999997,1.6279330725450745,0.6364095858110005,1.439567751874456,1.4233532641048163
2014-05-01,0.002840840748127571,2.3941490153882553e-05,7.182447046164765e-05,0.0028168992579736883,0.0027690162776659233,0.15,1.6379521025274888,0.7147621596888396,1.4436228692065143,1.4272945524619916
2014-05-02,0.00014366180061121839,2.3941490153882543e-05,7.182447046164762e-05,0.00011972031045733584,7.183733014957076e-05,0.14999999999999997,1.6479711325099031,0.7931147335666782,1.443795700184599,1.4273970854919775
2014-05-05,0.00028320442885744056,2.3941490153882546e-05,7.182447046164763e-05,0.00025926293870355804,0.00021137995839579294,0.15,1.6579901624923175,0.8714673074445172,1.4441700229007162,1.4276988086285232
2014-05-06,-0.004788911571969535,2.394149015388255e-05,7.182447046164763e-05,-0.004812853062123417,-0.004860736042431183,0.15000000000000002,1.668009192474732,0.9498198813223561,1.4372194447837716,1.4207591415716865
2014-05-07,0.0008946555313986376,2.394149015388256e-05,7.182447046164766e-05,0.0008707140412447551,0.0008228310609369899,0.15000000000000005,1.6780282224571463,1.0281724552001945,1.4384708519346947,1.4219281863234818
2014-05-08,-0.004350210299429277,2.3941490153882543e-05,7.182447046164762e-05,-0.004374151789583159,-0.0044220347698909245,0.14999999999999997,1.6880472524395604,1.106525029078034,1.4321787620834414,1.4156403704432714
2014-05-09,-0.0023136822038290423,2.3941490153882556e-05,7.182447046164766e-05,-0.002337623693982925,-0.00238550667429069,0.15000000000000002,1.6980662824219748,1.1848776029558725,1.428830867075176,1.4122633508911835
2014-05-12,0.009095386675443044,4.6208146333464745e-06,1.3862443900039426e-05,0.009090765860809697,0.009081524231543004,0.028950670595145438,1.6999999999999997,1.1999999999999997,1.441820033942454,1.4250888547336218
2014-05-13,-0.0008084069180079644,0.0,0.0,-0.0008084069180079644,-0.0008084069180079644,0.0,1.6999999999999997,1.1999999999999997,1.4406544566524924,1.423936803044679
2014-05-14,-0.0026440952579795812,0.0,0.0,-0.0026440952579795812,-0.0026440952579795812,0.0,1.6999999999999997,1.1999999999999997,1.4368452290352702,1.4201717784960861
2014-05-15,-0.006188329194343959,0.0,0.0,-0.006188329194343959,-0.006188329194343959,0.0,1.6999999999999997,1.1999999999999997,1.4279535577566773,1.4113832880182353
2014-05-16,0.0031782285844614037,0.0,0.0,0.0031782285844614037,0.0031782285844614037,0.0,1.6999999999999997,1.1999999999999997,1.432491920571223,1.415868986727846
2014-05-19,0.002866511200196131,0.0,0.0,0.002866511200196131,0.002866511200196131,0.0,1.6999999999999997,1.1999999999999997,1.436598174705731,1.4199275910363118
2014-05-20,-0.0046627564697186725,0.0,0.0,-0.0046627564697186725,-0.0046627564697186725,0.0,1.6999999999999997,1.1999999999999997,1.4298996672722357,1.4133068144746752
2014-05-21,0.0058481071586749325,0.0,0.0,0.0058481071586749325,0.0058481071586749325,0.0,1.6999999999999997,1.1999999999999997,1.4382618737525974,1.4215719841738086
2014-05-22,0.001788282179557202,0.0,0.0,0.001788282179557202,0.001788282179557202,0.0,1.6999999999999997,1.1999999999999997,1.4408338918309658,1.4241141560200643
2014-05-23,0.0034498635564365627,0.0,0.0,0.0034498635564365627,0.0034498635564365627,0.0,1.6999999999999997,1.1999999999999997,1.4458045721652721,1.4290271555471235
2014-05-27,0.004665887368387079,0.0,0.0,0.004665887368387079,0.004665887368387079,0.0,1.6999999999999997,1.1999999999999997,1.4525505334556945,1.435694835301273
2014-05-28,-0.003179327825194543,0.0,0.0,-0.003179327825194543,-0.003179327825194543,0.0,1.6999999999999997,1.1999999999999997,1.4479323991271775,1.4311302907629115
2014-05-29,0.004204159039720891,0.0,0.0,0.004204159039720891,0.004204159039720891,0.0,1.6999999999999997,1.1999999999999997,1.4540197372118726,1.4371469901118408
2014-05-30,-0.0009399276517033104,0.0,0.0,-0.0009399276517033104,-0.0009399276517033104,0.0,1.6999999999999997,1.1999999999999997,1.4526530638547448,1.4357961759162723
2014-06-02,-0.00211847880459875,0.0,0.0,-0.00211847880459875,-0.00211847880459875,0.0,1.6999999999999997,1.1999999999999997,1.4495756491285332,1.4327544721498697
2014-06-03,-0.00046706893077869257,0.0,0.0,-0.00046706893077869257,-0.00046706893077869257,0.0,1.6999999999999997,1.1999999999999997,1.448898597380012,1.4320852770504942
2014-06-04,0.0002380951542077603,0.0,0.0,0.0002380951542077603,0.0002380951542077603,0.0,1.6999999999999997,1.1999999999999997,1.4492435731149866,1.4324262496153721
2014-06-05,0.009026072576528078,0.0,0.0,0.009026072576528078,0.009026072576528078,0.0,1.6999999999999997,1.1999999999999997,1.4623245507869893,1.4453554329049245
2014-06-06,0.004766480777385881,0.0,0.0,0.004766480777385881,0.004766480777385881,0.0,1.6999999999999997,1.1999999999999997,1.469294692648615,1.4522446917923562
2014-06-09,-0.00018932819519490972,0.0,0.0,-0.00018932819519490972,-0.00018932819519490972,0.0,1.6999999999999997,1.1999999999999997,1.4690165137362463,1.4519697409258778
2014-06-10,-0.002314994659459251,0.0,0.0,-0.002314994659459251,-0.002314994659459251,0.0,1.6999999999999997,1.1999999999999997,1.4656157483522894,1.448608438729938
2014-06-11,-0.003220893832975426,0.0,0.0,-0.003220893832975426,-0.003220893832975426,0.0,1.6999999999999997,1.1999999999999997,1.4608951556269099,1.4439426247432368
2014-06-12,0.0011848260552053274,0.0,0.0,0.0011848260552053274,0.0011848260552053274,0.0,1.6999999999999997,1.1999999999999997,1.46262606227122,1.4456534455872543
2014-06-13,0.0008251906426402982,0.0,0.0,0.0008251906426402982,0.0008251906426402982,0.0,1.6999999999999997,1.1999999999999997,1.4638330076114878,1.4468463852830535
2014-06-16,0.002975096008773388,0.0,0.0,0.002975096008773388,0.002975096008773388,0.0,1.6999999999999997,1.1999999999999997,1.4681880513499435,1.4511508921892173
2014-06-17,0.00013833461268516816,0.0,0.0,0.00013833461268516816,0.00013833461268516816,0.0,1.6999999999999997,1.1999999999999997,1.468391152575376,1.4513516365858359
2014-06-18,0.007893804569749124,0.0,0.0,0.007893804569749124,0.007893804569749124,0.0,1.6999999999999997,1.1999999999999997,1.4799823453657548,1.46280832276703
2014-06-19,0.004504803378221903,0.0,0.0,0.004504803378221903,0.004504803378221903,0.0,1.6999999999999997,1.1999999999999997,1.4866493748348675,1.4693979866411222
2014-06-20,0.000828938816985541,0.0,0.0,0.000828938816985541,0.000828938816985541,0.0,1.6999999999999997,1.1999999999999997,1.4878817162089153,1.4706160276698494
2014-06-23,-0.0010982880211970897,0.0,0.0,-0.0010982880211970897,-0.0010982880211970897,0.0,1.6999999999999997,1.1999999999999997,1.486247593543045,1.4690008677028792
2014-06-24,-0.0036068221308902977,0.0,0.0,-0.0036068221308902977,-0.0036068221308902977,0.0,1.6999999999999997,1.1999999999999997,1.4808869628306716,1.4637024428629515
2014-06-25,0.004104404255983767,0.0,0.0,0.004104404255983767,0.004104404255983767,0.0,1.6999999999999997,1.1999999999999997,1.4869651215835444,1.4697100693989318
2014-06-26,-0.0015187839801157471,0.0,0.0,-0.0015187839801157471,-0.0015187839801157471,0.0,1.6999999999999997,1.1999999999999997,1.4847067427778926,1.467477897290114
2014-06-27,0.0030688591067790727,0.0,0.0,0.0030688591067790727,0.0030688591067790727,0.0,1.6999999999999997,1.1999999999999997,1.4892630985863629,1.4719813801992097
2014-06-30,0.0011673780991305965,2.2202761251273466e-05,6.660828375382039e-05,0.001145175337879323,0.001100769815376776,0.14999999999999997,1.7365878890047524,1.2390484134821966,1.4909685659584777,1.4736016928713298
2014-07-01,0.0046612481453297055,2.220276125127348e-05,6.660828375382042e-05,0.004639045384078432,0.0045946398615758855,0.15,1.7731757780095048,1.2780968269643933,1.4978852368021933,1.4803723619494822
2014-07-02,-0.001608056630203604,2.2202761251273466e-05,6.660828375382039e-05,-0.0016302593914548774,-0.0016746649139574245,0.14999999999999997,1.809763667014257,1.3171452404465893,1.495443295327575,1.477893234295333
2014-07-03,0.0005610298852798904,2.2202761251273483e-05,6.660828375382043e-05,0.0005388271240286169,0.0004944216015260699,0.15000000000000002,1.8463515560190094,1.356193653928786,1.496249080737544,1.478623936635118
2014-07-07,-0.005503098367345251,2.2202761251273473e-05,6.660828375382042e-05,-0.005525301128596525,-0.005569706651099071,0.15000000000000002,1.8829394450237618,1.3952420674109827,1.4879818540030834,1.470388435060767
2014-07-08,-0.004640944206095285,2.2202761251273473e-05,6.660828375382042e-05,-0.004663146967346559,-0.004707552489849105,0.15,1.9195273340285137,1.434290480893179,1.4810431759331222,1.4634665043222514
2014-07-09,0.003081845021807402,2.2202761251273466e-05,6.66082837538204e-05,0.0030596422605561283,0.0030152367380535815,0.15000000000000002,1.9561152230332663,1.4733388943753758,1.4855746382239157,1.4678792022909948
2014-07-10,-0.003169246090407705,2.2202761251273473e-05,6.66082837538204e-05,-0.0031914488516589785,-0.0032358543741615254,0.14999999999999997,1.9927031120380185,1.5123873078575718,1.4808335027507022,1.4631293589535208
2014-07-11,0.000779230071796917,4.427996960308967e-06,1.32839908809269e-05,0.000774802074836608,0.0007659460809159902,0.029915177510105813,1.9999999999999998,1.5201749093296246,1.4819808556211211,1.4642500371518843
2014-07-14,-0.00040377345821573956,0.0,0.0,-0.00040377345821573956,-0.00040377345821573956,0.0,1.9999999999999998,1.5201749093296246,1.4813824710860375,1.463658811850691
2014-07-15,-0.007718267903309153,0.0,0.0,-0.007718267903309153,-0.007718267903309153,0.0,1.9999999999999998,1.5201749093296246,1.4699487643069293,1.452361901021788
2014-07-16,0.0039294718347924465,0.0,0.0,0.0039294718347924465,0.0039294718347924465,0.0,1.9999999999999998,1.5201749093296246,1.4757248865748613,1.4580689162057787
2014-07-17,-0.0015953995291532192,0.0,0.0,-0.0015953995291532192,-0.0015953995291532192,0.0,1.9999999999999998,1.5201749093296246,1.47337051578566,1.4557427137433911
2014-07-18,0.004394631314691413,0.0,0.0,0.004394631314691413,0.004394631314691413,0.0,1.9999999999999998,1.5201749093296246,1.4798454359924746,1.4621401662593416
2014-07-21,0.001817746906160238,0.0,0.0,0.001817746906160238,0.001817746906160238,0.0,1.9999999999999998,1.5201749093296246,1.4825354204553454,1.464797967022932
2014-07-22,0.0024528057304359268,0.0,0.0,0.0024528057304359268,0.0024528057304359268,0.0,1.9999999999999998,1.5201749093296246,1.4861717918302124,1.4683908318703767
2014-07-23,0.0019063946580348639,0.0,0.0,0.0019063946580348639,0.0019063946580348639,0.0,1.9999999999999998,1.5201749093296246,1.4890050217950797,1.4711901643081617
2014-07-24,-0.004471450978546186,0.0,0.0,-0.004471450978546186,-0.004471450978546186,0.0,1.9999999999999998,1.5201749093296246,1.482347008833314,1.4646118096083385
2014-07-25,0.0027314379375481456,0.0,0.0,0.0027314379375481456,0.0027314379375481456,0.0,1.9999999999999998,1.5201749093296246,1.486395947689852,1.4686123058688836
2014-07-28,-0.0008942289445449068,0.0,0.0,-0.0008942289445449068,-0.0008942289445449068,0.0,1.9999999999999998,1.5201749093296246,1.4850667694103734,1.4672990302366606
2014-07-29,-0.0022372326707538136,0.0,0.0,-0.0022372326707538136,-0.0022372326707538136,0.0,1.9999999999999998,1.5201749093296246,1.4817443295155976,1.4640163409084497
2014-07-30,-0.006782608054214351,0.0,0.0,-0.006782608054214351,-0.006782608054214351,0.0,1.9999999999999998,1.5201749093296246,1.4716942384919387,1.4540864918831025
2014-07-31,-0.01714488690435369,2.7066692763935767e-05,8.120007829180728e-05,-0.017171953597117626,-0.017226086982645498,0.14999999999999994,1.9477640090156711,1.4649279001114335,1.4464223733194097,1.4290382714936343
2014-08-01,0.001497330807432063,2.7066692763935767e-05,8.120007829180728e-05,0.0014702641146681272,0.0014161307291402556,0.14999999999999997,1.8955280180313425,1.409680890893242,1.4485489962295546,1.431061976503014
2014-08-04,0.005453076615801277,2.706669276393579e-05,8.120007829180733e-05,0.005426009923037341,0.0053718765375094695,0.1500000000000001,1.8432920270470137,1.3544338816750505,1.456408837457102,1.4387494647583123
2014-08-05,-0.006675107318558208,2.7066692763935777e-05,8.120007829180732e-05,-0.006702174011322144,-0.006756307396850015,0.15,1.7910560360626848,1.2991868724568592,1.4466477319968372,1.4290288311073516
2014-08-06,0.0010341779984704802,2.7066692763935784e-05,8.120007829180732e-05,0.0010071113057065445,0.0009529779201786729,0.15000000000000008,1.7388200450783564,1.2439398632386678,1.448104667283106,1.4303906640306956
2014-08-07,0.00015919850137857168,2.7066692763935767e-05,8.120007829180729e-05,0.0001321318086146359,7.799842308676439e-05,0.14999999999999997,1.6865840540940276,1.1886928540204762,1.4482960079718574,1.430502232246888
2014-08-08,0.004335512905466386,1.895645767530898e-05,5.6869373025926934e-05,0.004316556447791077,0.004278643532440458,0.1050541592242494,1.6500000000000001,1.15,1.4545476594433786,1.436622841371033
2014-08-11,0.005055489546256342,0.0,0.0,0.005055489546256342,0.005055489546256342,0.0,1.6500000000000001,1.15,1.4619011099302264,1.4438856731274974
2014-08-12,-0.0023243627089529753,0.0,0.0,-0.0023243627089529753,-0.0023243627089529753,0.0,1.6500000000000001,1.15,1.4585031215061275,1.4405295591128884
2014-08-13,0.007530006733837717,0.0,0.0,0.007530006733837717,0.007530006733837717,0.0,1.6500000000000001,1.15,1.469485659832392,1.4513767563933007
2014-08-14,0.004969737744380258,0.0,0.0,0.004969737744380258,0.004969737744380258,0.0,1.6500000000000001,1.15,1.4767886181808865,1.4585897182408647
2014-08-15,0.002974035619282077,0.0,0.0,0.002974035619282077,0.002974035619282077,0.0,1.6500000000000001,1.15,1.4811806401335066,1.4629276160168316
2014-08-18,0.0037718137413057886,0.0,0.0,0.0037718137413057886,0.0037718137413057886,0.0,1.6500000000000001,1.15,1.4867673776253183,1.4684455065014597
2014-08-19,0.002855232752890414,0.0,0.0,0.002855232752890414,0.002855232752890414,0.0,1.6500000000000001,1.15,1.491012444537843,1.4726382602074573
2014-08-20,-0.0009076860353833311,0.0,0.0,-0.0009076860353833311,-0.0009076860353833311,0.0,1.6500000000000001,1.15,1.4896590733633532,1.4713015670234957
2014-08-21,0.002441927727523041,0.0,0.0,0.002441927727523041,0.002441927727523041,0.0,1.6500000000000001,1.15,1.4932967131591552,1.4748943791155582
2014-08-22,0.0007783366201430994,0.0,0.0,0.0007783366201430994,0.0007783366201430994,0.0,1.6500000000000001,1.15,1.4944590006757463,1.476042343421667
2014-08-25,0.005793491237036664,0.0,0.0,0.005793491237036664,0.005793491237036664,0.0,1.6500000000000001,1.15,1.503117135800272,1.4845937818037755
2014-08-26,0.0017241877808801464,0.0,0.0,0.0017241877808801464,0.0017241877808801464,0.0,1.6500000000000001,1.15,1.5057087919990504,1.4871535002619325
2014-08-27,0.003011517492970536,0.0,0.0,0.003011517492970536,0.003011517492970536,0.0,1.6500000000000001,1.15,1.5102432603654752,1.4916320890427037
2014-08-28,-0.001101531364847389,0.0,0.0,-0.001101531364847389,-0.001101531364847389,0.0,1.6500000000000001,1.15,1.5085796800456333,1.4899890095118105
2014-08-29,0.0023895331391268677,0.0,0.0,0.0023895331391268677,0.0023895331391268677,0.0,1.6500000000000001,1.15,1.5121844811841156,1.4935493876269736
2014-09-02,-0.004605252457113502,0.0,0.0,-0.004605252457113502,-0.004605252457113502,0.0,1.6500000000000001,1.15,1.5052204898865336,1.486671215639784
2014-09-03,0.0028367389254064035,0.0,0.0,0.0028367389254064035,0.0028367389254064035,0.0,1.6500000000000001,1.15,1.509490407441514,1.490888513746471
2014-09-04,-0.001711678596078941,0.0,0.0,-0.001711678596078941,-0.001711678596078941,0.0,1.6500000000000001,1.15,1.50690664502011,1.488336591788351
2014-09-05,0.002701685249127974,0.0,0.0,0.002701685249127974,0.002701685249127974,0.0,1.6500000000000001,1.15,1.5109778324747738,1.492357608804123
2014-09-08,-0.0026907130072270037,0.0,0.0,-0.0026907130072270037,-0.0026907130072270037,0.0,1.6500000000000001,1.15,1.5069122247673024,1.4883421027746797
2014-09-09,-0.007396031454193961,0.0,0.0,-0.007396031454193961,-0.007396031454193961,0.0,1.6500000000000001,1.15,1.4957670545542139,1.477334277767957
2014-09-10,0.0011873638796684324,0.0,0.0,0.0011873638796684324,0.0011873638796684324,0.0,1.6500000000000001,1.15,1.4975430743271896,1.4790884111275748
2014-09-11,-0.002287178994726585,0.0,0.0,-0.002287178994726585,-0.002287178994726585,0.0,1.6500000000000001,1.15,1.49411792526389,1.4757054711823003
2014-09-12,-0.008417961647426378,0.0,0.0,-0.008417961647426378,-0.008417961647426378,0.0,1.6500000000000001,1.15,1.4815404978722864,1.4632830391229905
2014-09-15,-0.002622535111629805,0.0,0.0,-0.002622535111629805,-0.002622535111629805,0.0,1.6500000000000001,1.15,1.4776551058973149,1.4594455279746381
2014-09-16,0.004193903976844076,0.0,0.0,0.004193903976844076,0.004193903976844076,0.0,1.6500000000000001,1.15,1.4838522495223416,1.4655663023783985
2014-09-17,-0.0016078765323148982,0.0,0.0,-0.0016078765323148982,-0.0016078765323148982,0.0,1.6500000000000001,1.15,1.481466398312912,1.4632098527142527
2014-09-18,0.0035909717852416955,0.0,0.0,0.0035909717852416955,0.0035909717852416955,0.0,1.6500000000000001,1.15,1.4867863023500372,1.4684641980112372
2014-09-19,0.0023996404864899575,0.0,0.0,0.0023996404864899575,0.0023996404864899575,0.0,1.6500000000000001,1.15,1.4903540549559149,1.4719879841537458
2014-09-22,-0.0061877977834624755,0.0,0.0,-0.0061877977834624755,-0.0061877977834624755,0.0,1.6500000000000001,1.15,1.4811320454380843,1.4628796201681158
2014-09-23,-0.002398868587820895,0.0,0.0,-0.002398868587820895,-0.002398868587820895,0.0,1.6500000000000001,1.15,1.477579004299868,1.459370364199531
2014-09-24,0.006071789739284516,0.0,0.0,0.006071789739284516,0.006071789739284516,0.0,1.6500000000000001,1.15,1.4865505533371584,1.4682313542026937
2014-09-25,-0.007989842941406883,0.0,0.0,-0.007989842941406883,-0.007989842941406883,0.0,1.6500000000000001,1.15,1.474673247891533,1.456500416280965
2014-09-26,0.005311633677053763,0.0,0.0,0.005311633677053763,0.005311633677053763,0.0,1.6500000000000001,1.15,1.482506171977684,1.4642368129427257
2014-09-29,-0.002592749801394496,0.0,0.0,-0.002592749801394496,-0.002592749801394496,0.0,1.6500000000000001,1.15,1.4786624043947227,1.4604404132367739
2014-09-30,-0.0019851260731010172,2.701400266992249e-05,8.104200800976747e-05,-0.00201214007577094,-0.002066168081110785,0.15000000000000008,1.6853931587728759,1.073033924573269,1.4756871285123043,1.4574228978705797
2014-10-01,-0.003598341373273669,2.7014002669922493e-05,8.104200800976747e-05,-0.0036253553759435916,-0.0036793833812834367,0.15000000000000008,1.7207863175457523,0.9960678491465382,1.4703372382477415,1.4520604802806527
2014-10-02,-0.0036580859361918417,2.7014002669922493e-05,8.104200800976748e-05,-0.003685099938861764,-0.0037391279442016093,0.15000000000000008,1.7561794763186283,0.9191017737198074,1.4649188985809685,1.4466310403621645
2014-10-03,0.011698573169645668,2.701400266992248e-05,8.104200800976744e-05,0.011671559166975745,0.0116175311616359,0.14999999999999994,1.7915726350915047,0.8421356982930768,1.4820167861805773,1.463437321552962
2014-10-06,-0.004725855980899281,2.7014002669922483e-05,8.104200800976745e-05,-0.004752869983569203,-0.0048068979889090485,0.15000000000000005,1.8269657938643806,0.7651696228663458,1.474972953082394,1.4564027276350944
2014-10-07,-0.004880504374801794,2.701400266992248e-05,8.104200800976744e-05,-0.004907518377471716,-0.004961546382811561,0.14999999999999994,1.862358952637257,0.6882035474396153,1.4677344962088685,1.4491767179498796
2014-10-08,0.00801150991833729,2.701400266992247e-05,8.104200800976741e-05,0.007984495915667368,0.007930467910327522,0.1499999999999999,1.8977521114101332,0.6112374720128845,1.4794536162991323,1.460669367407975
2014-10-09,-0.00823053871000347,2.7014002669922486e-05,8.104200800976747e-05,-0.008257552712673392,-0.008311580718013238,0.15000000000000005,1.9331452701830094,0.5342713965861536,1.467236950076587,1.4485288960584344
2014-10-10,-0.00315748996471653,2.7014002669922473e-05,8.104200800976742e-05,-0.0031845039673864526,-0.0032385319727262973,0.15000000000000002,1.9685384289558856,0.4573053211594229,1.462564528187972,1.4438377889151313
2014-10-13,-0.00902363356202674,2.4013198981182387e-05,7.203959694354716e-05,-0.009047646761007923,-0.009095673158970289,0.13333750985328133,1.9999999999999998,0.38888888888888884,1.449331760971747,1.430705112292589
2014-10-14,0.006433549339386156,0.0,0.0,0.006433549339386156,0.006433549339386156,0.0,1.9999999999999998,0.38888888888888884,1.4586561083650982,1.4399096242226352
2014-10-15,-0.003978187269466195,0.0,0.0,-0.003978187269466195,-0.003978187269466195,0.0,1.9999999999999998,0.38888888888888884,1.452853301204271,1.4341813940863708
2014-10-16,-0.0052275272123776025,0.0,0.0,-0.0052275272123776025,-0.0052275272123776025,0.0,1.9999999999999998,0.38888888888888884,1.445258471036633,1.4266841718212986
2014-10-17,0.005369855522585544,0.0,0.0,0.005369855522585544,0.005369855522585544,0.0,1.9999999999999998,0.38888888888888884,1.4530193002188927,1.4343452597003388
2014-10-20,0.004789128877302205,0.0,0.0,0.004789128877302205,0.004789128877302205,0.0,1.9999999999999998,0.38888888888888884,1.4599779969088482,1.441214524003591
2014-10-21,0.007822162901656972,0.0,0.0,0.007822162901656972,0.007822162901656972,0.0,1.9999999999999998,0.38888888888888884,1.471398182633504,1.4524879387865812
2014-10-22,0.0034660566369970943,0.0,0.0,0.0034660566369970943,0.0034660566369970943,0.0,1.9999999999999998,0.38888888888888884,1.4764981320700863,1.4575223442469707
2014-10-23,0.003912979335529942,0.0,0.0,0.003912979335529942,0.003912979335529942,0.0,1.9999999999999998,0.38888888888888884,1.482275638749825,1.4632255990610823
2014-10-24,0.004665408251675074,0.0,0.0,0.004665408251675074,0.004665408251675074,0.0,1.9999999999999998,0.38888888888888884,1.4891910597461053,1.470052143845004
2014-10-27,-0.00023429189868280306,0.0,0.0,-0.00023429189868280306,-0.00023429189868280306,0.0,1.9999999999999998,0.38888888888888884,1.488842154345216,1.4697077225370598
2014-10-28,0.0017907316114316053,0.0,0.0,0.0017907316114316053,0.0017907316114316053,0.0,1.9999999999999998,0.38888888888888884,1.491508271055434,1.472339574615372
2014-10-29,0.003359717588612449,0.0,0.0,0.003359717588612449,0.003359717588612449,0.0,1.9999999999999998,0.38888888888888884,1.4965193176272598,1.4772862197806174
2014-10-30,0.007923395932339206,0.0,0.0,0.007923395932339206,0.007923395932339206,0.0,1.9999999999999998,0.38888888888888884,1.5083768327012148,1.488991343405328
2014-10-31,0.017166038535240388,2.5004464285714285e-05,7.501339285714285e-05,0.017141034070954676,0.017091025142383247,0.15000000000000002,1.9999999999999993,0.29067460317460314,1.5342319713823849,1.5144397318922593
2014-11-03,0.007874765132867426,2.5004464285714285e-05,7.501339285714285e-05,0.007849760668581712,0.007799751740010283,0.15000000000000002,1.9999999999999996,0.19246031746031747,1.5462753251678227,1.526251985826227
2014-11-04,0.0013706543168907983,9.830815018315031e-06,2.9492445054945098e-05,0.0013608235018724834,0.0013411618718358533,0.05897435897435904,2.0,0.15384615384615397,1.5483795329706767,1.5282989367964306
2014-11-05,0.0076795522613489625,0.0,0.0,0.0076795522613489625,0.0076795522613489625,0.0,2.0,0.15384615384615397,1.560270394514528,1.5400355883525227
2014-11-06,0.003503678899996416,0.0,0.0,0.003503678899996416,0.003503678899996416,0.0,2.0,0.15384615384615397,1.5657370809740776,1.545431378548677
2014-11-07,-0.006048566085158064,0.0,0.0,-0.006048566085158064,-0.006048566085158064,0.0,2.0,0.15384615384615397,1.5562666167678234,1.5360837347254486
2014-11-10,0.005446916352953541,0.0,0.0,0.005446916352953541,0.005446916352953541,0.0,2.0,0.15384615384615397,1.5647434708522518,1.5444506543396306
2014-11-11,-0.004523719811365661,0.0,0.0,-0.004523719811365661,-0.004523719811365661,0.0,2.0,0.15384615384615397,1.5576650098134524,1.5374639923169178
2014-11-12,0.004536763559450168,0.0,0.0,0.004536763559450168,0.004536763559450168,0.0,2.0,0.15384615384615397,1.5647317676678048,1.544439102931228
2014-11-13,0.0035229007446170935,0.0,0.0,0.0035229007446170935,0.0035229007446170935,0.0,2.0,0.15384615384615397,1.5702441623772478,1.5498800085969604
2014-11-14,-0.005577281924425664,0.0,0.0,-0.005577281924425664,-0.005577281924425664,0.0,2.0,0.15384615384615397,1.5614864679934863,1.541235890839984
2014-11-17,0.003394868799459449,0.0,0.0,0.003394868799459449,0.003394868799459449,0.0,2.0,0.15384615384615397,1.5667875096844555,1.5464681844784036
2014-11-18,-0.0009298509536514227,0.0,0.0,-0.0009298509536514227,-0.0009298509536514227,0.0,2.0,0.15384615384615397,1.5653306308244064,1.5450301995622748
2014-11-19,0.0028490680210847175,0.0,0.0,0.0028490680210847175,0.0028490680210847175,0.0,2.0,0.15384615384615397,1.5697903642671125,1.5494320956954577
2014-11-20,-0.000300404829295478,0.0,0.0,-0.000300404829295478,-0.000300404829295478,0.0,2.0,0.15384615384615397,1.5693187916607052,1.5489666388112453
2014-11-21,0.001422494874944564,0.0,0.0,0.001422494874944564,0.001422494874944564,0.0,2.0,0.15384615384615397,1.5715511395989967,1.5511700359164144
2014-11-24,0.003102706883147589,0.0,0.0,0.003102706883147589,0.003102706883147589,0.0,2.0,0.15384615384615397,1.576427202137049,1.5559828618637845
2014-11-25,0.0008378733852964333,0.0,0.0,0.0008378733852964333,0.0008378733852964333,0.0,2.0,0.15384615384615397,1.5777480485335769,1.5572865784917176
2014-11-26,0.001180595305839847,0.0,0.0,0.001180595305839847,0.001180595305839847,0.0,2.0,0.15384615384615397,1.5796107304734737,1.5591251037161324
2014-11-28,0.022068116922913474,0.0,0.0,0.022068116922913474,0.022068116922913474,0.0,2.0,0.15384615384615397,1.6144697647662511,1.5935320588023898
2014-12-01,-0.018242037611364302,0.0,0.0,-0.018242037611364302,-0.018242037611364302,0.0,2.0,0.15384615384615397,1.5850185465949747,1.5644627870508017
2014-12-02,0.009370309755894172,0.0,0.0,0.009370309755894172,0.009370309755894172,0.0,2.0,0.15384615384615397,1.5998706613454068,1.5791222879670372
2014-12-03,0.0033954952216698445,0.0,0.0,0.0033954952216698445,0.0033954952216698445,0.0,2.0,0.15384615384615397,1.605303014531295,1.5844841901502618
2014-12-04,0.002164711378865124,0.0,0.0,0.002164711378865124,0.002164711378865124,0.0,2.0,0.15384615384615397,1.6087780322333776,1.587914141106312
2014-12-05,0.005678580412135251,0.0,0.0,0.005678580412135251,0.005678580412135251,0.0,2.0,0.15384615384615397,1.6179136076546916,1.596931239244151
2014-12-08,0.0009964132111020694,0.0,0.0,0.0009964132111020694,0.0009964132111020694,0.0,2.0,0.15384615384615397,1.6195257181477805,1.5985224426281555
2014-12-09,-0.0055771545604526036,0.0,0.0,-0.0055771545604526036,-0.0055771545604526036,0.0,2.0,0.15384615384615397,1.6104933729030424,1.589607235897266
2014-12-10,-0.0022427065180921097,0.0,0.0,-0.0022427065180921097,-0.0022427065180921097,0.0,2.0,0.15384615384615397,1.6068815089182886,1.5860422133881127
2014-12-11,0.007662543331435632,0.0,0.0,0.007662543331435632,0.007662543331435632,0.0,2.0,0.15384615384615397,1.6191943081088578,1.5981953305736853
2014-12-12,0.002533327958401625,0.0,0.0,0.002533327958401625,0.002533327958401625,0.0,2.0,0.15384615384615397,1.6232962583196748,1.6022440834876146
2014-12-15,0.00599381117061432,0.0,0.0,0.00599381117061432,0.00599381117061432,0.0,2.0,0.15384615384615397,1.6330259895660078,1.6118476319732735
2014-12-16,-0.006347978014181592,0.0,0.0,-0.006347978014181592,-0.006347978014181592,0.0,2.0,0.15384615384615397,1.6226595764876555,1.6016156586432964
2014-12-17,0.009566490924164534,0.0,0.0,0.009566490924164534,0.009566490924164534,0.0,2.0,0.15384615384615397,1.6381827345991333,1.6169375003057074
2014-12-18,0.0018097848652050405,0.0,0.0,0.0018097848652050405,0.0018097848652050405,0.0,2.0,0.15384615384615397,1.641147492918651,1.619863809321743
2014-12-19,0.004898756898643856,0.0,0.0,0.004898756898643856,0.004898756898643856,0.0,2.0,0.15384615384615397,1.649187075521278,1.6277991283325213
2014-12-22,0.008727101138843462,0.0,0.0,0.008727101138843462,0.008727101138843462,0.0,2.0,0.15384615384615397,1.6635796979262256,1.6420050959592003
2014-12-23,-0.004487779080699026,0.0,0.0,-0.004487779080699026,-0.004487779080699026,0.0,2.0,0.15384615384615397,1.6561139197587968,1.6346361398391536
2014-12-24,0.0020506860050643785,0.0,0.0,0.0020506860050643785,0.0020506860050643785,0.0,2.0,0.15384615384615397,1.6595100893968386,1.6379882652944942
2014-12-26,-0.0008899524348680026,0.0,0.0,-0.0008899524348680026,-0.0008899524348680026,0.0,2.0,0.15384615384615397,1.658033204352092,1.6365305336495102
2014-12-29,0.008669081106893652,0.0,0.0,0.008669081106893652,0.008669081106893652,0.0,2.0,0.15384615384615397,1.6724068286785432,1.6507177495796257
2014-12-30,-0.004407299967508918,0.0,0.0,-0.004407299967508918,-0.004407299967508918,0.0,2.0,0.15384615384615397,1.6650360301168465,1.6434425412955371
2014-12-31,0.003964262622820912,2.636755342629389e-05,7.910266027888168e-05,0.003937895069394618,0.00388515996254203,0.1499999999999999,2.0,0.1852780301374001,1.6715927672902082,1.6498275784577168
2015-01-02,0.00928291863589913,2.6367553426293915e-05,7.910266027888173e-05,0.009256551082472836,0.009203815975620248,0.15000000000000008,2.0,0.21670990642864646,1.6870659511297224,1.6650122878813447
2015-01-05,0.002873029853809285,2.4078642320711287e-05,7.223592696213386e-05,0.002848951211488574,0.0028007939268471513,0.13697881975295384,1.9999999999999996,0.24541324854195176,1.6918723197150547,1.6696756441853684
2015-01-06,0.0011201094006319144,0.0,0.0,0.0011201094006319144,0.0011201094006319144,0.0,1.9999999999999996,0.24541324854195176,1.6937674018050364,1.6715458635704266
2015-01-07,0.006212850014127288,0.0,0.0,0.006212850014127288,0.006212850014127288,0.0,1.9999999999999996,0.24541324854195176,1.704290524631269,1.6819309273125242
2015-01-08,0.0026631539351233643,0.0,0.0,0.0026631539351233643,0.0026631539351233643,0.0,1.9999999999999996,0.24541324854195176,1.7088293126485343,1.6864101682802024
2015-01-09,-0.0034756480079659747,0.0,0.0,-0.0034756480079659747,-0.0034756480079659747,0.0,1.9999999999999996,0.24541324854195176,1.7028900234520736,1.6805488001382058
2015-01-12,0.00268230022706592,0.0,0.0,0.00268230022706592,0.00268230022706592,0.0,1.9999999999999996,0.24541324854195176,1.7074576857486474,1.6850565365664119
2015-01-13,0.0006723250981838705,0.0,0.0,0.0006723250981838705,0.0006723250981838705,0.0,1.9999999999999996,0.24541324854195176,1.7086056524048634,1.6861894423678043
2015-01-14,-0.0024894414869068016,0.0,0.0,-0.0024894414869068016,-0.0024894414869068016,0.0,1.9999999999999996,0.24541324854195176,1.7043521786090032,1.6819917724151898
2015-01-15,0.000869326256276896,0.0,0.0,0.000869326256276896,0.000869326256276896,0.0,1.9999999999999996,0.24541324854195176,1.7058338167078109,1.683453972025792
2015-01-16,-0.0026371508100756476,0.0,0.0,-0.0026371508100756476,-0.0026371508100756476,0.0,1.9999999999999996,0.24541324854195176,1.7013352756762254,1.679014450019739
2015-01-20,0.007654715859640055,0.0,0.0,0.007654715859640055,0.007654715859640055,0.0,1.9999999999999996,0.24541324854195176,1.7143585137935093,1.69186682855887
2015-01-21,-0.008365526617242764,0.0,0.0,-0.008365526617242764,-0.008365526617242764,0.0,1.9999999999999996,0.24541324854195176,1.700017002014873,1.6777134715717308
2015-01-22,0.010438855814337511,0.0,0.0,0.010438855814337511,0.010438855814337511,0.0,1.9999999999999996,0.24541324854195176,1.7177632343808287,1.6952268805992399
2015-01-23,0.009690224476920223,0.0,0.0,0.009690224476920223,0.009690224476920223,0.0,1.9999999999999996,0.24541324854195176,1.7344087457201793,1.7116540096115556
2015-01-26,0.0001581382358220063,0.0,0.0,0.0001581382358220063,0.0001581382358220063,0.0,1.9999999999999996,0.24541324854195176,1.7346830220594218,1.7119246875569731
2015-01-27,-0.012338634653884241,0.0,0.0,-0.012338634653884241,-0.012338634653884241,0.0,1.9999999999999996,0.24541324854195176,1.7132794020099347,1.6908018742822426
2015-01-28,0.00897269777305408,0.0,0.0,0.00897269777305408,0.00897269777305408,0.0,1.9999999999999996,0.24541324854195176,1.7286521402849684,1.7059729284942904
2015-01-29,0.004999542458110385,0.0,0.0,0.004999542458110385,0.004999542458110385,0.0,1.9999999999999996,0.24541324854195176,1.7372946100556266,1.7145020125826846
2015-01-30,-0.004036891486704184,0.0,0.0,-0.004036891486704184,-0.004036891486704184,0.0,1.9999999999999996,0.24541324854195176,1.730281340234396,1.7075807540041525
2015-02-02,-0.002572241818342834,0.0,0.0,-0.002572241818342834,-0.002572241818342834,0.0,1.9999999999999996,0.24541324854195176,1.7258306382135469,1.7031884433805058
2015-02-03,-0.012566167823877676,0.0,0.0,-0.012566167823877676,-0.012566167823877676,0.0,1.9999999999999996,0.24541324854195176,1.7041435607781656,1.6817858915652975
2015-02-04,0.0070300427090305125,0.0,0.0,0.0070300427090305125,0.0070300427090305125,0.0,1.9999999999999996,0.24541324854195176,1.7161237627927552,1.6936089182104463
2015-02-05,-0.006302402121563209,0.0,0.0,-0.006302402121563209,-0.006302402121563209,0.0,1.9999999999999996,0.24541324854195176,1.7053080607492652,1.6829351137712185
2015-02-06,0.0050893995131461285,0.0,0.0,0.0050893995131461285,0.0050893995131461285,0.0,1.9999999999999996,0.24541324854195176,1.7139870547634064,1.6915002429199022
2015-02-09,-0.004730326216405968,0.0,0.0,-0.004730326216405968,-0.004730326216405968,0.0,1.9999999999999996,0.24541324854195176,1.7058793368636784,1.683498894975761
2015-02-10,0.006441465724704421,0.0,0.0,0.006441465724704421,0.006441465724704421,0.0,1.9999999999999996,0.24541324854195176,1.7168677001425674,1.6943430954053254
2015-02-11,0.007381667283353038,0.0,0.0,0.007381667283353038,0.007381667283353038,0.0,1.9999999999999996,0.24541324854195176,1.7295410462745555,1.706850172399454
2015-02-12,-0.009031193007186453,0.0,0.0,-0.009031193007186453,-0.009031193007186453,0.0,1.9999999999999996,0.24541324854195176,1.7139212272717987,1.691435279058165
2015-02-13,-0.004703836679655215,0.0,0.0,-0.004703836679655215,-0.004703836679655215,0.0,1.9999999999999996,0.24541324854195176,1.705859221736918,1.6834790437512683
2015-02-17,-0.0016402722601882545,0.0,0.0,-0.0016402722601882545,-0.0016402722601882545,0.0,1.9999999999999996,0.24541324854195176,1.7030611481757165,1.6807176797751948
2015-02-18,0.003498969636113334,0.0,0.0,0.003498969636113334,0.003498969636113334,0.0,1.9999999999999996,0.24541324854195176,1.7090201074216278,1.6865984599036072
2015-02-19,0.0019133756097426636,0.0,0.0,0.0019133756097426636,0.0019133756097426636,0.0,1.9999999999999996,0.24541324854195176,1.7122901048117283,1.6898255562602165
2015-02-20,0.002223182868178036,0.0,0.0,0.002223182868178036,0.002223182868178036,0.0,1.9999999999999996,0.24541324854195176,1.7160968388380964,1.6935823474871037
2015-02-23,0.006493059741042279,0.0,0.0,0.006493059741042279,0.006493059741042279,0.0,1.9999999999999996,0.24541324854195176,1.7272395581340858,1.704578878845712
2015-02-24,0.0023529278972906423,0.0,0.0,0.0023529278972906423,0.0023529278972906423,0.0,1.9999999999999996,0.24541324854195176,1.7313036282757235,1.7085896300428804
2015-02-25,-0.0035947129261031142,0.0,0.0,-0.0035947129261031142,-0.0035947129261031142,0.0,1.9999999999999996,0.24541324854195176,1.7250800887441515,1.7024477408143595
2015-02-26,0.004250624076653253,0.0,0.0,0.004250624076653253,0.004250624076653253,0.0,1.9999999999999996,0.24541324854195176,1.7324127557035227,1.709684206170709
2015-02-27,-0.0012379751044050483,0.0,0.0,-0.0012379751044050483,-0.0012379751044050483,0.0,1.9999999999999996,0.24541324854195176,1.730268071841408,1.707567659687075
2015-03-02,0.002524305366219379,0.0,0.0,0.002524305366219379,0.002524305366219379,0.0,1.9999999999999996,0.24541324854195176,1.7346357968201553,1.711878081893606
2015-03-03,-0.0032741998806939602,0.0,0.0,-0.0032741998806939602,-0.0032741998806939602,0.0,1.9999999999999996,0.24541324854195176,1.7289562525011593,1.7062730508821071
2015-03-04,0.004834783027000407,0.0,0.0,0.004834783027000407,0.004834783027000407,0.0,1.9999999999999996,0.24541324854195176,1.737315380845178,1.71452251086794
2015-03-05,0.0037614120235847327,0.0,0.0,0.0037614120235847327,0.0037614120235847327,0.0,1.9999999999999996,0.24541324854195176,1.7438501398074477,1.7209715364550253
2015-03-06,0.003554085500018772,0.0,0.0,0.003554085500018772,0.003554085500018772,0.0,1.9999999999999996,0.24541324854195176,1.750047932303543,1.727088016438685
2015-03-09,0.00527788804334536,0.0,0.0,0.00527788804334536,0.00527788804334536,0.0,1.9999999999999996,0.24541324854195176,1.759284489360729,1.7362033936304517
2015-03-10,0.009212670877909267,0.0,0.0,0.009212670877909267,0.009212670877909267,0.0,1.9999999999999996,0.24541324854195176,1.77549219834182,1.752198464073078
2015-03-11,0.00510995755299389,0.0,0.0,0.00510995755299389,0.00510995755299389,0.0,1.9999999999999996,0.24541324854195176,1.7845648881110183,1.7611521238489125
2015-03-12,0.0009477019929397599,0.0,0.0,0.0009477019929397599,0.0009477019929397599,0.0,1.9999999999999996,0.24541324854195176,1.7862561238120116,1.7628211712265542
2015-03-13,0.007305746494890401,0.0,0.0,0.007305746494890401,0.007305746494890401,0.0,1.9999999999999996,0.24541324854195176,1.7993060582275278,1.7756998958193613
2015-03-16,0.0018174134183018226,0.0,0.0,0.0018174134183018226,0.0018174134183018226,0.0,1.9999999999999996,0.24541324854195176,1.802576141201382,1.7789270766369005
2015-03-17,0.0030412566828935004,0.0,0.0,0.0030412566828935004,0.0030412566828935004,0.0,1.9999999999999996,0.24541324854195176,1.8080582379372352,1.7843372504971027
2015-03-18,-0.012078465977985946,0.0,0.0,-0.012078465977985946,-0.012078465977985946,0.0,1.9999999999999996,0.24541324854195176,1.7862196680240932,1.7627851937237204
2015-03-19,0.011328211690303394,0.0,0.0,0.011328211690303394,0.011328211690303394,0.0,1.9999999999999996,0.24541324854195176,1.8064543425488533,1.782754397562755
2015-03-20,-0.00962515280899318,0.0,0.0,-0.00962515280899318,-0.00962515280899318,0.0,1.9999999999999996,0.24541324854195176,1.7890669434593511,1.765595114065309
2015-03-23,-0.009486998326457722,0.0,0.0,-0.009486998326457722,-0.009486998326457722,0.0,1.9999999999999996,0.24541324854195176,1.7720940683608315,1.7488449161729696
2015-03-24,0.0034233222630167216,0.0,0.0,0.0034233222630167216,0.0034233222630167216,0.0,1.9999999999999996,0.24541324854195176,1.7781605174372108,1.754831775909068
2015-03-25,-0.01055159362841936,0.0,0.0,-0.01055159362841936,-0.01055159362841936,0.0,1.9999999999999996,0.24541324854195176,1.7593980902511135,1.736315504123438
2015-03-26,-0.004851068008742897,0.0,0.0,-0.004851068008742897,-0.004851068008742897,0.0,1.9999999999999996,0.24541324854195176,1.7508631304608528,1.7278925195283004
2015-03-27,0.008440879354120846,0.0,0.0,0.008440879354120846,0.008440879354120846,0.0,1.9999999999999996,0.24541324854195176,1.7656419549106512,1.7424774518225266
2015-03-30,0.006727802938592331,0.0,0.0,0.006727802938592331,0.006727802938592331,0.0,1.9999999999999996,0.24541324854195176,1.777520846043401,1.7542004967433291
2015-03-31,0.0032619849259109238,2.9800385847905705e-05,8.940115754371712e-05,0.003232184540063018,0.0031725837683672068,0.15000000000000024,1.9368070394789747,0.39072469571003965,1.783266121441622,1.7597658447657587
2015-04-01,-0.004803395867906894,2.980038584790567e-05,8.940115754371701e-05,-0.0048331962537548,-0.004892797025450611,0.15000000000000002,1.944559406228407,0.5360361428781276,1.7746472463040226,1.751155667674999
2015-04-02,-0.0037389335652382215,2.2208535352104774e-05,6.66256060563143e-05,-0.0037611421005903263,-0.003805559171294536,0.11178648222267341,1.9999999999999998,0.6443285129155036,1.767972545832252,1.744491541163514
2015-04-06,-0.003472789081089844,0.0,0.0,-0.003472789081089844,-0.003472789081089844,0.0,1.9999999999999998,0.6443285129155036,1.761832750079419,1.7384332899873078
2015-04-07,0.0048585036587145275,0.0,0.0,0.0048585036587145275,0.0048585036587145275,0.0,1.9999999999999998,0.6443285129155036,1.7703926209417231,1.7468794744871423
2015-04-08,0.008356761473585089,0.0,0.0,0.008356761473585089,0.008356761473585089,0.0,1.9999999999999998,0.6443285129155036,1.7851873697895282,1.761477729578533
2015-04-09,0.003827669616461845,0.0,0.0,0.003827669616461845,0.003827669616461845,0.0,1.9999999999999998,0.6443285129155036,1.792020477244563,1.7682200843641152
2015-04-10,-7.03160272317891e-05,0.0,0.0,-7.03160272317891e-05,-7.03160272317891e-05,0.0,1.9999999999999998,0.6443285129155036,1.791894469483885,1.7680957501525112
2015-04-13,0.0014350306909189396,0.0,0.0,0.0014350306909189396,0.0014350306909189396,0.0,1.9999999999999998,0.6443285129155036,1.7944658930424824,1.7706330218184634
2015-04-14,-0.0016035392895103816,0.0,0.0,-0.0016035392895103816,-0.0016035392895103816,0.0,1.9999999999999998,0.6443285129155036,1.7915883964793025,1.7677937422006729
2015-04-15,-0.0036694754338416763,0.0,0.0,-0.0036694754338416763,-0.0036694754338416763,0.0,1.9999999999999998,0.6443285129155036,1.7850142068708659,1.7613068664915685
2015-04-16,-0.005729156344952501,0.0,0.0,-0.005729156344952501,-0.005729156344952501,0.0,1.9999999999999998,0.6443285129155036,1.7747875814017413,1.7512160640819998
2015-04-17,-0.007313404163038087,0.0,0.0,-0.007313404163038087,-0.007313404163038087,0.0,1.9999999999999998,0.6443285129155036,1.7618078425154096,1.7384087132285635
2015-04-20,0.00839129408155773,0.0,0.0,0.00839129408155773,0.00839129408155773,0.0,1.9999999999999998,0.6443285129155036,1.7765916902371512,1.752996211975207
2015-04-21,0.001668060919136352,0.0,0.0,0.001668060919136352,0.001668060919136352,0.0,1.9999999999999998,0.6443285129155036,1.7795551534048983,1.755920316447797
2015-04-22,-0.0008106720963364324,0.0,0.0,-0.0008106720963364324,-0.0008106720963364324,0.0,1.9999999999999998,0.6443285129155036,1.7781125176981412,1.7544968408438626
2015-04-23,-0.0035006816035102993,0.0,0.0,-0.0035006816035102993,-0.0035006816035102993,0.0,1.9999999999999998,0.6443285129155036,1.771887911918464,1.7483549060297037
2015-04-24,0.003519451197582899,0.0,0.0,0.003519451197582899,0.003519451197582899,0.0,1.9999999999999998,0.6443285129155036,1.7781239849520483,1.75450815579753
2015-04-27,-0.0053988715001550966,0.0,0.0,-0.0053988715001550966,-0.0053988715001550966,0.0,1.9999999999999998,0.6443285129155036,1.7685241220459484,1.745035791718405
2015-04-28,-0.006605509354301981,0.0,0.0,-0.006605509354301981,-0.006605509354301981,0.0,1.9999999999999998,0.6443285129155036,1.7568421194144652,1.7335089414726172
2015-04-29,-0.011552263550339722,0.0,0.0,-0.011552263550339722,-0.011552263550339722,0.0,1.9999999999999998,0.6443285129155036,1.736546616234652,1.7134829893138552
2015-04-30,-0.010489070037414477,2.6264436063759023e-05,7.879330819127707e-05,-0.010515334473478237,-0.010567863345605754,0.15000000000000002,2.0,0.6273145758294754,1.7182862477361578,1.6953751352377664
2015-05-01,0.0053215218144501,2.6264436063759017e-05,7.879330819127704e-05,0.005295257378386342,0.005242728506258823,0.14999999999999997,2.0,0.6103006387434472,1.7273850156676627,1.70426352678808
2015-05-04,-0.0008506123372946567,2.626443606375902e-05,7.879330819127707e-05,-0.0008768767733584157,-0.0009294056454859337,0.15,1.9999999999999991,0.5932867016574189,1.7258703118687762,1.7026795746448873
2015-05-05,-0.011268668518762048,3.1481844944793176e-08,9.44455348343795e-08,-0.011268700000606993,-0.011268762964296882,0.00017979737810683294,1.9999999999999993,0.5932663079155566,1.7064219970843728,1.6834924821140642
2015-05-06,-0.01053150690198546,0.0,0.0,-0.01053150690198546,-0.01053150690198546,0.0,1.9999999999999993,0.5932663079155566,1.688450802044379,1.6657627694192394
2015-05-07,0.010625839282442694,0.0,0.0,0.010625839282442694,0.010625839282442694,0.0,1.9999999999999993,0.5932663079155566,1.706392008903214,1.683462896889765
2015-05-08,0.00861384330728976,0.0,0.0,0.00861384330728976,0.00861384330728976,0.0,1.9999999999999993,0.5932663079155566,1.7210906022887178,1.6979639824972095
2015-05-11,-0.005308923257419901,0.0,0.0,-0.005308923257419901,-0.005308923257419901,0.0,1.9999999999999993,0.5932663079155566,1.7119534643621004,1.6889496220202687
2015-05-12,-0.006410997925420053,0.0,0.0,-0.006410997925420053,-0.006410997925420053,0.0,1.9999999999999993,0.5932663079155566,1.7009781342536592,1.6781217694973576
2015-05-13,-0.008741728765388644,0.0,0.0,-0.008741728765388644,-0.008741728765388644,0.0,1.9999999999999993,0.5932663079155566,1.686108644768157,1.6634520841531177
2015-05-14,0.004245529840705278,0.0,0.0,0.004245529840705278,0.004245529840705278,0.0,1.9999999999999993,0.5932663079155566,1.6932670693341916,1.6705143196149734
2015-05-15,0.004144988129855486,0.0,0.0,0.004144988129855486,0.004144988129855486,0.0,1.9999999999999993,0.5932663079155566,1.700285641237257,1.677438581640531
2015-05-18,0.0024341063843769366,0.0,0.0,0.0024341063843769366,0.0024341063843769366,0.0,1.9999999999999993,0.5932663079155566,1.704424317371857,1.6815216456015025
2015-05-19,0.008502421701235028,0.0,0.0,0.008502421701235028,0.008502421701235028,0.0,1.9999999999999993,0.5932663079155566,1.7189160516759923,1.6958186517321612
2015-05-20,0.0029646232819164056,0.0,0.0,0.0029646232819164056,0.0029646232819164056,0.0,1.9999999999999993,0.5932663079155566,1.7240119902224509,1.7008461151889946
2015-05-21,0.0028514827401511745,0.0,0.0,0.0028514827401511745,0.0028514827401511745,0.0,1.9999999999999993,0.5932663079155566,1.7289279806563838,1.7056960485301091
2015-05-22,0.004131220439379578,0.0,0.0,0.004131220439379578,0.004131220439379578,0.0,1.9999999999999993,0.5932663079155566,1.7360705632682867,1.7127426549091656
2015-05-26,0.00908454523034742,0.0,0.0,0.00908454523034742,0.00908454523034742,0.0,1.9999999999999993,0.5932663079155566,1.7518419748233722,1.7283021430256331
2015-05-27,0.008374667637529485,0.0,0.0,0.008374667637529485,0.008374667637529485,0.0,1.9999999999999993,0.5932663079155566,1.7665130691159914,1.7427760990507029
2015-05-28,-0.0036770488535396804,0.0,0.0,-0.0036770488535396804,-0.0036770488535396804,0.0,1.9999999999999993,0.5932663079155566,1.7600175142604355,1.736367826193712
2015-05-29,-0.006156129153463902,0.0,0.0,-0.006156129153463902,-0.006156129153463902,0.0,1.9999999999999993,0.5932663079155566,1.74918261913029,1.7256785215977444
2015-06-01,0.0013327297447735947,0.0,0.0,0.0013327297447735947,0.0013327297447735947,0.0,1.9999999999999993,0.5932663079155566,1.7515138068358458,1.7279783846933947
2015-06-02,-0.013084297110650962,0.0,0.0,-0.013084297110650962,-0.013084297110650962,0.0,1.9999999999999993,0.5932663079155566,1.7285964797937983,1.7053690021072836
2015-06-03,-0.0023223876056977966,0.0,0.0,-0.0023223876056977966,-0.0023223876056977966,0.0,1.9999999999999993,0.5932663079155566,1.7245820087538724,1.7014084742736484
2015-06-04,0.001146440810333692,0.0,0.0,0.001146440810333692,0.001146440810333692,0.0,1.9999999999999993,0.5932663079155566,1.726559139949475,1.7033590383836033
2015-06-05,0.0012078936010288456,0.0,0.0,0.0012078936010288456,0.0012078936010288456,0.0,1.9999999999999993,0.5932663079155566,1.7286446396864181,1.7054165148663216
2015-06-08,-0.01009999938104417,0.0,0.0,-0.01009999938104417,-0.01009999938104417,0.0,1.9999999999999993,0.5932663079155566,1.71118532989554,1.6881918091217492
2015-06-09,-0.0063877051113570265,0.0,0.0,-0.0063877051113570265,-0.0063877051113570265,0.0,1.9999999999999993,0.5932663079155566,1.7002547826172871,1.6774081376736711
2015-06-10,-0.000837703634257289,0.0,0.0,-0.000837703634257289,-0.000837703634257289,0.0,1.9999999999999993,0.5932663079155566,1.6988304730067254,1.6760029667806091
2015-06-11,0.010593911443920627,0.0,0.0,0.010593911443920627,0.010593911443920627,0.0,1.9999999999999993,0.5932663079155566,1.7168277325959924,1.6937583937904312
2015-06-12,-0.0017971094176706683,0.0,0.0,-0.0017971094176706683,-0.0017971094176706683,0.0,1.9999999999999993,0.5932663079155566,1.713742405309226,1.6907145246296917
2015-06-15,-0.0031076694635426916,0.0,0.0,-0.0031076694635426916,-0.0031076694635426916,0.0,1.9999999999999993,0.5932663079155566,1.7084166603678683,1.685460342729932
2015-06-16,0.005633239825126597,0.0,0.0,0.005633239825126597,0.005633239825126597,0.0,1.9999999999999993,0.5932663079155566,1.7180405811369626,1.6949549450562698
2015-06-17,-0.004977855682402971,0.0,0.0,-0.004977855682402971,-0.004977855682402971,0.0,1.9999999999999993,0.5932663079155566,1.709488423067551,1.6865177039516044
2015-06-18,0.0009450759118297206,0.0,0.0,0.0009450759118297206,0.0009450759118297206,0.0,1.9999999999999993,0.5932663079155566,1.711104019397744,1.6881115912084834
2015-06-19,0.0032191461475601013,0.0,0.0,0.0032191461475601013,0.0032191461475601013,0.0,1.9999999999999993,0.5932663079155566,1.716612313309863,1.6935458691339738
2015-06-22,0.0042831130607189185,0.0,0.0,0.0042831130607189185,0.0042831130607189185,0.0,1.9999999999999993,0.5932663079155566,1.7239647579291912,1.700799517564988
2015-06-23,0.005270631993438649,0.0,0.0,0.005270631993438649,0.005270631993438649,0.0,1.9999999999999993,0.5932663079155566,1.7330511417378933,1.7097638059166909
2015-06-24,-0.0014732212392629981,0.0,0.0,-0.0014732212392629981,-0.0014732212392629981,0.0,1.9999999999999993,0.5932663079155566,1.7304979739871562,1.7072449455636913
2015-06-25,-0.0028078531917845096,0.0,0.0,-0.0028078531917845096,-0.0028078531917845096,0.0,1.9999999999999993,0.5932663079155566,1.7256389897275197,1.7024512523941322
2015-06-26,-0.004180916872339326,0.0,0.0,-0.004180916872339326,-0.004180916872339326,0.0,1.9999999999999993,0.5932663079155566,1.7184242365598013,1.6953334452286624
2015-06-29,-0.011358547482664459,0.0,0.0,-0.011358547482664459,-0.011358547482664459,0.0,1.9999999999999993,0.5932663079155566,1.6989054332734754,1.6760769197920835
2015-06-30,0.0013161608201679527,1.9565156813657325e-05,5.8695470440971965e-05,0.0012965956633542953,0.0012574653497269808,0.15000000000000002,1.9568927295209044,0.5207405502645365,1.701108226690707,1.6781845284421992
2015-07-01,0.00728716859245025,1.9565156813657328e-05,5.869547044097197e-05,0.007267603435636592,0.007228473122009278,0.15000000000000008,1.9137854590418097,0.44821479261351627,1.7134712066833937,1.6903152401998156
2015-07-02,-0.00020271614808072902,1.9565156813657328e-05,5.869547044097198e-05,-0.00022228130489438636,-0.000261411618521701,0.15000000000000005,1.8706781885627144,0.3756890349624961,1.713090334067673,1.6898733721570631
2015-07-06,0.001384319558105207,1.9565156813657325e-05,5.8695470440971985e-05,0.0013647544012915496,0.0013256240876642349,0.15000000000000002,1.887027659946689,0.30316327731147574,1.715428281640902,1.692113509004297
2015-07-07,0.005762537337355685,1.9565156813657315e-05,5.869547044097194e-05,0.005742972180542027,0.005703841866914713,0.15,1.9391377466212316,0.2306375196604557,1.7252799385400808,1.7017650568805274
2015-07-08,-0.01632647567624474,1.9565156813657325e-05,5.8695470440971985e-05,-0.0163460408330584,-0.016385171146685713,0.15000000000000005,1.9912478332957737,0.15811176200943555,1.6970784422162482,1.6738813451720906
2015-07-09,0.00492463420709534,3.2860723317721017e-06,9.858216995316304e-06,0.004921348134763567,0.004914775990100023,0.025193299213515236,1.9999999999999998,0.145930674588175,1.7054303560423967,1.6821080970176188
2015-07-10,0.010286493687759529,0.0,0.0,0.010286493687759529,0.010286493687759529,0.0,1.9999999999999998,0.145930674588175,1.7229732546347403,1.6994110913397198
2015-07-13,0.014590004153868139,0.0,0.0,0.014590004153868139,0.014590004153868139,0.0,1.9999999999999998,0.145930674588175,1.748111441576865,1.724205506221496
2015-07-14,0.003963877652792668,0.0,0.0,0.003963877652792668,0.003963877652792668,0.0,1.9999999999999998,0.145930674588175,1.7550407414547227,1.7310400458964295
2015-07-15,0.003057263892394409,0.0,0.0,0.003057263892394409,0.003057263892394409,0.0,1.9999999999999998,0.145930674588175,1.7604063641432535,1.7363322921250375
2015-07-16,0.00952984779788547,0.0,0.0,0.00952984779788547,0.00952984779788547,0.0,1.9999999999999998,0.145930674588175,1.7771827688559678,1.7528792745955428
2015-07-17,0.00516295677960599,0.0,0.0,0.00516295677960599,0.00516295677960599,0.0,1.9999999999999998,0.145930674588175,1.786358286681032,1.761929314530147
2015-07-20,0.009312597973842667,0.0,0.0,0.009312597973842667,0.009312597973842667,0.0,1.9999999999999998,0.145930674588175,1.8029939232421348,1.7783374538946943
2015-07-21,-0.006727517385492823,0.0,0.0,-0.006727517385492823,-0.006727517385492823,0.0,1.9999999999999998,0.145930674588175,1.7908642502775853,1.7663736577563447
2015-07-22,0.0012259175784984256,0.0,0.0,0.0012259175784984256,0.0012259175784984256,0.0,1.9999999999999998,0.145930674588175,1.7930597022427048,1.7685390862735846
2015-07-23,-0.005933264344885706,0.0,0.0,-0.005933264344885706,-0.005933264344885706,0.0,1.9999999999999998,0.145930674588175,1.7824210050431368,1.7580458763704607
2015-07-24,-0.00784947849006307,0.0,0.0,-0.00784947849006307,-0.00784947849006307,0.0,1.9999999999999998,0.145930674588175,1.768429929703814,1.7442461330793466
2015-07-27,-0.006055884354842436,0.0,0.0,-0.006055884354842436,-0.006055884354842436,0.0,1.9999999999999998,0.145930674588175,1.7577205225598855,1.733683180211037
2015-07-28,0.007055843718206865,0.0,0.0,0.007055843718206865,0.007055843718206865,0.0,1.9999999999999998,0.145930674588175,1.7701227238673531,1.74591577778749
2015-07-29,0.005838736310949026,0.0,0.0,0.005838736310949026,0.005838736310949026,0.0,1.9999999999999998,0.145930674588175,1.7804580036900337,1.7561097196351168
2015-07-30,0.004664068882022445,0.0,0.0,0.004664068882022445,0.004664068882022445,0.0,1.9999999999999998,0.145930674588175,1.7887621824607924,1.764300336331884
2015-07-31,-0.0007275671916487488,2.9723714799892202e-05,8.917114439967659e-05,-0.000757290906448641,-0.0008167383360484253,0.14999999999999997,2.0,0.07571651544616134,1.7874075691262157,1.7628593646108988
2015-08-03,0.003286039921795439,2.9723714799892202e-05,8.91711443996766e-05,0.003256316206995547,0.0031968687773957626,0.15,2.0,0.005502356304147943,1.793227933362068,1.768494994672563
2015-08-04,0.00021927649901958663,2.9723714799892202e-05,8.91711443996766e-05,0.00018955278421969442,0.00013010535461991003,0.15,2.0,-0.0647118028378657,1.7935678447095773,1.7687250853409884
2015-08-05,0.005046804970035858,2.972371479989221e-05,8.91711443996766e-05,0.005017081255235966,0.004957633825636181,0.15,2.0,-0.13492596197987927,1.8025663203232636,1.777493776652326
2015-08-06,-0.006675948638665358,1.7218848847535742e-05,5.1656546542607234e-05,-0.006693167487512894,-0.006727605185207965,0.08689449971238886,2.0,-0.1756007901890215,1.7905014420339902,1.7655355003038449
2015-08-07,-0.00273447327897096,0.0,0.0,-0.00273447327897096,-0.00273447327897096,0.0,2.0,-0.1756007901890215,1.7856053636847893,1.7607076906551895
2015-08-10,-0.006595748808425138,0.0,0.0,-0.006595748808425138,-0.006595748808425138,0.0,2.0,-0.1756007901890215,1.7738279592349477,1.7490945050025655
2015-08-11,0.0021698199807235275,0.0,0.0,0.0021698199807235275,0.0021698199807235275,0.0,2.0,-0.1756007901890215,1.777676846583262,1.752889725207694
2015-08-12,-0.005183413847634504,0.0,0.0,-0.005183413847634504,-0.005183413847634504,0.0,2.0,-0.1756007901890215,1.768462411800063,1.7438037723326762
2015-08-13,0.0035159196548148275,0.0,0.0,0.0035159196548148275,0.0035159196548148275,0.0,2.0,-0.1756007901890215,1.7746801835525121,1.749934846289961
2015-08-14,0.003934615066845099,0.0,0.0,0.003934615066845099,0.003934615066845099,0.0,2.0,-0.1756007901890215,1.7816628669415493,1.756820166302171
2015-08-17,0.007195973100796474,0.0,0.0,0.007195973100796474,0.007195973100796474,0.0,2.0,-0.1756007901890215,1.7944836650067486,1.769462196961818
2015-08-18,0.0023393627432090115,0.0,0.0,0.0023393627432090115,0.0023393627432090115,0.0,2.0,-0.1756007901890215,1.7986816132359627,1.7736016109009074
2015-08-19,-0.005662955654281464,0.0,0.0,-0.005662955654281464,-0.005662955654281464,0.0,2.0,-0.1756007901890215,1.788495759024036,1.7635577836300134
2015-08-20,-0.01652570585550418,0.0,0.0,-0.01652570585550418,-0.01652570585550418,0.0,2.0,-0.1756007901890215,1.7589396041865881,1.734413746438559
2015-08-21,-0.012885466921684357,0.0,0.0,-0.012885466921684357,-0.012885466921684357,0.0,2.0,-0.1756007901890215,1.7362748460996014,1.7120650154803103
2015-08-24,-0.016989490904610195,0.0,0.0,-0.016989490904610195,-0.016989490904610195,0.0,2.0,-0.1756007901890215,1.7067764203938887,1.6829779024717062
2015-08-25,-0.0003031460170298799,0.0,0.0,-0.0003031460170298799,-0.0003031460170298799,0.0,2.0,-0.1756007901890215,1.7062590179200858,1.6824677144238227
2015-08-26,0.023799869653969272,0.0,0.0,0.023799869653969272,0.023799869653969272,0.0,2.0,-0.1756007901890215,1.7468677601424933,1.7225102267241212
2015-08-27,-0.0014346322065459944,0.0,0.0,-0.0014346322065459944,-0.0014346322065459944,0.0,2.0,-0.1756007901890215,1.744361647393216,1.720039058076758
2015-08-28,-0.002093339899761169,0.0,0.0,-0.002093339899761169,-0.002093339899761169,0.0,2.0,-0.1756007901890215,1.7407101055571148,1.7164384316873382
2015-08-31,-0.011670212726753074,2.1659626357020365e-05,6.49788790710611e-05,-0.011691872353110094,-0.011735191605824135,0.15,1.9296997209238584,-0.20440196422365556,1.7203579451991722,1.696295697811887
2015-09-01,-0.0022626469932781764,2.165962635702036e-05,6.497887907106108e-05,-0.0022843066196351967,-0.0023276258723492374,0.14999999999999997,1.8593994418477167,-0.23320313825828964,1.7164281201568117,1.6923473560585054
2015-09-02,0.006695838500884501,2.1659626357020365e-05,6.49788790710611e-05,0.006674178874527481,0.00663085962181344,0.15,1.7890991627715747,-0.26200431229292376,1.7278838684560072,1.7035690738078764
2015-09-03,0.0007285826763729275,2.165962635702036e-05,6.497887907106108e-05,0.0007069230500159071,0.0006636037973018664,0.14999999999999997,1.7187988836954329,-0.29080548632755776,1.7291053493903692,1.7046995687142212
2015-09-04,0.00619950497646887,2.1659626357020372e-05,6.49788790710611e-05,0.00617784535011185,0.006134526097397809,0.15000000000000002,1.6484986046192907,-0.31960666036219176,1.739787494832954,1.7151570927067212
2015-09-08,-0.005910080601121,2.165962635702037e-05,6.49788790710611e-05,-0.00593174022747802,-0.005975059480192061,0.15000000000000002,1.5781983255431493,-0.3484078343968259,1.7294675273625901,1.7049089270599254
2015-09-09,0.007102217929364617,2.165962635702037e-05,6.497887907106112e-05,0.007080558303007596,0.007037239050293556,0.15000000000000002,1.5394606833717757,-0.37720900843145994,1.7417131230232392,1.7169067787386254
2015-09-10,-0.005974280719142321,2.165962635702036e-05,6.497887907106109e-05,-0.005995940345499342,-0.006039259598213382,0.14999999999999997,1.544347769699853,-0.406010182466094,1.7312699150386186,1.7065379329958905
2015-09-11,4.677718355209135e-05,2.165962635702038e-05,6.497887907106113e-05,2.511755719507097e-05,-1.820169551896978e-05,0.15000000000000002,1.5536993232497578,-0.4348113565007281,1.7313134003097297,1.7065068711120426
2015-09-14,0.004280983059828202,2.1659626357020372e-05,6.49788790710611e-05,0.0042593234334711814,0.004216004180757141,0.15000000000000002,1.6016395537054509,-0.46361253053536206,1.7386876240463516,1.7137015112151417
2015-09-15,-0.006760867317941938,2.1659626357020385e-05,6.497887907106114e-05,-0.006782526944298958,-0.006825846197012999,0.15000000000000008,1.6539686701852994,-0.49241370456999617,1.7268949283885382,1.7020040482719985
2015-09-16,-0.015243598475575087,2.165962635702037e-05,6.49788790710611e-05,-0.015265258101932107,-0.015308577354646148,0.15000000000000002,1.7062977866651474,-0.5212148786046302,1.7005334315917695,1.6759487876411057
2015-09-17,0.0018106653691620503,2.1659626357020372e-05,6.49788790710611e-05,0.00178900574280503,0.0017456864900909893,0.14999999999999997,1.7586269031449961,-0.5500160526392641,1.703575695666719,1.678874468797775
2015-09-18,0.01638717741241369,2.1659626357020375e-05,6.497887907106113e-05,0.016365517786056667,0.016322198533342627,0.15000000000000005,1.8109560196248444,-0.5788172266738982,1.7314555940140466,1.7062773911900524
2015-09-21,-0.0051814253120759605,2.730270810197089e-06,8.190812430591268e-06,-0.005184155582886158,-0.005189616124506552,0.018908018761682004,1.817552285732733,-0.5824477142672672,1.7224794588298191,1.6974224665278517
2015-09-22,0.018272591830505155,0.0,0.0,0.018272591830505155,0.018272591830505155,0.0,1.817552285732733,-0.5824477142672672,1.7539536229174457,1.7284387744226444
2015-09-23,0.004246393925193484,0.0,0.0,0.004246393925193484,0.004246393925193484,0.0,1.817552285732733,-0.5824477142672672,1.7614016009268736,1.7357784063344217
2015-09-24,-0.0032006954059102797,0.0,0.0,-0.0032006954059102797,-0.0032006954059102797,0.0,1.817552285732733,-0.5824477142672672,1.7557638909148239,1.7302227083635888
2015-09-25,0.00017737507160764604,0.0,0.0,0.00017737507160764604,0.00017737507160764604,0.0,1.817552285732733,-0.5824477142672672,1.756075319660701,1.730529606740382
2015-09-28,0.027246698423906934,0.0,0.0,0.027246698423906934,0.027246698423906934,0.0,1.817552285732733,-0.5824477142672672,1.8039225743051623,1.7776808250488796
2015-09-29,0.0017046907230676446,0.0,0.0,0.0017046907230676446,0.0017046907230676446,0.0,1.817552285732733,-0.5824477142672672,1.8069977043827126,1.7807112210599154
2015-09-30,-0.0141510598094264,2.0998932183788654e-05,6.299679655136597e-05,-0.014172058741610188,-0.014214056605977765,0.14999999999999997,1.7728202561586774,-0.5657279595196686,1.781388826770246,1.75540009096487
2015-10-01,0.000618574339608506,2.0998932183788654e-05,6.299679655136597e-05,0.0005975754074247174,0.0005555775430571401,0.14999999999999997,1.7280882265846222,-0.5490082047720705,1.7824533409241852,1.7563753518344907
2015-10-02,-0.016483489759543314,2.0998932183788657e-05,6.299679655136598e-05,-0.016504488691727104,-0.01654648655609468,0.14999999999999997,1.6833561970105664,-0.532288450024472,1.7530348599153707,1.7273135106879052
2015-10-05,-0.016749937369560028,2.0998932183788647e-05,6.299679655136594e-05,-0.016770936301743818,-0.016812934166111394,0.1499999999999999,1.638624167436511,-0.515568695276874,1.7236348239449935,1.6982723023484747
2015-10-06,-0.005598018821286211,2.0998932183788654e-05,6.299679655136597e-05,-0.0056190177534699995,-0.005661015617837576,0.14999999999999997,1.5938921378624558,-0.4988489405292756,1.7139496892687476,1.688658356321539
2015-10-07,-0.00843367914170345,1.9716029001367716e-05,5.9148087004103144e-05,-0.008453395170704819,-0.008492827228707554,0.14083593986213716,1.5518929550157692,-0.4831506580349928,1.699460995242652,1.6743168726529867
2015-10-08,-0.005913990920127181,0.0,0.0,-0.005913990920127181,-0.005913990920127181,0.0,1.5518929550157692,-0.4831506580349928,1.6894103983476767,1.6644149778707011
2015-10-09,-0.0064083550161973075,0.0,0.0,-0.0064083550161973075,-0.0064083550161973075,0.0,1.5518929550157692,-0.4831506580349928,1.6785840567470094,1.6537488157982294
2015-10-12,0.004122377210286711,0.0,0.0,0.004122377210286711,0.004122377210286711,0.0,1.5518929550157692,-0.4831506580349928,1.685503813408094,1.6605661922280148
2015-10-13,0.00660309413952113,0.0,0.0,0.00660309413952113,0.00660309413952113,0.0,1.5518929550157692,-0.4831506580349928,1.6966333537605496,1.6715310671202026
2015-10-14,-0.005027390244663792,0.0,0.0,-0.005027390244663792,-0.005027390244663792,0.0,1.5518929550157692,-0.4831506580349928,1.6881037157890826,1.66312762813971
2015-10-15,-0.007714286581548501,0.0,0.0,-0.007714286581548501,-0.007714286581548501,0.0,1.5518929550157692,-0.4831506580349928,1.6750811999461088,1.6502977849945493
2015-10-16,0.0010915979280921955,0.0,0.0,0.0010915979280921955,0.0010915979280921955,0.0,1.5518929550157692,-0.4831506580349928,1.676909715113356,1.6520992466373843
2015-10-19,0.006848486133302587,0.0,0.0,0.006848486133302587,0.006848486133302587,0.0,1.5518929550157692,-0.4831506580349928,1.6883940080441104,1.6634136254188203
2015-10-20,-0.0015377407868742798,0.0,0.0,-0.0015377407868742798,-0.0015377407868742798,0.0,1.5518929550157692,-0.4831506580349928,1.685797695713627,1.6608557264415713
2015-10-21,0.008479398642073756,0.0,0.0,0.008479398642073756,0.008479398642073756,0.0,1.5518929550157692,-0.4831506580349928,1.700092246405472,1.6749387842330403
2015-10-22,-0.0033428192161438037,0.0,0.0,-0.0033428192161438037,-0.0033428192161438037,0.0,1.5518929550157692,-0.4831506580349928,1.6944091453749708,1.6693397666792416
2015-10-23,-0.0020873843201173795,0.0,0.0,-0.0020873843201173795,-0.0020873843201173795,0.0,1.5518929550157692,-0.4831506580349928,1.6908722622930517,1.665855213025327
2015-10-26,0.003143636072956556,0.0,0.0,0.003143636072956556,0.003143636072956556,0.0,1.5518929550157692,-0.4831506580349928,1.6961877493315578,1.6710920555653164
2015-10-27,0.0056131283361486855,0.0,0.0,0.0056131283361486855,0.0056131283361486855,0.0,1.5518929550157692,-0.4831506580349928,1.705708668850759,1.680472109734723
2015-10-28,-0.0033516766821565253,0.0,0.0,-0.0033516766821565253,-0.0033516766821565253,0.0,1.5518929550157692,-0.4831506580349928,1.6999916848788197,1.6748397105495108
2015-10-29,0.0040974374743683265,0.0,0.0,0.0040974374743683265,0.0040974374743683265,0.0,1.5518929550157692,-0.4831506580349928,1.7069572945145566,1.6817022615430766
2015-10-30,-0.0006198532020288061,0.0,0.0,-0.0006198532020288061,-0.0006198532020288061,0.0,1.5518929550157692,-0.4831506580349928,1.7058992315698251,1.6806598530113999
2015-11-02,-0.006572367446645819,0.0,0.0,-0.006572367446645819,-0.006572367446645819,0.0,1.5518929550157692,-0.4831506580349928,1.6946874349929975,1.6696139389045832
2015-11-03,-0.002832178827308981,0.0,0.0,-0.002832178827308981,-0.002832178827308981,0.0,1.5518929550157692,-0.4831506580349928,1.6898877771207037,1.6648852936570375
2015-11-04,0.00957008744423849,0.0,0.0,0.00957008744423849,0.00957008744423849,0.0,1.5518929550157692,-0.4831506580349928,1.7060601509186988,1.6808183915019623
2015-11-05,0.00200338143867476,0.0,0.0,0.00200338143867476,0.00200338143867476,0.0,1.5518929550157692,-0.4831506580349928,1.709478040158312,1.6841857118692807
2015-11-06,0.008102015061601344,0.0,0.0,0.008102015061601344,0.008102015061601344,0.0,1.5518929550157692,-0.4831506580349928,1.7233282569871515,1.6978310098733793
2015-11-09,0.008021149574367255,0.0,0.0,0.008021149574367255,0.008021149574367255,0.0,1.5518929550157692,-0.4831506580349928,1.7371513307021789,1.7114495663555727
2015-11-10,0.002382071453295491,0.0,0.0,0.002382071453295491,0.002382071453295491,0.0,1.5518929550157692,-0.4831506580349928,1.7412893492970987,1.715526361511343
2015-11-11,0.0016377235242775253,0.0,0.0,0.0016377235242775253,0.0016377235242775253,0.0,1.5518929550157692,-0.4831506580349928,1.7441410998270164,1.7183359193901082
2015-11-12,0.008353511487594441,0.0,0.0,0.008353511487594441,0.008353511487594441,0.0,1.5518929550157692,-0.4831506580349928,1.7587108025404068,1.7326900582322795
2015-11-13,0.009425023457349102,0.0,0.0,0.009425023457349102,0.009425023457349102,0.0,1.5518929550157692,-0.4831506580349928,1.7752866931090436,1.7490207026754345
2015-11-16,-0.006944668273160463,0.0,0.0,-0.006944668273160463,-0.006944668273160463,0.0,1.5518929550157692,-0.4831506580349928,1.7629579159356454,1.7368743340924637
2015-11-17,0.006293486741538615,0.0,0.0,0.006293486741538615,0.006293486741538615,0.0,1.5518929550157692,-0.4831506580349928,1.7740530682054767,1.7478053296857932
2015-11-18,-0.007633343962164007,0.0,0.0,-0.007633343962164007,-0.007633343962164007,0.0,1.5518929550157692,-0.4831506580349928,1.760511110928732,1.734463730425398
2015-11-19,-0.005508683906918426,0.0,0.0,-0.005508683906918426,-0.005508683906918426,0.0,1.5518929550157692,-0.4831506580349928,1.7508130117040077,1.72490911798647
2015-11-20,0.000870843698435348,0.0,0.0,0.000870843698435348,0.000870843698435348,0.0,1.5518929550157692,-0.4831506580349928,1.7523376961823887,1.726411244222242
2015-11-23,0.0029460392513724794,0.0,0.0,0.0029460392513724794,0.0029460392513724794,0.0,1.5518929550157692,-0.4831506580349928,1.7575001518170017,1.7314973195117314
2015-11-24,-0.006221371654261749,0.0,0.0,-0.006221371654261749,-0.006221371654261749,0.0,1.5518929550157692,-0.4831506580349928,1.7465660901901268,1.7207250311686908
2015-11-25,0.0020604575627591283,0.0,0.0,0.0020604575627591283,0.0020604575627591283,0.0,1.5518929550157692,-0.4831506580349928,1.7501648154995177,1.7242705120725914
2015-11-27,0.008614315829958759,0.0,0.0,0.008614315829958759,0.008614315829958759,0.0,1.5518929550157692,-0.4831506580349928,1.7652412879747121,1.7391239228398694
2015-11-30,0.001423005031024359,2.1055347277521275e-05,6.31660418325638e-05,0.0014019496837468378,0.0013598389891917952,0.15,1.5015808925559389,-0.4645029867792708,1.7677160674401249,1.7414888513571831
2015-12-01,-0.007257471243878124,2.105534727752128e-05,6.316604183256382e-05,-0.007278526591155646,-0.007320637285710688,0.15000000000000002,1.4512688300961087,-0.44585531552354873,1.7548496990376488,1.7287400431392883
2015-12-02,0.011249982284415814,2.1055347277521265e-05,6.316604183256378e-05,0.011228926937138292,0.01118681624258325,0.14999999999999994,1.4009567676362784,-0.42720764426782687,1.7745547780938018,1.7480791403330829
2015-12-03,-0.01254216493862826,2.1055347277521275e-05,6.316604183256382e-05,-0.012563220285905782,-0.012605330980460823,0.15000000000000002,1.3506447051764487,-0.4085599730121051,1.752260655507203,1.726044024189145
2015-12-04,-0.0013091514851900764,2.1055347277521265e-05,6.316604183256378e-05,-0.0013302068324675977,-0.0013723175270226402,0.14999999999999997,1.3297670266058987,-0.38991230175638303,1.749929786410983,1.7236753437223375
2015-12-07,0.011690729006057495,2.1055347277521275e-05,6.316604183256382e-05,0.011669673658779973,0.011627562964224932,0.15000000000000002,1.329024547914054,-0.37126463050066116,1.7703508959441778,1.743717487311351
2015-12-08,0.0010926324163433154,2.105534727752127e-05,6.316604183256379e-05,0.001071577069065794,0.0010294663745107516,0.14999999999999997,1.32828206922221,-0.35261695924493913,1.7722479633684716,1.7455125858311844
2015-12-09,-0.006594816992487764,2.1055347277521275e-05,6.316604183256382e-05,-0.006615872339765285,-0.006657983034320328,0.15,1.3275395905303657,-0.33396928798921727,1.7605229970884169,1.7338909926485278
2015-12-10,0.004499791688876876,2.1055347277521265e-05,6.316604183256378e-05,0.004478736341599355,0.004436625647044313,0.14999999999999994,1.3267971118385213,-0.31532161673349546,1.7684079154156984,1.7415836178956914
2015-12-11,-0.005568306818048402,1.4964972695416076e-05,4.4894918086248214e-05,-0.0055832717907438175,-0.00561320173613465,0.10661167800869786,1.3262693991770331,-0.30206788657664824,1.75853441338703,1.7318077577080957
2015-12-14,0.005656311009014858,0.0,0.0,0.005656311009014858,0.005656311009014858,0.0,1.3262693991770331,-0.30206788657664824,1.7684812309492026,1.7416034009935173
2015-12-15,0.00579737784629567,0.0,0.0,0.00579737784629567,0.00579737784629567,0.0,1.3262693991770331,-0.30206788657664824,1.7787337848590972,1.7517001339674703
2015-12-16,0.0028908310169638027,0.0,0.0,0.0028908310169638027,0.0028908310169638027,0.0,1.3262693991770331,-0.30206788657664824,1.783875803655289,1.756764003047163
2015-12-17,0.0065578672690317814,0.0,0.0,0.0065578672690317814,0.0065578672690317814,0.0,1.3262693991770331,-0.30206788657664824,1.795574224400098,1.7682846282021594
2015-12-18,-0.014011327786218282,0.0,0.0,-0.014011327786218282,-0.014011327786218282,0.0,1.3262693991770331,-0.30206788657664824,1.7704158453775436,1.7435086126570878
2015-12-21,-0.00016062422095482253,0.0,0.0,-0.00016062422095482253,-0.00016062422095482253,0.0,1.3262693991770331,-0.30206788657664824,1.7701314737116136,1.7432285629444517
2015-12-22,0.003027118432214083,0.0,0.0,0.003027118432214083,0.003027118432214083,0.0,1.3262693991770331,-0.30206788657664824,1.7754898713231284,1.748505522258903
2015-12-23,-0.0001870494957663538,0.0,0.0,-0.0001870494957663538,-0.0001870494957663538,0.0,1.3262693991770331,-0.30206788657664824,1.7751577668379592,1.7481784651826198
2015-12-24,-0.0032493642621704046,0.0,0.0,-0.0032493642621704046,-0.0032493642621704046,0.0,1.3262693991770331,-0.30206788657664824,1.7693896326306817,1.7424979965539595
2015-12-28,0.0037308991777571148,0.0,0.0,0.0037308991777571148,0.0037308991777571148,0.0,1.3262693991770331,-0.30206788657664824,1.7759910469561955,1.748999080896546
2015-12-29,0.002667197257869685,0.0,0.0,0.002667197257869685,0.002667197257869685,0.0,1.3262693991770331,-0.30206788657664824,1.7807279654066384,1.7536640064491302
2015-12-30,0.0018081616603531675,0.0,0.0,0.0018081616603531675,0.0018081616603531675,0.0,1.3262693991770331,-0.30206788657664824,1.7839478094412053,1.756834914470733
2015-12-31,-0.0032672637014664503,2.4067896647025595e-05,7.220368994107678e-05,-0.003291331598113476,-0.003339467391407527,0.14999999999999997,1.4136552503301885,-0.2678059198181044,1.7780762456466062,1.7509680215617716
2016-01-04,-0.004944952027487364,2.406789664702559e-05,7.220368994107676e-05,-0.0049690199241343895,-0.00501715571742844,0.14999999999999997,1.5010411014833438,-0.23354395305956038,1.7692409493553583,1.7421831423413585
2016-01-05,0.0032770031253562797,2.406789664702559e-05,7.220368994107676e-05,0.003252935228709254,0.003204799435415203,0.14999999999999997,1.5884269526364998,-0.19928198630101676,1.7749961755675912,1.747766489892324
2016-01-06,-0.0020003076049650167,2.4067896647025595e-05,7.220368994107678e-05,-0.0020243755016120424,-0.0020725112949060934,0.15,1.6758128037896554,-0.16502001954247297,1.771402916794317,1.7441442241011638
2016-01-07,-0.01304188430940246,2.4067896647025598e-05,7.220368994107679e-05,-0.013065952206049485,-0.013114087999343537,0.15,1.7631986549428111,-0.1307580527839293,1.748257850945826,1.7212713632627543
2016-01-08,0.002735082300371441,2.318249427449175e-05,6.954748282347526e-05,0.0027118998060969494,0.0026655348175479657,0.1444818461775932,1.8473697823055328,-0.09775650471093106,1.7529989510728132,1.7258594720119793
2016-01-11,0.012335411426601623,0.0,0.0,0.012335411426601623,0.012335411426601623,0.0,1.8473697823055328,-0.09775650471093106,1.7746229143646974,1.7471486586637446
2016-01-12,0.007671128691248894,0.0,0.0,0.007671128691248894,0.007671128691248894,0.0,1.8473697823055328,-0.09775650471093106,1.7882362751192284,1.7605512608670972
2016-01-13,-0.007426700510517822,0.0,0.0,-0.007426700510517822,-0.007426700510517822,0.0,1.8473697823055328,-0.09775650471093106,1.774955579861874,1.7474761739192226
2016-01-14,0.008525230445213807,0.0,0.0,0.008525230445213807,0.008525230445213807,0.0,1.8473697823055328,-0.09775650471093106,1.7900874852102147,1.7623738109994047
2016-01-15,-0.0016339957702521208,0.0,0.0,-0.0016339957702521208,-0.0016339957702521208,0.0,1.8473697823055328,-0.09775650471093106,1.787162489831,1.7594940996466286
2016-01-19,0.002565781523453012,0.0,0.0,0.002565781523453012,0.002565781523453012,0.0,1.8473697823055328,-0.09775650471093106,1.7917479583268165,1.7640085770981264
2016-01-20,0.0005463077242169152,0.0,0.0,0.0005463077242169152,0.0005463077242169152,0.0,1.8473697823055328,-0.09775650471093106,1.7927268040763005,1.76497226860938
2016-01-21,-0.0038620104817295563,0.0,0.0,-0.0038620104817295563,-0.0038620104817295563,0.0,1.8473697823055328,-0.09775650471093106,1.7858032743680803,1.7581559272080487
2016-01-22,-0.0004005512350451039,0.0,0.0,-0.0004005512350451039,-0.0004005512350451039,0.0,1.8473697823055328,-0.09775650471093106,1.7850879686609846,1.7574516956800037
2016-01-25,0.0002004571792685551,0.0,0.0,0.0002004571792685551,0.0002004571792685551,0.0,1.8473697823055328,-0.09775650471093106,1.785445802359929,1.7578039894896207
2016-01-26,-0.007978025653871457,0.0,0.0,-0.007978025653871457,-0.007978025653871457,0.0,1.8473697823055328,-0.09775650471093106,1.7712014699451042,1.7437801841669949
2016-01-27,-0.01060960295099072,0.0,0.0,-0.01060960295099072,-0.01060960295099072,0.0,1.8473697823055328,-0.09775650471093106,1.7524097256027755,1.7252793687791776
2016-01-28,-6.034960362027411e-05,0.0,0.0,-6.034960362027411e-05,-6.034960362027411e-05,0.0,1.8473697823055328,-0.09775650471093106,1.752303968370455,1.7251752488531378
2016-01-29,0.004214728493332308,0.0,0.0,0.004214728493332308,0.004214728493332308,0.0,1.8473697823055328,-0.09775650471093106,1.7596894538349253,1.7324463941304706
2016-02-01,0.0007443844349406519,0.0,0.0,0.0007443844349406519,0.0007443844349406519,0.0,1.8473697823055328,-0.09775650471093106,1.7609993392746892,1.7337360002606303
2016-02-02,0.00402566513667044,0.0,0.0,0.00402566513667044,0.00402566513667044,0.0,1.8473697823055328,-0.09775650471093106,1.768088532920507,1.7407154408330698
2016-02-03,-0.02234303971344395,0.0,0.0,-0.02234303971344395,-0.02234303971344395,0.0,1.8473697823055328,-0.09775650471093106,1.728584060612579,1.7018225666087314
2016-02-04,-0.007121413641474458,0.0,0.0,-0.007121413641474458,-0.007121413641474458,0.0,1.8473697823055328,-0.09775650471093106,1.7162740985028972,1.689703184167515
2016-02-05,-0.00674577113200917,0.0,0.0,-0.00674577113200917,-0.00674577113200917,0.0,1.8473697823055328,-0.09775650471093106,1.7046965062346013,1.678304833206094
2016-02-08,-0.004025110400560262,0.0,0.0,-0.004025110400560262,-0.004025110400560262,0.0,1.8473697823055328,-0.09775650471093106,1.6978349145975575,1.6715494709666454
2016-02-09,0.004600356342210095,0.0,0.0,0.004600356342210095,0.004600356342210095,0.0,1.8473697823055328,-0.09775650471093106,1.7056455602149523,1.6792391941767248
2016-02-10,-0.0017837860992429124,0.0,0.0,-0.0017837860992429124,-0.0017837860992429124,0.0,1.8473697823055328,-0.09775650471093106,1.7026030533744054,1.6762437906448486
2016-02-11,-0.01221986541845887,0.0,0.0,-0.01221986541845887,-0.01221986541845887,0.0,1.8473697823055328,-0.09775650471093106,1.681797473201113,1.6557603171146413
2016-02-12,0.0010175413796235403,0.0,0.0,0.0010175413796235403,0.0010175413796235403,0.0,1.8473697823055328,-0.09775650471093106,1.6835087717222414,1.6574451217520443
2016-02-16,0.016997482052128435,0.0,0.0,0.016997482052128435,0.016997482052128435,0.0,1.8473697823055328,-0.09775650471093106,1.712124181854191,1.6856175154614124
2016-02-17,-0.003646319960361783,0.0,0.0,-0.003646319960361783,-0.003646319960361783,0.0,1.8473697823055328,-0.09775650471093106,1.705881229275278,1.6794712146692499
2016-02-18,-0.0047794960577743125,0.0,0.0,-0.0047794960577743125,-0.0047794960577743125,0.0,1.8473697823055328,-0.09775650471093106,1.6977279766649258,1.6714441886195928
2016-02-19,0.0030556507961936215,0.0,0.0,0.0030556507961936215,0.0030556507961936215,0.0,1.8473697823055328,-0.09775650471093106,1.7029156405085422,1.6765515383853415
2016-02-22,0.006267141486671056,0.0,0.0,0.006267141486671056,0.006267141486671056,0.0,1.8473697823055328,-0.09775650471093106,1.7135880537674744,1.6870587240860986
2016-02-23,-0.0016498880166019019,0.0,0.0,-0.0016498880166019019,-0.0016498880166019019,0.0,1.8473697823055328,-0.09775650471093106,1.7107608253721711,1.684275266113925
2016-02-24,-0.0012117180561676852,0.0,0.0,-0.0012117180561676852,-0.0012117180561676852,0.0,1.8473697823055328,-0.09775650471093106,1.7086878655902833,1.6822343993624183
2016-02-25,0.0024352586966938762,0.0,0.0,0.0024352586966938762,0.0024352586966938762,0.0,1.8473697823055328,-0.09775650471093106,1.7128489625748973,1.6863310753133431
2016-02-26,0.004791944484010342,0.0,0.0,0.004791944484010342,0.004791944484010342,0.0,1.8473697823055328,-0.09775650471093106,1.7210568397130508,1.694411880207906
2016-02-29,-0.008182987428306396,2.1455485196632868e-05,6.43664555898986e-05,-0.00820444291350303,-0.008247353883896295,0.15,1.7823559693663384,-0.08429332058789257,1.706936527120731,1.6804374658067533
2016-03-01,0.0026908343463167158,2.1455485196632868e-05,6.43664555898986e-05,0.002669378861120083,0.0026264678907268173,0.15,1.7173421564271443,-0.07083013646485442,1.7114929874035008,1.6848510808530692
2016-03-02,-0.0054573057676892784,2.1455485196632868e-05,6.43664555898986e-05,-0.005478761252885911,-0.005521672223279177,0.15,1.65232834348795,-0.057366952341815936,1.7021161259395285,1.675547885439561
2016-03-03,-0.009762938457994311,2.145548519663286e-05,6.436645558989858e-05,-0.009784393943190944,-0.00982730491358421,0.14999999999999997,1.587314530548756,-0.04390376821877759,1.685461951226278,1.6590817654720351
2016-03-04,-0.009379740320200006,2.145548519663286e-05,6.436645558989858e-05,-0.00940119580539664,-0.009444106775789905,0.14999999999999997,1.5223007176095615,-0.03044058409573913,1.6696165934002538,1.6434132201291511
2016-03-07,-0.007035441622458299,2.1455485196632868e-05,6.436645558989861e-05,-0.007056897107654932,-0.007099808078048198,0.15,1.4572869046703674,-0.016977399972700757,1.6578342808913948,1.631745301673307
2016-03-08,0.009322961544735713,2.1455485196632868e-05,6.436645558989861e-05,0.00930150605953908,0.009258595089145814,0.15,1.3922730917311732,-0.0035142158496623,1.6732546365008178,1.646852970710116
2016-03-09,-0.004833865135722895,2.145548519663286e-05,6.436645558989858e-05,-0.004855320620919528,-0.004898231591312794,0.14999999999999997,1.327259278791979,0.00994896827337613,1.6651304487601661,1.6387863034627366
2016-03-10,-0.0038561532156559664,2.1455485196632875e-05,6.436645558989862e-05,-0.0038776087008525993,-0.003920519671245865,0.15000000000000002,1.2622454658527846,0.023412152396414476,1.658673724443999,1.6323614095230425
2016-03-11,-0.0072925351844208884,2.145548519663286e-05,6.436645558989858e-05,-0.007313990669617521,-0.007356901640010787,0.14999999999999997,1.2191622902831143,0.03687533651945295,1.6465422002994758,1.6203522871922322
2016-03-14,0.004229506012350486,2.1455485196632875e-05,6.43664555898986e-05,0.004208050527153853,0.004165139556760587,0.15,1.2039505994483868,0.05033852064249138,1.653470933073427,1.627101280599504
2016-03-15,0.00634905301185163,2.1455485196632865e-05,6.43664555898986e-05,0.006327597526654997,0.006284686556261731,0.14999999999999997,1.2142821445264829,0.06380170476552963,1.6639334316599383,1.637327102143364
2016-03-16,-0.005052540816752307,2.1455485196632875e-05,6.436645558989862e-05,-0.00507399630194894,-0.005116907272342206,0.15000000000000002,1.2631603638573066,0.07726488888856807,1.6554906395810065,1.6289490511872038
2016-03-17,-0.005283836223551597,2.145548519663286e-05,6.436645558989857e-05,-0.0053052917087482295,-0.0053482026791414955,0.1499999999999999,1.3143452760993357,0.09072807301160647,1.646707778816927,1.6202371015074595
2016-03-18,-0.0014762245810049507,1.800217339624629e-05,5.400652018873887e-05,-0.0014942267544011969,-0.0015302311011936897,0.12585714024592282,1.3572918539561374,0.10202432536047266,1.6442472239971382,1.6177577643034249
2016-03-21,-0.003024949094699848,0.0,0.0,-0.003024949094699848,-0.003024949094699848,0.0,1.3572918539561374,0.10202432536047266,1.6392734598454453,1.6128641294188515
2016-03-22,-0.001662110190886385,0.0,0.0,-0.001662110190886385,-0.001662110190886385,0.0,1.3572918539561374,0.10202432536047266,1.6365488067221865,1.6101833715128293
2016-03-23,0.009331228349373964,0.0,0.0,0.009331228349373964,0.009331228349373964,0.0,1.3572918539561374,0.10202432536047266,1.6518198173426069,1.6252083602367806
2016-03-24,0.0007049844373263404,0.0,0.0,0.0007049844373263404,0.0007049844373263404,0.0,1.3572918539561374,0.10202432536047266,1.6529843246071008,1.6263541068381602
2016-03-28,-0.001873874354402941,0.0,0.0,-0.001873874354402941,-0.001873874354402941,0.0,1.3572918539561374,0.10202432536047266,1.6498868396729895,1.6233065235861783
2016-03-29,-0.0011017359949851728,0.0,0.0,-0.0011017359949851728,-0.0011017359949851728,0.0,1.3572918539561374,0.10202432536047266,1.6480690999540695,1.621518068358249
2016-03-30,-0.004697753486560484,0.0,0.0,-0.004697753486560484,-0.004697753486560484,0.0,1.3572918539561374,0.10202432536047266,1.6403268775936677,1.6139005761990983
2016-03-31,0.0035411370213333042,2.613896522426391e-05,7.841689567279171e-05,0.0035149980561090402,0.0034627201256605127,0.14999999999999997,1.23133942212145,0.22967124957974702,1.646092623379793,1.6194890622051181
2016-04-01,0.0034606474918868336,2.6138965224263915e-05,7.841689567279171e-05,0.0034345085266625696,0.003382230596214042,0.15,1.1053869902867628,0.3573181737990213,1.6517461425304671,1.6249665476615425
2016-04-04,0.0033625126237676307,2.3147426914142693e-05,6.944228074242806e-05,0.003339365196853488,0.003293070343025203,0.13283288023576229,0.9938494949980958,0.47035623111423663,1.6572619261128703,1.6303176768080547
2016-04-05,0.0073872509506121755,0.0,0.0,0.0073872509506121755,0.0073872509506121755,0.0,0.9938494949980958,0.47035623111423663,1.669504535851961,1.6423612426158547
2016-04-06,-0.004290670984462947,0.0,0.0,-0.004290670984462947,-0.004290670984462947,0.0,0.9938494949980958,0.47035623111423663,1.6623412411815517,1.6353144108861564
2016-04-07,0.008569623670841684,0.0,0.0,0.008569623670841684,0.008569623670841684,0.0,0.9938494949980958,0.47035623111423663,1.6765868800309975,1.649328439970955
2016-04-08,-0.005280529857958945,0.0,0.0,-0.005280529857958945,-0.005280529857958945,0.0,0.9938494949980958,0.47035623111423663,1.6677336129515317,1.6406191118981075
2016-04-11,0.0011995372551836503,0.0,0.0,0.0011995372551836503,0.0011995372551836503,0.0,0.9938494949980958,0.47035623111423663,1.669734121551989,1.6425870956443955
2016-04-12,-0.006673811088981244,0.0,0.0,-0.006673811088981244,-0.006673811088981244,0.0,0.9938494949980958,0.47035623111423663,1.658590631455925,1.6316247796708665
2016-04-13,-0.005448096094333571,0.0,0.0,-0.005448096094333571,-0.005448096094333571,0.0,0.9938494949980958,0.47035623111423663,1.6495544703145915,1.6227355310813236
2016-04-14,-0.0020421176420417214,0.0,0.0,-0.0020421176420417214,-0.0020421176420417214,0.0,0.9938494949980958,0.47035623111423663,1.646185886029253,1.6194217142249345
2016-04-15,0.00391662154801146,0.0,0.0,0.00391662154801146,0.00391662154801146,0.0,0.9938494949980958,0.47035623111423663,1.6526333731425078,1.6257643762061857
2016-04-18,-0.002779003792906424,0.0,0.0,-0.002779003792906424,-0.002779003792906424,0.0,0.9938494949980958,0.47035623111423663,1.6480406987302612,1.6212463708383367
2016-04-19,-0.00305970721588736,0.0,0.0,-0.00305970721588736,-0.00305970721588736,0.0,0.9938494949980958,0.47035623111423663,1.64299817671228,1.6162858316187514
2016-04-20,-0.006220834325995426,0.0,0.0,-0.006220834325995426,-0.006220834325995426,0.0,0.9938494949980958,0.47035623111423663,1.6327773572570405,1.6062311852367974
2016-04-21,0.0012479080717188837,0.0,0.0,0.0012479080717188837,0.0012479080717188837,0.0,0.9938494949980958,0.47035623111423663,1.6348149133004815,1.608235614097901
2016-04-22,-0.005408416756130724,0.0,0.0,-0.005408416756130724,-0.005408416756130724,0.0,0.9938494949980958,0.47035623111423663,1.6259731529302148,1.5995376056548078
2016-04-25,0.00116453670447643,0.0,0.0,0.00116453670447643,0.00116453670447643,0.0,0.9938494949980958,0.47035623111423663,1.6278666583472952,1.601400325906783
2016-04-26,-0.0032974893683681925,0.0,0.0,-0.0032974893683681925,-0.0032974893683681925,0.0,0.9938494949980958,0.47035623111423663,1.622498785348274,1.596119725357604
2016-04-27,0.0009690385548603975,0.0,0.0,0.0009690385548603975,0.0009690385548603975,0.0,0.9938494949980958,0.47035623111423663,1.6240710492264907,1.5976664269096488
2016-04-28,0.010179119143032047,0.0,0.0,0.010179119143032047,0.010179119143032047,0.0,0.9938494949980958,0.47035623111423663,1.6406026619333163,1.6139292638199845
2016-04-29,0.004938876957353232,0.0,0.0,0.004938876957353232,0.004938876957353232,0.0,0.9938494949980958,0.47035623111423663,1.6487053966165113,1.6219002618718632
2016-05-02,-0.001912456447597177,0.0,0.0,-0.001912456447597177,-0.001912456447597177,0.0,0.9938494949980958,0.47035623111423663,1.6455523193505637,1.6187984482586868
2016-05-03,0.006538255252147248,0.0,0.0,0.006538255252147248,0.006538255252147248,0.0,0.9938494949980958,0.47035623111423663,1.6563113604452409,1.6293825657151821
2016-05-04,0.0009222650619386435,0.0,0.0,0.0009222650619386435,0.0009222650619386435,0.0,0.9938494949980958,0.47035623111423663,1.6578389185446716,1.6308852883280733
2016-05-05,0.00211341947863424,0.0,0.0,0.00211341947863424,0.00211341947863424,0.0,0.9938494949980958,0.47035623111423663,1.661342627607562,1.634332033063844
2016-05-06,-0.0010551106700015798,0.0,0.0,-0.0010551106700015798,-0.0010551106700015798,0.0,0.9938494949980958,0.47035623111423663,1.659589727274645,1.632607631897433
2016-05-09,-0.001152336435234338,0.0,0.0,-0.001152336435234338,-0.001152336435234338,0.0,0.9938494949980958,0.47035623111423663,1.6576773215643656,1.6307263186387557
2016-05-10,-0.005714057259862822,0.0,0.0,-0.005714057259862822,-0.005714057259862822,0.0,0.9938494949980958,0.47035623111423663,1.6482052584305709,1.6214082550788884
2016-05-11,0.0020723168895939548,0.0,0.0,0.0020723168895939548,0.0020723168895939548,0.0,0.9938494949980958,0.47035623111423663,1.651620862025134,1.6247683267908155
2016-05-12,-0.002611911864910042,0.0,0.0,-0.002611911864910042,-0.002611911864910042,0.0,0.9938494949980958,0.47035623111423663,1.6473069738992776,1.6205245751203405
2016-05-13,0.0044693013350450665,0.0,0.0,0.0044693013350450665,0.0044693013350450665,0.0,0.9938494949980958,0.47035623111423663,1.6546692851569544,1.6277671877673991
2016-05-16,-0.005287622345998066,0.0,0.0,-0.005287622345998066,-0.005287622345998066,0.0,0.9938494949980958,0.47035623111423663,1.6459200188695218,1.6191601696112778
2016-05-17,0.000987235837913658,0.0,0.0,0.000987235837913658,0.000987235837913658,0.0,0.9938494949980958,0.47035623111423663,1.6475449300984895,1.6207586625580406
2016-05-18,-0.006503048181242299,0.0,0.0,-0.006503048181242299,-0.006503048181242299,0.0,0.9938494949980958,0.47035623111423663,1.6368308660372977,1.6102187908852599
2016-05-19,0.0022314323128354227,0.0,0.0,0.0022314323128354227,0.0022314323128354227,0.0,0.9938494949980958,0.47035623111423663,1.6404833433224197,1.613811885125976
2016-05-20,-0.0026145640170517695,0.0,0.0,-0.0026145640170517695,-0.0026145640170517695,0.0,0.9938494949980958,0.47035623111423663,1.6361941946023961,1.609592470640835
2016-05-23,0.002488709710521676,0.0,0.0,0.002488709710521676,0.002488709710521676,0.0,0.9938494949980958,0.47035623111423663,1.6402662069828025,1.6135982790525016
2016-05-24,-0.006613930017258211,0.0,0.0,-0.006613930017258211,-0.006613930017258211,0.0,0.9938494949980958,0.47035623111423663,1.6294176010801447,1.6029260529588802
2016-05-25,-0.00347605888164438,0.0,0.0,-0.00347605888164438,-0.00347605888164438,0.0,0.9938494949980958,0.47035623111423663,1.6237536495560023,1.5973541876158734
2016-05-26,0.0012348271321034098,0.0,0.0,0.0012348271321034098,0.0012348271321034098,0.0,0.9938494949980958,0.47035623111423663,1.625758704618326,1.5993266439063205
2016-05-27,-0.0035465570376092743,0.0,0.0,-0.0035465570376092743,-0.0035465570376092743,0.0,0.9938494949980958,0.47035623111423663,1.6199928586430072,1.5936545407419385
2016-05-31,0.0012354501745187557,2.580330104942043e-05,7.74099031482613e-05,0.0012096468734693353,0.0011580402713704944,0.14999999999999997,1.09538784295827,0.5186004056323101,1.6219524779395074,1.59550005687877
2016-06-01,0.0011115442422250993,2.580330104942043e-05,7.740990314826127e-05,0.0010857409411756788,0.001034134339076838,0.14999999999999994,1.196926190918444,0.5668445801503835,1.6237134981494477,1.5971500182755873
2016-06-02,0.0017152897549949548,2.5803301049420432e-05,7.740990314826127e-05,0.0016894864539455344,0.0016378798518466935,0.14999999999999997,1.2984645388786182,0.6150887546684569,1.62645674010966,1.5997659581108974
2016-06-03,0.013702157440269182,2.580330104942043e-05,7.740990314826127e-05,0.01367635413921976,0.01362474753712092,0.14999999999999997,1.4000028868387926,0.6633329291865305,1.6487007384795205,1.6215623654086389
2016-06-06,-0.005821672488598882,2.580330104942043e-05,7.740990314826129e-05,-0.005847475789648302,-0.005899082391747143,0.15,1.5015412347989667,0.7115771037046039,1.6390600008268863,1.6119966354117368
2016-06-07,-0.0004617705826509889,2.5803301049420432e-05,7.740990314826127e-05,-0.00048757388370040933,-0.0005391804857992502,0.14999999999999997,1.603079582759141,0.7598212782226773,1.6382608379766652,1.6111274782827487
2016-06-08,0.003861003238251983,2.580330104942044e-05,7.740990314826131e-05,0.0038351999372025626,0.0037835933351037217,0.15,1.704617930719315,0.8080654527407509,1.6445438958395948,1.6172233294715819
2016-06-09,0.0029430294687499865,1.7564816580164154e-05,5.269444974049246e-05,0.0029254646521698225,0.002890335019009494,0.10210796215485778,1.7737370893245434,0.840906215046643,1.6493549508758154,1.6218976466943127
2016-06-10,0.006500174053559564,0.0,0.0,0.006500174053559564,0.006500174053559564,0.0,1.7737370893245434,0.840906215046643,1.6600760451326082,1.6324402636948843
2016-06-13,0.008513739486681266,0.0,0.0,0.008513739486681266,0.008513739486681266,0.0,1.7737370893245434,0.840906215046643,1.6742095001089472,1.6463384348275516
2016-06-14,-0.0009239756660223792,0.0,0.0,-0.0009239756660223792,-0.0009239756660223792,0.0,1.7737370893245434,0.840906215046643,1.672662571271023,1.6448172581757334
2016-06-15,0.002909642026399122,0.0,0.0,0.002909642026399122,0.002909642026399122,0.0,1.7737370893245434,0.840906215046643,1.6775294205843783,1.6496030875958683
2016-06-16,0.003590517912932696,0.0,0.0,0.003590517912932696,0.003590517912932696,0.0,1.7737370893245434,0.840906215046643,1.683552620018458,1.6555260170311104
2016-06-17,0.0007181864342369149,0.0,0.0,0.0007181864342369149,0.0007181864342369149,0.0,1.7737370893245434,0.840906215046643,1.6847617246714794,1.6567149933580685
2016-06-20,-0.006633932310980782,0.0,0.0,-0.006633932310980782,-0.006633932310980782,0.0,1.7737370893245434,0.840906215046643,1.6735851294298776,1.6457244582335442
2016-06-21,-0.011002581564670672,0.0,0.0,-0.011002581564670672,-0.011002581564670672,0.0,1.7737370893245434,0.840906215046643,1.6551713725379054,1.627617240648856
2016-06-22,0.0036677683119266643,0.0,0.0,0.0036677683119266643,0.0036677683119266643,0.0,1.7737370893245434,0.840906215046643,1.661242157648908,1.6335869635880533
2016-06-23,-0.011327140528281416,0.0,0.0,-0.011327140528281416,-0.011327140528281416,0.0,1.7737370893245434,0.840906215046643,1.6424250342777134,1.6150830944863228
2016-06-24,0.030589686611966052,0.0,0.0,0.030589686611966052,0.030589686611966052,0.0,1.7737370893245434,0.840906215046643,1.6926663013599164,1.6644879801989438
2016-06-27,0.009434412160655908,0.0,0.0,0.009434412160655908,0.009434412160655908,0.0,1.7737370893245434,0.840906215046643,1.708635612897399,1.6801914458405984
2016-06-28,-0.006172876675601884,0.0,0.0,-0.006172876675601884,-0.006172876675601884,0.0,1.7737370893245434,0.840906215046643,1.698088415975442,1.6698198312540233
2016-06-29,-0.006228827075650531,0.0,0.0,-0.006228827075650531,-0.006228827075650531,0.0,1.7737370893245434,0.840906215046643,1.6875113168731655,1.65941881227765
2016-06-30,-0.002352277955500684,2.5800908177724962e-05,7.74027245331749e-05,-0.0023780788636784092,-0.002429680680033859,0.14999999999999997,1.6996626740242846,0.8969893755643663,1.6834982818782913,1.6553869544493742
2016-07-01,0.00868703785409732,2.5800908177724962e-05,7.74027245331749e-05,0.008661236945919595,0.008609635129564145,0.14999999999999997,1.6255882587240262,0.9530725360820901,1.6980794593956876,1.6696392321254236
2016-07-05,0.006106408482429031,2.5800908177724955e-05,7.740272453317487e-05,0.006080607574251306,0.006029005757895857,0.1499999999999999,1.5515138434237674,1.0091556965998136,1.7084048142181694,1.6797054966695164
2016-07-06,0.003950438926774757,2.0137267849050408e-05,6.041180354715123e-05,0.003930301658925707,0.003890027123227606,0.11707301760661923,1.4936997412461195,1.0529278621913223,1.7151193604936075,1.6862395966105954
2016-07-07,-0.0008731105034182221,0.0,0.0,-0.0008731105034182221,-0.0008731105034182221,0.0,1.4936997412461195,1.0529278621913223,1.7136218717653446,1.684767323107515
2016-07-08,0.005361844416770789,0.0,0.0,0.005361844416770789,0.005361844416770789,0.0,1.4936997412461195,1.0529278621913223,1.722810045630926,1.693800783372477
2016-07-11,-0.009611830206165612,0.0,0.0,-0.009611830206165612,-0.009611830206165612,0.0,1.4936997412461195,1.0529278621913223,1.7062506879948451,1.6775202578396304
2016-07-12,-0.010141835253908695,0.0,0.0,-0.010141835253908695,-0.010141835253908695,0.0,1.4936997412461195,1.0529278621913223,1.6889461746153331,1.6605071237495266
2016-07-13,0.006178836062589854,0.0,0.0,0.006178836062589854,0.006178836062589854,0.0,1.4936997412461195,1.0529278621913223,1.6993818961468194,1.6707671250479375
2016-07-14,-0.005306234003452791,0.0,0.0,-0.005306234003452791,-0.005306234003452791,0.0,1.4936997412461195,1.0529278621913223,1.6903645781446333,1.661901643717157
2016-07-15,-0.005275486322466719,0.0,0.0,-0.005275486322466719,-0.005275486322466719,0.0,1.4936997412461195,1.0529278621913223,1.6814470829326489,1.6531343043264421
2016-07-18,-0.0011182334640858496,0.0,0.0,-0.0011182334640858496,-0.0011182334640858496,0.0,1.4936997412461195,1.0529278621913223,1.679566832536424,1.6512857142267159
2016-07-19,0.00010299255203985512,0.0,0.0,0.00010299255203985512,0.00010299255203985512,0.0,1.4936997412461195,1.0529278621913223,1.6797398154108285,1.6514557843565711
2016-07-20,-0.005064471250211358,0.0,0.0,-0.005064471250211358,-0.005064471250211358,0.0,1.4936997412461195,1.0529278621913223,1.6712328214078451,1.643092034015702
2016-07-21,0.00581730769428944,0.0,0.0,0.00581730769428944,0.00581730769428944,0.0,1.4936997412461195,1.0529278621913223,1.6809548969587698,1.652650405947607
2016-07-22,-0.0031073223908624457,0.0,0.0,-0.0031073223908624457,-0.0031073223908624457,0.0,1.4936997412461195,1.0529278621913223,1.67573162816942,1.6475150883369383
2016-07-25,-0.00047205064219002144,0.0,0.0,-0.00047205064219002144,-0.00047205064219002144,0.0,1.4936997412461195,1.0529278621913223,1.6749405979782044,1.6467373777814711
2016-07-26,0.0038775794231784674,0.0,0.0,0.0038775794231784674,0.0038775794231784674,0.0,1.4936997412461195,1.0529278621913223,1.681435313175971,1.6531227327529354
2016-07-27,0.0062371317858417406,0.0,0.0,0.0062371317858417406,0.0062371317858417406,0.0,1.4936997412461195,1.0529278621913223,1.6919226468136177,1.6634334770952866
2016-07-28,-0.00034387423145688017,0.0,0.0,-0.00034387423145688017,-0.00034387423145688017,0.0,1.4936997412461195,1.0529278621913223,1.6913408382137602,1.6628614651867708
2016-07-29,0.016089477178046437,0.0,0.0,0.016089477178046437,0.016089477178046437,0.0,1.4936997412461195,1.0529278621913223,1.7185536280304985,1.6896160367811461
2016-08-01,-0.004371365247538932,0.0,0.0,-0.004371365247538932,-0.004371365247538932,0.0,1.4936997412461195,1.0529278621913223,1.711041202424894,1.6822301079562767
2016-08-02,0.003099501078813778,0.0,0.0,0.003099501078813778,0.003099501078813778,0.0,1.4936997412461195,1.0529278621913223,1.7163445764777048,1.6874441819907002
2016-08-03,-0.0030094107576584764,0.0,0.0,-0.0030094107576584764,-0.0030094107576584764,0.0,1.4936997412461195,1.0529278621913223,1.711179390645404,1.6823659693164692
2016-08-04,0.0020701246013897197,0.0,0.0,0.0020701246013897197,0.0020701246013897197,0.0,1.4936997412461195,1.0529278621913223,1.7147217451993702,1.685848676498092
2016-08-05,-0.00818219649403153,0.0,0.0,-0.00818219649403153,-0.00818219649403153,0.0,1.4936997412461195,1.0529278621913223,1.7006915549475603,1.6720547313677816
2016-08-08,-0.001712935376307214,0.0,0.0,-0.001712935376307214,-0.001712935376307214,0.0,1.4936997412461195,1.0529278621913223,1.6977783802189037,1.6691906096673
2016-08-09,0.005481723839956829,0.0,0.0,0.005481723839956829,0.005481723839956829,0.0,1.4936997412461195,1.0529278621913223,1.707085132440713,1.6783406516257453
2016-08-10,0.005253260056368418,0.0,0.0,0.005253260056368418,0.005253260056368418,0.0,1.4936997412461195,1.0529278621913223,1.7160528945797842,1.6871574115319101
2016-08-11,-0.00576501865851987,0.0,0.0,-0.00576501865851987,-0.00576501865851987,0.0,1.4936997412461195,1.0529278621913223,1.7061598176235246,1.6774309175745685
2016-08-12,0.004171183574999063,0.0,0.0,0.004171183574999063,0.004171183574999063,0.0,1.4936997412461195,1.0529278621913223,1.7132765234311194,1.6844277898661513
2016-08-15,-0.0010385609213872811,0.0,0.0,-0.0010385609213872811,-0.0010385609213872811,0.0,1.4936997412461195,1.0529278621913223,1.7114971813863535,1.6826784089886975
2016-08-16,0.004373275826186607,0.0,0.0,0.004373275826186607,0.004373275826186607,0.0,1.4936997412461195,1.0529278621913223,1.7189820306362968,1.6900372257979737
2016-08-17,0.001820503073961766,0.0,0.0,0.001820503073961766,0.001820503073961766,0.0,1.4936997412461195,1.0529278621913223,1.7221114427071553,1.6931139437626486
2016-08-18,0.005205148296779802,0.0,0.0,0.005205148296779802,0.005205148296779802,0.0,1.4936997412461195,1.0529278621913223,1.7310752881500275,1.701926852923279
2016-08-19,-0.005229272944659618,0.0,0.0,-0.005229272944659618,-0.005229272944659618,0.0,1.4936997412461195,1.0529278621913223,1.7220230229805358,1.6930270128774976
2016-08-22,0.0012408441643666085,0.0,0.0,0.0012408441643666085,0.0012408441643666085,0.0,1.4936997412461195,1.0529278621913223,1.724159785199506,1.6951277955665416
2016-08-23,0.0006495299975350764,0.0,0.0,0.0006495299975350764,0.0006495299975350764,0.0,1.4936997412461195,1.0529278621913223,1.725279678700537,1.6962288319194176
2016-08-24,-0.004719340290032169,0.0,0.0,-0.004719340290032169,-0.004719340290032169,0.0,1.4936997412461195,1.0529278621913223,1.7171374968012716,1.688223750851826
2016-08-25,-0.0013191024331884078,0.0,0.0,-0.0013191024331884078,-0.0013191024331884078,0.0,1.4936997412461195,1.0529278621913223,1.714872416551122,1.6859968107943109
2016-08-26,-0.008183808651070115,0.0,0.0,-0.008183808651070115,-0.008183808651070115,0.0,1.4936997412461195,1.0529278621913223,1.7008382288330692,1.6721989355084557
2016-08-29,0.004352637944586678,0.0,0.0,0.004352637944586678,0.004352637944586678,0.0,1.4936997412461195,1.0529278621913223,1.7082413618454915,1.6794774120460472
2016-08-30,-0.006694120182747128,0.0,0.0,-0.006694120182747128,-0.006694120182747128,0.0,1.4936997412461195,1.0529278621913223,1.696806188868158,1.6682347884056017
2016-08-31,-0.0013835462378205795,2.767976948269918e-05,8.303930844809756e-05,-0.0014112260073032787,-0.001466585546268677,0.15000000000000002,1.526182319928243,1.155074169468294,1.6944116118450743,1.6657881793771434
2016-09-01,0.0032253825776005,2.767976948269918e-05,8.303930844809755e-05,0.003197702808117801,0.0031423432691524028,0.14999999999999997,1.5586648986103664,1.2572204767452653,1.6998298366143787,1.6710226576504428
2016-09-02,-0.0008211268696978925,2.767976948269918e-05,8.303930844809755e-05,-0.0008488066391805917,-0.00090416617814599,0.15000000000000002,1.5911474772924894,1.3593667840222365,1.6983870097635831,1.6695117754804796
2016-09-06,0.014199502538227056,2.767976948269918e-05,8.303930844809752e-05,0.014171822768744357,0.014116463229778959,0.14999999999999997,1.6236300559746129,1.4615130912992083,1.7224562494586904,1.6930793770707329
2016-09-07,0.0006702513431798167,2.767976948269918e-05,8.303930844809755e-05,0.0006425715736971175,0.0005872120347317192,0.15000000000000002,1.656112634656736,1.5636593985761797,1.7235630508815294,1.6940735736567047
2016-09-08,-0.0068553782829651804,2.767976948269918e-05,8.303930844809755e-05,-0.006883058052447879,-0.006938417591413278,0.14999999999999997,1.6885952133388593,1.6658057058531512,1.7116996663452575,1.6823193837720969
2016-09-09,-0.023350395134826007,9.055046672814768e-06,2.7165140018444303e-05,-0.023359450181498823,-0.02337756027484445,0.04907038701211632,1.6992214313860812,1.6992214313860812,1.6717153032635772,1.6429908609764254
2016-09-12,0.010044659316278796,0.0,0.0,0.010044659316278796,0.010044659316278796,0.0,1.6992214313860812,1.6992214313860812,1.6885071139586696,1.6594941444346933
2016-09-13,-0.017729622363241326,0.0,0.0,-0.017729622363241326,-0.017729622363241326,0.0,1.6992214313860812,1.6992214313860812,1.6585705204705359,1.630071939939856
2016-09-14,0.002358825293639236,0.0,0.0,0.002358825293639236,0.002358825293639236,0.0,1.6992214313860812,1.6992214313860812,1.6624827985655062,1.6339169948622378
2016-09-15,0.007310608626348343,0.0,0.0,0.007310608626348343,0.007310608626348343,0.0,1.6992214313860812,1.6992214313860812,1.6746365596538548,1.645861922539615
2016-09-16,-0.001362230017567373,0.0,0.0,-0.001362230017567373,-0.001362230017567373,0.0,1.6992214313860812,1.6992214313860812,1.6723553194637786,1.6436198800239603
2016-09-19,0.0019426934528558393,0.0,0.0,0.0019426934528558393,0.0019426934528558393,0.0,1.6992214313860812,1.6992214313860812,1.6756041931937495,1.6468129296038667
2016-09-20,0.0016740093396679211,0.0,0.0,0.0016740093396679211,0.0016740093396679211,0.0,1.6992214313860812,1.6992214313860812,1.6784091702627426,1.6495697098287094
2016-09-21,0.018062534800711523,0.0,0.0,0.018062534800711523,0.018062534800711523,0.0,1.6992214313860812,1.6992214313860812,1.7087254943104468,1.67936512011869
2016-09-22,0.007855867103769025,0.0,0.0,0.007855867103769025,0.007855867103769025,0.0,1.6992214313860812,1.6992214313860812,1.7221490147105716,1.6925579893210476
2016-09-23,-0.006227637550724027,0.0,0.0,-0.006227637550724027,-0.006227637550724027,0.0,1.6992214313860812,1.6992214313860812,1.7114240948386177,1.682017351629974
2016-09-26,-0.001953747472510339,0.0,0.0,-0.001953747472510339,-0.001953747472510339,0.0,1.6992214313860812,1.6992214313860812,1.7080804043389335,1.6787311144805084
2016-09-27,0.004654873057329128,0.0,0.0,0.004654873057329128,0.004654873057329128,0.0,1.6992214313860812,1.6992214313860812,1.7160313017928426,1.6865453947158036
2016-09-28,0.0037354561775698367,0.0,0.0,0.0037354561775698367,0.0037354561775698367,0.0,1.6992214313860812,1.6992214313860812,1.7224414615200276,1.6928454111292466
2016-09-29,-0.007284746197664075,0.0,0.0,-0.007284746197664075,-0.007284746197664075,0.0,1.6992214313860812,1.6992214313860812,1.7098939126325208,1.6805134619572897
2016-09-30,0.001098884463475233,2.6782298080270206e-05,8.034689424081058e-05,0.0010721021653949628,0.0010185375692344225,0.15000000000000005,1.748915892854068,1.748915892854068,1.7117270935988498,1.6822251280538973
2016-10-03,-0.002255704651923924,2.235357992092403e-05,6.706073976277209e-05,-0.002278058231844848,-0.002322765391686696,0.12519601484865472,1.790392883093014,1.790392883093014,1.707827679602605,1.678317713745428
2016-10-04,-0.016663652012297248,0.0,0.0,-0.016663652012297248,-0.016663652012297248,0.0,1.790392883093014,1.790392883093014,1.6793690334527382,1.6503508113974998
2016-10-05,0.0006795935745854225,0.0,0.0,0.0006795935745854225,0.0006795935745854225,0.0,1.790392883093014,1.790392883093014,1.6805103218572304,1.6514723792047372
2016-10-06,-0.005570750100737888,0.0,0.0,-0.005570750100737888,-0.005570750100737888,0.0,1.790392883093014,1.790392883093014,1.6711486188124531,1.6422724392819166
2016-10-07,0.00023161394390810354,0.0,0.0,0.00023161394390810354,0.00023161394390810354,0.0,1.790392883093014,1.790392883093014,1.6715356801349128,1.6426528124785502
2016-10-10,0.0019333573647114751,0.0,0.0,0.0019333573647114751,0.0019333573647114751,0.0,1.790392883093014,1.790392883093014,1.6747673559524798,1.6458286473912198
2016-10-11,-0.012059386467800864,0.0,0.0,-0.012059386467800864,-0.012059386467800864,0.0,1.790392883093014,1.790392883093014,1.6545706891633918,1.625980963672551
2016-10-12,-0.002019484217427966,0.0,0.0,-0.002019484217427966,-0.002019484217427966,0.0,1.790392883093014,1.790392883093014,1.6512293097700075,1.6226973207785762
2016-10-13,-0.00021692131728713972,0.0,0.0,-0.00021692131728713972,-0.00021692131728713972,0.0,1.790392883093014,1.790392883093014,1.650871122932989,1.6223453231381946
2016-10-14,-0.006442884252394402,0.0,0.0,-0.006442884252394402,-0.006442884252394402,0.0,1.790392883093014,1.790392883093014,1.6402347513723115,1.611892740003802
2016-10-17,0.0019205288788966839,0.0,0.0,0.0019205288788966839,0.0019205288788966839,0.0,1.790392883093014,1.790392883093014,1.6433848695804918,1.6149884265606629
2016-10-18,0.008962325318779612,0.0,0.0,0.008962325318779612,0.008962325318779612,0.0,1.790392883093014,1.790392883093014,1.6581134194056324,1.6294624782255636
2016-10-19,0.004588421713689229,0.0,0.0,0.004588421713689229,0.004588421713689229,0.0,1.790392883093014,1.790392883093014,1.6657215430229928,1.6369391392422958
2016-10-20,-0.0028946214238218643,0.0,0.0,-0.0028946214238218643,-0.0028946214238218643,0.0,1.790392883093014,1.790392883093014,1.6608999097584367,1.6322008201403524
2016-10-21,0.0011628492793699062,0.0,0.0,0.0011628492793699062,0.0011628492793699062,0.0,1.790392883093014,1.790392883093014,1.6628312860216048,1.6340988236878395
2016-10-24,0.0009877294050880745,0.0,0.0,0.0009877294050880745,0.0009877294050880745,0.0,1.790392883093014,1.790392883093014,1.664473713378509,1.635712871146816
2016-10-25,0.00012570142238589659,0.0,0.0,0.00012570142238589659,0.00012570142238589659,0.0,1.790392883093014,1.790392883093014,1.6646829400918046,1.6359184825813342
2016-10-26,-0.008409217188868657,0.0,0.0,-0.008409217188868657,-0.008409217188868657,0.0,1.790392883093014,1.790392883093014,1.6506842596979683,1.6221616887580232
2016-10-27,-0.008335744658046103,0.0,0.0,-0.008335744658046103,-0.008335744658046103,0.0,1.790392883093014,1.790392883093014,1.6369245771980703,1.6086397631264715
2016-10-28,-0.0004150954861865587,0.0,0.0,-0.0004150954861865587,-0.0004150954861865587,0.0,1.790392883093014,1.790392883093014,1.6362450971948475,1.6079720240218975
2016-10-31,0.0030644290790870694,2.3287319907419727e-05,6.986195972225918e-05,0.0030411417591796495,0.00299456711936481,0.15000000000000002,1.8192376245039084,1.7553205027732304,1.6412211504881795,1.612787204173892
2016-11-01,-0.002611297843151444,2.3287319907419724e-05,6.986195972225917e-05,-0.0026345851630588638,-0.002681159802873703,0.15000000000000002,1.8480823659148027,1.7202481224534467,1.636897213595805,1.6084630639514719
2016-11-02,-0.0020142175737589284,2.3287319907419734e-05,6.98619597222592e-05,-0.0020375048936663483,-0.0020840795334811876,0.15000000000000008,1.8769271073256975,1.685175742133663,1.6335620275126748,1.6051108989995302
2016-11-03,-0.00408654153034852,2.328731990741972e-05,6.986195972225916e-05,-0.00410982885025594,-0.0041564034900707795,0.15,1.9057718487365922,1.65010336181388,1.6268483671633207,1.598439410456978
2016-11-04,5.0347620424711997e-05,2.3287319907419727e-05,6.986195972225918e-05,2.706030051729227e-05,-1.9514339297547188e-05,0.15000000000000002,1.934616590147486,1.6150309814940962,1.6268923901690322,1.5984082179679757
2016-11-07,0.011533278018620977,2.3287319907419717e-05,6.986195972225914e-05,0.011509990698713557,0.011463416058898718,0.15000000000000002,1.9634613315583807,1.5799586011743127,1.6456179064476855,1.6167314364025054
2016-11-08,0.000750442434534576,2.3287319907419727e-05,6.986195972225917e-05,0.0007271551146271562,0.0006805804748123168,0.15,1.9923060729692752,1.544886220854529,1.6468145259250808,1.617831752251136
2016-11-09,-0.006837669051093715,6.211563402720121e-06,1.863469020816036e-05,-0.006843880614496436,-0.006856303741301876,0.040010379644896475,1.9999999999999998,1.5355311591768976,1.635543923915431,1.6067394063553797
2016-11-10,-0.010172600396598742,0.0,0.0,-0.010172600396598742,-0.010172600396598742,0.0,1.9999999999999998,1.5355311591768976,1.6189061891463543,1.5903946884330582
2016-11-11,0.0003935325748083472,0.0,0.0,0.0003935325748083472,0.0003935325748083472,0.0,1.9999999999999998,1.5355311591768976,1.6195432814673423,1.5910205605497587
2016-11-14,-0.003187348236463205,0.0,0.0,-0.003187348236463205,-0.003187348236463205,0.0,1.9999999999999998,1.5355311591768976,1.6143812330452816,1.5859494239719139
2016-11-15,0.006883715998466057,0.0,0.0,0.006883715998466057,0.006883715998466057,0.0,1.9999999999999998,1.5355311591768976,1.6254941749668188,1.5968666493944674
2016-11-16,0.003988578374485293,0.0,0.0,0.003988578374485293,0.003988578374485293,0.0,1.9999999999999998,1.5355311591768976,1.6319775858809433,1.603235877179179
2016-11-17,0.00042952947888892407,0.0,0.0,0.00042952947888892407,0.00042952947888892407,0.0,1.9999999999999998,1.5355311591768976,1.6326785683629652,1.60392451425004
2016-11-18,-0.003117005845175168,0.0,0.0,-0.003117005845175168,-0.003117005845175168,0.0,1.9999999999999998,1.5355311591768976,1.6275894997220857,1.598925072163903
2016-11-21,0.003727140324103529,0.0,0.0,0.003727140324103529,0.003727140324103529,0.0,1.9999999999999998,1.5355311591768976,1.6336557541775873,1.6048844902755852
2016-11-22,0.004106968137486573,0.0,0.0,0.004106968137486573,0.004106968137486573,0.0,1.9999999999999998,1.5355311591768976,1.6403651263076162,1.6114756997414934
2016-11-23,-0.003065567886625099,0.0,0.0,-0.003065567886625099,-0.003065567886625099,0.0,1.9999999999999998,1.5355311591768976,1.6353364756540678,1.606535611586289
2016-11-25,-0.000464063571622166,0.0,0.0,-0.000464063571622166,-0.000464063571622166,0.0,1.9999999999999998,1.5355311591768976,1.6345775755683718,1.605790076932438
2016-11-28,0.0016716154182542366,0.0,0.0,0.0016716154182542366,0.0016716154182542366,0.0,1.9999999999999998,1.5355311591768976,1.6373099606460246,1.608474340383518
2016-11-29,0.00011568479646772436,0.0,0.0,0.00011568479646772436,0.00011568479646772436,0.0,1.9999999999999998,1.5355311591768976,1.6374993725155764,1.6086604164102087
2016-11-30,-0.010232105818660329,1.7586214908042057e-05,5.2758644724126156e-05,-0.010249692033568372,-0.010284864463384455,0.14999999999999997,1.8922005896310434,1.4247615341812658,1.6207155082421303,1.592115562059818
2016-12-01,-0.010779947922426288,1.7586214908042053e-05,5.275864472412615e-05,-0.01079753413733433,-0.010832706567150414,0.14999999999999997,1.7844011792620873,1.3139919091856342,1.6032157772149787,1.5748686413550301
2016-12-02,0.0026592347613513664,1.7586214908042063e-05,5.2758644724126177e-05,0.0026416485464433245,0.0026064761166272403,0.15000000000000002,1.6766017688931307,1.203222284190002,1.6074509098424936,1.5789734988555473
2016-12-05,0.0017478645577652366,1.758621490804206e-05,5.275864472412617e-05,0.0017302783428571945,0.0016951059130411103,0.15,1.5688023585241742,1.0924526591943704,1.6102322473390003,1.5816500261699924
2016-12-06,0.004783933636549429,1.758621490804206e-05,5.2758644724126177e-05,0.004766347421641387,0.004731174991825303,0.15,1.4610029481552178,0.9816830341987387,1.6179071736593482,1.5891330892196276
2016-12-07,0.0069542084094349615,1.758621490804205e-05,5.2758644724126136e-05,0.00693662219452692,0.006901449764710835,0.1499999999999999,1.4037191412493182,0.870913409203107,1.6291299844688378,1.6001004114043167
2016-12-08,0.009520355365436453,1.7586214908042067e-05,5.275864472412619e-05,0.00950276915052841,0.009467596720712327,0.15000000000000005,1.4475178068654047,0.7601437842074752,1.6446112306274492,1.6152495168121386
2016-12-09,0.0052818115043579295,1.758621490804206e-05,5.275864472412617e-05,0.005264225289449888,0.005229052859633803,0.15000000000000002,1.4913164724814911,0.6493741592118434,1.6532688346590316,1.623695741917047
2016-12-12,-0.0068104096407580715,1.758621490804207e-05,5.2758644724126204e-05,-0.006827995855666113,-0.006863168285482198,0.15000000000000005,1.5351151380975776,0.5386045342162115,1.6419803219076778,1.6125520447958495
2016-12-13,0.004485107638957416,1.7586214908042053e-05,5.275864472412614e-05,0.004467521424049374,0.0044323489942332895,0.14999999999999997,1.5789138037136643,0.42783490922057965,1.6493159041736678,1.6196994382297492
2016-12-14,0.001262556479198118,1.758621490804206e-05,5.275864472412617e-05,0.001244970264290076,0.0012097978344739917,0.15,1.6227124693297508,0.3170652842249479,1.6513692534307847,1.6216589471026184
2016-12-15,0.008068127931341292,1.6926534715806986e-05,5.0779604147420963e-05,0.008051201396625485,0.008017348327193871,0.14437331857067148,1.664868194022828,0.21045076184196013,1.6646647598703508,1.6346603517494507
2016-12-16,-0.003055713195389578,0.0,0.0,-0.003055713195389578,-0.003055713195389578,0.0,1.664868194022828,0.21045076184196013,1.659578021797715,1.6296652985426296
2016-12-19,0.0011957396971609465,0.0,0.0,0.0011957396971609465,0.0011957396971609465,0.0,1.664868194022828,0.21045076184196013,1.6615624451189144,1.6316139540331827
2016-12-20,0.0061288940112576755,0.0,0.0,0.0061288940112576755,0.0061288940112576755,0.0,1.664868194022828,0.21045076184196013,1.6717459852381342,1.641613943024741
2016-12-21,-0.0056351777261503715,0.0,0.0,-0.0056351777261503715,-0.0056351777261503715,0.0,1.664868194022828,0.21045076184196013,1.662325399498339,1.63236315669807
2016-12-22,-0.002312314388971436,0.0,0.0,-0.002312314388971436,-0.002312314388971436,0.0,1.664868194022828,0.21045076184196013,1.6584815805579263,1.6285886198828103
2016-12-23,0.0005088225114839038,0.0,0.0,0.0005088225114839038,0.0005088225114839038,0.0,1.664868194022828,0.21045076184196013,1.6593254533209958,1.6294172824345534
2016-12-27,0.003588089538592807,0.0,0.0,0.003588089538592807,0.003588089538592807,0.0,1.664868194022828,0.21045076184196013,1.6652792616211778,1.6352637775396592
2016-12-28,-0.006834858122920253,0.0,0.0,-0.006834858122920253,-0.006834858122920253,0.0,1.664868194022828,0.21045076184196013,1.6538973141329556,1.624086981626625
2016-12-29,-0.00499507913903424,0.0,0.0,-0.00499507913903424,-0.00499507913903424,0.0,1.664868194022828,0.21045076184196013,1.6456359661610254,1.6159745386247248
2016-12-30,-0.006635237524224213,0.0,0.0,-0.006635237524224213,-0.006635237524224213,0.0,1.664868194022828,0.21045076184196013,1.6347167806471408,1.6052521637278512
2017-01-03,0.009522194168681435,0.0,0.0,0.009522194168681435,0.009522194168681435,0.0,1.664868194022828,0.21045076184196013,1.6502828712432647,1.6205376865205636
2017-01-04,0.0012514766890268881,0.0,0.0,0.0012514766890268881,0.0012514766890268881,0.0,1.664868194022828,0.21045076184196013,1.6523481617869258,1.6225657516589336
2017-01-05,-0.012466550929341496,0.0,0.0,-0.012466550929341496,-0.012466550929341496,0.0,1.664868194022828,0.21045076184196013,1.6317490792750053,1.6023379530796722
2017-01-06,0.008403014372068092,0.0,0.0,0.008403014372068092,0.008403014372068092,0.0,1.664868194022828,0.21045076184196013,1.6454606902397622,1.615802421928311
2017-01-09,-0.006135122313290928,0.0,0.0,-0.006135122313290928,-0.006135122313290928,0.0,1.664868194022828,0.21045076184196013,1.635365587643429,1.605889276435669
2017-01-10,0.00339492042562173,0.0,0.0,0.00339492042562173,0.00339492042562173,0.0,1.664868194022828,0.21045076184196013,1.6409175236802787,1.6113411427415274
2017-01-11,-0.00030241960761106786,0.0,0.0,-0.00030241960761106786,-0.00030241960761106786,0.0,1.664868194022828,0.21045076184196013,1.6404212780466452,1.6108538415854121
2017-01-12,-0.004567049747232335,0.0,0.0,-0.004567049747232335,-0.004567049747232335,0.0,1.664868194022828,0.21045076184196013,1.6329293924633876,1.6034969919553712
2017-01-13,0.0040052973242174685,0.0,0.0,0.0040052973242174685,0.0040052973242174685,0.0,1.664868194022828,0.21045076184196013,1.6394697601896573,1.609919474166641
2017-01-17,-0.01225659809736758,0.0,0.0,-0.01225659809736758,-0.01225659809736758,0.0,1.664868194022828,0.21045076184196013,1.619375438246225,1.590187338202655
2017-01-18,0.010376192724394911,0.0,0.0,0.010376192724394911,0.010376192724394911,0.0,1.664868194022828,0.21045076184196013,1.6361783898866193,1.606687428491738
2017-01-19,-0.001490966050279254,0.0,0.0,-0.001490966050279254,-0.001490966050279254,0.0,1.664868194022828,0.21045076184196013,1.633738903455098,1.6042919120824466
2017-01-20,0.0012552325390115106,0.0,0.0,0.0012552325390115106,0.0012552325390115106,0.0,1.664868194022828,0.21045076184196013,1.635789625686964,1.6063056714925656
2017-01-23,-0.007548282120166664,0.0,0.0,-0.007548282120166664,-0.007548282120166664,0.0,1.664868194022828,0.21045076184196013,1.6234422241030368,1.594180823112916
2017-01-24,0.009606262594488898,0.0,0.0,0.009606262594488898,0.009606262594488898,0.0,1.664868194022828,0.21045076184196013,1.6390374364147515,1.6094949427228369
2017-01-25,0.009104432311081892,0.0,0.0,0.009104432311081892,0.009104432311081892,0.0,1.664868194022828,0.21045076184196013,1.6539599418099187,1.6241484804838855
2017-01-26,0.0013504033583650312,0.0,0.0,0.0013504033583650312,0.0013504033583650312,0.0,1.664868194022828,0.21045076184196013,1.6561934548699402,1.6263417360464145
2017-01-27,-0.0023795911396480296,0.0,0.0,-0.0023795911396480296,-0.0023795911396480296,0.0,1.664868194022828,0.21045076184196013,1.6522523915991887,1.6224717076612787
2017-01-30,-0.006166257270793642,0.0,0.0,-0.006166257270793642,-0.006166257270793642,0.0,1.664868194022828,0.21045076184196013,1.642064178276304,1.6124671296972553
2017-01-31,-0.005572561058790332,2.853755718893567e-05,8.561267156680701e-05,-0.005601098615979268,-0.005658173730357139,0.15,1.6894175077984634,0.18915156484702833,1.6328668148800114,1.6033435105429379
2017-02-01,0.004538626300221252,2.853755718893567e-05,8.561267156680701e-05,0.004510088743032316,0.004453013628654445,0.15,1.713966821574099,0.16785236785209653,1.6402311891206727,1.6104832210468003
2017-02-02,-0.00013978832122455787,2.853755718893567e-05,8.561267156680701e-05,-0.00016832587841349354,-0.00022540099279136488,0.15,1.7385161353497345,0.14655317085716474,1.6399550957649627,1.6101202165299027
2017-02-03,0.004873955141949816,2.8537557188935664e-05,8.561267156680699e-05,0.00484541758476088,0.004788342470383009,0.14999999999999997,1.7630654491253703,0.12525397386223297,1.6479013630242005,1.617830023545135
2017-02-06,-0.005616332824254462,2.853755718893567e-05,8.5612671566807e-05,-0.005644870381443398,-0.005701945495821269,0.15,1.787614762901006,0.10395477686730112,1.638599173428525,1.6086052449293775
2017-02-07,-0.001047437839086168,2.8537557188935668e-05,8.561267156680701e-05,-0.0010759753962751037,-0.001133050510652975,0.15,1.8121640766766414,0.0826555798723693,1.6368360810335592,1.6067826139351713
2017-02-08,-0.003189576924481779,2.8537557188935664e-05,8.5612671566807e-05,-0.0032181144816707144,-0.003275189596048586,0.14999999999999997,1.8367133904522772,0.06135638287743748,1.6315685551370638,1.6015200962348992
2017-02-09,0.01239151563167179,1.6948299925071945e-05,5.0844899775215825e-05,0.012374567331746718,0.012340670731896574,0.08908418376280813,1.8512930943165404,0.048706905683459145,1.6517585100789682,1.6212839284130494
2017-02-10,0.007101125674502339,0.0,0.0,0.007101125674502339,0.007101125674502339,0.0,1.8512930943165404,0.048706905683459145,1.663487854842968,1.6327968693427612
2017-02-13,0.0027885300031998753,0.0,0.0,0.0027885300031998753,0.0027885300031998753,0.0,1.8512930943165404,0.048706905683459145,1.668126540636156,1.6373499724020542
2017-02-14,0.005803278150433809,0.0,0.0,0.005803278150433809,0.005803278150433809,0.0,1.8512930943165404,0.048706905683459145,1.6778071429415886,1.6468519697215085
2017-02-15,0.00493351194266691,0.0,0.0,0.00493351194266691,0.00493351194266691,0.0,1.8512930943165404,0.048706905683459145,1.686084624518783,1.6549767335819343
2017-02-16,-0.0073309526034871855,0.0,0.0,-0.0073309526034871855,-0.0073309526034871855,0.0,1.8512930943165404,0.048706905683459145,1.6737240180509674,1.6428441775881713
2017-02-17,-0.0014141853023870356,0.0,0.0,-0.0014141853023870356,-0.0014141853023870356,0.0,1.8512930943165404,0.048706905683459145,1.6713570621443876,1.640520891498114
2017-02-21,0.007083439511767213,0.0,0.0,0.007083439511767213,0.007083439511767213,0.0,1.8512930943165404,0.048706905683459145,1.6831960187966521,1.6521414220008313
2017-02-22,-0.0038829880245855974,0.0,0.0,-0.0038829880245855974,-0.0038829880245855974,0.0,1.8512930943165404,0.048706905683459145,1.6766601888126345,1.6457261766442801
2017-02-23,-0.002510492338648613,0.0,0.0,-0.002510492338648613,-0.002510492338648613,0.0,1.8512930943165404,0.048706905683459145,1.672450946254103,1.6415945936863012
2017-02-24,-0.006455125722369301,0.0,0.0,-0.006455125722369301,-0.006455125722369301,0.0,1.8512930943165404,0.048706905683459145,1.6616550651315374,1.6309978941988945
2017-02-27,0.003680365921559129,0.0,0.0,0.003680365921559129,0.003680365921559129,0.0,1.8512930943165404,0.048706905683459145,1.6677705638066338,1.637000563266839
2017-02-28,-0.0048579117239625855,2.450321734076615e-05,7.350965202229845e-05,-0.004882414941303352,-0.004931421375984884,0.15000000000000002,1.8977048828546526,0.12426900595551847,1.6596278158872384,1.6289278236966456
2017-03-01,0.019851020206628517,2.4503217340766145e-05,7.350965202229843e-05,0.01982651698928775,0.019777510554606217,0.15,1.9441166713927638,0.19983110622757777,1.6925324549748213,1.6611439609224978
2017-03-02,-0.005960558100339945,2.450321734076615e-05,7.350965202229843e-05,-0.0059850613176807115,-0.006034067752362243,0.15,1.9905284599308761,0.2753932064996371,1.6824025444496322,1.651120505715864
2017-03-03,-0.002773172690493828,5.000522758887994e-06,1.5001568276663981e-05,-0.002778173213252716,-0.002788174258770492,0.03061142556921656,2.0,0.2908136305551826,1.677728538766734,1.646516894023699
2017-03-06,0.0003247851144954593,0.0,0.0,0.0003247851144954593,0.0003247851144954593,0.0,2.0,0.2908136305551826,1.6782734400222896,1.647051658201643
2017-03-07,-0.0011177002119297091,0.0,0.0,-0.0011177002119297091,-0.0011177002119297091,0.0,2.0,0.2908136305551826,1.6763976334427007,1.645210748214212
2017-03-08,-0.004146259772321146,0.0,0.0,-0.004146259772321146,-0.004146259772321146,0.0,2.0,0.2908136305551826,1.6694468533727427,1.6383892770719009
2017-03-09,-0.0011189000932027824,0.0,0.0,-0.0011189000932027824,-0.0011189000932027824,0.0,2.0,0.2908136305551826,1.6675789091329067,1.6365560831570827
2017-03-10,-0.003461347345697052,0.0,0.0,-0.003461347345697052,-0.003461347345697052,0.0,2.0,0.2908136305551826,1.661806839302039,1.6308913941025627
2017-03-13,0.006023559895764244,0.0,0.0,0.006023559895764244,0.006023559895764244,0.0,2.0,0.2908136305551826,1.6718168323337657,1.640715166098426
2017-03-14,-0.003694541590619951,0.0,0.0,-0.003694541590619951,-0.003694541590619951,0.0,2.0,0.2908136305551826,1.6656402355148099,1.6346534756789144
2017-03-15,-0.000590843128933486,0.0,0.0,-0.000590843128933486,-0.000590843128933486,0.0,2.0,0.2908136305551826,1.6646561034263807,1.6336876519046222
2017-03-16,0.0005849097361492868,0.0,0.0,0.0005849097361492868,0.0005849097361492868,0.0,2.0,0.2908136305551826,1.665629776988615,1.634643211718048
2017-03-17,-0.0009221942149243582,0.0,0.0,-0.0009221942149243582,-0.0009221942149243582,0.0,2.0,0.2908136305551826,1.6640937428440703,1.6331357532047364
2017-03-20,-0.0010740414997091996,0.0,0.0,-0.0010740414997091996,-0.0010740414997091996,0.0,2.0,0.2908136305551826,1.6623064371048493,1.6313816976311355
2017-03-21,-0.017607759747421636,0.0,0.0,-0.017607759747421636,-0.017607759747421636,0.0,2.0,0.2908136305551826,1.6330369447337145,1.6026567206429057
2017-03-22,-0.00022503439647586832,0.0,0.0,-0.00022503439647586832,-0.00022503439647586832,0.0,2.0,0.2908136305551826,1.6326694552504335,1.6022960677550178
2017-03-23,0.001009686533395567,0.0,0.0,0.001009686533395567,0.001009686533395567,0.0,2.0,0.2908136305551826,1.634317939612886,1.6039138845171426
2017-03-24,0.0009222206938756194,0.0,0.0,0.0009222206938756194,0.0009222206938756194,0.0,2.0,0.2908136305551826,1.6358251414371692,1.6053930470926387
2017-03-27,-0.005331200338307334,0.0,0.0,-0.005331200338307334,-0.005331200338307334,0.0,2.0,0.2908136305551826,1.6271042298897276,1.596834375136862
2017-03-28,0.010834946354109599,0.0,0.0,0.010834946354109599,0.010834946354109599,0.0,2.0,0.2908136305551826,1.6447338169331276,1.614135989927868
2017-03-29,0.0028602995356297213,0.0,0.0,0.0028602995356297213,0.0028602995356297213,0.0,2.0,0.2908136305551826,1.649438248305936,1.618752902350302
2017-03-30,0.008658402985536225,0.0,0.0,0.008658402985536225,0.008658402985536225,0.0,2.0,0.2908136305551826,1.663719749359526,1.6327687173128576
2017-03-31,-0.0024897231543573794,2.089222759535201e-05,6.267668278605604e-05,-0.0025106153819527315,-0.0025523998371434356,0.14999999999999988,1.9142875314143633,0.3364758239750286,1.6595427889655254,1.6286012387046953
2017-04-03,-0.005556559009508397,2.0892227595352042e-05,6.267668278605614e-05,-0.005577451237103749,-0.005619235692294453,0.15000000000000005,1.8285750628287256,0.38213801739487463,1.650286769984183,1.6194497444956508
2017-04-04,0.003334765870736235,2.089222759535202e-05,6.267668278605605e-05,0.0033138736431408827,0.0032720891879501786,0.14999999999999994,1.742862594243089,0.4278002108147205,1.6557556118148575,1.6247487284950435
2017-04-05,-0.00455361573123869,2.089222759535204e-05,6.267668278605611e-05,-0.004574507958834042,-0.004616292414024746,0.15000000000000005,1.657150125657452,0.4734624042345666,1.6481813445907263,1.6172484132649956
2017-04-06,0.0034981364224097684,2.0892227595352025e-05,6.267668278605608e-05,0.0034772441948144163,0.003435459739623712,0.14999999999999997,1.5714376570718152,0.5191245976544127,1.6539124736032056,1.622804405077738
2017-04-07,0.0021805636199038665,2.089222759535204e-05,6.267668278605612e-05,0.0021596713923085144,0.0021178869371178102,0.15000000000000005,1.4857251884861782,0.5647867910742587,1.6574843810578286,1.6262413213287494
2017-04-10,-0.0003998500028719561,2.0892227595352025e-05,6.267668278605608e-05,-0.0004207422304673081,-0.00046252668565801213,0.14999999999999997,1.4000127199005408,0.6104489844941046,1.6567870073823776,1.6254891413203152
2017-04-11,-0.0012408413522112787,2.089222759535204e-05,6.267668278605614e-05,-0.0012617335798066308,-0.001303518034997335,0.15000000000000005,1.314300251314904,0.6561111779139506,1.654696583580576,1.623370286908912
2017-04-12,-0.00376436254770581,2.089222759535202e-05,6.267668278605605e-05,-0.003785254775301162,-0.003827039230491866,0.14999999999999994,1.2285877827292668,0.7017733713337965,1.6484331354359032,1.6171575851352966
2017-04-13,-0.003148040561372541,1.583789719589418e-05,4.7513691587682546e-05,-0.003163878458568435,-0.0031955542529602233,0.11371140624146052,1.1636112138272683,0.7363887861727316,1.6432176933483071,1.6119898703364106
2017-04-17,0.005740999789541611,0.0,0.0,0.005740999789541611,0.005740999789541611,0.0,1.1636112138272683,0.7363887861727316,1.652651405779991,1.6212443038427553
2017-04-18,-0.004874879691212424,0.0,0.0,-0.004874879691212424,-0.004874879691212424,0.0,1.1636112138272683,0.7363887861727316,1.6445949290053004,1.6133409329114583
2017-04-19,-0.0009555943501574893,0.0,0.0,-0.0009555943501574893,-0.0009555943501574893,0.0,1.1636112138272683,0.7363887861727316,1.6430233633828453,1.6117992334310904
2017-04-20,0.006778051187058084,0.0,0.0,0.006778051187058084,0.006778051187058084,0.0,1.1636112138272683,0.7363887861727316,1.6541598598413865,1.6227240911385474
2017-04-21,-0.00025773172996460697,0.0,0.0,-0.00025773172996460697,-0.00025773172996460697,0.0,1.1636112138272683,0.7363887861727316,1.6537335303590717,1.622305863651283
2017-04-24,0.0070568454454706326,0.0,0.0,0.0070568454454706326,0.0070568454454706326,0.0,1.1636112138272683,0.7363887861727316,1.6654036722908083,1.633754225396351
2017-04-25,0.003738567588916485,0.0,0.0,0.003738567588916485,0.003738567588916485,0.0,1.1636112138272683,0.7363887861727316,1.6716298964824974,1.6398621259916732
2017-04-26,-2.6853050726568327e-05,0.0,0.0,-2.6853050726568327e-05,-2.6853050726568327e-05,0.0,1.1636112138272683,0.7363887861727316,1.6715850081200911,1.6398180906908193
2017-04-27,0.0016636669990157458,0.0,0.0,0.0016636669990157458,0.0016636669990157458,0.0,1.1636112138272683,0.7363887861727316,1.6743659689341501,1.6425462019326906
2017-04-28,-0.001592726158165289,0.0,0.0,-0.001592726158165289,-0.001592726158165289,0.0,1.1636112138272683,0.7363887861727316,1.671699162457087,1.6399300756308774
2017-05-01,0.00348842989503751,0.0,0.0,0.00348842989503751,0.00348842989503751,0.0,1.1636112138272683,0.7363887861727316,1.6775307677909115,1.6456508567324792
2017-05-02,0.0011591913011167775,0.0,0.0,0.0011591913011167775,0.0011591913011167775,0.0,1.1636112138272683,0.7363887861727316,1.6794753468642907,1.647558480890279
2017-05-03,-0.0020778059246078237,0.0,0.0,-0.0020778059246078237,-0.0020778059246078237,0.0,1.1636112138272683,0.7363887861727316,1.6759857230383433,1.6441351741175474
2017-05-04,-0.0020314826775096814,0.0,0.0,-0.0020314826775096814,-0.0020314826775096814,0.0,1.1636112138272683,0.7363887861727316,1.6725809870742374,1.6407951419918434
2017-05-05,0.0045562392120332106,0.0,0.0,0.0045562392120332106,0.0045562392120332106,0.0,1.1636112138272683,0.7363887861727316,1.6802016661528465,1.6482709971567004
2017-05-08,-3.283014048202343e-05,0.0,0.0,-3.283014048202343e-05,-3.283014048202343e-05,0.0,1.1636112138272683,0.7363887861727316,1.6801465048961086,1.6482168841883114
2017-05-09,0.002861553349753948,0.0,0.0,0.002861553349753948,0.002861553349753948,0.0,1.1636112138272683,0.7363887861727316,1.6849543337552715,1.6529333447343815
2017-05-10,0.0023712380636979535,0.0,0.0,0.0023712380636979535,0.0023712380636979535,0.0,1.1636112138272683,0.7363887861727316,1.6889497616070648,1.6568528431981713
2017-05-11,-0.001042073805079203,0.0,0.0,-0.001042073805079203,-0.001042073805079203,0.0,1.1636112138272683,0.7363887861727316,1.6871897513023992,1.6551262802514033
2017-05-12,1.3489696875008917e-05,0.0,0.0,1.3489696875008917e-05,1.3489696875008917e-05,0.0,1.1636112138272683,0.7363887861727316,1.687212510980715,1.6551486074032138
2017-05-15,0.0033749756086425553,0.0,0.0,0.0033749756086425553,0.0033749756086425553,0.0,1.1636112138272683,0.7363887861727316,1.6929068120518713,1.6607346935818783
2017-05-16,-0.0004846592697877825,0.0,0.0,-0.0004846592697877825,-0.0004846592697877825,0.0,1.1636112138272683,0.7363887861727316,1.6920863290725234,1.6599298031179757
2017-05-17,-0.014476767543676328,0.0,0.0,-0.014476767543676328,-0.014476767543676328,0.0,1.1636112138272683,0.7363887861727316,1.667590388622708,1.6358993852194164
2017-05-18,0.0007823913539432762,0.0,0.0,0.0007823913539432762,0.0007823913539432762,0.0,1.1636112138272683,0.7363887861727316,1.6688950969246852,1.6371792987543332
2017-05-19,0.005217346281330109,0.0,0.0,0.005217346281330109,0.005217346281330109,0.0,1.1636112138272683,0.7363887861727316,1.677602300552555,1.6457210300805598
2017-05-22,0.002353434046096925,0.0,0.0,0.002353434046096925,0.002353434046096925,0.0,1.1636112138272683,0.7363887861727316,1.681550426922486,1.649594125983129
2017-05-23,0.001994403159171631,0.0,0.0,0.001994403159171631,0.001994403159171631,0.0,1.1636112138272683,0.7363887861727316,1.6849041164062466,1.6528840817193409
2017-05-24,0.0012513013774306228,0.0,0.0,0.0012513013774306228,0.0012513013774306228,0.0,1.1636112138272683,0.7363887861727316,1.6870124392479444,1.6549523378475295
2017-05-25,0.0029148916198014994,0.0,0.0,0.0029148916198014994,0.0029148916198014994,0.0,1.1636112138272683,0.7363887861727316,1.6919298976696089,1.659776344548292
2017-05-26,0.001092509210053855,0.0,0.0,0.001092509210053855,0.001092509210053855,0.0,1.1636112138272683,0.7363887861727316,1.6937783466655782,1.6615896654913405
2017-05-30,-0.0020555282254720933,0.0,0.0,-0.0020555282254720933,-0.0020555282254720933,0.0,1.1636112138272683,0.7363887861727316,1.6902967374663138,1.6581742210347703
2017-05-31,-0.0020235595074351237,2.7369260281823853e-05,8.210778084547154e-05,-0.0020509287677169478,-0.0021056672882805954,0.15,1.1187662501208513,0.7812337498791484,1.686830059261466,1.6546826578192673
2017-06-01,0.006113875250501938,2.7369260281823843e-05,8.210778084547151e-05,0.006086505990220114,0.006031767469656467,0.14999999999999994,1.0739212864144345,0.8260787135855651,1.6970969605216444,1.6646633188473061
2017-06-02,0.005823805047215816,2.7369260281823863e-05,8.210778084547158e-05,0.005796435786933992,0.005741697266370345,0.15000000000000002,1.1858296429217614,0.8709236772919822,1.706934074077509,1.6742213116745588
2017-06-05,-0.0023169253210862913,2.7369260281823843e-05,8.210778084547151e-05,-0.0023442945813681153,-0.002399033101931763,0.14999999999999994,1.3356432618381047,0.9157686409983987,1.7029325177768966,1.670204799327892
2017-06-06,-0.0005098834040881628,2.0891687647442935e-05,6.26750629423288e-05,-0.0005307750917356057,-0.0005725584670304917,0.11449900782293305,1.45,0.95,1.702028643613554,1.6692485094283618
2017-06-07,9.145455365826651e-05,0.0,0.0,9.145455365826651e-05,9.145455365826651e-05,0.0,1.45,0.95,1.7021843018834695,1.6694011698057365
2017-06-08,0.00016112092502539206,0.0,0.0,0.00016112092502539206,0.00016112092502539206,0.0,1.45,0.95,1.7024585593927526,1.6696701452664542
2017-06-09,-0.0065183751048198384,0.0,0.0,-0.0065183751048198384,-0.0065183751048198384,0.0,1.45,0.95,1.6913612959022195,1.6587866089582886
2017-06-12,-0.0017309821293722992,0.0,0.0,-0.0017309821293722992,-0.0017309821293722992,0.0,1.45,0.95,1.6884335797247008,1.6559152789817397
2017-06-13,0.004639956082604505,0.0,0.0,0.004639956082604505,0.004639956082604505,0.0,1.45,0.95,1.696267837383018,1.6635986531527287
2017-06-14,-0.0009933678500809388,0.0,0.0,-0.0009933678500809388,-0.0009933678500809388,0.0,1.45,0.95,1.6945828194482353,1.6619460877352488
2017-06-15,-0.007834831570029554,0.0,0.0,-0.007834831570029554,-0.007834831570029554,0.0,1.45,0.95,1.6813060484763926,1.6489250200593737
2017-06-16,0.0029907065219098097,0.0,0.0,0.0029907065219098097,0.0029907065219098097,0.0,1.45,0.95,1.6863343414408976,1.6538564708710057
2017-06-19,0.00410997440318882,0.0,0.0,0.00410997440318882,0.00410997440318882,0.0,1.45,0.95,1.6932651324194377,1.6606537786328337
2017-06-20,-0.006896856301935445,0.0,0.0,-0.006896856301935445,-0.006896856301935445,0.0,1.45,0.95,1.681586926120063,1.649200488154337
2017-06-21,0.0027193678487414446,0.0,0.0,0.0027193678487414446,0.0027193678487414446,0.0,1.45,0.95,1.686159779541818,1.6536852709379524
2017-06-22,0.0006234553872153165,0.0,0.0,0.0006234553872153165,0.0006234553872153165,0.0,1.45,0.95,1.6872110249400791,1.6547162699288773
2017-06-23,0.004599199244271719,0.0,0.0,0.004599199244271719,0.004599199244271719,0.0,1.45,0.95,1.6949708446109106,1.6623266397470184
2017-06-26,0.00033437788547956734,0.0,0.0,0.00033437788547956734,0.00033437788547956734,0.0,1.45,0.95,1.6955376053778812,1.6628824850137935
2017-06-27,-9.287804392054972e-05,0.0,0.0,-9.287804392054972e-05,-9.287804392054972e-05,0.0,1.45,0.95,1.6953801271617,1.6627280397413158
2017-06-28,0.009161995610952418,0.0,0.0,0.009161995610952418,0.009161995610952418,0.0,1.45,0.95,1.7109131924456513,1.677961946743633
2017-06-29,-0.0055822077023388265,0.0,0.0,-0.0055822077023388265,-0.0055822077023388265,0.0,1.45,0.95,1.701362519644748,1.6685952146402894
2017-06-30,7.840469701697437e-05,2.200388726790605e-05,6.601166180371815e-05,5.6400809749068324e-05,1.2393035213256222e-05,0.14999999999999997,1.5136438143918767,1.0136438143918767,1.7014584778685324,1.668615893599541
2017-07-03,-0.0032440988183623635,2.200388726790605e-05,6.601166180371815e-05,-0.0032661027056302694,-0.0033101104801660816,0.14999999999999997,1.5772876287837536,1.0772876287837534,1.6959013397304485,1.6630925906427656
2017-07-05,0.0019052038134758772,2.2003887267906058e-05,6.601166180371817e-05,0.0018831999262079711,0.0018391921516721591,0.15,1.6409314431756303,1.1409314431756303,1.699095061008285,1.6661513374829797
2017-07-06,-0.005189858672258015,2.2003887267906068e-05,6.60116618037182e-05,-0.0052118625595259215,-0.005255870334061733,0.15000000000000008,1.7045752575675073,1.2045752575675073,1.6902396110747404,1.6573942620962456
2017-07-07,0.0037512687579486633,2.200388726790603e-05,6.60116618037181e-05,0.0037292648706807575,0.0036852570961449452,0.14999999999999986,1.7682190719593842,1.268219071959384,1.6965429622793546,1.6635021860617458
2017-07-10,0.0019203826739188994,2.2003887267906047e-05,6.601166180371815e-05,0.0018983787866509933,0.0018543710121151813,0.14999999999999994,1.8318628863512612,1.331862886351261,1.6997636434495875,1.6665869362941692
2017-07-11,0.002367907447631825,2.2003887267906068e-05,6.60116618037182e-05,0.002345903560363919,0.002301895785828107,0.15000000000000008,1.8955067007431377,1.3955067007431377,1.703751125032533,1.670423245739541
2017-07-12,0.010184103641986221,1.5534903313649105e-06,4.6604709940947314e-06,0.010182550151654856,0.010179443170992127,0.010590108323478599,1.9,1.4,1.721099656309115,1.6874272242410506
2017-07-13,-0.0002062015647385151,0.0,0.0,-0.0002062015647385151,-0.0002062015647385151,0.0,1.9,1.4,1.7207447628669132,1.6870792741070297
2017-07-14,0.0041243971894791304,0.0,0.0,0.0041243971894791304,0.0041243971894791304,0.0,1.9,1.4,1.7278417977306924,1.6940374591235852
2017-07-17,0.001522622485773052,0.0,0.0,0.001522622485773052,0.001522622485773052,0.0,1.9,1.4,1.7304726485037754,1.6966168386505884
2017-07-18,0.004747189214808075,0.0,0.0,0.004747189214808075,0.004747189214808075,0.0,1.9,1.4,1.7386875295972728,1.7046709998086924
2017-07-19,0.001689688223252661,0.0,0.0,0.001689688223252661,0.001689688223252661,0.0,1.9,1.4,1.7416253694399495,1.7075513623215894
2017-07-20,0.0043014952684168155,0.0,0.0,0.0043014952684168155,0.0043014952684168155,0.0,1.9,1.4,1.7491169627259502,1.7148963864271944
2017-07-21,0.004311052685065321,0.0,0.0,0.004311052685065321,0.004311052685065321,0.0,1.9,1.4,1.7566574981046033,1.7222893950985103
2017-07-24,-0.0014640135721182123,0.0,0.0,-0.0014640135721182123,-0.0014640135721182123,0.0,1.9,1.4,1.7540857276858148,1.7197679400489707
2017-07-25,-0.006017082180721145,0.0,0.0,-0.006017082180721145,-0.006017082180721145,0.0,1.9,1.4,1.7435312497102993,1.7094199550219265
2017-07-26,0.0022199416358728305,0.0,0.0,0.0022199416358728305,0.0022199416358728305,0.0,1.9,1.4,1.7474017873249765,1.7132147675532714
2017-07-27,-0.007133673796079083,0.0,0.0,-0.007133673796079083,-0.007133673796079083,0.0,1.9,1.4,1.7349363929835147,1.7009932522589208
2017-07-28,0.0018144690363851466,0.0,0.0,0.0018144690363851466,0.0018144690363851466,0.0,1.9,1.4,1.7380843813486808,1.7040796518462447
2017-07-31,-0.00017675197089335768,1.8132510301553165e-05,5.4397530904659496e-05,-0.00019488448119491083,-0.0002311495017980172,0.14999999999999997,1.850284736302637,1.2804847711866623,1.7377456556757487,1.7036857546836963
2017-08-01,0.005759170878213152,1.8132510301553165e-05,5.4397530904659496e-05,0.005741038367911598,0.0057047733473084925,0.14999999999999997,1.8005694726052743,1.1609695423733242,1.7477221201586548,1.7134048957692052
2017-08-02,-0.0002149705168026237,1.813251030155317e-05,5.439753090465951e-05,-0.0002331030271041769,-0.0002693680477072832,0.15,1.7508542089079115,1.0414543135599867,1.7473147208419089,1.7129433592374999
2017-08-03,0.00182897887845014,1.813251030155316e-05,5.439753090465948e-05,0.001810846368148587,0.0017745813475454806,0.1499999999999999,1.7011389452105492,0.9219390847466491,1.7504788393581578,1.7159831165722044
2017-08-04,-0.0029668241992557476,1.813251030155316e-05,5.439753090465949e-05,-0.002984956709557301,-0.003021221730160407,0.1499999999999999,1.6514236815131862,0.8024238559333113,1.7452537358016775,1.710798751091828
2017-08-07,0.00254960889109962,5.76959277832367e-06,1.7308778334971013e-05,0.0025438392983212965,0.002532300112764649,0.04772857714435823,1.6356047561889753,0.7643952438110246,1.7496933808403519,1.7151310069621355
2017-08-08,-0.0032871145138571698,0.0,0.0,-0.0032871145138571698,-0.0032871145138571698,0.0,1.6356047561889753,0.7643952438110246,1.7439419383333916,1.7094931749359836
2017-08-09,-0.003746933733633817,0.0,0.0,-0.003746933733633817,-0.003746933733633817,0.0,1.6356047561889753,0.7643952438110246,1.7374075034551515,1.7030878172913992
2017-08-10,-0.009073150058460381,0.0,0.0,-0.009073150058460381,-0.009073150058460381,0.0,1.6356047561889753,0.7643952438110246,1.7216437444636077,1.6876354459623786
2017-08-11,0.003226266376155553,0.0,0.0,0.003226266376155553,0.003226266376155553,0.0,1.6356047561889753,0.7643952438110246,1.7271982257880891,1.6930802074568951
2017-08-14,0.007173081833240034,0.0,0.0,0.007173081833240034,0.007173081833240034,0.0,1.6356047561889753,0.7643952438110246,1.7395875600038941,1.7052248103352226
2017-08-15,-0.002305089744973044,0.0,0.0,-0.002305089744973044,-0.002305089744973044,0.0,1.6356047561889753,0.7643952438110246,1.7355776545588466,1.7012941141120452
2017-08-16,0.005009457615697746,0.0,0.0,0.005009457615697746,0.005009457615697746,0.0,1.6356047561889753,0.7643952438110246,1.7442719572581113,1.7098166748685257
2017-08-17,-0.01294028044448894,0.0,0.0,-0.01294028044448894,-0.01294028044448894,0.0,1.6356047561889753,0.7643952438110246,1.7217005889597339,1.6876911675870634
2017-08-18,-0.0004057754183052996,0.0,0.0,-0.0004057754183052996,-0.0004057754183052996,0.0,1.6356047561889753,0.7643952438110246,1.7210019651830522,1.6870063439975655
2017-08-21,0.00435314299123274,0.0,0.0,0.00435314299123274,0.00435314299123274,0.0,1.6356047561889753,0.7643952438110246,1.7284937328256864,1.6943501238401035
2017-08-22,0.004514413904270945,0.0,0.0,0.004514413904270945,0.004514413904270945,0.0,1.6356047561889753,0.7643952438110246,1.7362968689665998,1.7019991215978705
2017-08-23,0.0005148549965018385,0.0,0.0,0.0005148549965018385,0.0005148549965018385,0.0,1.6356047561889753,0.7643952438110246,1.737190810084998,1.702875404349667
2017-08-24,-0.0012702199397629913,0.0,0.0,-0.0012702199397629913,-0.0012702199397629913,0.0,1.6356047561889753,0.7643952438110246,1.734984195678855,1.7007123780561302
2017-08-25,0.007340919170540073,0.0,0.0,0.007340919170540073,0.007340919170540073,0.0,1.6356047561889753,0.7643952438110246,1.7477205744214979,1.713197170155777
2017-08-28,0.0020256409870367973,0.0,0.0,0.0020256409870367973,0.0020256409870367973,0.0,1.6356047561889753,0.7643952438110246,1.7512608288509335,1.71666749256252
2017-08-29,-0.0004216329827633126,0.0,0.0,-0.0004216329827633126,-0.0004216329827633126,0.0,1.6356047561889753,0.7643952438110246,1.7505224395240686,1.7159436889272182
2017-08-30,0.0013991970598930645,0.0,0.0,0.0013991970598930645,0.0013991970598930645,0.0,1.6356047561889753,0.7643952438110246,1.7529717653747274,1.718344632291707
2017-08-31,0.0009504192779940937,2.983255255117917e-05,8.94976576535375e-05,0.0009205867254429144,0.0008609216203405561,0.14999999999999997,1.5758100202927496,0.82418997970725,1.7545855279120077,1.7198239923368432
2017-09-01,0.000164134889056357,2.9832552551179184e-05,8.949765765353754e-05,0.0001343023365051778,7.463723140281944e-05,0.15000000000000002,1.516015284396524,0.8839847156034757,1.7548211728480045,1.7199523552381315
2017-09-05,-0.0036647118604298872,2.9832552551179187e-05,8.949765765353756e-05,-0.0036945444129810666,-0.003754209518083425,0.15000000000000005,1.4562205485002984,0.9437794514997013,1.7483379080880779,1.7134952937354464
2017-09-06,0.0034297200628295253,3.103531393706296e-06,9.310594181118889e-06,0.003426616531435819,0.0034204094686484062,0.015604756188975305,1.45,0.95,1.7543287916664685,1.7193561492626235
2017-09-07,0.007187108953987389,0.0,0.0,0.007187108953987389,0.007187108953987389,0.0,1.45,0.95,1.7669373438332925,1.7317133492380823
2017-09-08,-0.0021772056615999235,0.0,0.0,-0.0021772056615999235,-0.0021772056615999235,0.0,1.45,0.95,1.7630903578446062,1.727943053129853
2017-09-11,0.0041419287699197395,0.0,0.0,0.0041419287699197395,0.0041419287699197395,0.0,1.45,0.95,1.770392952521731,1.7351000701743946
2017-09-12,0.001604081993468079,0.0,0.0,0.001604081993468079,0.001604081993468079,0.0,1.45,0.95,1.773232807978234,1.7378833129538267
2017-09-13,-0.004871590231052938,0.0,0.0,-0.004871590231052938,-0.004871590231052938,0.0,1.45,0.95,1.7645943443535046,1.7294170575837309
2017-09-14,0.0009721666246168658,0.0,0.0,0.0009721666246168658,0.0009721666246168658,0.0,1.45,0.95,1.7663098240810728,1.731098339127157
2017-09-15,0.0037098806060603395,0.0,0.0,0.0037098806060603395,0.0037098806060603395,0.0,1.45,0.95,1.772862622641725,1.737520507282668
2017-09-18,0.00027646090847170397,0.0,0.0,0.00027646090847170397,0.00027646090847170397,0.0,1.45,0.95,1.7733527498529762,1.7380008637805997
2017-09-19,0.0034164092206440287,0.0,0.0,0.0034164092206440287,0.0034164092206440287,0.0,1.45,0.95,1.7794112485390285,1.7439385859571073
2017-09-20,-0.006171106794154876,0.0,0.0,-0.006171106794154876,-0.006171106794154876,0.0,1.45,0.95,1.7684303116935738,1.7331765547007185
2017-09-21,-0.0002933793078147282,0.0,0.0,-0.0002933793078147282,-0.0002933793078147282,0.0,1.45,0.95,1.7679114908328106,1.7326680765627798
2017-09-22,-0.00010739256837939974,0.0,0.0,-0.00010739256837939974,-0.00010739256837939974,0.0,1.45,0.95,1.7677216302771426,1.7324820008878887
2017-09-25,-0.009498683615007221,0.0,0.0,-0.009498683615007221,-0.009498683615007221,0.0,1.45,0.95,1.7509306017917352,1.7160257024927599
2017-09-26,-0.002389963470210035,0.0,0.0,-0.002389963470210035,-0.002389963470210035,0.0,1.45,0.95,1.74674594161458,1.7119244637498607
2017-09-27,-0.00043606516212263435,0.0,0.0,-0.00043606516212263435,-0.00043606516212263435,0.0,1.45,0.95,1.7459842465623627,1.7111779531310338
2017-09-28,0.0019068170662157908,0.0,0.0,0.0019068170662157908,0.0019068170662157908,0.0,1.45,0.95,1.7493135191210518,1.7144408564553961
2017-09-29,0.005878933603930136,0.0,0.0,0.005878933603930136,0.005878933603930136,0.0,1.45,0.95,1.759597617152422,1.7245199404183627
2017-10-02,-0.0022779657694701225,0.0,0.0,-0.0022779657694701225,-0.0022779657694701225,0.0,1.45,0.95,1.7555893140125074,1.720591543025321
2017-10-03,0.0044155191903657515,0.0,0.0,0.0044155191903657515,0.0044155191903657515,0.0,1.45,0.95,1.7633411523189304,1.72818884800233
2017-10-04,0.0010968503308052546,0.0,0.0,0.0010968503308052546,0.0010968503308052546,0.0,1.45,0.95,1.765275273645174,1.7300844125119554
2017-10-05,0.000807931879519083,0.0,0.0,0.000807931879519083,0.000807931879519083,0.0,1.45,0.95,1.7667014958148788,1.731482202863083
2017-10-06,1.7069009315145967e-05,0.0,0.0,1.7069009315145967e-05,1.7069009315145967e-05,0.0,1.45,0.95,1.7667316516591678,1.7315117575489325
2017-10-09,0.00018705847531661773,0.0,0.0,0.00018705847531661773,0.00018705847531661773,0.0,1.45,0.95,1.7670621337882206,1.7318356514982922
2017-10-10,0.006764482763962498,0.0,0.0,0.006764482763962498,0.006764482763962498,0.0,1.45,0.95,1.779015395135082,1.7435506239128684
2017-10-11,0.003792760446809779,0.0,0.0,0.003792760446809779,0.003792760446809779,0.0,1.45,0.95,1.785762774360016,1.7501634937562556
2017-10-12,-0.0020969764305000275,0.0,0.0,-0.0020969764305000275,-0.0020969764305000275,0.0,1.45,0.95,1.7820180719117187,1.746493442160327
2017-10-13,0.0032078399916505573,0.0,0.0,0.0032078399916505573,0.0032078399916505573,0.0,1.45,0.95,1.7877345007486412,1.7520959136692447
2017-10-16,-0.000874193962670894,0.0,0.0,-0.000874193962670894,-0.000874193962670894,0.0,1.45,0.95,1.7861716740412283,1.7505642419994947
2017-10-17,-0.002101496876680475,0.0,0.0,-0.002101496876680475,-0.002101496876680475,0.0,1.45,0.95,1.7824180398470155,1.7468854367125042
2017-10-18,0.0016716883607032912,0.0,0.0,0.0016716883607032912,0.0016716883607032912,0.0,1.45,0.95,1.7853976873381354,1.7498056847645387
2017-10-19,-0.0006638430384336507,0.0,0.0,-0.0006638430384336507,-0.0006638430384336507,0.0,1.45,0.95,1.7842124635125605,1.748644088442096
2017-10-20,-0.0012221358191242483,0.0,0.0,-0.0012221358191242483,-0.0012221358191242483,0.0,1.45,0.95,1.782031913551974,1.746507007866711
2017-10-23,-0.004480498743216562,0.0,0.0,-0.004480498743216562,-0.004480498743216562,0.0,1.45,0.95,1.7740475218029326,1.7386817854129455
2017-10-24,0.0006988976667605229,0.0,0.0,0.0006988976667605229,0.0006988976667605229,0.0,1.45,0.95,1.775287399476643,1.7398969460560096
2017-10-25,-0.001155653654095362,0.0,0.0,-0.001155653654095362,-0.001155653654095362,0.0,1.45,0.95,1.7732357821063685,1.7378862277925506
2017-10-26,-0.007568484435515574,0.0,0.0,-0.007568484435515574,-0.007568484435515574,0.0,1.45,0.95,1.7598150746889971,1.7247330629268058
2017-10-27,0.008062486453382995,0.0,0.0,0.008062486453382995,0.008062486453382995,0.0,1.45,0.95,1.7740035598891362,1.7386386998823549
2017-10-30,0.0016092313569150086,0.0,0.0,0.0016092313569150086,0.0016092313569150086,0.0,1.45,0.95,1.7768583420449884,1.7414365717965514
2017-10-31,0.0027519428846867863,2.4893312101910834e-05,7.46799363057325e-05,0.0027270495725848754,0.002677262948381054,0.15000000000000002,1.4786624203821657,0.91656050955414,1.781703922827206,1.7460988554071781
2017-11-01,7.177691510035656e-05,2.4893312101910834e-05,7.467993630573251e-05,4.688360299844572e-05,-2.903021205375952e-06,0.15000000000000005,1.5073248407643312,0.8831210191082803,1.7817874555265847,1.7460937864451742
2017-11-02,0.0019175771980223769,2.4893312101910817e-05,7.467993630573246e-05,0.0018926838859204661,0.0018428972617166445,0.14999999999999994,1.5359872611464969,0.8496815286624205,1.7851598159317952,1.7493116579029144
2017-11-03,-0.0001475572752684603,2.4893312101910814e-05,7.467993630573244e-05,-0.0001724505873703711,-0.00022223721157419276,0.1499999999999999,1.5646496815286621,0.8162420382165606,1.7848519640729879,1.7489228957578877
2017-11-06,0.005850116342181801,2.489331210191083e-05,7.46799363057325e-05,0.00582522303007989,0.005775436405876068,0.15000000000000002,1.5933121019108278,0.7828025477707007,1.7952491248393891,1.759023688721118
2017-11-07,-0.004404513380012727,2.4893312101910814e-05,7.467993630573244e-05,-0.004429406692114638,-0.0044791933163184595,0.1499999999999999,1.6219745222929933,0.7493630573248407,1.7872972363518125,1.7511446815713525
2017-11-08,0.0018106374248687508,2.4340127388535058e-05,7.302038216560517e-05,0.0017862972974802156,0.0017376170427031456,0.1466666666666668,1.6499999999999997,0.7166666666666668,1.7904898805749017,1.75418750041429
2017-11-09,-0.0020316612194980436,0.0,0.0,-0.0020316612194980436,-0.0020316612194980436,0.0,1.6499999999999997,0.7166666666666668,1.786852211720634,1.75062358569797
2017-11-10,-0.0006356447274974437,0.0,0.0,-0.0006356447274974437,-0.0006356447274974437,0.0,1.6499999999999997,0.7166666666666668,1.7857164085334367,1.7495108110458883
2017-11-13,-0.001299223389286321,0.0,0.0,-0.001299223389286321,-0.001299223389286321,0.0,1.6499999999999997,0.7166666666666668,1.7833963640088377,1.7472378056803681
2017-11-14,-0.0018500344825796754,0.0,0.0,-0.0018500344825796754,-0.0018500344825796754,0.0,1.6499999999999997,0.7166666666666668,1.7800970192393142,1.7440053554905925
2017-11-15,-0.004791271698819334,0.0,0.0,-0.004791271698819334,-0.004791271698819334,0.0,1.6499999999999997,0.7166666666666668,1.7715680907698803,1.7356493519882412
2017-11-16,0.008011079354525105,0.0,0.0,0.008011079354525105,0.008011079354525105,0.0,1.6499999999999997,0.7166666666666668,1.7857602633269825,1.749553776678649
2017-11-17,0.0030530389184254716,0.0,0.0,0.0030530389184254716,0.0030530389184254716,0.0,1.6499999999999997,0.7166666666666668,1.7912122589098975,1.7548952324487275
2017-11-20,-0.00106494721220853,0.0,0.0,-0.00106494721220853,-0.00106494721220853,0.0,1.6499999999999997,0.7166666666666668,1.7893047124082977,1.7530263616632131
2017-11-21,0.008543135406189634,0.0,0.0,0.008543135406189634,0.008543135406189634,0.0,1.6499999999999997,0.7166666666666668,1.804590984849335,1.7680027032415218
2017-11-22,0.002769208309819416,0.0,0.0,0.002769208309819416,0.002769208309819416,0.0,1.6499999999999997,0.7166666666666668,1.809588273200405,1.7728986710191215
2017-11-24,0.006496316609230019,0.0,0.0,0.006496316609230019,0.006496316609230019,0.0,1.6499999999999997,0.7166666666666668,1.8213439315554645,1.7844159821021448
2017-11-27,-0.005835012301602273,0.0,0.0,-0.005835012301602273,-0.005835012301602273,0.0,1.6499999999999997,0.7166666666666668,1.8107163673093896,1.774003892895403
2017-11-28,0.0034721174994353657,0.0,0.0,0.0034721174994353657,0.0034721174994353657,0.0,1.6499999999999997,0.7166666666666668,1.8170033872948386,1.7801634428559916
2017-11-29,-0.005342171064714349,0.0,0.0,-0.005342171064714349,-0.005342171064714349,0.0,1.6499999999999997,0.7166666666666668,1.807296644374744,1.770653505221104
2017-11-30,0.004244441558970338,2.1032608695652172e-05,6.309782608695651e-05,0.004223408950274686,0.004181343732883381,0.15,1.7086956521739127,0.8601449275362317,1.8149295971983976,1.7780572161582686
2017-12-01,-0.0014997116694458444,2.1032608695652172e-05,6.309782608695651e-05,-0.0015207442781414965,-0.0015628094955328008,0.15,1.7673913043478258,1.0036231884057971,1.8121695533982285,1.775278451457256
2017-12-04,-0.006793993784093269,2.1032608695652172e-05,6.309782608695651e-05,-0.006815026392788921,-0.006857091610180226,0.15,1.8260869565217388,1.147101449275362,1.799819570063611,1.7631052044820346
2017-12-05,-0.0036265056524192067,2.1032608695652175e-05,6.309782608695651e-05,-0.003647538261114859,-0.003689603478506163,0.15,1.8847826086956518,1.2905797101449272,1.7932546593187007,1.7566000453866055
2017-12-06,-0.00744846580495114,2.1032608695652165e-05,6.309782608695649e-05,-0.007469498413646792,-0.0075115636310380965,0.14999999999999997,1.9434782608695649,1.4340579710144925,1.779859946485655,1.7434052323713995
2017-12-07,-0.0025500463637288303,2.336956521739142e-06,7.0108695652174246e-06,-0.0025523833202505696,-0.002557057233294048,0.016666666666666746,1.9499999999999997,1.4499999999999997,1.7753170616458631,1.7389472454114017
2017-12-08,0.004518875677017262,0.0,0.0,0.004518875677017262,0.004518875677017262,0.0,1.9499999999999997,1.4499999999999997,1.7833394987347286,1.7468053318223076
2017-12-11,0.0017680614070958462,0.0,0.0,0.0017680614070958462,0.0017680614070958462,0.0,1.9499999999999997,1.4499999999999997,1.7864925524781912,1.749893790915212
2017-12-12,-0.004064185897300484,0.0,0.0,-0.004064185897300484,-0.004064185897300484,0.0,1.9499999999999997,1.4499999999999997,1.779231914640777,1.7427818972484006
2017-12-13,0.00963359905609177,0.0,0.0,0.00963359905609177,0.00963359905609177,0.0,1.9499999999999997,1.4499999999999997,1.7963723215342289,1.7595711592887067
2017-12-14,-0.0037125581962806744,0.0,0.0,-0.0037125581962806744,-0.0037125581962806744,0.0,1.9499999999999997,1.4499999999999997,1.789703184748345,1.7530386489593504
2017-12-15,0.004747646330921723,0.0,0.0,0.004747646330921723,0.004747646330921723,0.0,1.9499999999999997,1.4499999999999997,1.7982000625068546,1.7613614564690463
2017-12-18,0.008147707151848644,0.0,0.0,0.008147707151848644,0.008147707151848644,0.0,1.9499999999999997,1.4499999999999997,1.8128512700165962,1.7757125138049095
2017-12-19,-0.0029463664923928433,0.0,0.0,-0.0029463664923928433,-0.0029463664923928433,0.0,1.9499999999999997,1.4499999999999997,1.8075099457789274,1.770480613954112
2017-12-20,0.00041542969627339716,0.0,0.0,0.00041542969627339716,0.00041542969627339716,0.0,1.9499999999999997,1.4499999999999997,1.8082608390867136,1.771216124177825
2017-12-21,0.004297978599551841,0.0,0.0,0.004297978599551841,0.004297978599551841,0.0,1.9499999999999997,1.4499999999999997,1.8160327054755159,1.7788287731747225
2017-12-22,0.0033094495195828354,0.0,0.0,0.0033094495195828354,0.0033094495195828354,0.0,1.9499999999999997,1.4499999999999997,1.8220427740401985,1.784715717203526
2017-12-26,0.005518106975141681,0.0,0.0,0.005518106975141681,0.005518106975141681,0.0,1.9499999999999997,1.4499999999999997,1.8320970009806363,1.7945639694512718
2017-12-27,0.006507282448373318,0.0,0.0,0.006507282448373318,0.006507282448373318,0.0,1.9499999999999997,1.4499999999999997,1.8440189736388353,1.8062417040721654
2017-12-28,0.006083217029845993,0.0,0.0,0.006083217029845993,0.006083217029845993,0.0,1.9499999999999997,1.4499999999999997,1.8552365412626342,1.817229464366395
2017-12-29,0.0031921538172306734,0.0,0.0,0.0031921538172306734,0.0031921538172306734,0.0,1.9499999999999997,1.4499999999999997,1.8611587416696913,1.8230303403378563
2018-01-02,0.012311104411471145,0.0,0.0,0.012311104411471145,0.012311104411471145,0.0,1.9499999999999997,1.4499999999999997,1.8840716612647093,1.8454738572030356
2018-01-03,0.004444411825344286,0.0,0.0,0.004444411825344286,0.004444411825344286,0.0,1.9499999999999997,1.4499999999999997,1.8924452516358303,1.8536759030373526
2018-01-04,0.0064653118262188326,0.0,0.0,0.0064653118262188326,0.0064653118262188326,0.0,1.9499999999999997,1.4499999999999997,1.904680500301703,1.8656604957752367
2018-01-05,0.0018503314921361111,0.0,0.0,0.0018503314921361111,0.0018503314921361111,0.0,1.9499999999999997,1.4499999999999997,1.9082047906138688,1.869112586144204
2018-01-08,-0.0020262541884058308,0.0,0.0,-0.0020262541884058308,-0.0020262541884058308,0.0,1.9499999999999997,1.4499999999999997,1.9043382826645514,1.8653252889379273
2018-01-09,-0.003917310687619843,0.0,0.0,-0.003917310687619843,-0.003917310687619843,0.0,1.9499999999999997,1.4499999999999997,1.896878397957026,1.8580182302476833
2018-01-10,0.0005905153153038902,0.0,0.0,0.0005905153153038902,0.0005905153153038902,0.0,1.9499999999999997,1.4499999999999997,1.8979985337022887,1.8591154184687584
2018-01-11,0.010474867524418934,0.0,0.0,0.010474867524418934,0.010474867524418934,0.0,1.9499999999999997,1.4499999999999997,1.9178798169043614,1.8785894061898232
2018-01-12,0.016201028750652782,0.0,0.0,0.016201028750652782,0.016201028750652782,0.0,1.9499999999999997,1.4499999999999997,1.948951442958326,1.9090244871701765
2018-01-16,-6.920445999906554e-05,0.0,0.0,-6.920445999906554e-05,-6.920445999906554e-05,0.0,1.9499999999999997,1.4499999999999997,1.9488165668261517,1.908892374161417
2018-01-17,0.0029579339332517314,0.0,0.0,0.0029579339332517314,0.0029579339332517314,0.0,1.9499999999999997,1.4499999999999997,1.95458103747885,1.9145387516898744
2018-01-18,-0.003264387906494152,0.0,0.0,-0.003264387906494152,-0.003264387906494152,0.0,1.9499999999999997,1.4499999999999997,1.948200526777841,1.9082889545423436
2018-01-19,0.0034366606522128786,0.0,0.0,0.0034366606522128786,0.0034366606522128786,0.0,1.9499999999999997,1.4499999999999997,1.954895830870839,1.9148470961054718
2018-01-22,0.007725704442488846,0.0,0.0,0.007725704442488846,0.007725704442488846,0.0,1.9499999999999997,1.4499999999999997,1.9699987782760007,1.9296406388225404
2018-01-23,0.008528103549697484,0.0,0.0,0.008528103549697484,0.008528103549697484,0.0,1.9499999999999997,1.4499999999999997,1.986799131849916,1.9460968140041237
2018-01-24,0.008526126681015548,0.0,0.0,0.008526126681015548,0.008526126681015548,0.0,1.9499999999999997,1.4499999999999997,2.0037388329378,1.9626894819738434
2018-01-25,-0.0018686314064546702,0.0,0.0,-0.0018686314064546702,-0.0018686314064546702,0.0,1.9499999999999997,1.4499999999999997,1.9999945836242394,1.959021938766709
2018-01-26,0.009416850637008388,0.0,0.0,0.009416850637008388,0.009416850637008388,0.0,1.9499999999999997,1.4499999999999997,2.0188282338930548,1.9774697557586978
2018-01-29,-0.011092816297156619,0.0,0.0,-0.011092816297156619,-0.011092816297156619,0.0,1.9499999999999997,1.4499999999999997,1.996433743158966,1.9555340470248834
2018-01-30,-0.010593155119153643,0.0,0.0,-0.010593155119153643,-0.010593155119153643,0.0,1.9499999999999997,1.4499999999999997,1.9752852108325707,1.9348187715239626
2018-01-31,0.00519627079177156,1.8814970333181192e-05,5.644491099954357e-05,0.005177455821438379,0.005139825880772017,0.14999999999999997,1.9588315837517114,1.3883158375171156,1.985512162746397,1.944763403120445
2018-02-01,0.0009592250851720805,1.8814970333181196e-05,5.644491099954357e-05,0.0009404101148388993,0.0009027801741725369,0.15000000000000002,1.9676631675034228,1.3266316750342309,1.9873793584673793,1.9465190969642385
2018-02-02,-0.026193147226144572,1.8814970333181206e-05,5.644491099954361e-05,-0.026211962196477753,-0.026249592137144114,0.15000000000000008,1.9764947512551343,1.264947512551346,1.9352862458531723,1.8954237645817653
2018-02-05,-0.028770569375792424,1.881497033318121e-05,5.644491099954362e-05,-0.028789384346125605,-0.028827014286791967,0.1500000000000001,1.9853263350068462,1.2032633500684617,1.8795705463015346,1.8407843566406417
2018-02-06,0.009221941418833032,1.8814970333181175e-05,5.6444910999543526e-05,0.00920312644849985,0.009165496507833487,0.1499999999999999,1.9941579187585576,1.141579187585577,1.8968684717080233,1.8576560592331057
2018-02-07,-0.015463631286277757,1.2446078566652164e-05,3.7338235699956494e-05,-0.01547607736484441,-0.015500969521977713,0.09922480620155028,2.0,1.1007751937984498,1.867512388488936,1.8288605892766163
2018-02-08,-0.022780378403187133,0.0,0.0,-0.022780378403187133,-0.022780378403187133,0.0,2.0,1.1007751937984498,1.8249697496065183,1.7871984530062193
2018-02-09,0.0036663763759697135,0.0,0.0,0.0036663763759697135,0.0036663763759697135,0.0,2.0,1.1007751937984498,1.831660775583335,1.793750995193491
2018-02-12,0.014047942764952805,0.0,0.0,0.014047942764952805,0.014047942764952805,0.0,2.0,1.1007751937984498,1.8573918413235389,1.8189495065085464
2018-02-13,0.007676866039243764,0.0,0.0,0.007676866039243764,0.007676866039243764,0.0,2.0,1.1007751937984498,1.8716507896717638,1.832913338202161
2018-02-14,0.025232571736875587,0.0,0.0,0.025232571736875587,0.025232571736875587,0.0,2.0,1.1007751937984498,1.9188773524885363,1.879162455495823
2018-02-15,0.013135212539544378,0.0,0.0,0.013135212539544378,0.013135212539544378,0.0,2.0,1.1007751937984498,1.9440822143507912,1.9038456537450927
2018-02-16,-0.003946421624816935,0.0,0.0,-0.003946421624816935,-0.003946421624816935,0.0,2.0,1.1007751937984498,1.9364100462596552,1.8963322760868393
2018-02-20,-0.011643535051959484,0.0,0.0,-0.011643535051959484,-0.011643535051959484,0.0,2.0,1.1007751937984498,1.9138633880110645,1.8742522647600601
2018-02-21,-0.005459056890893212,0.0,0.0,-0.005459056890893212,-0.005459056890893212,0.0,2.0,1.1007751937984498,1.9034154988945144,1.8640206150188494
2018-02-22,0.007397585761444286,0.0,0.0,0.007397585761444286,0.007397585761444286,0.0,2.0,1.1007751937984498,1.917496178287249,1.8778098673795516
2018-02-23,0.009528227716934816,0.0,0.0,0.009528227716934816,0.009528227716934816,0.0,2.0,1.1007751937984498,1.9357665185203223,1.895702067405051
2018-02-26,0.00864103887117496,0.0,0.0,0.00864103887117496,0.00864103887117496,0.0,2.0,1.1007751937984498,1.9524935522523756,1.9120829026576651
2018-02-27,-0.019056865800945226,0.0,0.0,-0.019056865800945226,-0.019056865800945226,0.0,2.0,1.1007751937984498,1.9152851446498913,1.8756445953814362
2018-02-28,-0.009713135277852244,2.0800665280407364e-05,6.24019958412221e-05,-0.009733935943132651,-0.009775537273693466,0.14999999999999952,1.951567249266545,0.9961750645267015,1.8966418817390358,1.8573091617270832
2018-03-01,-0.004626692606038801,2.0800665280407448e-05,6.240199584122234e-05,-0.004647493271319208,-0.004689094601880023,0.15000000000000005,1.9031344985330887,0.8915749352549532,1.8878272513555514,1.8486000633628064
2018-03-02,0.009287417025977518,2.0800665280407448e-05,6.240199584122234e-05,0.009266616360697111,0.009225015030136296,0.15000000000000002,1.854701747799633,0.7869748059832051,1.9053210222491326,1.865653426732039
2018-03-05,0.00465699226441325,2.0800665280407435e-05,6.240199584122231e-05,0.004636191599132843,0.004594590268572028,0.14999999999999997,1.8062689970661767,0.6823746767114568,1.9141544555661352,1.87422533981103
2018-03-06,0.007352891702607186,2.0800665280407438e-05,6.240199584122231e-05,0.007332091037326779,0.007290489706765964,0.15,1.757836246332721,0.5777745474397085,1.9281892102938505,1.8878893603590825
2018-03-07,-0.001077372529218785,2.080066528040745e-05,6.240199584122235e-05,-0.0010981731944991924,-0.0011397745250600073,0.15000000000000002,1.7094034955992652,0.47317441816795996,1.9260717245891832,1.8857375921600135
2018-03-08,-0.004066134491218983,2.4657963238796425e-06,7.3973889716389276e-06,-0.004068600287542862,-0.004073531880190622,0.017781616289471974,1.7036620783366925,0.4607746890843642,1.9182353086166914,1.8780559799606757
2018-03-09,0.00984363594802848,0.0,0.0,0.00984363594802848,0.00984363594802848,0.0,1.7036620783366925,0.4607746890843642,1.9371177186573683,1.8965428793174266
2018-03-12,0.000581309467444277,0.0,0.0,0.000581309467444277,0.000581309467444277,0.0,1.7036620783366925,0.4607746890843642,1.9382437835267778,1.8976453576485879
2018-03-13,-0.004372719810898974,0.0,0.0,-0.004372719810898974,-0.004372719810898974,0.0,1.7036620783366925,0.4607746890843642,1.9297683865361985,1.8893474861991375
2018-03-14,-0.002083309599650403,0.0,0.0,-0.002083309599650403,-0.002083309599650403,0.0,1.7036620783366925,0.4607746890843642,1.9257480815314258,1.8854113904440635
2018-03-15,-0.003541106077802579,0.0,0.0,-0.003541106077802579,-0.003541106077802579,0.0,1.7036620783366925,0.4607746890843642,1.9189288032955982,1.8787349487102039
2018-03-16,0.0007641298597365795,0.0,0.0,0.0007641298597365795,0.0007641298597365795,0.0,1.7036620783366925,0.4607746890843642,1.9203951140929048,1.8801705461830438
2018-03-19,-0.004804538905370481,0.0,0.0,-0.004804538905370481,-0.004804538905370481,0.0,1.7036620783366925,0.4607746890843642,1.911168501053562,1.8711371936451757
2018-03-20,0.00013182261903505257,0.0,0.0,0.00013182261903505257,0.00013182261903505257,0.0,1.7036620783366925,0.4607746890843642,1.911420436290788,1.8713838518506158
2018-03-21,0.009136404674238686,0.0,0.0,0.009136404674238686,0.009136404674238686,0.0,1.7036620783366925,0.4607746890843642,1.9288839468993504,1.8884815720219585
2018-03-22,-0.01532347278849443,0.0,0.0,-0.01532347278849443,-0.01532347278849443,0.0,1.7036620783366925,0.4607746890843642,1.8993267462268744,1.8595434760415068
2018-03-23,-0.004117080544805483,0.0,0.0,-0.004117080544805483,-0.004117080544805483,0.0,1.7036620783366925,0.4607746890843642,1.891507065031755,1.8518875857740762
2018-03-26,0.015475798773572346,0.0,0.0,0.015475798773572346,0.015475798773572346,0.0,1.7036620783366925,0.4607746890843642,1.9207796477489767,1.8805470254027925
2018-03-27,-0.014459424124166434,0.0,0.0,-0.014459424124166434,-0.014459424124166434,0.0,1.7036620783366925,0.4607746890843642,1.8930062801731071,1.8533553983770539
2018-03-28,-0.009196133395457122,0.0,0.0,-0.009196133395457122,-0.009196133395457122,0.0,1.7036620783366925,0.4607746890843642,1.875597941902197,1.8363116949043878
2018-03-29,0.008023348597460355,0.0,0.0,0.008023348597460355,0.008023348597460355,0.0,1.7036620783366925,0.4607746890843642,1.8906465180187575,1.851045063766199
2018-04-02,-0.010003446212593354,0.0,0.0,-0.010003446212593354,-0.010003446212593354,0.0,1.7036620783366925,0.4607746890843642,1.87173353726873,1.8325282340337274
2018-04-03,0.004622107339439997,0.0,0.0,0.004622107339439997,0.004622107339439997,0.0,1.7036620783366925,0.4607746890843642,1.8803848905888156,1.8409983762339857
2018-04-04,0.004112333651820982,0.0,0.0,0.004112333651820982,0.004112333651820982,0.0,1.7036620783366925,0.4607746890843642,1.8881176606527597,1.8485691758095204
2018-04-05,0.0022388353411844815,0.0,0.0,0.0022388353411844815,0.0022388353411844815,0.0,1.7036620783366925,0.4607746890843642,1.8923448451997436,1.8527078178109468
2018-04-06,-0.009539615339355333,0.0,0.0,-0.009539615339355333,-0.009539615339355333,0.0,1.7036620783366925,0.4607746890843642,1.874292603287126,1.8350336978928141
2018-04-09,0.005389716112409367,0.0,0.0,0.005389716112409367,0.005389716112409367,0.0,1.7036620783366925,0.4607746890843642,1.8843945083304325,1.8449240085811613
2018-04-10,0.011774155126032347,0.0,0.0,0.011774155126032347,0.011774155126032347,0.0,1.7036620783366925,0.4607746890843642,1.9065816615901587,1.8666464300539376
2018-04-11,0.0013099181173765809,0.0,0.0,0.0013099181173765809,0.0013099181173765809,0.0,1.7036620783366925,0.4607746890843642,1.9090791274509336,1.8690915840314015
2018-04-12,0.0008620164165220312,0.0,0.0,0.0008620164165220312,0.0008620164165220312,0.0,1.7036620783366925,0.4607746890843642,1.910724784999236,1.8707027716608198
2018-04-13,-0.0016028854062434372,0.0,0.0,-0.0016028854062434372,-0.0016028854062434372,0.0,1.7036620783366925,0.4607746890843642,1.907662112126013,1.8677042494887055
2018-04-16,0.003706633617381778,0.0,0.0,0.003706633617381778,0.003706633617381778,0.0,1.7036620783366925,0.4607746890843642,1.9147331166414252,1.8746271448471874
2018-04-17,0.004446136353895822,0.0,0.0,0.004446136353895822,0.004446136353895822,0.0,1.7036620783366925,0.4607746890843642,1.923246281159333,1.8829619927458925
2018-04-18,0.006131386603067846,0.0,0.0,0.006131386603067846,0.006131386603067846,0.0,1.7036620783366925,0.4607746890843642,1.9350384476420335,1.8945071606823007
2018-04-19,-0.0030866002149143213,0.0,0.0,-0.0030866002149143213,-0.0030866002149143213,0.0,1.7036620783366925,0.4607746890843642,1.929065757553674,1.888659574472982
2018-04-20,-0.006149078186130455,0.0,0.0,-0.006149078186130455,-0.006149078186130455,0.0,1.7036620783366925,0.4607746890843642,1.9172037813842895,1.8770460590825637
2018-04-23,-0.00592006925163995,0.0,0.0,-0.00592006925163995,-0.00592006925163995,0.0,1.7036620783366925,0.4607746890843642,1.9058538022289886,1.8659338164242771
2018-04-24,-0.0033056096189791983,0.0,0.0,-0.0033056096189791983,-0.0033056096189791983,0.0,1.7036620783366925,0.4607746890843642,1.8995537935679725,1.8597657676523265
2018-04-25,-0.002237929874850657,0.0,0.0,-0.002237929874850657,-0.002237929874850657,0.0,1.7036620783366925,0.4607746890843642,1.895302725384461,1.8556037422806728
2018-04-26,0.002286326926285163,0.0,0.0,0.002286326926285163,0.002286326926285163,0.0,1.7036620783366925,0.4607746890843642,1.899636007038969,1.8598462590811646
2018-04-27,0.0005311971456532656,0.0,0.0,0.0005311971456532656,0.0005311971456532656,0.0,1.7036620783366925,0.4607746890843642,1.9006450882636883,1.8608342041053423
2018-04-30,-0.005625906393339368,2.6044353310214605e-05,7.813305993064383e-05,-0.005651950746649583,-0.005704039453270012,0.15,1.6493987546724824,0.35030098747648286,1.8899027358379605,1.850219932389131
2018-05-01,-0.0027660009009211894,2.6044353310214594e-05,7.81330599306438e-05,-0.002792045254231404,-0.0028441339608518334,0.14999999999999994,1.595135431008273,0.2398272858686012,1.8846260418734053,1.8449576590443781
2018-05-02,-0.0026785764874718405,2.6044353310214594e-05,7.813305993064381e-05,-0.002704620840782055,-0.0027567095474024844,0.15,1.5408721073440639,0.12935358426071975,1.879528843003474,1.8398716466511371
2018-05-03,0.001785065814329786,1.7313687414340126e-05,5.194106224302038e-05,0.0017677521269154459,0.0017331247520867656,0.09971655203788277,1.5047990970913259,0.05591320682605397,1.8828513841132923,1.843060373742611
2018-05-04,0.004236724243283312,0.0,0.0,0.004236724243283312,0.004236724243283312,0.0,1.5047990970913259,0.05591320682605397,1.8908285062188646,1.850868912309881
2018-05-07,0.0011095510053248168,0.0,0.0,0.0011095510053248168,0.0011095510053248168,0.0,1.5047990970913259,0.05591320682605397,1.8929264768888363,1.8529225457722587
2018-05-08,-0.00043601368402597455,0.0,0.0,-0.00043601368402597455,-0.00043601368402597455,0.0,1.5047990970913259,0.05591320682605397,1.8921011350420576,1.8521146461868616
2018-05-09,0.004248391592235376,0.0,0.0,0.004248391592235376,0.004248391592235376,0.0,1.5047990970913259,0.05591320682605397,1.9001395215958292,1.8599831544775778
2018-05-10,0.0038966964483086912,0.0,0.0,0.0038966964483086912,0.0038966964483086912,0.0,1.5047990970913259,0.05591320682605397,1.9075437885209228,1.8672309442295445
2018-05-11,-0.0005644809247196804,0.0,0.0,-0.0005644809247196804,-0.0005644809247196804,0.0,1.5047990970913259,0.05591320682605397,1.9064670164392352,1.8661769279794804
2018-05-14,0.0015947780132206887,0.0,0.0,0.0015947780132206887,0.0015947780132206887,0.0,1.5047990970913259,0.05591320682605397,1.9095074081199828,1.8691530659130018
2018-05-15,-0.00193436557853609,0.0,0.0,-0.00193436557853609,-0.00193436557853609,0.0,1.5047990970913259,0.05591320682605397,1.9058137227177558,1.8655374405612846
2018-05-16,0.002841244349813856,0.0,0.0,0.002841244349813856,0.002841244349813856,0.0,1.5047990970913259,0.05591320682605397,1.9112286051892253,1.8708378882736454
2018-05-17,0.00018374589758784972,0.0,0.0,0.00018374589758784972,0.00018374589758784972,0.0,1.5047990970913259,0.05591320682605397,1.9115797856047811,1.8711816470606675
2018-05-18,-0.0033811990944019044,0.0,0.0,-0.0033811990944019044,-0.0033811990944019044,0.0,1.5047990970913259,0.05591320682605397,1.9051163537648172,1.8648548093701645
2018-05-21,0.0029144415934866203,0.0,0.0,0.0029144415934866203,0.0029144415934866203,0.0,1.5047990970913259,0.05591320682605397,1.9106687041066608,1.8702898197924063
2018-05-22,-0.00026509924083221076,0.0,0.0,-0.00026509924083221076,-0.00026509924083221076,0.0,1.5047990970913259,0.05591320682605397,1.9101621872837202,1.869794007381043
2018-05-23,-0.0010659701992261836,0.0,0.0,-0.0010659701992261836,-0.0010659701992261836,0.0,1.5047990970913259,0.05591320682605397,1.9081260113163871,1.8678008626904832
2018-05-24,-0.0015585535606673453,0.0,0.0,-0.0015585535606673453,-0.0015585535606673453,0.0,1.5047990970913259,0.05591320682605397,1.905152094727248,1.8648897950053194
2018-05-25,-0.007156437150920968,0.0,0.0,-0.007156437150920968,-0.007156437150920968,0.0,1.5047990970913259,0.05591320682605397,1.891517993498387,1.85154382839397
2018-05-29,-0.0115144387410042,0.0,0.0,-0.0115144387410042,-0.0115144387410042,0.0,1.5047990970913259,0.05591320682605397,1.8697382254347426,1.8302243404056433
2018-05-30,0.01067447586930694,0.0,0.0,0.01067447586930694,0.01067447586930694,0.0,1.5047990970913259,0.05591320682605397,1.8896967010040664,1.8497610259627215
2018-05-31,-0.0004452342334404555,2.3045366087072515e-05,6.913609826121755e-05,-0.00046827959952752804,-0.0005143703317016731,0.15000000000000002,1.4757714008677014,0.11725313844763602,1.8888117945896916,1.8488095637702282
2018-06-01,0.0016118318672149058,2.304536608707252e-05,6.913609826121755e-05,0.0015887865011278333,0.0015426957689536882,0.15000000000000002,1.4467437046440765,0.1785930700692182,1.891812713272107,1.8516617144618577
2018-06-04,0.0018206869600882118,2.304536608707251e-05,6.913609826121753e-05,0.0017976415940011393,0.0017515508618269943,0.14999999999999997,1.4177160084204519,0.23993300169080017,1.895213514493545,1.8549049941336355
2018-06-05,0.0009053579479533383,2.3045366087072512e-05,6.913609826121753e-05,0.0008823125818662658,0.0008362218496921208,0.14999999999999997,1.3886883121968272,0.3012729333123821,1.8968856852227054,1.8564561062188334
2018-06-06,0.005804576061726951,2.3045366087072515e-05,6.913609826121755e-05,0.005781530695639879,0.005735439963465734,0.15,1.3995183527211863,0.3626128649339644,1.9078525880379404,1.867103698760861
2018-06-07,-0.002747629164550845,2.304536608707252e-05,6.913609826121756e-05,-0.0027706745306379176,-0.0028167652628120626,0.15000000000000002,1.454148543922802,0.4239527965555463,1.902566549464052,1.8618445059201234
2018-06-08,0.0013416394511168333,2.3045366087072515e-05,6.913609826121755e-05,0.0013185940850297608,0.0012725033528556157,0.14999999999999997,1.508778735124417,0.48529272817712843,1.9050752624625509,1.8642137092964024
2018-06-11,0.0017278317731959684,2.304536608707251e-05,6.913609826121753e-05,0.0017047864071088959,0.0016586956749347508,0.14999999999999997,1.5634089263260325,0.5466326597987103,1.9083230088745164,1.8673058725131664
2018-06-12,0.0009797832901065537,2.304536608707251e-05,6.913609826121753e-05,0.0009567379240194812,0.0009106471918453362,0.15,1.6180391175276476,0.6079725914202925,1.9101487738683856,1.869006329362287
2018-06-13,0.00018099899317913537,2.3045366087072522e-05,6.913609826121759e-05,0.00015795362709206286,0.00011186289491791779,0.15000000000000005,1.6726693087292632,0.6693125230418746,1.9104504887955036,1.8692154018209093
2018-06-14,0.0016901020576443363,1.152926196839408e-05,3.4587785905182233e-05,0.0016785727956759422,0.001655514271739154,0.07504282156876764,1.7,0.7,1.9136573190134814,1.8723099145955784
2018-06-15,-0.00824488397617211,0.0,0.0,-0.00824488397617211,-0.00824488397617211,0.0,1.7,0.7,1.8978794364480627,1.8568729365823011
2018-06-18,0.0010869491256618679,0.0,0.0,0.0010869491256618679,0.0010869491256618679,0.0,1.7,0.7,1.8999423348421214,1.8588912629971843
2018-06-19,-0.005421900620220589,0.0,0.0,-0.005421900620220589,-0.005421900620220589,0.0,1.7,0.7,1.8896410363184575,1.8488125393054171
2018-06-20,0.0038639255145292368,0.0,0.0,0.0038639255145292368,0.0038639255145292368,0.0,1.7,0.7,1.8969424685319898,1.8559562132476208
2018-06-21,-0.008879018801644213,0.0,0.0,-0.008879018801644213,-0.008879018801644213,0.0,1.7,0.7,1.880099480688257,1.8394771431351669
2018-06-22,0.005276836448137238,0.0,0.0,0.005276836448137238,0.005276836448137238,0.0,1.7,0.7,1.8900204581540767,1.849183763169578
2018-06-25,-0.015188303924975569,0.0,0.0,-0.015188303924975569,-0.015188303924975569,0.0,1.7,0.7,1.861314253011211,1.8210977981614282
2018-06-26,0.006073125914271305,0.0,0.0,0.006073125914271305,0.006073125914271305,0.0,1.7,0.7,1.8726182488357759,1.8321575543918647
2018-06-27,-0.006551460765832469,0.0,0.0,-0.006551460765832469,-0.006551460765832469,0.0,1.7,0.7,1.8603498638491465,1.820154246057443
2018-06-28,0.003732507421031037,0.0,0.0,0.003732507421031037,0.003732507421031037,0.0,1.7,0.7,1.8672936335216774,1.8269479852882735
2018-06-29,0.0026945174696440385,0.0,0.0,0.0026945174696440385,0.0026945174696440385,0.0,1.7,0.7,1.8723250888381566,1.8318707285507636
2018-07-02,-0.0027727360653079097,0.0,0.0,-0.0027727360653079097,-0.0027727360653079097,0.0,1.7,0.7,1.8671336255383542,1.826791434514729
2018-07-03,-0.0030328926491323903,0.0,0.0,-0.0030328926491323903,-0.0030328926491323903,0.0,1.7,0.7,1.8614708096905108,1.8212509722014911
2018-07-05,0.007940082739120426,0.0,0.0,0.007940082739120426,0.007940082739120426,0.0,1.7,0.7,1.876251041935911,1.8357118556094747
2018-07-06,0.0065593256090791755,0.0,0.0,0.0065593256090791755,0.0065593256090791755,0.0,1.7,0.7,1.888557983444343,1.8477528873948643
2018-07-09,0.008097567090989044,0.0,0.0,0.008097567090989044,0.008097567090989044,0.0,1.7,0.7,1.9038507084205065,1.862715190368113
2018-07-10,-0.00037671199163291094,0.0,0.0,-0.00037671199163291094,-0.00037671199163291094,0.0,1.7,0.7,1.9031335050283658,1.8620134832189046
2018-07-11,-0.01426501614788939,0.0,0.0,-0.01426501614788939,-0.01426501614788939,0.0,1.7,0.7,1.8759852748475467,1.835451830813199
2018-07-12,0.008309277173237876,0.0,0.0,0.008309277173237876,0.008309277173237876,0.0,1.7,0.7,1.8915733564691677,1.8507031088135528
2018-07-13,-3.50474998421403e-05,0.0,0.0,-3.50474998421403e-05,-3.50474998421403e-05,0.0,1.7,0.7,1.8915070615522553,1.8506382462966389
2018-07-16,-0.006532546805613358,0.0,0.0,-0.006532546805613358,-0.006532546805613358,0.0,1.7,0.7,1.8791507031395172,1.838548865332448
2018-07-17,0.004395537854541425,0.0,0.0,0.004395537854541425,0.004395537854541425,0.0,1.7,0.7,1.8874105811895552,1.8466302764674412
2018-07-18,0.0033818671562222615,0.0,0.0,0.0033818671562222615,0.0033818671562222615,0.0,1.7,0.7,1.8937935530443866,1.852875334749112
2018-07-19,-0.0011753828991036342,0.0,0.0,-0.0011753828991036342,-0.0011753828991036342,0.0,1.7,0.7,1.8915676204877054,1.8506974967664769
2018-07-20,0.0005475295062184532,0.0,0.0,0.0005475295062184532,0.0005475295062184532,0.0,1.7,0.7,1.89260330957293,1.8517108082530414
2018-07-23,0.0037265491878534,0.0,0.0,0.0037265491878534,0.0037265491878534,0.0,1.7,0.7,1.8996561888991474,1.858611299661676
2018-07-24,0.0019212487122929958,0.0,0.0,0.0019212487122929958,0.0019212487122929958,0.0,1.7,0.7,1.9033059009058695,1.8621821542278043
2018-07-25,0.008191383011104955,0.0,0.0,0.008191383011104955,0.008191383011104955,0.0,1.7,0.7,1.9188966085274854,1.8774360014895286
2018-07-26,-0.0007034032641689337,0.0,0.0,-0.0007034032641689337,-0.0007034032641689337,0.0,1.7,0.7,1.9175468503894444,1.8761154068778125
2018-07-27,-0.008124839924402872,0.0,0.0,-0.008124839924402872,-0.008124839924402872,0.0,1.7,0.7,1.9019670891824874,1.8608722695172244
2018-07-30,-0.0035066385946959664,0.0,0.0,-0.0035066385946959664,-0.0035066385946959664,0.0,1.7,0.7,1.8952975779817185,1.8543468629971358
2018-07-31,0.0028926070198141305,2.1851313090650676e-05,6.555393927195203e-05,0.0028707557067234797,0.0028270530805421783,0.14999999999999997,1.6896695538009343,0.6699288128674352,1.900738514319649,1.8595892000085654
2018-08-01,-0.0029523472026707497,2.1851313090650676e-05,6.555393927195203e-05,-0.0029741985157614005,-0.003017901141942702,0.14999999999999997,1.6793391076018689,0.6398576257348708,1.895085340651509,1.8539771436383152
2018-08-02,0.00695120759635686,2.1851313090650676e-05,6.555393927195202e-05,0.006929356283266209,0.006885653657084908,0.14999999999999997,1.6690086614028037,0.6097864386023062,1.9082170621640782,1.8667429881375603
2018-08-03,0.0008819595596839939,2.1851313090650666e-05,6.5553939271952e-05,0.0008601082465933432,0.0008164056204120419,0.14999999999999994,1.6586782152037383,0.5797152514697419,1.9098583353955356,1.8682670076049406
2018-08-06,0.003977961697333419,2.1851313090650663e-05,6.555393927195199e-05,0.003956110384242768,0.003912407758061467,0.1499999999999999,1.6483477690046728,0.5496440643371774,1.9174139457886263,1.8755764299396245
2018-08-07,0.0026677821147836544,2.1851313090650676e-05,6.555393927195202e-05,0.0026459308016930035,0.0026022281755117022,0.15,1.6380173228056076,0.5195728772046129,1.9224872904073842,1.8804571077709393
2018-08-08,-0.003336158871362086,2.185131309065068e-05,6.555393927195202e-05,-0.0033580101844527368,-0.003401712810634038,0.15000000000000002,1.627686876606542,0.4895016900720486,1.9160315585067154,1.874060332737587
2018-08-09,0.0022592958007146527,2.1851313090650673e-05,6.555393927195202e-05,0.002237444487624002,0.0021937418614427005,0.14999999999999997,1.6173564304074768,0.45943050293948406,1.92031857275541,1.8781715373403827
2018-08-10,0.0016178905106221388,2.185131309065066e-05,6.555393927195197e-05,0.0015960391975314882,0.0015523365713501869,0.14999999999999988,1.6070259842084114,0.42935931580691966,1.9233834764692754,1.881087091705065
2018-08-13,0.0021661142828561055,1.617219095652133e-05,4.851657286956398e-05,0.002149942091899584,0.0021175977099865415,0.11101523434379404,1.59938040483731,0.40710358323013474,1.9275186395642008,1.885070477422745
2018-08-14,0.0060517827675086195,0.0,0.0,0.0060517827675086195,0.0060517827675086195,0.0,1.59938040483731,0.40710358323013474,1.939183563651167,1.8964785144535512
2018-08-15,-0.002799551343399844,0.0,0.0,-0.002799551343399844,-0.002799551343399844,0.0,1.59938040483731,0.40710358323013474,1.9337547197004485,1.8911692254806838
2018-08-16,0.004133927488704045,0.0,0.0,0.004133927488704045,0.004133927488704045,0.0,1.59938040483731,0.40710358323013474,1.9417487214926292,1.8989871819276893
2018-08-17,-0.0038953461762846397,0.0,0.0,-0.0038953461762846397,-0.0038953461762846397,0.0,1.59938040483731,0.40710358323013474,1.9341849380350573,1.8915899694697538
2018-08-20,-0.0018518247020772186,0.0,0.0,-0.0018518247020772186,-0.0018518247020772186,0.0,1.59938040483731,0.40710358323013474,1.9306031665884182,1.8880870764380882
2018-08-21,-0.0016893380259298246,0.0,0.0,-0.0016893380259298246,-0.0016893380259298246,0.0,1.59938040483731,0.40710358323013474,1.9273417252461198,1.8848974591435945
2018-08-22,0.00043966453608972923,0.0,0.0,0.00043966453608972923,0.00043966453608972923,0.0,1.59938040483731,0.40710358323013474,1.9281891090516365,1.8857261817105457
2018-08-23,0.005537435884787056,0.0,0.0,0.005537435884787056,0.005537435884787056,0.0,1.59938040483731,0.40710358323013474,1.9388663326167546,1.8961682695380322
2018-08-24,-0.0038964366529893463,0.0,0.0,-0.0038964366529893463,-0.0038964366529893463,0.0,1.59938040483731,0.40710358323013474,1.9313116627730997,1.8887799699923689
2018-08-27,-4.21143288132596e-05,0.0,0.0,-4.21143288132596e-05,-4.21143288132596e-05,0.0,1.59938040483731,0.40710358323013474,1.9312303268786928,1.8887004252916566
2018-08-28,0.0021303152621877422,0.0,0.0,0.0021303152621877422,0.0021303152621877422,0.0,1.59938040483731,0.40710358323013474,1.9353444563188422,1.8927239526333557
2018-08-29,0.0032612708258283104,0.0,0.0,0.0032612708258283104,0.0032612708258283104,0.0,1.59938040483731,0.40710358323013474,1.9416561387321636,1.8988966380414254
2018-08-30,0.002920279716364529,0.0,0.0,0.002920279716364529,0.002920279716364529,0.0,1.59938040483731,0.40710358323013474,1.9473263177702578,1.9044419473769707
2018-08-31,0.003596163389976782,2.1076695086679735e-05,6.32300852600392e-05,0.0035750866948901024,0.003532933304716743,0.14999999999999986,1.6616204074741072,0.4172802844549445,1.9542881781795274,1.9111702137597584
2018-09-04,0.0017867392966956874,2.1076695086679742e-05,6.323008526003921e-05,0.0017656626016090077,0.0017235092114356483,0.14999999999999994,1.723860410110904,0.4274569856797541,1.9577387917285054,1.9144641332277947
2018-09-05,-0.005456812475346038,2.107669508667976e-05,6.323008526003925e-05,-0.005477889170432718,-0.005520042560606077,0.15000000000000008,1.7861004127477014,0.4376336869045636,1.9470145156027598,1.9038962097316234
2018-09-06,-0.004629640162398079,2.107669508667975e-05,6.323008526003924e-05,-0.0046507168574847595,-0.004692870247658119,0.14999999999999997,1.8483404153844982,0.4478103881293731,1.9379595023732785,1.8949614718543448
2018-09-07,0.0007937982334430399,2.1076695086679742e-05,6.323008526003921e-05,0.0007727215383563602,0.0007305681481830007,0.14999999999999997,1.9105804180212946,0.4579870893541826,1.9394570054212248,1.8963458703477156
2018-09-10,0.002182933872651021,2.1076695086679752e-05,6.323008526003925e-05,0.0021618571775643414,0.002119703787390982,0.15000000000000002,1.972820420658092,0.46816379057899227,1.943649834468972,1.900365561871295
2018-09-11,0.001337733788947147,9.20397946826129e-06,2.761193840478387e-05,0.0013285298094788858,0.0013101218505423631,0.06550348214278226,1.9999999999999998,0.47260785302533725,1.946232031213253,1.9028552723179208
2018-09-12,-0.0049110387976074275,0.0,0.0,-0.0049110387976074275,-0.0049110387976074275,0.0,1.9999999999999998,0.47260785302533725,1.9366740101988185,1.8935102762493357
2018-09-13,0.0026229467149793007,0.0,0.0,0.0026229467149793007,0.0026229467149793007,0.0,1.9999999999999998,0.47260785302533725,1.941753802931855,1.8984768528082032
2018-09-14,0.0027668530184774115,0.0,0.0,0.0027668530184774115,0.0027668530184774115,0.0,1.9999999999999998,0.47260785302533725,1.9471263503026373,1.9037296592189052
2018-09-17,-0.008498444051261217,0.0,0.0,-0.008498444051261217,-0.008498444051261217,0.0,1.9999999999999998,0.47260785302533725,1.9305788059538538,1.887550919221307
2018-09-18,0.0018910969575530801,0.0,0.0,0.0018910969575530801,0.0018910969575530801,0.0,1.9999999999999998,0.47260785302533725,1.9342297176601098,1.891120461021873
2018-09-19,-0.004646299952598815,0.0,0.0,-0.004646299952598815,-0.004646299952598815,0.0,1.9999999999999998,0.47260785302533725,1.9252427062146305,1.8823337481134685
2018-09-20,0.001413536576673985,0.0,0.0,0.001413536576673985,0.001413536576673985,0.0,1.9999999999999998,0.47260785302533725,1.9279641071988398,1.884994495715935
2018-09-21,0.00041514712786912836,0.0,0.0,0.00041514712786912836,0.00041514712786912836,0.0,1.9999999999999998,0.47260785302533725,1.928764495960578,1.8857770457668805
2018-09-24,0.00021635146749880425,0.0,0.0,0.00021635146749880425,0.00021635146749880425,0.0,1.9999999999999998,0.47260785302533725,1.929181786989739,1.8861850363981079
2018-09-25,-0.00047601125147768344,0.0,0.0,-0.00047601125147768344,-0.00047601125147768344,0.0,1.9999999999999998,0.47260785302533725,1.928263474752986,1.8852871910984135
2018-09-26,0.0006055188391605685,0.0,0.0,0.0006055188391605685,0.0006055188391605685,0.0,1.9999999999999998,0.47260785302533725,1.9294310746138141,1.8864287680098515
2018-09-27,0.008429302222981539,0.0,0.0,0.008429302222981539,0.008429302222981539,0.0,1.9999999999999998,0.47260785302533725,1.945694832260146,1.9023300462175332
2018-09-28,0.001013413774216069,0.0,0.0,0.001013413774216069,0.001013413774216069,0.0,1.9999999999999998,0.47260785302533725,1.9476666262035796,1.9042578936894754
2018-10-01,-0.0012029974116346887,0.0,0.0,-0.0012029974116346887,-0.0012029974116346887,0.0,1.9999999999999998,0.47260785302533725,1.9453235882935294,1.901967076372282
2018-10-02,-0.0024331222010745583,0.0,0.0,-0.0024331222010745583,-0.0024331222010745583,0.0,1.9999999999999998,0.47260785302533725,1.9405903782825782,1.8973393580530475
2018-10-03,0.0023723890706157484,0.0,0.0,0.0023723890706157484,0.0023723890706157484,0.0,1.9999999999999998,0.47260785302533725,1.9451942136865579,1.9018405852093416
2018-10-04,-0.007834781638522232,0.0,0.0,-0.007834781638522232,-0.007834781638522232,0.0,1.9999999999999998,0.47260785302533725,1.9299540417778067,1.8869400795129472
2018-10-05,-0.008059740479303227,0.0,0.0,-0.008059740479303227,-0.008059740479303227,0.0,1.9999999999999998,0.47260785302533725,1.9143991130640952,1.871731832172077
2018-10-08,-0.0002821852882910246,0.0,0.0,-0.0002821852882910246,-0.0002821852882910246,0.0,1.9999999999999998,0.47260785302533725,1.913858897798471,1.871203656985412
2018-10-09,0.0018339614677332608,0.0,0.0,0.0018339614677332608,0.0018339614677332608,0.0,1.9999999999999998,0.47260785302533725,1.9173688412717116,1.8746353723906046
2018-10-10,-0.01913726343003603,0.0,0.0,-0.01913726343003603,-0.01913726343003603,0.0,1.9999999999999998,0.47260785302533725,1.880675648663752,1.8387599814339017
2018-10-11,-0.01529691484509418,0.0,0.0,-0.01529691484509418,-0.01529691484509418,0.0,1.9999999999999998,0.47260785302533725,1.8519071134149,1.8106326265773403
2018-10-12,0.006900530542867029,0.0,0.0,0.006900530542867029,0.006900530542867029,0.0,1.9999999999999998,0.47260785302533725,1.8646862550135725,1.8231269523189488
2018-10-15,-0.004857336724698086,0.0,0.0,-0.004857336724698086,-0.004857336724698086,0.0,1.9999999999999998,0.47260785302533725,1.8556288459870554,1.8142714108196631
2018-10-16,0.01407516069825827,0.0,0.0,0.01407516069825827,0.01407516069825827,0.0,1.9999999999999998,0.47260785302533725,1.8817471201906468,1.8398075724772058
2018-10-17,0.0022092999292426868,0.0,0.0,0.0022092999292426868,0.0022092999292426868,0.0,1.9999999999999998,0.47260785302533725,1.8859044639701366,1.8438722592169
2018-10-18,-0.006753509522021706,0.0,0.0,-0.006753509522021706,-0.006753509522021706,0.0,1.9999999999999998,0.47260785302533725,1.873167990215091,1.831419650356887
2018-10-19,-0.004631419719341579,0.0,0.0,-0.004631419719341579,-0.004631419719341579,0.0,1.9999999999999998,0.47260785302533725,1.8644925630475695,1.8229375772738343
2018-10-22,0.0010220528327812496,0.0,0.0,0.0010220528327812496,0.0010220528327812496,0.0,1.9999999999999998,0.47260785302533725,1.866398172953332,1.8248007157886705
2018-10-23,-0.0040338524848749545,0.0,0.0,-0.0040338524848749545,-0.0040338524848749545,0.0,1.9999999999999998,0.47260785302533725,1.8588693980455981,1.8174397388868848
2018-10-24,-0.014281972281770682,0.0,0.0,-0.014281972281770682,-0.014281972281770682,0.0,1.9999999999999998,0.47260785302533725,1.8323210768272793,1.7914831149123138
2018-10-25,0.013224434093845197,0.0,0.0,0.013224434093845197,0.013224434093845197,0.0,1.9999999999999998,0.47260785302533725,1.8565524861465452,1.8151744652957083
2018-10-26,-0.010860951461291075,0.0,0.0,-0.010860951461291075,-0.010860951461291075,0.0,1.9999999999999998,0.47260785302533725,1.8363885597091683,1.7954599435343566
2018-10-29,-0.0014502279853035103,0.0,0.0,-0.0014502279853035103,-0.0014502279853035103,0.0,1.9999999999999998,0.47260785302533725,1.833725377627987,1.7928561172777517
2018-10-30,0.010306522507853376,0.0,0.0,0.010306522507853376,0.010306522507853376,0.0,1.9999999999999998,0.47260785302533725,1.8526247095057318,1.8113342292038175
2018-10-31,0.005561078273907957,2.251939400937018e-05,6.755818202811054e-05,0.005538558879898587,0.005493520091879847,0.15000000000000005,1.9168658148124145,0.37312605308433544,1.8628855805416844,1.8212848301850582
2018-11-01,-0.0022885116479268736,2.251939400937018e-05,6.755818202811054e-05,-0.002311031041936244,-0.002356069829954984,0.15000000000000005,1.833731629624829,0.27364425314333385,1.8585803941374772,1.8169937559449045
2018-11-02,-0.004412671108463775,2.2519394009370173e-05,6.755818202811053e-05,-0.004435190502473145,-0.004480229290491885,0.15,1.7505974444372439,0.17416245320233215,1.850337236025316,1.8088532072988794
2018-11-05,0.0006886499522159743,2.251939400937018e-05,6.755818202811054e-05,0.0006661305582066041,0.0006210917701878637,0.15000000000000005,1.667463259249658,0.07468065326133064,1.85156980220122,1.8099766711394107
2018-11-06,0.002232029916526549,2.2519394009370177e-05,6.755818202811053e-05,0.002209510522517179,0.0021644717344984385,0.15,1.584329074062073,-0.024801146679671204,1.8556608651623587,1.8138943144841935
2018-11-07,0.0018570652673270587,2.251939400937018e-05,6.755818202811051e-05,0.0018345458733176885,0.001789507085298948,0.15000000000000002,1.510087668678804,-0.12428294662067282,1.8590651601448196,1.8171402912119463
2018-11-08,0.008089535256412778,2.2519394009370177e-05,6.755818202811053e-05,0.008067015862403408,0.008021977074384668,0.15000000000000002,1.5287294544413745,-0.22376474656167455,1.8740622682809494,1.831717348968989
2018-11-09,0.005039255245499344,2.251939400937017e-05,6.75581820281105e-05,0.0050167358514899745,0.004971697063471234,0.14999999999999997,1.5806248815026813,-0.32324654650267615,1.8834639436501588,1.8408240927339674
2018-11-12,0.007924043828555515,2.251939400937018e-05,6.755818202811054e-05,0.007901524434546144,0.007856485646527404,0.15000000000000005,1.6325203085639883,-0.42272834644367807,1.8983461800224972,1.8552865007963135
2018-11-13,-0.004407299121838626,2.251939400937018e-05,6.755818202811055e-05,-0.004429818515847996,-0.004474857303866736,0.15000000000000005,1.6844157356252951,-0.5222101463846796,1.8899368509647443,1.8469843584474597
2018-11-14,-0.0041639818588182125,2.2519394009370173e-05,6.755818202811051e-05,-0.004186501252827582,-0.004231540040846323,0.15,1.7363111626866021,-0.6216919463256811,1.8820246279704154,1.8391687701798722
2018-11-15,-0.0060750448756974685,2.2519394009370173e-05,6.755818202811053e-05,-0.006097564269706838,-0.006142603057725579,0.15,1.7882065897479091,-0.7211737462666832,1.8705488618441946,1.827871486468492
2018-11-16,-0.007090763031157503,2.2519394009370177e-05,6.755818202811053e-05,-0.0071132824251668725,-0.007158321213185613,0.15,1.8401020168092161,-0.8206555462076847,1.8572431194998225,1.8147869952319275
2018-11-19,0.0077212299238425385,9.202692011737312e-06,2.7608076035211937e-05,0.007712027231830801,0.007693621847807326,0.061298443518782955,1.8613094095065537,-0.8613094095065537,1.8715662290135353,1.8287492801075607
2018-11-20,0.01646343523317703,0.0,0.0,0.01646343523317703,0.01646343523317703,0.0,1.8613094095065537,-0.8613094095065537,1.902378638409501,1.8588567754383305
2018-11-21,-0.01128706127462797,0.0,0.0,-0.01128706127462797,-0.01128706127462797,0.0,1.8613094095065537,-0.8613094095065537,1.8809063741502297,1.8378757451132006
2018-11-23,0.00575969999361488,0.0,0.0,0.00575969999361488,0.00575969999361488,0.0,1.8613094095065537,-0.8613094095065537,1.891739830581413,1.8484613580305942
2018-11-26,-0.008094172398890473,0.0,0.0,-0.008094172398890473,-0.008094172398890473,0.0,1.8613094095065537,-0.8613094095065537,1.8764277622588392,1.8334995931260074
2018-11-27,0.0035337221231071976,0.0,0.0,0.0035337221231071976,0.0035337221231071976,0.0,1.8613094095065537,-0.8613094095065537,1.8830585365547456,1.8399786712009447
2018-11-28,-0.016714711892790904,0.0,0.0,-0.016714711892790904,-0.016714711892790904,0.0,1.8613094095065537,-0.8613094095065537,1.8515837556389725,1.8092239578229405
2018-11-29,0.001522807924331319,0.0,0.0,0.001522807924331319,0.001522807924331319,0.0,1.8613094095065537,-0.8613094095065537,1.8544033620546225,1.8119790584028033
2018-11-30,0.0018825284672355483,2.531272994350029e-05,7.593818983050088e-05,0.001857215737292048,0.0018065902774050473,0.15,1.8757920473315797,-0.9062956777106046,1.8578473891619176,1.8152525621525755
2018-12-03,-0.01369102280161466,2.5312729943500288e-05,7.593818983050086e-05,-0.013716335531558162,-0.013766960991445162,0.15,1.8902746851566055,-0.9512819459146551,1.8323645310057435,1.7902620509398002
2018-12-04,0.014691760521073046,2.5312729943500288e-05,7.593818983050088e-05,0.014666447791129545,0.014615822331242544,0.15,1.9047573229816313,-0.9962682141187061,1.8592388097340569,1.8164282030027021
2018-12-06,0.0027921271914068723,2.5312729943500288e-05,7.593818983050088e-05,0.002766814461463372,0.0027161890015763713,0.15,1.9192399608066566,-1.0412544823227563,1.8643829785601431,1.8213619653098512
2018-12-07,0.007355774879701664,2.5312729943500285e-05,7.593818983050085e-05,0.007330462149758164,0.007279836689871163,0.14999999999999994,1.9337225986316822,-1.0862407505268077,1.8780497674171315,1.8346211829704497
2018-12-10,0.007617147257795833,2.5312729943500288e-05,7.593818983050086e-05,0.007591834527852333,0.007541209067965332,0.14999999999999997,1.9482052364567075,-1.131227018730858,1.8923076104864338,1.848456444871748
2018-12-11,-0.0009791307420898778,2.5312729943500278e-05,7.593818983050084e-05,-0.0010044434720333781,-0.0010550689319203787,0.1499999999999999,1.9626878742817333,-1.1762132869349087,1.8904068944600017,1.8465061959047557
2018-12-12,-0.007382183946060578,2.5312729943500278e-05,7.593818983050082e-05,-0.007407496676004078,-0.007458122135891078,0.1499999999999999,1.977170512106759,-1.2211995551389594,1.8764037116729941,1.8327347271710186
2018-12-13,0.0015045479722654792,1.5107451912159513e-05,4.532235573647853e-05,0.0014894405203533198,0.0014592256165290008,0.08952482770060968,1.9858142164796644,-1.2480488078713665,1.8791985033937013,1.8354091006332087
2018-12-14,0.012944107242487568,0.0,0.0,0.012944107242487568,0.012944107242487568,0.0,1.9858142164796644,-1.2480488078713665,1.9035230503515517,1.8591668328656428
2018-12-17,0.005974818778935794,0.0,0.0,0.005974818778935794,0.005974818778935794,0.0,1.9858142164796644,-1.2480488078713665,1.914896255618929,1.8702750177718228
2018-12-18,0.0007313131930685524,0.0,0.0,0.0007313131930685524,0.0007313131930685524,0.0,1.9858142164796644,-1.2480488078713665,1.9162966445140208,1.871642774566986
2018-12-19,0.005885888179859823,0.0,0.0,0.005885888179859823,0.005885888179859823,0.0,1.9858142164796644,-1.2480488078713665,1.927575752283071,1.8826590546507298
2018-12-20,5.860982746428182e-06,0.0,0.0,5.860982746428182e-06,5.860982746428182e-06,0.0,1.9858142164796644,-1.2480488078713665,1.9275870497712977,1.8826700888829666
2018-12-21,0.016071370680265058,0.0,0.0,0.016071370680265058,0.016071370680265058,0.0,1.9858142164796644,-1.2480488078713665,1.958566015766651,1.9129271777500525
2018-12-24,0.005647626975389408,0.0,0.0,0.005647626975389408,0.005647626975389408,0.0,1.9858142164796644,-1.2480488078713665,1.9696272660303755,1.9237306768810691
2018-12-26,-0.018381548423707463,0.0,0.0,-0.018381548423707463,-0.018381548423707463,0.0,1.9858142164796644,-1.2480488078713665,1.9334224670631837,1.8883695282898083
2018-12-27,-0.0038321126208829335,0.0,0.0,-0.0038321126208829335,-0.0038321126208829335,0.0,1.9858142164796644,-1.2480488078713665,1.9260133744256522,1.8811330835875582
2018-12-28,-0.005213882078496209,0.0,0.0,-0.005213882078496209,-0.005213882078496209,0.0,1.9858142164796644,-1.2480488078713665,1.9159713678097905,1.8713250775157748
2018-12-31,-0.005716075427032735,1.855018180885798e-05,5.5650545426573925e-05,-0.005734625608841593,-0.0057717259724593085,0.15,1.8495269775555971,-1.1127763489342926,1.904983989338141,1.8605243019629625
2019-01-02,-0.0005152712942097166,1.855018180885798e-05,5.5650545426573925e-05,-0.0005338214760185746,-0.0005709218396362905,0.15,1.7132397386315297,-0.9775038899972179,1.9039670679731608,1.859462088005798
2019-01-03,0.0022340356317493973,1.8550181808857988e-05,5.565054542657395e-05,0.0022154854499405394,0.002178385086322823,0.15000000000000002,1.5769524997074624,-0.8422314310601436,1.9081852793094214,1.8635127124868924
2019-01-04,-0.019311008579431965,1.855018180885797e-05,5.5650545426573905e-05,-0.019329558761240824,-0.019366659124858538,0.14999999999999994,1.4439439136562906,-0.7069589721230694,1.871300899825675,1.8274226970093181
2019-01-07,-0.008141008406267221,1.855018180885798e-05,5.565054542657393e-05,-0.00815955858807608,-0.008196658951693796,0.15,1.4554307661469423,-0.5716865131859953,1.856031910497628,1.8124439364013485
2019-01-08,-0.005667920446596056,1.8550181808857977e-05,5.565054542657393e-05,-0.005686470628404914,-0.00572357099202263,0.15,1.4969071578020574,-0.43641405424892094,1.8454776395532009,1.8020702848622945
2019-01-09,-0.01280864132302219,1.8550181808857974e-05,5.565054542657391e-05,-0.012827191504831048,-0.012864291868448764,0.15,1.5383835494571725,-0.3011415953118467,1.8218053444527684,1.7788879267503674
2019-01-10,-0.0004539406242446578,1.618856135232588e-05,4.8565684056977634e-05,-0.0004701291855969837,-0.0005025063083016354,0.13090352579128584,1.574579588822205,-0.18309064986304693,1.8209488605898647,1.7779940243454138
2019-01-11,0.004012894659554321,0.0,0.0,0.004012894659554321,0.004012894659554321,0.0,1.574579588822205,-0.18309064986304693,1.8282561365478474,1.785128927070429
2019-01-14,0.004572512974318173,0.0,0.0,0.004572512974318173,0.004572512974318173,0.0,1.574579588822205,-0.18309064986304693,1.8366158614525891,1.7932914522502892
2019-01-15,-0.005600155026142577,0.0,0.0,-0.005600155026142577,-0.005600155026142577,0.0,1.574579588822205,-0.18309064986304693,1.8263305279049824,1.7832487421106313
2019-01-16,-0.002710489327383457,0.0,0.0,-0.002710489327383457,-0.002710489327383457,0.0,1.574579588822205,-0.18309064986304693,1.8213802785008213,1.7784152654270704
2019-01-17,-0.0037658475299928084,0.0,0.0,-0.0037658475299928084,-0.0037658475299928084,0.0,1.574579588822205,-0.18309064986304693,1.8145212380778515,1.7717180246924604
2019-01-18,-0.007665166298251572,0.0,0.0,-0.007665166298251572,-0.007665166298251572,0.0,1.574579588822205,-0.18309064986304693,1.8006126310362756,1.758137511399583
2019-01-22,0.011530679062403936,0.0,0.0,0.011530679062403936,0.011530679062403936,0.0,1.574579588822205,-0.18309064986304693,1.8213749174004656,1.778410030791105
2019-01-23,-0.002151901835822097,0.0,0.0,-0.002151901835822097,-0.002151901835822097,0.0,1.574579588822205,-0.18309064986304693,1.8174554973719912,1.7745830669810012
2019-01-24,0.001404110581310897,0.0,0.0,0.001404110581310897,0.001404110581310897,0.0,1.574579588822205,-0.18309064986304693,1.820007405866913,1.7770747778427645
2019-01-25,-0.011232881786701922,0.0,0.0,-0.011232881786701922,-0.011232881786701922,0.0,1.574579588822205,-0.18309064986304693,1.799563477825888,1.757113106937127
2019-01-28,0.006202738485629767,0.0,0.0,0.006202738485629767,0.006202738485629767,0.0,1.574579588822205,-0.18309064986304693,1.8107256994671324,1.7680120200291305
2019-01-29,0.0003254538005014273,0.0,0.0,0.0003254538005014273,0.0003254538005014273,0.0,1.574579588822205,-0.18309064986304693,1.8113150070276898,1.7685874262603813
2019-01-30,-0.010421343075085198,0.0,0.0,-0.010421343075085198,-0.010421343075085198,0.0,1.574579588822205,-0.18309064986304693,1.7924386719224037,1.7501563699330398
2019-01-31,0.00028449239081344526,2.8105710664519558e-05,8.431713199355866e-05,0.00025638668014892573,0.0002001752588198866,0.14999999999999997,1.5059989737803012,-0.06810941966506043,1.7928982293228684,1.7505067079373664
2019-02-01,-0.003432564242274092,2.4918250470993356e-05,7.475475141298009e-05,-0.0034574824927450856,-0.0035073189936870725,0.13298854511327107,1.4451960656643272,0.03383182379736857,1.7866993150837107,1.7443671225120412
2019-02-04,-0.003061356763015587,0.0,0.0,-0.003061356763015587,-0.003061356763015587,0.0,1.4451960656643272,0.03383182379736857,1.781229591052004,1.7390269924243569
2019-02-05,0.0005707362901302497,0.0,0.0,0.0005707362901302497,0.0005707362901302497,0.0,1.4451960656643272,0.03383182379736857,1.782246203420671,1.7400195182384495
2019-02-06,0.0028397673773990395,0.0,0.0,0.0028397673773990395,0.0028397673773990395,0.0,1.4451960656643272,0.03383182379736857,1.7873073680476381,1.7449607689023805
2019-02-07,0.008423237786905506,0.0,0.0,0.008423237786905506,0.008423237786905506,0.0,1.4451960656643272,0.03383182379736857,1.8023622830069916,1.7596589883876668
2019-02-08,0.001687018596218802,0.0,0.0,0.001687018596218802,0.001687018596218802,0.0,1.4451960656643272,0.03383182379736857,1.8054029016955477,1.7626275658240802
2019-02-11,0.0007979322404319171,0.0,0.0,0.0007979322404319171,0.0007979322404319171,0.0,1.4451960656643272,0.03383182379736857,1.80684349087778,1.7640340231867253
2019-02-12,-0.007756976678336343,0.0,0.0,-0.007756976678336343,-0.007756976678336343,0.0,1.4451960656643272,0.03383182379736857,1.7928278480576372,1.750350452409074
2019-02-13,-0.0004594825970843557,0.0,0.0,-0.0004594825970843557,-0.0004594825970843557,0.0,1.4451960656643272,0.03383182379736857,1.7920040748618864,1.7495461968373933
2019-02-14,0.0009360654749826007,0.0,0.0,0.0009360654749826007,0.0009360654749826007,0.0,1.4451960656643272,0.03383182379736857,1.7936815080073927,1.7511838866291398
2019-02-15,-0.007819143966690666,0.0,0.0,-0.007819143966690666,-0.007819143966690666,0.0,1.4451960656643272,0.03383182379736857,1.779656454065892,1.7374911277074376
2019-02-19,-0.0019989632052553365,0.0,0.0,-0.0019989632052553365,-0.0019989632052553365,0.0,1.4451960656643272,0.03383182379736857,1.7760989862962189,1.7340179468736927
2019-02-20,-0.0018138697472668568,0.0,0.0,-0.0018138697472668568,-0.0018138697472668568,0.0,1.4451960656643272,0.03383182379736857,1.7728773740768249,1.7308726641786407
2019-02-21,-0.0013876504581669467,0.0,0.0,-0.0013876504581669467,-0.0013876504581669467,0.0,1.4451960656643272,0.03383182379736857,1.7704172399764135,1.7284708179331647
2019-02-22,-0.0006700254020263379,0.0,0.0,-0.0006700254020263379,-0.0006700254020263379,0.0,1.4451960656643272,0.03383182379736857,1.769231015453444,1.7273126985784883
2019-02-25,-4.117638271228962e-06,0.0,0.0,-4.117638271228962e-06,-4.117638271228962e-06,0.0,1.4451960656643272,0.03383182379736857,1.7692237304001042,1.7273055861296143
2019-02-26,-0.0005497939542150744,0.0,0.0,-0.0005497939542150744,-0.0005497939542150744,0.0,1.4451960656643272,0.03383182379736857,1.7682510218894765,1.7263559239612782
2019-02-27,-0.002432143941626575,0.0,0.0,-0.002432143941626575,-0.002432143941626575,0.0,1.4451960656643272,0.03383182379736857,1.7639503808793129,1.7221571778597247
2019-02-28,7.58134780068347e-05,2.3936459750794265e-05,7.180937925238278e-05,5.187701825604044e-05,4.00409875445192e-06,0.15000000000000002,1.4073860477580369,0.17681893232201892,1.7640418893654246,1.7221640735471357
2019-03-01,-0.0027628477791681676,2.393645975079426e-05,7.180937925238277e-05,-0.002786784238918962,-0.0028346571584205505,0.15,1.3695760298517463,0.3198060408466692,1.7591258852313483,1.7172823288280805
2019-03-04,0.003251641626466401,2.393645975079427e-05,7.18093792523828e-05,0.0032277051667156066,0.003179832247214018,0.15000000000000005,1.331766011945456,0.4627931493713195,1.7648038249400126,1.722742998554859
2019-03-05,0.0012327307576923978,2.393645975079426e-05,7.180937925238276e-05,0.0012087942979416035,0.001160921378440015,0.15,1.2939559940391656,0.6057802578959698,1.7669371097405855,1.7247429677314392
2019-03-06,0.0025700386165774954,2.393645975079426e-05,7.180937925238277e-05,0.002546102156826701,0.0024982292373251125,0.14999999999999997,1.256145976132875,0.74876736642062,1.7714359121266732,1.7290517710402966
2019-03-07,0.006629148535533244,1.0590654023220635e-05,3.17719620696619e-05,0.006618557881510024,0.0065973765734635825,0.06636729574975608,1.2394169851949395,0.8120318178863396,1.7831602632444692,1.7404589766888634
2019-03-08,0.00193979684126045,0.0,0.0,0.00193979684126045,0.00193979684126045,0.0,1.2394169851949395,0.8120318178863396,1.786619231890572,1.7438351135141879
2019-03-11,-0.0026666377708564988,0.0,0.0,-0.0026666377708564988,-0.0026666377708564988,0.0,1.2394169851949395,0.8120318178863396,1.781854965564674,1.739184936934345
2019-03-12,0.0020283295983115524,0.0,0.0,0.0020283295983115524,0.0020283295983115524,0.0,1.2394169851949395,0.8120318178863396,1.7854691547312271,1.7427125772188665
2019-03-13,-0.000658162586855293,0.0,0.0,-0.000658162586855293,-0.000658162586855293,0.0,1.2394169851949395,0.8120318178863396,1.784294025733599,1.741565589000899
2019-03-14,-0.002909037574376684,0.0,0.0,-0.002909037574376684,-0.002909037574376684,0.0,1.2394169851949395,0.8120318178863396,1.7791034473690042,1.736499309264254
2019-03-15,0.002309162305623821,0.0,0.0,0.002309162305623821,0.002309162305623821,0.0,1.2394169851949395,0.8120318178863396,1.7832116859874738,1.7405091680129487
2019-03-18,-0.0008911075199740657,0.0,0.0,-0.0008911075199740657,-0.0008911075199740657,0.0,1.2394169851949395,0.8120318178863396,1.7816226526443848,1.7389581872047486
2019-03-19,-0.0005537951412239244,0.0,0.0,-0.0005537951412239244,-0.0005537951412239244,0.0,1.2394169851949395,0.8120318178863396,1.780635998675856,1.7379951606098831
2019-03-20,0.002480591059629206,0.0,0.0,0.002480591059629206,0.002480591059629206,0.0,1.2394169851949395,0.8120318178863396,1.7850530284146253,1.742306415866971
2019-03-21,0.002054241966539212,0.0,0.0,0.002054241966539212,0.002054241966539212,0.0,1.2394169851949395,0.8120318178863396,1.7887199592580927,1.7458855348250155
2019-03-22,0.007160963009935206,0.0,0.0,0.007160963009935206,0.007160963009935206,0.0,1.2394169851949395,0.8120318178863396,1.8015289167214728,1.7583877565594783
2019-03-25,0.002359710896392386,0.0,0.0,0.002359710896392386,0.002359710896392386,0.0,1.2394169851949395,0.8120318178863396,1.8057800041364265,1.7625370433087146
2019-03-26,0.00011785573749548801,0.0,0.0,0.00011785573749548801,0.00011785573749548801,0.0,1.2394169851949395,0.8120318178863396,1.8059928256705686,1.762744768411817
2019-03-27,0.0021096528411085696,0.0,0.0,0.0021096528411085696,0.0021096528411085696,0.0,1.2394169851949395,0.8120318178863396,1.8098028435662663,1.7664635479206463
2019-03-28,-0.0010934202877231408,0.0,0.0,-0.0010934202877231408,-0.0010934202877231408,0.0,1.2394169851949395,0.8120318178863396,1.8078239684203319,1.7645320608398263
2019-03-29,-0.00012577300553143542,0.0,0.0,-0.00012577300553143542,-0.00012577300553143542,0.0,1.2394169851949395,0.8120318178863396,1.807596592966352,1.764310130339178
2019-04-01,-0.00521371283965996,0.0,0.0,-0.00521371283965996,-0.00521371283965996,0.0,1.2394169851949395,0.8120318178863396,1.7981723034006776,1.7551115239594863
2019-04-02,0.001981056601499521,0.0,0.0,0.001981056601499521,0.001981056601499521,0.0,1.2394169851949395,0.8120318178863396,1.801734584512963,1.7585884992303942
2019-04-03,-0.003808914166318766,0.0,0.0,-0.003808914166318766,-0.003808914166318766,0.0,1.2394169851949395,0.8120318178863396,1.7948719321300652,1.7518901865829501
2019-04-04,0.0018900757510050352,0.0,0.0,0.0018900757510050352,0.0018900757510050352,0.0,1.2394169851949395,0.8120318178863396,1.7982643760451438,1.7552013917430342
2019-04-05,0.0004867518816259517,0.0,0.0,0.0004867518816259517,0.0004867518816259517,0.0,1.2394169851949395,0.8120318178863396,1.7991396846138448,1.7560557393230978
2019-04-08,-0.0017442465477360196,0.0,0.0,-0.0017442465477360196,-0.0017442465477360196,0.0,1.2394169851949395,0.8120318178863396,1.7960015414300623,1.7529927451621514
2019-04-09,0.002230799248553364,0.0,0.0,0.002230799248553364,0.002230799248553364,0.0,1.2394169851949395,0.8120318178863396,1.8000080603190851,1.7569033200607784
2019-04-10,0.0012918058995452415,0.0,0.0,0.0012918058995452415,0.0012918058995452415,0.0,1.2394169851949395,0.8120318178863396,1.8023333213506343,1.7591728981345636
2019-04-11,-0.003577590809498734,0.0,0.0,-0.003577590809498734,-0.003577590809498734,0.0,1.2394169851949395,0.8120318178863396,1.795885310224517,1.752879297341878
2019-04-12,-0.0038431819119367615,0.0,0.0,-0.0038431819119367615,-0.0038431819119367615,0.0,1.2394169851949395,0.8120318178863396,1.788983396284349,1.7461426633325254
2019-04-15,0.0001884755383186581,0.0,0.0,0.0001884755383186581,0.0001884755383186581,0.0,1.2394169851949395,0.8120318178863396,1.7893205758930069,1.746471768510978
2019-04-16,-0.002978737665431862,0.0,0.0,-0.002978737665431862,-0.002978737665431862,0.0,1.2394169851949395,0.8120318178863396,1.783990659298062,1.741269487272501
2019-04-17,-0.0006393413427650571,0.0,0.0,-0.0006393413427650571,-0.0006393413427650571,0.0,1.2394169851949395,0.8120318178863396,1.782850080314466,1.7401562217003923
2019-04-18,0.004166676826984773,0.0,0.0,0.004166676826984773,0.004166676826984773,0.0,1.2394169851949395,0.8120318178863396,1.7902786404301003,1.7474068903046847
2019-04-22,-0.0022473218865423543,0.0,0.0,-0.0022473218865423543,-0.0022473218865423543,0.0,1.2394169851949395,0.8120318178863396,1.7862553080584525,1.7434799045554081
2019-04-23,0.0018301997256403618,0.0,0.0,0.0018301997256403618,0.0018301997256403618,0.0,1.2394169851949395,0.8120318178863396,1.7895245120331849,1.7466708209983852
2019-04-24,0.005525835703143067,0.0,0.0,0.005525835703143067,0.005525835703143067,0.0,1.2394169851949395,0.8120318178863396,1.7994131304734275,1.7563226369826965
2019-04-25,0.00042994879404066285,0.0,0.0,0.00042994879404066285,0.00042994879404066285,0.0,1.2394169851949395,0.8120318178863396,1.8001867859788556,1.7570777657824135
2019-04-26,0.0023742382821270694,0.0,0.0,0.0023742382821270694,0.0023742382821270694,0.0,1.2394169851949395,0.8120318178863396,1.804460858361106,1.7612494870786084
2019-04-29,-0.003879765020352777,0.0,0.0,-0.003879765020352777,-0.003879765020352777,0.0,1.2394169851949395,0.8120318178863396,1.7974599742422408,1.7544162529265266
2019-04-30,0.0009614725816096464,2.503998433470849e-05,7.511995300412548e-05,0.0009364325972749379,0.0008863526286055209,0.1499999999999999,1.3354527662356166,0.8497953663206894,1.7991431743544182,1.7559712843839763
2019-05-01,-0.0005234339010655858,2.5039984334708505e-05,7.511995300412552e-05,-0.0005484738854002943,-0.0005985538540697113,0.15000000000000002,1.4314885472762942,0.8875589147550392,1.7981563913071887,1.7549202410040725
2019-05-02,-0.0015499935819786492,2.503998433470851e-05,7.511995300412555e-05,-0.0015750335663133577,-0.0016251135349827747,0.15000000000000002,1.5275243283169717,0.9253224631893889,1.795324234633399,1.7520682963676015
2019-05-03,0.0030988942473974615,2.50399843347085e-05,7.511995300412551e-05,0.003073854263062753,0.003023774294393336,0.15,1.623560109357649,0.9630860116237387,1.800842799685607,1.7573661554441793
2019-05-06,-0.002166487977647909,2.5039984334708498e-05,7.51199530041255e-05,-0.0021915279619826177,-0.0022416079306520347,0.14999999999999997,1.7195958903983264,1.0008495600580884,1.7968962023349608,1.753426829533076
2019-05-07,-0.005380456773669093,2.503998433470849e-05,7.511995300412547e-05,-0.005405496758003801,-0.005455576726673218,0.14999999999999997,1.815631671439004,1.0386131084924386,1.7871830857387698,1.743860874929951
2019-05-08,-0.0023482892564249728,2.5039984334708498e-05,7.511995300412551e-05,-0.0023733292407596813,-0.0024234092094290983,0.14999999999999997,1.9116674524796808,1.076376656926788,1.7829415118627947,1.7396347864256827
2019-05-09,-0.004081448388990141,2.3031474125428422e-05,6.909442237628526e-05,-0.00410447986311557,-0.004150542811366426,0.13796818211366027,1.9999999999999996,1.111111111111111,1.775623464330241,1.7324143577684807
2019-05-10,0.002946278717418556,0.0,0.0,0.002946278717418556,0.002946278717418556,0.0,1.9999999999999996,1.111111111111111,1.7808549459533463,1.7375185333205243
2019-05-13,-0.01748777073310858,0.0,0.0,-0.01748777073310858,-0.01748777073310858,0.0,1.9999999999999996,1.111111111111111,1.7497117629495917,1.7071332075652879
2019-05-14,0.00787269027046131,0.0,0.0,0.00787269027046131,0.00787269027046131,0.0,1.9999999999999996,1.111111111111111,1.7634867017218767,1.7205729385588686
2019-05-15,0.006668630196274752,0.0,0.0,0.006668630196274752,0.006668630196274752,0.0,1.9999999999999996,1.111111111111111,1.7752467423917084,1.7320468032118357
2019-05-16,0.0040611293472247395,0.0,0.0,0.0040611293472247395,0.0040611293472247395,0.0,1.9999999999999996,1.111111111111111,1.7824562490358007,1.739080869315126
2019-05-17,-0.0050600331383923655,0.0,0.0,-0.0050600331383923655,-0.0050600331383923655,0.0,1.9999999999999996,1.111111111111111,1.773436961347945,1.7302810624860474
2019-05-20,-0.006453544517854347,0.0,0.0,-0.006453544517854347,-0.006453544517854347,0.0,1.9999999999999996,1.111111111111111,1.7619920069682777,1.7191146166208935
2019-05-21,0.007360038925926933,0.0,0.0,0.007360038925926933,0.007360038925926933,0.0,1.9999999999999996,1.111111111111111,1.7749603367267364,1.7317673671173532
2019-05-22,-0.0008684564608205845,0.0,0.0,-0.0008684564608205845,-0.0008684564608205845,0.0,1.9999999999999996,1.111111111111111,1.7734188609546058,1.730263402558742
2019-05-23,-0.006220544086717592,0.0,0.0,-0.006220544086717592,-0.006220544086717592,0.0,1.9999999999999996,1.111111111111111,1.7623872307458213,1.7195002227814915
2019-05-24,0.000225161916052424,0.0,0.0,0.000225161916052424,0.000225161916052424,0.0,1.9999999999999996,1.111111111111111,1.7627840532315224,1.7198873887463058
2019-05-28,0.0015481475001111861,0.0,0.0,0.0015481475001111861,0.0015481475001111861,0.0,1.9999999999999996,1.111111111111111,1.7655131029567686,1.722550028107666
2019-05-29,-6.050253836823241e-05,0.0,0.0,-6.050253836823241e-05,-6.050253836823241e-05,0.0,1.9999999999999996,1.111111111111111,1.7654062849325174,1.7224458094584993
2019-05-30,0.005347650484301377,0.0,0.0,0.005347650484301377,0.005347650484301377,0.0,1.9999999999999996,1.111111111111111,1.7748470607071254,1.7316568476256329
2019-05-31,-0.005304707089877858,3.5056561085972854e-05,0.00010516968325791853,-0.005339763650963831,-0.005409876773135777,0.15000000000000002,1.942986425339366,1.0486676721970838,1.7653697968863415,1.7222887974666214
2019-06-03,-0.00254251486750769,3.5056561085972854e-05,0.00010516968325791853,-0.0025775714285936626,-0.0026476845507656084,0.15000000000000002,1.8859728506787325,0.9862242332830568,1.760819430136985,1.7177287200256124
2019-06-04,0.006412195420367216,3.5056561085972854e-05,0.00010516968325791853,0.006377138859281243,0.006307025737109297,0.15000000000000002,1.828959276018099,0.9237807943690296,1.7720484201490891,1.7285624792721859
2019-06-05,0.005305894372157082,3.505656108597285e-05,0.00010516968325791851,0.005270837811071109,0.005200724688899164,0.14999999999999994,1.8417797888386118,0.8613373554550023,1.7813885999650598,1.7375522568344415
2019-06-06,-0.0001022615850675353,3.505656108597284e-05,0.00010516968325791849,-0.00013731814615350815,-0.0002074312683254538,0.1499999999999999,1.885558069381598,0.7988939165409753,1.7811439829849336,1.7371918341660246
2019-06-07,0.006049545296609555,3.505656108597285e-05,0.00010516968325791851,0.006014488735523582,0.005944375613351637,0.15000000000000005,1.9293363499245846,0.736450477626948,1.791856653406942,1.747518354940755
2019-06-10,-0.00018859303191004934,3.505656108597285e-05,0.0001051696832579185,-0.00022364959299602219,-0.00029376271516796785,0.14999999999999997,1.9731146304675709,0.6740070387129211,1.7914559053957002,1.7470049992040015
2019-06-11,-0.003205999954924189,2.1529136997673243e-05,6.458741099301971e-05,-0.0032275290919218623,-0.0032705873659172086,0.09211886304909554,1.9999999999999996,0.635658914728682,1.7856739293441404,1.7412912667254108
2019-06-12,0.006217250349427654,0.0,0.0,0.006217250349427654,0.006217250349427654,0.0,1.9999999999999996,0.635658914728682,1.796775911205319,1.7521173104619145
2019-06-13,0.0016016895547910604,0.0,0.0,0.0016016895547910604,0.0016016895547910604,0.0,1.9999999999999996,0.635658914728682,1.7996537884145967,1.75492365845685
2019-06-14,0.0036242149426811837,0.0,0.0,0.0036242149426811837,0.0036242149426811837,0.0,1.9999999999999996,0.635658914728682,1.806176120566222,1.7612838790030942
2019-06-17,0.001750610847869531,0.0,0.0,0.001750610847869531,0.001750610847869531,0.0,1.9999999999999996,0.635658914728682,1.8093380320760482,1.7643672016678549
2019-06-18,-0.00023314879352712804,0.0,0.0,-0.00023314879352712804,-0.00023314879352712804,0.0,1.9999999999999996,0.635658914728682,1.808916187096787,1.7639558415834473
2019-06-19,-0.0004852400733907883,0.0,0.0,-0.0004852400733907883,-0.0004852400733907883,0.0,1.9999999999999996,0.635658914728682,1.8080384284734023,1.7630998995214193
2019-06-20,-0.005456488884030346,0.0,0.0,-0.005456488884030346,-0.005456488884030346,0.0,1.9999999999999996,0.635658914728682,1.7981728868865374,1.7534795645182457
2019-06-21,-0.0067236749032511724,0.0,0.0,-0.0067236749032511724,-0.0067236749032511724,0.0,1.9999999999999996,0.635658914728682,1.7860825569752716,1.7416897379769305
2019-06-24,0.0006988431680587811,0.0,0.0,0.0006988431680587811,0.0006988431680587811,0.0,1.9999999999999996,0.635658914728682,1.7873307485678027,1.7429069059511937
2019-06-25,-0.002222888163590023,0.0,0.0,-0.002222888163590023,-0.002222888163590023,0.0,1.9999999999999996,0.635658914728682,1.7833577122023907,1.7390326188197154
2019-06-26,-0.004725517234650561,0.0,0.0,-0.004725517234650561,-0.004725517234650561,0.0,1.9999999999999996,0.635658914728682,1.7749304245978315,1.7308147902078634
2019-06-27,0.002392353283340226,0.0,0.0,0.002392353283340226,0.002392353283340226,0.0,1.9999999999999996,0.635658914728682,1.7791766852268187,1.7349555106540713
2019-06-28,0.0038295063422081233,0.0,0.0,0.0038295063422081233,0.0038295063422081233,0.0,1.9999999999999996,0.635658914728682,1.7859900536268034,1.7415995337855699
2019-07-01,0.005011775436167697,0.0,0.0,0.005011775436167697,0.005011775436167697,0.0,1.9999999999999996,0.635658914728682,1.7949410347068098,1.7503280395486374
2019-07-02,0.008304565748551568,0.0,0.0,0.008304565748551568,0.008304565748551568,0.0,1.9999999999999996,0.635658914728682,1.8098472405443058,1.7648637538346026
2019-07-03,0.0035911805878839384,0.0,0.0,0.0035911805878839384,0.0035911805878839384,0.0,1.9999999999999996,0.635658914728682,1.8163467288215838,1.7712016982876333
2019-07-05,-0.0019074934712796966,0.0,0.0,-0.0019074934712796966,-0.0019074934712796966,0.0,1.9999999999999996,0.635658914728682,1.8128820592947763,1.76782314261183
2019-07-08,-0.0003376642024778489,0.0,0.0,-0.0003376642024778489,-0.0003376642024778489,0.0,1.9999999999999996,0.635658914728682,1.8122699139200382,1.7672262120202582
2019-07-09,0.001175079448275252,0.0,0.0,0.001175079448275252,0.001175079448275252,0.0,1.9999999999999996,0.635658914728682,1.8143994750506132,1.7693028432224565
2019-07-10,-0.006237839552674103,0.0,0.0,-0.006237839552674103,-0.006237839552674103,0.0,1.9999999999999996,0.635658914728682,1.8030815422407913,1.7582662159663447
2019-07-11,-0.0035476879545545898,0.0,0.0,-0.0035476879545545898,-0.0035476879545545898,0.0,1.9999999999999996,0.635658914728682,1.7966847715723038,1.7520284360910605
2019-07-12,0.0012375912744435624,0.0,0.0,0.0012375912744435624,0.0012375912744435624,0.0,1.9999999999999996,0.635658914728682,1.7989083329685274,1.7541967311961437
2019-07-15,0.004836823554533557,0.0,0.0,0.004836823554533557,0.004836823554533557,0.0,1.9999999999999996,0.635658914728682,1.8076093351658762,1.7626814712648788
2019-07-16,0.0018136796332030398,0.0,0.0,0.0018136796332030398,0.0018136796332030398,0.0,1.9999999999999996,0.635658914728682,1.8108877594018544,1.7658784107491365
2019-07-17,0.0030010997694387984,0.0,0.0,0.0030010997694387984,0.0030010997694387984,0.0,1.9999999999999996,0.635658914728682,1.8163224142390748,1.7711779880404925
2019-07-18,-8.624384694755002e-05,0.0,0.0,-8.624384694755002e-05,-8.624384694755002e-05,0.0,1.9999999999999996,0.635658914728682,1.8161657676067737,1.771025234837175
2019-07-19,-0.001806876108852368,0.0,0.0,-0.001806876108852368,-0.001806876108852368,0.0,1.9999999999999996,0.635658914728682,1.8128841810715697,1.7678252116521733
2019-07-22,0.004110672171083257,0.0,0.0,0.004110672171083257,0.004110672171083257,0.0,1.9999999999999996,0.635658914728682,1.8203363536240977,1.7750921615530513
2019-07-23,0.0019954258507263647,0.0,0.0,0.0019954258507263647,0.0019954258507263647,0.0,1.9999999999999996,0.635658914728682,1.8239686998411364,1.7786342263396362
2019-07-24,0.004762957645046525,0.0,0.0,0.004762957645046525,0.004762957645046525,0.0,1.9999999999999996,0.635658914728682,1.8326561855043704,1.787105785825722
2019-07-25,-0.0015782132736923654,0.0,0.0,-0.0015782132736923654,-0.0015782132736923654,0.0,1.9999999999999996,0.635658914728682,1.829763863186293,1.7842853517530395
2019-07-26,0.004284559546503324,0.0,0.0,0.004284559546503324,0.004284559546503324,0.0,1.9999999999999996,0.635658914728682,1.8376035954141545,1.791930228590579
2019-07-29,-0.001655660291240867,0.0,0.0,-0.001655660291240867,-0.001655660291240867,0.0,1.9999999999999996,0.635658914728682,1.8345611481101858,1.7889634008664272
2019-07-30,-0.000700712597595619,0.0,0.0,-0.000700712597595619,-0.000700712597595619,0.0,1.9999999999999996,0.635658914728682,1.8332756480026455,1.7877098516748027
2019-07-31,0.0043158617852977225,3.097851138877968e-05,9.293553416633905e-05,0.004284883273908943,0.004222926251131383,0.14999999999999997,1.9999999999999993,0.7615967977328091,1.8411310201632365,1.7952592185368463
2019-08-01,0.013375608572680601,3.097851138877968e-05,9.293553416633905e-05,0.013344630061291822,0.013282673038514263,0.14999999999999997,1.9999999999999998,0.8875346807369362,1.8657002325216836,1.8191050597560499
2019-08-02,-0.0020553408957671624,3.097851138877968e-05,9.293553416633903e-05,-0.002086319407155942,-0.0021482764299335013,0.14999999999999997,1.9999999999999996,1.013472563741063,1.8618077859186382,1.815197119232603
2019-08-05,-0.004978940963391352,3.097851138877968e-05,9.293553416633903e-05,-0.005009919474780132,-0.0050718764975576916,0.14999999999999997,2.0,1.1394104467451902,1.8524802788336672,1.8059906636251328
2019-08-06,0.008567132222386526,3.097851138877967e-05,9.2935534166339e-05,0.008536153710997746,0.008474196688220187,0.14999999999999994,2.0,1.265348329749317,1.8682933352403834,1.8212949837257817
2019-08-07,0.004743836542648811,3.097851138877967e-05,9.293553416633903e-05,0.004712858031260031,0.0046509010084824715,0.15,1.9999999999999996,1.3912862127534442,1.8770983364901208,1.8297656464023362
2019-08-08,0.011201101288204502,3.097851138877968e-05,9.293553416633904e-05,0.011170122776815722,0.011108165754038163,0.15,2.0,1.5172240957575711,1.898065755372872,1.8500909864936181
2019-08-09,-0.005697632041868258,2.059841100617089e-05,6.179523301851266e-05,-0.005718230452874429,-0.005759427274886771,0.0997388677638247,2.0,1.6009634414869351,1.8872121779689406,1.8394355220049847
2019-08-12,0.0016288303565822728,0.0,0.0,0.0016288303565822728,0.0016288303565822728,0.0,2.0,1.6009634414869351,1.8902861264537283,1.8424316504222022
2019-08-13,0.005544919111977292,0.0,0.0,0.005544919111977292,0.005544919111977292,0.0,2.0,1.6009634414869351,1.9007676101234068,1.85264778489314
2019-08-14,-0.007045781061647794,0.0,0.0,-0.007045781061647794,-0.007045781061647794,0.0,2.0,1.6009634414869351,1.8873752176934058,1.839594434216436
2019-08-15,0.006428144801888023,0.0,0.0,0.006428144801888023,0.006428144801888023,0.0,2.0,1.6009634414869351,1.8995075388882336,1.8514196136163263
2019-08-16,0.005286178421877975,0.0,0.0,0.005286178421877975,0.005286178421877975,0.0,2.0,1.6009634414869351,1.9095486746524994,1.8612065480276667
2019-08-19,0.0005607264111712784,0.0,0.0,0.0005607264111712784,0.0005607264111712784,0.0,2.0,1.6009634414869351,1.9106194090277944,1.8622501756957908
2019-08-20,0.0008088093077326685,0.0,0.0,0.0008088093077326685,0.0008088093077326685,0.0,2.0,1.6009634414869351,1.912164735789351,1.8637563809712205
2019-08-21,0.0017685194330399623,0.0,0.0,0.0017685194330399623,0.0017685194330399623,0.0,2.0,1.6009634414869351,1.915546436283768,1.8670524703494202
2019-08-22,-0.003097951495980541,0.0,0.0,-0.003097951495980541,-0.003097951495980541,0.0,2.0,1.6009634414869351,1.9096121663358625,1.861268432355827
2019-08-23,-0.005284272145577931,0.0,0.0,-0.005284272145577931,-0.005284272145577931,0.0,2.0,1.6009634414869351,1.8995212559564372,1.8514329834232857
2019-08-26,0.006202312546393069,0.0,0.0,0.006202312546393069,0.006202312546393069,0.0,2.0,1.6009634414869351,1.911302680474396,1.8629161494451778
2019-08-27,0.005329388918746,0.0,0.0,0.005329388918746,0.005329388918746,0.0,2.0,1.6009634414869351,1.9214887558000857,1.872844354128584
2019-08-28,0.0018950391866287652,0.0,0.0,0.0018950391866287652,0.0018950391866287652,0.0,2.0,1.6009634414869351,1.9251300522889936,1.8763934675701142
2019-08-29,0.0048909338633225195,0.0,0.0,0.0048909338633225195,0.0048909338633225195,0.0,2.0,1.6009634414869351,1.9345457360530336,1.88557078392157
2019-08-30,0.0019905786951424378,0.0,0.0,0.0019905786951424378,0.0019905786951424378,0.0,2.0,1.6009634414869351,1.9383966015799994,1.8893241609522273
2019-09-03,0.0015234685391561171,0.0,0.0,0.0015234685391561171,0.0015234685391561171,0.0,2.0,1.6009634414869351,1.9413496878189136,1.8922024868717056
2019-09-04,0.0069181363691392,0.0,0.0,0.0069181363691392,0.0069181363691392,0.0,2.0,1.6009634414869351,1.954780209699431,1.9052930017139085
2019-09-05,-0.004679669857991503,0.0,0.0,-0.004679669857991503,-0.004679669857991503,0.0,2.0,1.6009634414869351,1.945632483673102,1.8963768594831458
2019-09-06,0.0007560860461440691,0.0,0.0,0.0007560860461440691,0.0007560860461440691,0.0,2.0,1.6009634414869351,1.9471035492449318,1.8978106835648314
2019-09-09,-0.006933759491288545,0.0,0.0,-0.006933759491288545,-0.006933759491288545,0.0,2.0,1.6009634414869351,1.9336028015298332,1.884651720724995
2019-09-10,-0.007642425192650755,0.0,0.0,-0.007642425192650755,-0.007642425192650755,0.0,2.0,1.6009634414869351,1.9188253867668414,1.8702484109351538
2019-09-11,0.005690065881320298,0.0,0.0,0.005690065881320298,0.005690065881320298,0.0,2.0,1.6009634414869351,1.9297436296322947,1.8808902476078095
2019-09-12,-0.0008994743352200837,0.0,0.0,-0.0008994743352200837,-0.0008994743352200837,0.0,2.0,1.6009634414869351,1.928007874763886,1.8791984351027207
2019-09-13,-0.008633328160899895,0.0,0.0,-0.008633328160899895,-0.008633328160899895,0.0,2.0,1.6009634414869351,1.9113627500842503,1.8629746983330293
2019-09-16,0.004540021679075658,0.0,0.0,0.004540021679075658,0.004540021679075658,0.0,2.0,1.6009634414869351,1.9200403784062103,1.8714326438510307
2019-09-17,0.002014750090346857,0.0,0.0,0.002014750090346857,0.002014750090346857,0.0,2.0,1.6009634414869351,1.923908779932074,1.8752031129393076
2019-09-18,0.0002329909889271938,0.0,0.0,0.0002329909889271938,0.0002329909889271938,0.0,2.0,1.6009634414869351,1.924357033341316,1.8756400183670305
2019-09-19,0.002557784221852695,0.0,0.0,0.002557784221852695,0.002557784221852695,0.0,2.0,1.6009634414869351,1.9292791233984077,1.8804375008118852
2019-09-20,0.004629721567390986,0.0,0.0,0.004629721567390986,0.004629721567390986,0.0,2.0,1.6009634414869351,1.9382111485655225,1.8891434028655247
2019-09-23,0.002166284230056295,0.0,0.0,0.002166284230056295,0.002166284230056295,0.0,2.0,1.6009634414869351,1.9424098648111792,1.8932358244274672
2019-09-24,-0.0007039973135682517,0.0,0.0,-0.0007039973135682517,-0.0007039973135682517,0.0,2.0,1.6009634414869351,1.9410424134845035,1.891902991493119
2019-09-25,-0.0038342011016670166,0.0,0.0,-0.0038342011016670166,-0.0038342011016670166,0.0,2.0,1.6009634414869351,1.933600066524339,1.884649054958889
2019-09-26,0.0018584049111878176,0.0,0.0,0.0018584049111878176,0.0018584049111878176,0.0,2.0,1.6009634414869351,1.9371934783842408,1.8881514960184902
2019-09-27,-0.005369759748215722,0.0,0.0,-0.005369759748215722,-0.005369759748215722,0.0,2.0,1.6009634414869351,1.926791214819507,1.8780125761166369
2019-09-30,0.0021433120430630792,2.3643529775887453e-05,7.093058932766234e-05,0.0021196685132871917,0.0020723814537354167,0.14999999999999997,1.9867726290748309,1.527836846248647,1.930875373489238,1.8819045345492627
2019-10-01,-0.003054116851975368,2.3643529775887453e-05,7.093058932766235e-05,-0.0030777603817512553,-0.0031250474413030303,0.15,1.9735452581496622,1.4547102510103587,1.9249326017626138,1.876023493598793
2019-10-02,-0.002797152260286282,2.3643529775887453e-05,7.093058932766234e-05,-0.0028207957900621694,-0.0028680828496139444,0.15,1.9603178872244935,1.3815836557720702,1.9195027599834085,1.8706429027913294
2019-10-03,0.008028691414720951,2.3643529775887446e-05,7.093058932766234e-05,0.008005047884945065,0.00795776082539329,0.14999999999999997,1.9470905162993248,1.308457060533782,1.93486847149236,1.8855290316014623
2019-10-04,0.0044571968080373715,2.364352977588745e-05,7.093058932766234e-05,0.004433553278261484,0.004386266218709709,0.15,1.933863145374155,1.2353304652954935,1.94344681394715,1.8937994638971722
2019-10-07,-0.005951547464050854,8.071829322495498e-06,2.4215487967486494e-05,-0.005959619293373349,-0.005975762952018341,0.05120954484592724,1.9293473610769147,1.2103652675735928,1.9318646108191055,1.8824825672222634
2019-10-08,0.002268088269241369,0.0,0.0,0.002268088269241369,0.002268088269241369,0.0,1.9293473610769147,1.2103652675735928,1.936246250280667,1.8867522038500317
2019-10-09,-0.002064630013604991,0.0,0.0,-0.002064630013604991,-0.002064630013604991,0.0,1.9293473610769147,1.2103652675735928,1.9322486181586074,1.8828567586217275
2019-10-10,-0.009843501608354236,0.0,0.0,-0.009843501608354236,-0.009843501608354236,0.0,1.9293473610769147,1.2103652675735928,1.9132285257780228,1.864322855089934
2019-10-11,-0.008479525678236583,0.0,0.0,-0.008479525678236583,-0.008479525678236583,0.0,1.9293473610769147,1.2103652675735928,1.8970052553653534,1.8485142815676754
2019-10-14,0.004614356699698055,0.0,0.0,0.004614356699698055,0.004614356699698055,0.0,1.9293473610769147,1.2103652675735928,1.905758714274811,1.857043985827315
2019-10-15,-0.005625128195187353,0.0,0.0,-0.005625128195187353,-0.005625128195187353,0.0,1.9293473610769147,1.2103652675735928,1.8950385771979197,1.8465978753429346
2019-10-16,0.0005656795079777786,0.0,0.0,0.0005656795079777786,0.0005656795079777786,0.0,1.9293473610769147,1.2103652675735928,1.896110561687868,1.8476424579204915
2019-10-17,-0.0019128347280405428,0.0,0.0,-0.0019128347280405428,-0.0019128347280405428,0.0,1.9293473610769147,1.2103652675735928,1.892483615557267,1.8441082232619792
2019-10-18,-0.0018167039964898546,0.0,0.0,-0.0018167039964898546,-0.0018167039964898546,0.0,1.9293473610769147,1.2103652675735928,1.8890455330095928,1.8407580244828194
2019-10-21,-0.0026723483652717358,0.0,0.0,-0.0026723483652717358,-0.0026723483652717358,0.0,1.9293473610769147,1.2103652675735928,1.8839973452675307,1.835838877785232
2019-10-22,0.003182111994842911,0.0,0.0,0.003182111994842911,0.003182111994842911,0.0,1.9293473610769147,1.2103652675735928,1.8899924358181588,1.8416807226988314
2019-10-23,-0.0007653941963805012,0.0,0.0,-0.0007653941963805012,-0.0007653941963805012,0.0,1.9293473610769147,1.2103652675735928,1.8885458465765805,1.8402711109620917
2019-10-24,0.0023356007418183448,0.0,0.0,0.0023356007418183448,0.0023356007418183448,0.0,1.9293473610769147,1.2103652675735928,1.8929567356568027,1.8445692495340016
2019-10-25,-0.0006745402245039794,0.0,0.0,-0.0006745402245039794,-0.0006745402245039794,0.0,1.9293473610769147,1.2103652675735928,1.8916798601953564,1.843325013378308
2019-10-28,-0.005161253335016766,0.0,0.0,-0.005161253335016766,-0.005161253335016766,0.0,1.9293473610769147,1.2103652675735928,1.8819164212081392,1.8338111460054893
2019-10-29,-7.432583189125162e-05,0.0,0.0,-7.432583189125162e-05,-7.432583189125162e-05,0.0,1.9293473610769147,1.2103652675735928,1.881776546204583,1.833674846466531
2019-10-30,0.006081348739033497,0.0,0.0,0.006081348739033497,0.006081348739033497,0.0,1.9293473610769147,1.2103652675735928,1.893220285630987,1.8448260626818875
2019-10-31,0.00916578494631137,2.311940167287801e-05,6.935820501863404e-05,0.009142665544638492,0.009096426741292735,0.14999999999999997,1.9498248193593515,1.2398775097398482,1.910529365504836,1.861607387811501
2019-11-01,-0.002065302933870528,2.3119401672878027e-05,6.935820501863408e-05,-0.002088422335543406,-0.0021346611388891623,0.1500000000000001,1.9703022776417887,1.269389751906104,1.9065393733052043,1.8576334868648707
2019-11-04,-0.003440284266790631,2.3119401672878003e-05,6.935820501863404e-05,-0.003463403668463509,-0.0035096424718092647,0.14999999999999997,1.9907797359242254,1.2989019940723594,1.899936257845629,1.8511138574823145
2019-11-05,-0.007246914027566306,1.0409836306719431e-05,3.122950892015828e-05,-0.007257323863873026,-0.007278143536486465,0.0675396131829712,1.9999999999999996,1.3121902968728325,1.8861478051017282,1.837641185125179
2019-11-06,0.004658943668281901,0.0,0.0,0.004658943668281901,0.004658943668281901,0.0,1.9999999999999996,1.3121902968728325,1.8949352614757504,1.8462026518891919
2019-11-07,-0.007288571709542354,0.0,0.0,-0.007288571709542354,-0.007288571709542354,0.0,1.9999999999999996,1.3121902968728325,1.881123889937544,1.8327464714705504
2019-11-08,-0.001261220993401582,0.0,0.0,-0.001261220993401582,-0.001261220993401582,0.0,1.9999999999999996,1.3121902968728325,1.8787513769963655,1.830434973145149
2019-11-11,-9.025396891646509e-05,0.0,0.0,-9.025396891646509e-05,-9.025396891646509e-05,0.0,1.9999999999999996,1.3121902968728325,1.8785818122279843,1.830269769123979
2019-11-12,0.0031052908532310775,0.0,0.0,0.0031052908532310775,0.0031052908532310775,0.0,1.9999999999999996,1.3121902968728325,1.884415355146542,1.835953289096985
2019-11-13,0.002441416387307172,0.0,0.0,0.002441416387307172,0.002441416387307172,0.0,1.9999999999999996,1.3121902968728325,1.88901599767509,1.840435615543317
2019-11-14,0.00456098647614397,0.0,0.0,0.00456098647614397,0.00456098647614397,0.0,1.9999999999999996,1.3121902968728325,1.8976317740937056,1.8488298174960238
2019-11-15,-0.0007224632093319806,0.0,0.0,-0.0007224632093319806,-0.0007224632093319806,0.0,1.9999999999999996,1.3121902968728325,1.8962608049520635,1.847494105972567
2019-11-18,0.0028409672555369013,0.0,0.0,0.0028409672555369013,0.0028409672555369013,0.0,1.9999999999999996,1.3121902968728325,1.9016480198068904,1.8527427762324324
2019-11-19,0.003697180313658603,0.0,0.0,0.003697180313658603,0.003697180313658603,0.0,1.9999999999999996,1.3121902968728325,1.9086787554292282,1.859592700350992
2019-11-20,-0.0009878443171495404,0.0,0.0,-0.0009878443171495404,-0.0009878443171495404,0.0,1.9999999999999996,1.3121902968728325,1.9067932779674135,1.8577557122697377
2019-11-21,-0.004523906594504182,0.0,0.0,-0.004523906594504182,-0.004523906594504182,0.0,1.9999999999999996,1.3121902968728325,1.8981671232828605,1.8493513989520227
2019-11-22,0.0020937611206564254,0.0,0.0,0.0020937611206564254,0.0020937611206564254,0.0,1.9999999999999996,1.3121902968728325,1.9021414318060983,1.85322349900958
2019-11-25,0.0030251411804137853,0.0,0.0,0.0030251411804137853,0.0030251411804137853,0.0,1.9999999999999996,1.3121902968728325,1.9078956781824263,1.8588297617329446
2019-11-26,0.0016606775614811829,0.0,0.0,0.0016606775614811829,0.0016606775614811829,0.0,1.9999999999999996,1.3121902968728325,1.9110640777248307,1.861916678608868
2019-11-27,-2.623648502469121e-05,0.0,0.0,-2.623648502469121e-05,-2.623648502469121e-05,0.0,1.9999999999999996,1.3121902968728325,1.9110139381207742,1.8618678284598125
2019-11-29,0.0009969680094216887,0.0,0.0,0.0009969680094216887,0.0009969680094216887,0.0,1.9999999999999996,1.3121902968728325,1.9129191578826397,1.8637240511225583
2019-12-02,-0.007656696013910906,0.0,0.0,-0.007656696013910906,-0.007656696013910906,0.0,1.9999999999999996,1.3121902968728325,1.8982725173915458,1.8494540826092982
2019-12-03,0.006501348355485036,0.0,0.0,0.006501348355485036,0.006501348355485036,0.0,1.9999999999999996,1.3121902968728325,1.9106138483007518,1.8614780278678151
2019-12-04,-0.003118073264463572,0.0,0.0,-0.003118073264463572,-0.003118073264463572,0.0,1.9999999999999996,1.3121902968728325,1.9046564143416513,1.8556738029967341
2019-12-05,-0.0023408203226364635,0.0,0.0,-0.0023408203226364635,-0.0023408203226364635,0.0,1.9999999999999996,1.3121902968728325,1.9001979558993205,1.8513300040464953
2019-12-06,0.0009507272008088669,0.0,0.0,0.0009507272008088669,0.0009507272008088669,0.0,1.9999999999999996,1.3121902968728325,1.9020045257829155,1.853090113839016
2019-12-09,-0.0013940477791809654,0.0,0.0,-0.0013940477791809654,-0.0013940477791809654,0.0,1.9999999999999996,1.3121902968728325,1.8993530405977557,1.8505068176811965
2019-12-10,-0.0015489714239613856,0.0,0.0,-0.0015489714239613856,-0.0015489714239613856,0.0,1.9999999999999996,1.3121902968728325,1.8964109970138556,1.8476404355007627
2019-12-11,0.005427535921207421,0.0,0.0,0.005427535921207421,0.005427535921207421,0.0,1.9999999999999996,1.3121902968728325,1.9067038358215211,1.8576685703339186
2019-12-12,-0.005068605554462607,0.0,0.0,-0.005068605554462607,-0.005068605554462607,0.0,1.9999999999999996,1.3121902968728325,1.897039506168561,1.8482527810999734
2019-12-13,0.00596209409923037,0.0,0.0,0.00596209409923037,0.00596209409923037,0.0,1.9999999999999996,1.3121902968728325,1.9083498342142955,1.8592722381000557
2019-12-16,-0.0012270173562323953,0.0,0.0,-0.0012270173562323953,-0.0012270173562323953,0.0,1.9999999999999996,1.3121902968728325,1.9060082558459512,1.8569908787939458
2019-12-17,-0.0014833463942953411,0.0,0.0,-0.0014833463942953411,-0.0014833463942953411,0.0,1.9999999999999996,1.3121902968728325,1.9031809853721449,1.8542363180696473
2019-12-18,-0.0016274910426603932,0.0,0.0,-0.0016274910426603932,-0.0016274910426603932,0.0,1.9999999999999996,1.3121902968728325,1.9000835753658902,1.8512185650710133
2019-12-19,0.002031452625522928,0.0,0.0,0.002031452625522928,0.002031452625522928,0.0,1.9999999999999996,1.3121902968728325,1.9039435051337803,1.8549792278854438
2019-12-20,0.002976003668062678,0.0,0.0,0.002976003668062678,0.002976003668062678,0.0,1.9999999999999996,1.3121902968728325,1.9096096479888425,1.8604996528718107
2019-12-23,0.0007340754315896961,0.0,0.0,0.0007340754315896961,0.0007340754315896961,0.0,1.9999999999999996,1.3121902968728325,1.9110114455153577,1.861865399957465
2019-12-24,0.0023107461880709067,0.0,0.0,0.0023107461880709067,0.0023107461880709067,0.0,1.9999999999999996,1.3121902968728325,1.9154273079284423,1.866167698333118
2019-12-26,0.0028792441696269596,0.0,0.0,0.0028792441696269596,0.0028792441696269596,0.0,1.9999999999999996,1.3121902968728325,1.9209422908371396,1.8715408507980897
2019-12-27,-0.0013131237658534321,0.0,0.0,-0.0013131237658534321,-0.0013131237658534321,0.0,1.9999999999999996,1.3121902968728325,1.9184198558622083,1.8690832860281412
2019-12-30,-0.0026699773347588734,0.0,0.0,-0.0026699773347588734,-0.0026699773347588734,0.0,1.9999999999999996,1.3121902968728325,1.913297718328505,1.8640928760176696
2019-12-31,-0.0006673129085214941,2.9685585422553297e-05,8.905675626765989e-05,-0.0006969984939440474,-0.0007563696647891541,0.14999999999999952,1.908759608799308,1.3020001588121086,1.9119641527003635,1.8626829327139
2020-01-02,0.011228027578774795,2.9685585422553385e-05,8.905675626766016e-05,0.011198341993352241,0.011138970822507135,0.14999999999999997,1.8175192175986152,1.291810020751384,1.9333749811613323,1.8834313035529822
2020-01-03,0.00242192937928893,2.968558542255339e-05,8.905675626766015e-05,0.0023922437938663763,0.0023328726230212697,0.14999999999999997,1.726278826397923,1.2816198826906593,1.938000085461232,1.887825108878382
2020-01-06,0.0017126013887356082,2.9685585422553382e-05,8.905675626766015e-05,0.0016829158033130549,0.001623544632467948,0.14999999999999997,1.6713638250691176,1.2714297446299347,1.941261576431877,1.8908900772009396
2020-01-07,0.0005090026418330463,2.9685585422553395e-05,8.905675626766016e-05,0.00047931705641049286,0.0004199458855653861,0.15,1.7017104606415188,1.26123960656921,1.9421920562164152,1.8916841487089164
2020-01-08,8.206514884776537e-05,2.968558542255338e-05,8.905675626766013e-05,5.2379563425211984e-05,-6.991607419894766e-06,0.14999999999999997,1.779614493395256,1.2510494685084852,1.9422937873884079,1.8916709227959863
2020-01-09,0.0021321264838984623,2.968558542255338e-05,8.905675626766012e-05,0.002102440898475909,0.002043069727630802,0.1499999999999999,1.857518526148993,1.2408593304477604,1.946377345283869,1.89553573839299
2020-01-10,0.0009253724704070494,2.9685585422553382e-05,8.905675626766013e-05,0.000895686884984496,0.0008363157141393892,0.14999999999999997,1.9354225589027303,1.2306691923870359,1.9481206899452708,1.8971210047177207
2020-01-13,0.002146246700255701,2.4607444265726417e-05,7.382233279717924e-05,0.0021216392559899747,0.0020724243674585217,0.12434036881262463,1.9999999999999998,1.2222222222222223,1.9522538992764649,1.9010526445159153
2020-01-14,0.0007484096193526717,0.0,0.0,0.0007484096193526717,0.0007484096193526717,0.0,1.9999999999999998,1.2222222222222223,1.953714984874102,1.9024754106019668
2020-01-15,5.074219107573216e-07,0.0,0.0,5.074219107573216e-07,5.074219107573216e-07,0.0,1.9999999999999998,1.2222222222222223,1.9537159762318925,1.9024763759596748
2020-01-16,0.004657431016535303,0.0,0.0,0.004657431016535303,0.004657431016535303,0.0,1.9999999999999998,1.2222222222222223,1.9628152736170954,1.911337028441295
2020-01-17,0.00408989500806091,0.0,0.0,0.00408989500806091,0.00408989500806091,0.0,1.9999999999999998,1.2222222222222223,1.970842982006408,1.919154196212639
2020-01-21,-0.00586200719874062,0.0,0.0,-0.00586200719874062,-0.00586200719874062,0.0,1.9999999999999998,1.2222222222222223,1.959289886258299,1.9079041004989472
2020-01-22,-0.001245104347166831,0.0,0.0,-0.001245104347166831,-0.001245104347166831,0.0,1.9999999999999998,1.2222222222222223,1.9568503659035588,1.9055285608094386
2020-01-23,-0.001286816911105839,0.0,0.0,-0.001286816911105839,-0.001286816911105839,0.0,1.9999999999999998,1.2222222222222223,1.9543322577602102,1.9030764944327938
2020-01-24,-0.005485221757060248,0.0,0.0,-0.005485221757060248,-0.005485221757060248,0.0,1.9999999999999998,1.2222222222222223,1.9436123119394193,1.892637697840181
2020-01-27,-0.013066916609391268,0.0,0.0,-0.013066916609391268,-0.013066916609391268,0.0,1.9999999999999998,1.2222222222222223,1.9182152919383206,1.8679067588707132
2020-01-28,0.004703268315784355,0.0,0.0,0.004703268315784355,0.004703268315784355,0.0,1.9999999999999998,1.2222222222222223,1.9272371731437472,1.8766920255465493
2020-01-29,0.0018445924712701177,0.0,0.0,0.0018445924712701177,0.0018445924712701177,0.0,1.9999999999999998,1.2222222222222223,1.9307921403236803,1.8801537575277654
2020-01-30,-0.003934673394317881,0.0,0.0,-0.003934673394317881,-0.003934673394317881,0.0,1.9999999999999998,1.2222222222222223,1.9231951038591908,1.872755966560794
2020-01-31,-0.012763122264197584,2.620558134595645e-05,7.861674403786937e-05,-0.012789327845543541,-0.012841739008235454,0.15000000000000002,2.0,1.2804419495678516,1.8985987311649914,1.8487065232121045
2020-02-03,0.00300307405376466,2.620558134595645e-05,7.861674403786937e-05,0.0029768684724187037,0.0029244573097267908,0.15000000000000002,2.0,1.3386616769134811,1.9042506098695706,1.8541129865174515
2020-02-04,0.007910261251406304,2.620558134595644e-05,7.861674403786933e-05,0.007884055670060347,0.007831644507368434,0.14999999999999997,2.0,1.3968814042591102,1.9192638276875287,1.8686337403043516
2020-02-05,0.006853062458125888,2.6205581345956438e-05,7.861674403786931e-05,0.006826856876779932,0.006774445714088018,0.14999999999999994,1.9999999999999998,1.4551011316047402,1.9323663671479323,1.8812926981375564
2020-02-06,0.005032734856696775,2.6205581345956448e-05,7.861674403786936e-05,0.0050065292753508185,0.004954118112658905,0.15000000000000002,1.9999999999999998,1.5133208589503695,1.9420408159357616,1.8906128443686125
2020-02-07,-0.0004414048736248767,9.705770868872698e-06,2.9117312606618094e-05,-0.0004511106444937494,-0.0004705221862314948,0.055555555555555206,1.9999999999999996,1.5348837209302322,1.9411647406516517,1.889723269079763
2020-02-10,0.007087482728309984,0.0,0.0,0.007087482728309984,0.007087482728309984,0.0,1.9999999999999996,1.5348837209302322,1.9549227122238246,1.9031166501106513
2020-02-11,0.000719711100289427,0.0,0.0,0.000719711100289427,0.000719711100289427,0.0,1.9999999999999996,1.5348837209302322,1.9563296918000201,1.9044863442888817
2020-02-12,0.004781349772650332,0.0,0.0,0.004781349772650332,0.004781349772650332,0.0,1.9999999999999996,1.5348837209302322,1.9656835883271373,1.913592359638163
2020-02-13,0.00087083699018611,0.0,0.0,0.00087083699018611,0.00087083699018611,0.0,1.9999999999999996,1.5348837209302322,1.9673953783068545,1.9152587866490736
2020-02-14,0.0024958422446406474,0.0,0.0,0.0024958422446406474,0.0024958422446406474,0.0,1.9999999999999996,1.5348837209302322,1.9723056868039435,1.9200389704382115
2020-02-18,0.004444992033375588,0.0,0.0,0.004444992033375588,0.004444992033375588,0.0,1.9999999999999996,1.5348837209302322,1.9810725698691682,1.92857352836558
2020-02-19,0.005401427139641875,0.0,0.0,0.005401427139641875,0.005401427139641875,0.0,1.9999999999999996,1.5348837209302322,1.9917731890136596,1.9389905777624887
2020-02-20,0.0002591684216413687,0.0,0.0,0.0002591684216413687,0.0002591684216413687,0.0,1.9999999999999996,1.5348837209302322,1.9922893937273238,1.9394931028901048
2020-02-21,-0.002608297306804533,0.0,0.0,-0.002608297306804533,-0.002608297306804533,0.0,1.9999999999999996,1.5348837209302322,1.9870929106672897,1.9344343282532706
2020-02-24,-0.015865151618272524,0.0,0.0,-0.015865151618272524,-0.015865151618272524,0.0,1.9999999999999996,1.5348837209302322,1.9555673803599587,1.9037442343399413
2020-02-25,-0.018905896583973625,0.0,0.0,-0.018905896583973625,-0.018905896583973625,0.0,1.9999999999999996,1.5348837209302322,1.918595625703881,1.8677522427231743
2020-02-26,-0.0001521796506049362,0.0,0.0,-0.0001521796506049362,-0.0001521796506049362,0.0,1.9999999999999996,1.5348837209302322,1.9183036544919092,1.86746800883946
2020-02-27,-0.02405720950419597,0.0,0.0,-0.02405720950419597,-0.02405720950419597,0.0,1.9999999999999996,1.5348837209302322,1.8721546215831326,1.8225419397084253
2020-02-28,-0.00632589549645757,0.0,0.0,-0.00632589549645757,-0.00632589549645757,0.0,1.9999999999999996,1.5348837209302322,1.8603115670937878,1.8110127298599188
2020-03-02,0.017450522385128477,0.0,0.0,0.017450522385128477,0.017450522385128477,0.0,1.9999999999999996,1.5348837209302322,1.8927749757386714,1.842615848042092
2020-03-03,-0.0005041297893513,0.0,0.0,-0.0005041297893513,-0.0005041297893513,0.0,1.9999999999999996,1.5348837209302322,1.8918207714888629,1.8416869305027632
2020-03-04,0.020274831275050722,0.0,0.0,0.020274831275050722,0.020274831275050722,0.0,1.9999999999999996,1.5348837209302322,1.9301771184334358,1.8790268222801727
2020-03-05,-0.009543628592151418,0.0,0.0,-0.009543628592151418,-0.009543628592151418,0.0,1.9999999999999996,1.5348837209302322,1.911756224898038,1.8610940881736402
2020-03-06,-0.0005979663931814188,0.0,0.0,-0.0005979663931814188,-0.0005979663931814188,0.0,1.9999999999999996,1.5348837209302322,1.9106130589235935,1.8599812164543637
2020-03-09,-0.04704522142631777,0.0,0.0,-0.04704522142631777,-0.04704522142631777,0.0,1.9999999999999996,1.5348837209302322,1.8207278445065187,1.7724779882774764
2020-03-10,0.014818239144539747,0.0,0.0,0.014818239144539747,0.014818239144539747,0.0,1.9999999999999996,1.5348837209302322,1.8477078251235386,1.7987429909862047
2020-03-11,-0.04328935471453141,0.0,0.0,-0.04328935471453141,-0.04328935471453141,0.0,1.9999999999999996,1.5348837209302322,1.7677217456729504,1.7208765676091258
2020-03-12,-0.06974950649002183,0.0,0.0,-0.06974950649002183,-0.06974950649002183,0.0,1.9999999999999996,1.5348837209302322,1.644424026300582,1.6008462762881466
2020-03-13,0.045259390093885216,0.0,0.0,0.045259390093885216,0.045259390093885216,0.0,1.9999999999999996,1.5348837209302322,1.7188496547866774,1.6732996023870153
2020-03-16,-0.06795180115739279,0.0,0.0,-0.06795180115739279,-0.06795180115739279,0.0,1.9999999999999996,1.5348837209302322,1.6020507248251599,1.5595958805288686
2020-03-17,0.02851614521998507,0.0,0.0,0.02851614521998507,0.02851614521998507,0.0,1.9999999999999996,1.5348837209302322,1.6477350359440566,1.6040695431425203
2020-03-18,-0.053619375486898484,0.0,0.0,-0.053619375486898484,-0.053619375486898484,0.0,1.9999999999999996,1.5348837209302322,1.5593845123488541,1.5180603360016638
2020-03-19,0.022126372203571273,0.0,0.0,0.022126372203571273,0.022126372203571273,0.0,1.9999999999999996,1.5348837209302322,1.5938880344775692,1.551649504023515
2020-03-20,0.010782443659777076,0.0,0.0,0.010782443659777076,0.010782443659777076,0.0,1.9999999999999996,1.5348837209302322,1.6110740424093162,1.5683800773803693
2020-03-23,0.010764910815619063,0.0,0.0,0.010764910815619063,0.010764910815619063,0.0,1.9999999999999996,1.5348837209302322,1.6284171107932115,1.5852635490383629
2020-03-24,0.05638225812299086,0.0,0.0,0.05638225812299086,0.05638225812299086,0.0,1.9999999999999996,1.5348837209302322,1.7202309446658495,1.6746442876532126
2020-03-25,0.003412083360024903,0.0,0.0,0.003412083360024903,0.003412083360024903,0.0,1.9999999999999996,1.5348837209302322,1.7261005160475436,1.680358313561075
2020-03-26,0.03091556169628355,0.0,0.0,0.03091556169628355,0.03091556169628355,0.0,1.9999999999999996,1.5348837209302322,1.7794638830453982,1.7323075346758352
2020-03-27,-0.021416672655748276,0.0,0.0,-0.021416672655748276,-0.021416672655748276,0.0,1.9999999999999996,1.5348837209302322,1.7413536875594882,1.6952072712665964
2020-03-30,0.019043932908325525,0.0,0.0,0.019043932908325525,0.019043932908325525,0.0,1.9999999999999996,1.5348837209302322,1.7745159103550365,1.7274906848063032
2020-03-31,-0.012629014577377194,2.346991182547998e-05,7.040973547643993e-05,-0.012652484489202673,-0.012699424312853634,0.14999999999999997,1.8804056443091477,1.4061305464680982,1.7520638753234261,1.7055525476034459
2020-04-01,-0.019016088648187775,2.3469911825479988e-05,7.040973547643996e-05,-0.019039558560013256,-0.019086498383664215,0.15000000000000002,1.7608112886182952,1.2773773720059642,1.718705352568322,1.6729995216603584
2020-04-02,0.018224465775057666,2.346991182547998e-05,7.040973547643995e-05,0.018200995863232185,0.018154056039581225,0.14999999999999997,1.641216932927443,1.1486241975438305,1.7499875015805328,1.703371248730773
2020-04-03,-0.005855271066176736,2.346991182547998e-05,7.040973547643995e-05,-0.005878740978002216,-0.005925680801653176,0.15,1.5216225772365908,1.0198710230816967,1.7396997783439996,1.6932776144240813
2020-04-06,0.02806109828006313,2.346991182547998e-05,7.040973547643996e-05,0.028037628368237647,0.027990688544586688,0.14999999999999997,1.4020282215457391,0.8911178486195627,1.7884768342015143,1.7406736207489464
2020-04-07,-0.006454917119283216,2.346991182547998e-05,7.040973547643996e-05,-0.006478387031108696,-0.006525326854759656,0.14999999999999997,1.282433865854887,0.762364674157429,1.776890389073385,1.7293151564261016
2020-04-08,0.004393540124087337,2.346991182547998e-05,7.040973547643995e-05,0.004370070212261858,0.0043231303886108975,0.15,1.162839510164035,0.6336114996952952,1.7846555248331288,1.7367912113303325
2020-04-09,0.004164379483606725,2.3469911825479988e-05,7.040973547643996e-05,0.0041409095717812455,0.004093969748130285,0.14999999999999997,1.0432451544731827,0.5048583252331612,1.7920456219782426,1.7439015820083377
2020-04-13,-0.0006003005222303709,2.3469911825479978e-05,7.040973547643995e-05,-0.0006237704340558509,-0.0006707102577068109,0.14999999999999997,0.9501424353256649,0.3761051507710273,1.7909277969027735,1.7427319293288535
2020-04-14,0.0005257334701390158,2.3469911825479984e-05,7.040973547643996e-05,0.0005022635583135359,0.0004553237346625759,0.15000000000000002,0.9450341504151054,0.2473519763088934,1.7918273146707286,1.743525436539431
2020-04-15,0.008827443780738704,2.3469911825479988e-05,7.040973547643993e-05,0.008803973868913224,0.008757034045262263,0.15,0.9495005382435823,0.11859880184675958,1.8076025155266946,1.7587935481459875
2020-04-16,0.0023351617908346223,2.172821382039735e-05,6.518464146119207e-05,0.0023134335770142248,0.00226997714937343,0.1388685265328196,0.9706949153203916,-0.0005996223131044254,1.8117842838800096,1.7627859693107444
2020-04-17,-0.009877841415248367,0.0,0.0,-0.009877841415248367,-0.009877841415248367,0.0,0.9706949153203916,-0.0005996223131044254,1.7938877660452035,1.745373449056868
2020-04-20,0.0066694042443014,0.0,0.0,0.0066694042443014,0.0066694042443014,0.0,0.9706949153203916,-0.0005996223131044254,1.8058519287258656,1.7570140501458988
2020-04-21,0.010127493672529173,0.0,0.0,0.010127493672529173,0.010127493672529173,0.0,0.9706949153203916,-0.0005996223131044254,1.8241406827075612,1.774808198821296
2020-04-22,-0.003908738870012301,0.0,0.0,-0.003908738870012301,-0.003908738870012301,0.0,0.9706949153203916,-0.0005996223131044254,1.8170105931166913,1.7678709370277468
2020-04-23,0.001866354053619556,0.0,0.0,0.001866354053619556,0.001866354053619556,0.0,0.9706949153203916,-0.0005996223131044254,1.820401778202624,1.7711704101173444
2020-04-24,-0.0018018500174194416,0.0,0.0,-0.0018018500174194416,-0.0018018500174194416,0.0,0.9706949153203916,-0.0005996223131044254,1.8171216872268594,1.7679790266830218
2020-04-27,-0.00544273404963367,0.0,0.0,-0.00544273404963367,-0.00544273404963367,0.0,0.9706949153203916,-0.0005996223131044254,1.8072315771474619,1.758356387035456
2020-04-28,-0.0003811947676014246,0.0,0.0,-0.0003811947676014246,-0.0003811947676014246,0.0,0.9706949153203916,-0.0005996223131044254,1.806542669926409,1.7576861107811395
2020-04-29,-0.009043335809944975,0.0,0.0,-0.009043335809944975,-0.009043335809944975,0.0,0.9706949153203916,-0.0005996223131044254,1.79020549790727,1.7417907650328694
2020-04-30,-0.000996814470284854,2.8230870815505526e-05,8.469261244651658e-05,-0.0010250453411003596,-0.0010815070827313706,0.15,0.8419869003826124,0.1427337917473505,1.7883704561020277,1.7399070059838504
2020-05-01,0.007139530290760947,1.801655075352296e-05,5.404965226056886e-05,0.007121513740007425,0.007085480638500378,0.0957279224820841,0.8743519545665308,0.23420719141582852,1.8011063608773816,1.75223508338754
2020-05-04,-6.345152374247025e-05,0.0,0.0,-6.345152374247025e-05,-6.345152374247025e-05,0.0,0.8743519545665308,0.23420719141582852,1.8009920779343618,1.7521239014015442
2020-05-05,-0.0022658306843043067,0.0,0.0,-0.0022658306843043067,-0.0022658306843043067,0.0,0.8743519545665308,0.23420719141582852,1.7969113348219892,1.7481538853030456
2020-05-06,0.0010403784779536346,0.0,0.0,0.0010403784779536346,0.0010403784779536346,0.0,0.8743519545665308,0.23420719141582852,1.7987808027015288,1.7499726269814657
2020-05-07,0.0003403430797202784,0.0,0.0,0.0003403430797202784,0.0003403430797202784,0.0,0.8743519545665308,0.23420719141582852,1.7993930052996618,1.7505682180547586
2020-05-08,-0.007093890298870944,0.0,0.0,-0.007093890298870944,-0.007093890298870944,0.0,0.8743519545665308,0.23420719141582852,1.7866283087155104,1.7381498791551881
2020-05-11,7.085361103307522e-05,0.0,0.0,7.085361103307522e-05,7.085361103307522e-05,0.0,0.8743519545665308,0.23420719141582852,1.7867548977827565,1.7382730333506429
2020-05-12,0.004140799283381509,0.0,0.0,0.004140799283381509,0.004140799283381509,0.0,0.8743519545665308,0.23420719141582852,1.7941534911830739,1.7454708730814625
2020-05-13,0.0049629586946289125,0.0,0.0,0.0049629586946289125,0.0049629586946289125,0.0,0.8743519545665308,0.23420719141582852,1.8030578008516398,1.7541335729272438
2020-05-14,0.00018522570682825545,0.0,0.0,0.00018522570682825545,0.00018522570682825545,0.0,0.8743519545665308,0.23420719141582852,1.8033917735072547,1.7544584835581605
2020-05-15,-0.0006472292695304445,0.0,0.0,-0.0006472292695304445,-0.0006472292695304445,0.0,0.8743519545665308,0.23420719141582852,1.8022245655670104,1.7533229466754257
2020-05-18,-0.013044435510804416,0.0,0.0,-0.013044435510804416,-0.013044435510804416,0.0,0.8743519545665308,0.23420719141582852,1.778715563445484,1.7304518385679046
2020-05-19,0.003062236672779977,0.0,0.0,0.003062236672779977,0.003062236672779977,0.0,0.8743519545665308,0.23420719141582852,1.7841624114743113,1.7357508916484468
2020-05-20,-0.004427343723232205,0.0,0.0,-0.004427343723232205,-0.004427343723232205,0.0,0.8743519545665308,0.23420719141582852,1.7762633112206438,1.7280661258332124
2020-05-21,0.0006927634571226519,0.0,0.0,0.0006927634571226519,0.0006927634571226519,0.0,0.8743519545665308,0.23420719141582852,1.777493841532885,1.729263266896681
2020-05-22,0.0031883374304252504,0.0,0.0,0.0031883374304252504,0.0031883374304252504,0.0,0.8743519545665308,0.23420719141582852,1.7831610916801948,1.7347767416975872
2020-05-26,-0.00804732348613679,0.0,0.0,-0.00804732348613679,-0.00804732348613679,0.0,0.8743519545665308,0.23420719141582852,1.7688114175475513,1.7208164320809203
2020-05-27,-0.0012769946559596434,0.0,0.0,-0.0012769946559596434,-0.0012769946559596434,0.0,0.8743519545665308,0.23420719141582852,1.7665526548199426,1.7186189586932654
2020-05-28,-0.0008255621614693224,0.0,0.0,-0.0008255621614693224,-0.0008255621614693224,0.0,0.8743519545665308,0.23420719141582852,1.76509425579188,1.7172001319109844
2020-05-29,-0.0008060825884265109,0.0,0.0,-0.0008060825884265109,-0.0008060825884265109,0.0,0.8743519545665308,0.23420719141582852,1.7636714440453545,1.7158159267838073
2020-06-01,-0.0035440674031512066,0.0,0.0,-0.0035440674031512066,-0.0035440674031512066,0.0,0.8743519545665308,0.23420719141582852,1.7574208735706447,1.7097349594878852
2020-06-02,-0.0048272479724101,0.0,0.0,-0.0048272479724101,-0.0048272479724101,0.0,0.8743519545665308,0.23420719141582852,1.7489373672220296,1.7014816448713388
2020-06-03,-0.007846735090731164,0.0,0.0,-0.007846735090731164,-0.007846735090731164,0.0,0.8743519545665308,0.23420719141582852,1.7352139190111575,1.6881305691422919
2020-06-04,-0.001636813984588088,0.0,0.0,-0.001636813984588088,-0.001636813984588088,0.0,0.8743519545665308,0.23420719141582852,1.7323736966022683,1.6853674134189092
2020-06-05,-0.007849406242500925,0.0,0.0,-0.007849406242500925,-0.007849406242500925,0.0,0.8743519545665308,0.23420719141582852,1.7187755916938139,1.672138279923111
2020-06-08,0.0006894564091422658,0.0,0.0,0.0006894564091422658,0.0006894564091422658,0.0,0.8743519545665308,0.23420719141582852,1.7199606125413844,1.673291146377176
2020-06-09,0.00319578180984986,0.0,0.0,0.00319578180984986,0.00319578180984986,0.0,0.8743519545665308,0.23420719141582852,1.7254572313806023,1.678638619785351
2020-06-10,0.002931973729590801,0.0,0.0,0.002931973729590801,0.002931973729590801,0.0,0.8743519545665308,0.23420719141582852,1.7305162266545426,1.683560344120038
2020-06-11,0.013614871341609195,0.0,0.0,0.013614871341609195,0.013614871341609195,0.0,0.8743519545665308,0.23420719141582852,1.754076982435011,1.7064818016010674
2020-06-12,-0.003262624442361822,0.0,0.0,-0.003262624442361822,-0.003262624442361822,0.0,0.8743519545665308,0.23420719141582852,1.7483540879983344,1.7009141923647182
2020-06-15,-0.00279349701531932,0.0,0.0,-0.00279349701531932,-0.00279349701531932,0.0,0.8743519545665308,0.23420719141582852,1.7434700660717897,1.6961626936450331
2020-06-16,-0.0031122688710464234,0.0,0.0,-0.0031122688710464234,-0.0031122688710464234,0.0,0.8743519545665308,0.23420719141582852,1.7380439184575531,1.6908837792933715
2020-06-17,0.0017632971953618925,0.0,0.0,0.0017632971953618925,0.0017632971953618925,0.0,0.8743519545665308,0.23420719141582852,1.741108606424385,1.6938653099190824
2020-06-18,0.0012469197317219283,0.0,0.0,0.0012469197317219283,0.0012469197317219283,0.0,0.8743519545665308,0.23420719141582852,1.7432796291008066,1.6959774239968999
2020-06-19,0.001420280432290773,0.0,0.0,0.001420280432290773,0.001420280432290773,0.0,0.8743519545665308,0.23420719141582852,1.7457555750460294,1.6983861875458095
2020-06-22,-0.003097692347332401,0.0,0.0,-0.003097692347332401,-0.003097692347332401,0.0,0.8743519545665308,0.23420719141582852,1.7403477613608964,1.6931251096498339
2020-06-23,-0.0006833036007227511,0.0,0.0,-0.0006833036007227511,-0.0006833036007227511,0.0,0.8743519545665308,0.23420719141582852,1.7391585754690486,1.691968191165936
2020-06-24,0.006463116668269319,0.0,0.0,0.006463116668269319,0.006463116668269319,0.0,0.8743519545665308,0.23420719141582852,1.7503989602469263,1.7029035789844422
2020-06-25,-0.0017046649060292545,0.0,0.0,-0.0017046649060292545,-0.0017046649060292545,0.0,0.8743519545665308,0.23420719141582852,1.7474151165678433,1.7000006990149958
2020-06-26,0.0050406462859287175,0.0,0.0,0.0050406462859287175,0.0050406462859287175,0.0,0.8743519545665308,0.23420719141582852,1.7562232180851467,1.708569801224562
2020-06-29,-0.003657696164371043,0.0,0.0,-0.003657696164371043,-0.003657696164371043,0.0,0.8743519545665308,0.23420719141582852,1.7497994871565772,1.7023203720160627
2020-06-30,-0.0014567316132373682,2.249824541306671e-05,6.749473623920013e-05,-0.001479229858650435,-0.0015242263494765684,0.15000000000000002,0.8782855613958205,0.3558062738884293,1.747211131508524,1.699725650449785
2020-07-01,-0.0014968113422467533,2.249824541306671e-05,6.749473623920011e-05,-0.00151930958765982,-0.0015643060784859535,0.15000000000000002,0.8840753074655818,0.47740535636103,1.744556576884757,1.697066759283028
2020-07-02,-0.0005441065856392879,2.2498245413066707e-05,6.749473623920013e-05,-0.0005666048310523546,-0.000611601321878488,0.15000000000000002,0.9126753683083769,0.5990044388336309,1.74356810270025,1.6960288310097342
2020-07-06,-0.0009042498939561968,2.2498245413066713e-05,6.749473623920014e-05,-0.0009267481393692636,-0.0009717446301953969,0.15000000000000002,1.0089545138634335,0.7206035213062316,1.741952254205209,1.694380724100544
2020-07-07,0.0030117558784319956,2.249824541306671e-05,6.749473623920013e-05,0.002989257633018929,0.0029442611421927954,0.14999999999999997,1.10523365941849,0.8422026037788325,1.7471593982774463,1.6993694234265937
2020-07-08,0.000561565011925471,2.2498245413066707e-05,6.749473623920013e-05,0.0005390667665124043,0.0004940702756862709,0.15000000000000002,1.2015128049735466,0.9638016862514334,1.7481012338448574,1.7002090313461191
2020-07-09,0.0041733809956378985,2.2498245413066703e-05,6.749473623920011e-05,0.004150882750224832,0.004105886259398698,0.14999999999999997,1.2977919505286029,1.085400768724034,1.7553573971020706,1.7071898962460288
2020-07-10,-0.0003609042039724193,2.249824541306671e-05,6.749473623920013e-05,-0.000383402449385486,-0.0004283989402116194,0.15000000000000005,1.3940710960836595,1.2069998511966349,1.7546843887764747,1.706458537903737
2020-07-13,-0.00139393601246067,4.876666468824943e-06,1.4629999406474831e-05,-0.001398812678929495,-0.0014085660118671448,0.03251364525959412,1.4149403359801525,1.2333573807393434,1.7522299140059345,1.7040548784065852
2020-07-14,0.0032517043579372955,0.0,0.0,0.0032517043579372955,0.0032517043579372955,0.0,1.4149403359801525,1.2333573807393434,1.7579276476534156,1.709595961080864
2020-07-15,8.742940038020304e-05,0.0,0.0,8.742940038020304e-05,8.742940038020304e-05,0.0,1.4149403359801525,1.2333573807393434,1.758081342213562,1.7097454300306338
2020-07-16,-0.002593966654916216,0.0,0.0,-0.002593966654916216,-0.002593966654916216,0.0,1.4149403359801525,1.2333573807393434,1.7535209378352297,1.7053104073967391
2020-07-17,0.0030862778365372467,0.0,0.0,0.0030862778365372467,0.0030862778365372467,0.0,1.4149403359801525,1.2333573807393434,1.7589327906415746,1.710573469111504
2020-07-20,0.0057783467597839954,0.0,0.0,0.0057783467597839954,0.0057783467597839954,0.0,1.4149403359801525,1.2333573807393434,1.7690965142330564,1.720457755774117
2020-07-21,0.0020738990099380497,0.0,0.0,0.0020738990099380497,0.0020738990099380497,0.0,1.4149403359801525,1.2333573807393434,1.7727654417424092,1.7240258114104572
2020-07-22,0.004051672870009645,0.0,0.0,0.004051672870009645,0.004051672870009645,0.0,1.4149403359801525,1.2333573807393434,1.7799481073876078,1.7310110000177454
2020-07-23,0.0002459726232753837,0.0,0.0,0.0002459726232753837,0.0002459726232753837,0.0,1.4149403359801525,1.2333573807393434,1.7803859258928758,1.7314367813343383
2020-07-24,0.0019020058118535213,0.0,0.0,0.0019020058118535213,0.0019020058118535213,0.0,1.4149403359801525,1.2333573807393434,1.7837722302712662,1.7347299841552932
2020-07-27,0.00780544120202252,0.0,0.0,0.00780544120202252,0.00780544120202252,0.0,1.4149403359801525,1.2333573807393434,1.7976953595324492,1.748270317048003
2020-07-28,0.0015495029857476887,0.0,0.0,0.0015495029857476887,0.0015495029857476887,0.0,1.4149403359801525,1.2333573807393434,1.8004808938595096,1.750979267124163
2020-07-29,0.004519722250941306,0.0,0.0,0.004519722250941306,0.004519722250941306,0.0,1.4149403359801525,1.2333573807393434,1.808618567417881,1.7588932070787209
2020-07-30,0.0033302134907569935,0.0,0.0,0.0033302134907569935,0.0033302134907569935,0.0,1.4149403359801525,1.2333573807393434,1.8146416533707295,1.7647506969657352
2020-07-31,0.0012686869195239804,2.3917070959673255e-05,7.175121287901978e-05,0.001244769848564307,0.0011969357066449605,0.15000000000000002,1.5294121216573056,1.2948418232655088,1.816900464586794,1.7668629900882602
2020-08-03,0.0008505169254373638,2.391707095967324e-05,7.175121287901973e-05,0.0008265998544776906,0.0007787657125583441,0.14999999999999994,1.6438839073344584,1.356326265791674,1.8184023142464218,1.7682389624037294
2020-08-04,0.00973544296120435,2.391707095967324e-05,7.175121287901972e-05,0.009711525890244675,0.009663691748325329,0.1499999999999999,1.7583556930116115,1.417810708317839,1.836061775400107,1.7853266786737776
2020-08-05,0.0022747730611798324,2.3917070959673252e-05,7.175121287901975e-05,0.0022508559902201593,0.0022030218483008127,0.14999999999999997,1.8728274786887644,1.4792951508440042,1.8401944860456805,1.7892597923532505
2020-08-06,0.008538858013031142,2.3917070959673245e-05,7.175121287901975e-05,0.008514940942071468,0.008467106800152122,0.15,1.9872992643659175,1.5407795933701693,1.855863633416285,1.8044096461083234
2020-08-07,-0.013924924962378807,2.6536180387462927e-06,7.960854116238878e-06,-0.013927578580417554,-0.013932885816495046,0.016642619260656383,1.9999999999999993,1.5476013411529472,1.8300159468273405,1.7792690125429138
2020-08-10,-0.00407499571216023,0.0,0.0,-0.00407499571216023,-0.00407499571216023,0.0,1.9999999999999993,1.5476013411529472,1.8225586396908342,1.772018498946022
2020-08-11,-0.02363801429347184,0.0,0.0,-0.02363801429347184,-0.02363801429347184,0.0,1.9999999999999993,1.5476013411529472,1.7794769725151318,1.7301315003396394
2020-08-12,0.005411827308829695,0.0,0.0,0.005411827308829695,0.005411827308829695,0.0,1.9999999999999993,1.5476013411529472,1.789107194590423,1.739494673241044
2020-08-13,0.0033269625968860247,0.0,0.0,0.0033269625968860247,0.0033269625968860247,0.0,1.9999999999999993,1.5476013411529472,1.7950594873086447,1.7452819069563992
2020-08-14,-0.0005704489526408988,0.0,0.0,-0.0005704489526408988,-0.0005704489526408988,0.0,1.9999999999999993,1.5476013411529472,1.7940354975041815,1.7442863127205128
2020-08-17,0.01299374198553638,0.0,0.0,0.01299374198553638,0.01299374198553638,0.0,1.9999999999999993,1.5476013411529472,1.817346731871644,1.7669511190169058
2020-08-18,0.01042559110555496,0.0,0.0,0.01042559110555496,0.01042559110555496,0.0,1.9999999999999993,1.5476013411529472,1.8362936457951542,1.7853726288872787
2020-08-19,-0.017109537031973085,0.0,0.0,-0.017109537031973085,-0.017109537031973085,0.0,1.9999999999999993,1.5476013411529472,1.8048755116608453,1.7548257297774608
2020-08-20,0.009251051440574667,0.0,0.0,0.009251051440574667,0.009251051440574667,0.0,1.9999999999999993,1.5476013411529472,1.8215725078630531,1.771059712872876
2020-08-21,-0.0005978133617771956,0.0,0.0,-0.0005978133617771956,-0.0005978133617771956,0.0,1.9999999999999993,1.5476013411529472,1.8204835474784065,1.7700009497120153
2020-08-24,0.0002958509191415312,0.0,0.0,0.0002958509191415312,0.0002958509191415312,0.0,1.9999999999999993,1.5476013411529472,1.82102213920921,1.770524606119869
2020-08-25,0.001673318018293437,0.0,0.0,0.001673318018293437,0.001673318018293437,0.0,1.9999999999999993,1.5476013411529472,1.8240692883664602,1.7734872568451214
2020-08-26,0.009191759972354255,0.0,0.0,0.009191759972354255,0.009191759972354255,0.0,1.9999999999999993,1.5476013411529472,1.8408356954380678,1.7897887260240708
2020-08-27,-0.010376689877512054,0.0,0.0,-0.010376689877512054,-0.010376689877512054,0.0,1.9999999999999993,1.5476013411529472,1.8217339143110527,1.7712166434678516
2020-08-28,0.013094717944643527,0.0,0.0,0.013094717944643527,0.013094717944643527,0.0,1.9999999999999993,1.5476013411529472,1.845589006089147,1.794410225832921
2020-08-31,0.0023084039511201008,2.3663947376556155e-05,7.099184212966845e-05,0.0022847400037435445,0.0022374121089904324,0.14999999999999997,1.9999999999999996,1.5627570570394886,1.8498056971218284,1.7984250610006962
2020-09-01,0.009202103448750618,2.366394737655616e-05,7.099184212966847e-05,0.009178439501374062,0.009131111606620949,0.15,1.9999999999999996,1.5779127729260298,1.8667840268021583,1.814846680948838
2020-09-02,0.0014117674224981523,2.3663947376556158e-05,7.099184212966845e-05,0.001388103475121596,0.001340775580368484,0.14999999999999994,1.9999999999999996,1.5930684888125706,1.8693753161970637,1.8172799830607669
2020-09-03,-0.02118338870579242,5.318550055350657e-06,1.595565016605197e-05,-0.021188707255847768,-0.02119934435595847,0.03371299367800998,1.9999999999999998,1.5964747858383623,1.8297656698708562,1.7787548389086714
2020-09-04,-0.009037302503606926,0.0,0.0,-0.009037302503606926,-0.009037302503606926,0.0,1.9999999999999998,1.5964747858383623,1.8132295240015184,1.762679693349699
2020-09-08,-0.01847463854211321,0.0,0.0,-0.01847463854211321,-0.01847463854211321,0.0,1.9999999999999998,1.5964747858383623,1.7797307639517024,1.7301148231495405
2020-09-09,0.01493648496436538,0.0,0.0,0.01493648496436538,0.01493648496436538,0.0,1.9999999999999998,1.5964747858383623,1.8063136857480855,1.7559566571921392
2020-09-10,-0.009736773119232276,0.0,0.0,-0.009736773119232276,-0.009736773119232276,0.0,1.9999999999999998,1.5964747858383623,1.788726019207792,1.738859305613854
2020-09-11,0.0024276398222585786,0.0,0.0,0.0024276398222585786,0.0024276398222585786,0.0,1.9999999999999998,1.5964747858383623,1.793068401723131,1.7430806297094672
2020-09-14,0.01152332021007982,0.0,0.0,0.01152332021007982,0.01152332021007982,0.0,1.9999999999999998,1.5964747858383623,1.8137305030747626,1.7631667059575968
2020-09-15,0.0045988566081051506,0.0,0.0,0.0045988566081051506,0.0045988566081051506,0.0,1.9999999999999998,1.5964747858383623,1.82207158958415,1.771275256814481
2020-09-16,-0.004438183881795532,0.0,0.0,-0.004438183881795532,-0.004438183881795532,0.0,1.9999999999999998,1.5964747858383623,1.81398490082378,1.7634140115194636
2020-09-17,-0.003476150138112707,0.0,0.0,-0.003476150138112707,-0.003476150138112707,0.0,1.9999999999999998,1.5964747858383623,1.807679216960247,1.7572841196597704
2020-09-18,-0.006961228433576032,0.0,0.0,-0.006961228433576032,-0.006961228433576032,0.0,1.9999999999999998,1.5964747858383623,1.7950955489963587,1.7450512634801232
2020-09-21,-0.010836885821802924,0.0,0.0,-0.010836885821802924,-0.010836885821802924,0.0,1.9999999999999998,1.5964747858383623,1.7756423034926585,1.726140342184596
2020-09-22,0.001322054323233238,0.0,0.0,0.001322054323233238,0.001322054323233238,0.0,1.9999999999999998,1.5964747858383623,1.7779897990765068,1.7284223934864886
2020-09-23,-0.020174921531399808,0.0,0.0,-0.020174921531399808,-0.020174921531399808,0.0,1.9999999999999998,1.5964747858383623,1.742118994396509,1.6935516073247845
2020-09-24,0.00263929692070516,0.0,0.0,0.00263929692070516,0.00263929692070516,0.0,1.9999999999999998,1.5964747858383623,1.7467169636939217,1.6980213928670522
2020-09-25,0.005817307542327061,0.0,0.0,0.005817307542327061,0.005817307542327061,0.0,1.9999999999999998,1.5964747858383623,1.756878153461129,1.7078993055228104
2020-09-28,0.013089872688868274,0.0,0.0,0.013089872688868274,0.013089872688868274,0.0,1.9999999999999998,1.5964747858383623,1.779875464819789,1.7302554899975104
2020-09-29,0.0018688312708089582,0.0,0.0,0.0018688312708089582,0.0018688312708089582,0.0,1.9999999999999998,1.5964747858383623,1.78320175174659,1.7334890455637069
2020-09-30,0.0009648148850769493,2.1315439576495753e-05,6.394631872948726e-05,0.0009434994455004535,0.000900868566347462,0.15,1.8963914406048894,1.5155906922071432,1.7848842016105781,1.7350506913549628
2020-10-01,0.00853076192344309,2.1315439576495763e-05,6.394631872948729e-05,0.008509446483866595,0.008466815604713603,0.15000000000000002,1.7927828812097788,1.4347065985759238,1.8000725782040825,1.749741045623496
2020-10-02,-0.008585742279226314,2.0356666462946526e-05,6.106999938883957e-05,-0.00860609894568926,-0.008646812278615154,0.14325296733777104,1.6938346573768368,1.3574606890886018,1.7845809754866362,1.7346113632658018
2020-10-05,0.007186896995457437,0.0,0.0,0.007186896995457437,0.007186896995457437,0.0,1.6938346573768368,1.3574606890886018,1.7974065751375115,1.747077836460743
2020-10-06,-0.006485949217835665,0.0,0.0,-0.006485949217835665,-0.006485949217835665,0.0,1.6938346573768368,1.3574606890886018,1.7857486873673656,1.7357463783338525
2020-10-07,0.00544394820715105,0.0,0.0,0.00544394820715105,0.00544394820715105,0.0,1.6938346573768368,1.3574606890886018,1.7954702107323817,1.745195691718252
2020-10-08,0.005901158315908463,0.0,0.0,0.005901158315908463,0.005901158315908463,0.0,1.6938346573768368,1.3574606890886018,1.806065564697411,1.755494367787323
2020-10-09,0.010506946401886673,0.0,0.0,0.010506946401886673,0.010506946401886673,0.0,1.6938346573768368,1.3574606890886018,1.8250417987839802,1.7739392530184783
2020-10-12,0.008270530291638082,0.0,0.0,0.008270530291638082,0.008270530291638082,0.0,1.6938346573768368,1.3574606890886018,1.840135862264329,1.7886106713460936
2020-10-13,-0.0061268908759214095,0.0,0.0,-0.0061268908759214095,-0.0061268908759214095,0.0,1.6938346573768368,1.3574606890886018,1.8288615506393657,1.7776520489432475
2020-10-14,-0.0012390360254020886,0.0,0.0,-0.0012390360254020886,-0.0012390360254020886,0.0,1.6938346573768368,1.3574606890886018,1.826595525292651,1.775449474013977
2020-10-15,-0.0038656767097381525,0.0,0.0,-0.0038656767097381525,-0.0038656767097381525,0.0,1.6938346573768368,1.3574606890886018,1.8195344975124152,1.7685861603329645
2020-10-16,-0.0009635602741191761,0.0,0.0,-0.0009635602741191761,-0.0009635602741191761,0.0,1.6938346573768368,1.3574606890886018,1.817781266353223,1.7668820209675107
2020-10-19,-0.004870936242360282,0.0,0.0,-0.004870936242360282,-0.004870936242360282,0.0,1.6938346573768368,1.3574606890886018,1.8089269697022594,1.7582756512956053
2020-10-20,0.002697143133622115,0.0,0.0,0.002697143133622115,0.002697143133622115,0.0,1.6938346573768368,1.3574606890886018,1.8138059046578154,1.763017972395512
2020-10-21,0.002432013415171861,0.0,0.0,0.002432013415171861,0.002432013415171861,0.0,1.6938346573768368,1.3574606890886018,1.8182171049504612,1.7673056557555669
2020-10-22,-0.003970615857946831,0.0,0.0,-0.003970615857946831,-0.003970615857946831,0.0,1.6938346573768368,1.3574606890886018,1.8109976632803548,1.7602883638929847
2020-10-23,0.004539668658082929,0.0,0.0,0.004539668658082929,0.004539668658082929,0.0,1.6938346573768368,1.3574606890886018,1.8192189926122102,1.7682794898077379
2020-10-26,-0.008295425791858557,0.0,0.0,-0.008295425791858557,-0.008295425791858557,0.0,1.6938346573768368,1.3574606890886018,1.8041277964598559,1.7536108585207721
2020-10-27,0.002626678424981995,0.0,0.0,0.002626678424981995,0.002626678424981995,0.0,1.6938346573768368,1.3574606890886018,1.8088666600187273,1.7582170303286628
2020-10-28,-0.02084132278044362,0.0,0.0,-0.02084132278044362,-0.02084132278044362,0.0,1.6938346573768368,1.3574606890886018,1.771167486090494,1.7215734616815102
2020-10-29,0.0006438297726628112,0.0,0.0,0.0006438297726628112,0.0006438297726628112,0.0,1.6938346573768368,1.3574606890886018,1.7723078164504114,1.7226818619319668
2020-10-30,-0.008988550929207136,0.0,0.0,-0.008988550929207136,-0.008988550929207136,0.0,1.6938346573768368,1.3574606890886018,1.756377337380015,1.70719744828117
2020-11-02,0.008075345006557263,0.0,0.0,0.008075345006557263,0.008075345006557263,0.0,1.6938346573768368,1.3574606890886018,1.7705606903410567,1.7209836566703545
2020-11-03,0.010637069260723593,0.0,0.0,0.010637069260723593,0.010637069260723593,0.0,1.6938346573768368,1.3574606890886018,1.789394267034529,1.7392898790229303
2020-11-04,0.01790735438178498,0.0,0.0,0.01790735438178498,0.01790735438178498,0.0,1.6938346573768368,1.3574606890886018,1.8214375843030506,1.7704359592592458
2020-11-05,0.020441039404131816,0.0,0.0,0.020441039404131816,0.020441039404131816,0.0,1.6938346573768368,1.3574606890886018,1.858669661735956,1.806625510464956
2020-11-06,-0.0002716279038903701,0.0,0.0,-0.0002716279038903701,-0.0002716279038903701,0.0,1.6938346573768368,1.3574606890886018,1.858164795191714,1.8061347805644337
2020-11-09,-0.013321628698404423,0.0,0.0,-0.013321628698404423,-0.013321628698404423,0.0,1.6938346573768368,1.3574606890886018,1.833411013729723,1.78207412363848
2020-11-10,-0.002469896077670625,0.0,0.0,-0.002469896077670625,-0.002469896077670625,0.0,1.6938346573768368,1.3574606890886018,1.8288826790581538,1.777672585750387
2020-11-11,0.004332305395810602,0.0,0.0,0.004332305395810602,0.004332305395810602,0.0,1.6938346573768368,1.3574606890886018,1.8368059573569422,1.785374006285618
2020-11-12,0.0007291513964878763,0.0,0.0,0.0007291513964878763,0.0007291513964878763,0.0,1.6938346573768368,1.3574606890886018,1.838145266985826,1.786675814235554
2020-11-13,0.009256752975763878,0.0,0.0,0.009256752975763878,0.009256752975763878,0.0,1.6938346573768368,1.3574606890886018,1.8551605236558835,1.8032146308957044
2020-11-16,0.006590286290544292,0.0,0.0,0.006590286290544292,0.006590286290544292,0.0,1.6938346573768368,1.3574606890886018,1.8673865626216917,1.8150983315566052
2020-11-17,0.0007017951684381247,0.0,0.0,0.0007017951684381247,0.0007017951684381247,0.0,1.6938346573768368,1.3574606890886018,1.8686970854889458,1.8163721587959316
2020-11-18,-0.00445986892055675,0.0,0.0,-0.00445986892055675,-0.00445986892055675,0.0,1.6938346573768368,1.3574606890886018,1.8603629414354388,1.8082713770567531
2020-11-19,0.0042342214019056865,0.0,0.0,0.0042342214019056865,0.0042342214019056865,0.0,1.6938346573768368,1.3574606890886018,1.868240130017377,1.8159279984219405
2020-11-20,0.0007867051363267217,0.0,0.0,0.0007867051363267217,0.0007867051363267217,0.0,1.6938346573768368,1.3574606890886018,1.869709884123553,1.8173565983054984
2020-11-23,-0.004253730619997064,0.0,0.0,-0.004253730619997064,-0.004253730619997064,0.0,1.6938346573768368,1.3574606890886018,1.8617566419389457,1.8096260528958328
2020-11-24,0.004945855788586881,0.0,0.0,0.004945855788586881,0.004945855788586881,0.0,1.6938346573768368,1.3574606890886018,1.8709646218034195,1.8185762023847252
2020-11-25,-0.00015700072093749598,0.0,0.0,-0.00015700072093749598,-0.00015700072093749598,0.0,1.6938346573768368,1.3574606890886018,1.870670879008948,1.818290684609871
2020-11-27,0.004950663479239302,0.0,0.0,0.004950663479239302,0.004950663479239302,0.0,1.6938346573768368,1.3574606890886018,1.879931941011334,1.82729242989681
2020-11-30,-0.008935084793482342,2.1492914183016878e-05,6.447874254905064e-05,-0.008956577707665359,-0.008999563536031392,0.14999999999999997,1.623163400598574,1.2901532242395801,1.8630941844965438,1.8108475955750445
2020-12-01,0.011726142889437987,1.665988655060111e-05,4.997965965180334e-05,0.011709483002887386,0.011676163229786183,0.11627008609957577,1.5683837131960814,1.2379809260186467,1.8849100541826846,1.8319913476852445
2020-12-02,0.0008961603987964615,0.0,0.0,0.0008961603987964615,0.0008961603987964615,0.0,1.5683837131960814,1.2379809260186467,1.8865992359285364,1.833633105781978
2020-12-03,0.007105472164430659,0.0,0.0,0.007105472164430659,0.007105472164430659,0.0,1.5683837131960814,1.2379809260186467,1.9000044142848627,1.84666193477489
2020-12-04,0.0018395563229283449,0.0,0.0,0.0018395563229283449,0.0018395563229283449,0.0,1.5683837131960814,1.2379809260186467,1.9034995794187521,1.8500589734133162
2020-12-07,0.0026120439018329283,0.0,0.0,0.0026120439018329283,0.0026120439018329283,0.0,1.5683837131960814,1.2379809260186467,1.9084716038873144,1.8548914086728516
2020-12-08,0.0025712676183133774,0.0,0.0,0.0025712676183133774,0.0025712676183133774,0.0,1.5683837131960814,1.2379809260186467,1.9133787951228605,1.8596608308874598
2020-12-09,-0.007881702448640974,0.0,0.0,-0.007881702448640974,-0.007881702448640974,0.0,1.5683837131960814,1.2379809260186467,1.8982981127881629,1.8450035375630125
2020-12-10,0.005440684663007582,0.0,0.0,0.005440684663007582,0.005440684663007582,0.0,1.5683837131960814,1.2379809260186467,1.9086261542162255,1.8550416200130262
2020-12-11,-0.00148762363297402,0.0,0.0,-0.00148762363297402,-0.00148762363297402,0.0,1.5683837131960814,1.2379809260186467,1.9057868368427011,1.8522820162589444
2020-12-14,-0.0005152942541669309,0.0,0.0,-0.0005152942541669309,-0.0005152942541669309,0.0,1.5683837131960814,1.2379809260186467,1.904804795836009,1.8513275459788694
2020-12-15,0.009222811803318033,0.0,0.0,0.009222811803318033,0.009222811803318033,0.0,1.5683837131960814,1.2379809260186467,1.922372451990062,1.868401991521731
2020-12-16,0.002484388068462307,0.0,0.0,0.002484388068462307,0.002484388068462307,0.0,1.5683837131960814,1.2379809260186467,1.927148371172927,1.8730438271365588
2020-12-17,0.00714642890667109,0.0,0.0,0.00714642890667109,0.00714642890667109,0.0,1.5683837131960814,1.2379809260186467,1.9409206000001213,1.8864294016862695
2020-12-18,-0.0031123402976339946,0.0,0.0,-0.0031123402976339946,-0.0031123402976339946,0.0,1.5683837131960814,1.2379809260186467,1.9348797946022331,1.8805581914407599
2020-12-21,-0.004323493948571564,0.0,0.0,-0.004323493948571564,-0.004323493948571564,0.0,1.5683837131960814,1.2379809260186467,1.926514353519057,1.872427609480129
2020-12-22,-0.0030688866985377067,0.0,0.0,-0.0030688866985377067,-0.0030688866985377067,0.0,1.5683837131960814,1.2379809260186467,1.9206020992450004,1.8666813412954208
2020-12-23,0.004172579682039468,0.0,0.0,0.004172579682039468,0.004172579682039468,0.0,1.5683837131960814,1.2379809260186467,1.9286159645415926,1.8744702179329524
2020-12-24,0.0006595678180967534,0.0,0.0,0.0006595678180967534,0.0006595678180967534,0.0,1.5683837131960814,1.2379809260186467,1.9298880175652717,1.8757065581646817
2020-12-28,0.002222772696720754,0.0,0.0,0.002222772696720754,0.002222772696720754,0.0,1.5683837131960814,1.2379809260186467,1.9341777199584445,1.8798758274892302
2020-12-29,0.0029157940012392264,0.0,0.0,0.0029157940012392264,0.0029157940012392264,0.0,1.5683837131960814,1.2379809260186467,1.9398173837516297,1.8853571581500979
2020-12-30,0.006091705667040257,0.0,0.0,0.006091705667040257,0.006091705667040257,0.0,1.5683837131960814,1.2379809260186467,1.9516341803012527,1.8968421990347957
2020-12-31,-0.0009652622261472432,1.812946942603107e-05,5.4388408278093206e-05,-0.0009833916955732742,-0.0010196506344253365,0.15,1.5870306554788427,1.2357070794222538,1.9497149594555474,1.894908082683145
2021-01-04,0.0008650460032491516,1.8129469426031062e-05,5.4388408278093186e-05,0.0008469165338231205,0.0008106575949710583,0.14999999999999994,1.605677597761604,1.2334332328258613,1.9513662052909526,1.8964442043121443
2021-01-05,0.009876740415899457,1.8129469426031072e-05,5.438840827809323e-05,0.009858610946473426,0.009822352007621365,0.15000000000000002,1.6243245400443656,1.2311593862294685,1.970603965523012,1.9150717468497114
2021-01-06,0.00061952890364166,1.8129469426031065e-05,5.43884082780932e-05,0.0006013994342156289,0.0005651404953635668,0.14999999999999997,1.6429714823271269,1.2288855396330756,1.9717890856329405,1.9161540314453827
2021-01-07,0.004500766523233725,6.05698093066247e-06,1.817094279198741e-05,0.004494709542303063,0.004482595580441738,0.05011438108027802,1.649201348804062,1.228125856867411,1.9806517048515442,1.9247433750381853
2021-01-08,-0.00030992203610954647,0.0,0.0,-0.00030992203610954647,-0.00030992203610954647,0.0,1.649201348804062,1.228125856867411,1.9800378572423527,1.924146854652405
2021-01-11,-0.009362935461778334,0.0,0.0,-0.009362935461778334,-0.009362935461778334,0.0,1.649201348804062,1.228125856867411,1.9614988905731146,1.9061311918333106
2021-01-12,0.007985947453680321,0.0,0.0,0.007985947453680321,0.007985947453680321,0.0,1.649201348804062,1.228125856867411,1.9771633176436836,1.9213534553711125
2021-01-13,-0.002209553918528121,0.0,0.0,-0.002209553918528121,-0.002209553918528121,0.0,1.649201348804062,1.228125856867411,1.9727946686876139,1.9171081213149195
2021-01-14,0.004443313743105626,0.0,0.0,0.004443313743105626,0.004443313743105626,0.0,1.649201348804062,1.228125856867411,1.9815604143513192,1.9256264341773777
2021-01-15,-0.012555250464013758,0.0,0.0,-0.012555250464013758,-0.012555250464013758,0.0,1.649201348804062,1.228125856867411,1.9566814270395636,1.901449711996155
2021-01-19,0.010468661944240213,0.0,0.0,0.010468661944240213,0.010468661944240213,0.0,1.649201348804062,1.228125856867411,1.9771652634318144,1.9213553462350157
2021-01-20,0.011422564674780202,0.0,0.0,0.011422564674780202,0.011422564674780202,0.0,1.649201348804062,1.228125856867411,1.9997495615260934,1.9433021519406202
2021-01-21,0.002384286749365541,0.0,0.0,0.002384286749365541,0.002384286749365541,0.0,1.649201348804062,1.228125856867411,2.0045175379076894,1.9479355415115056
2021-01-22,-0.003431751074209147,0.0,0.0,-0.003431751074209147,-0.003431751074209147,0.0,1.649201348804062,1.228125856867411,1.9976385326937036,1.9412507116244333
2021-01-25,0.001908085254514154,0.0,0.0,0.001908085254514154,0.001908085254514154,0.0,1.649201348804062,1.228125856867411,2.0014501973217858,1.9449547834825989
2021-01-26,-0.000710587130971142,0.0,0.0,-0.000710587130971142,-0.000710587130971142,0.0,1.649201348804062,1.228125856867411,2.000027992568289,1.9435727236431353
2021-01-27,-0.019980032290102093,0.0,0.0,-0.019980032290102093,-0.019980032290102093,0.0,1.649201348804062,1.228125856867411,1.9600673686956664,1.9047400778665837
2021-01-28,0.0038884948999884372,0.0,0.0,0.0038884948999884372,0.0038884948999884372,0.0,1.649201348804062,1.228125856867411,1.9676890806624734,1.9121466499451716
2021-01-29,-0.013953165673259004,0.0,0.0,-0.013953165673259004,-0.013953165673259004,0.0,1.649201348804062,1.228125856867411,1.9402335889265272,1.8854661509469195
2021-02-01,0.012266524304061733,0.0,0.0,0.012266524304061733,0.012266524304061733,0.0,1.649201348804062,1.228125856867411,1.9640335114006515,1.9085942673119958
2021-02-02,0.005969842375061012,0.0,0.0,0.005969842375061012,0.005969842375061012,0.0,1.649201348804062,1.228125856867411,1.975758481883051,1.9199882742457932
2021-02-03,0.0006454445110939132,0.0,0.0,0.0006454445110939132,0.0006454445110939132,0.0,1.649201348804062,1.228125856867411,1.9770337243504297,1.9212275201387699
2021-02-04,-0.0005805537337343264,0.0,0.0,-0.0005805537337343264,-0.0005805537337343264,0.0,1.649201348804062,1.228125856867411,1.9758859500400394,1.9201121443286002
2021-02-05,0.009181356393522879,0.0,0.0,0.009181356393522879,0.009181356393522879,0.0,1.649201348804062,1.228125856867411,1.9940272631403113,1.9377413782412123
2021-02-08,0.008375895082158722,0.0,0.0,0.008375895082158722,0.008375895082158722,0.0,1.649201348804062,1.228125856867411,2.0107290262873385,1.9539716967217182
2021-02-09,0.006427152697601025,0.0,0.0,0.006427152697601025,0.006427152697601025,0.0,1.649201348804062,1.228125856867411,2.023652288772786,1.9665301711833392
2021-02-10,-0.00046568782479580354,0.0,0.0,-0.00046568782479580354,-0.00046568782479580354,0.0,1.649201348804062,1.228125856867411,2.0227098985402843,1.9656143820255254
2021-02-11,0.0015016604995898696,0.0,0.0,0.0015016604995898696,0.0015016604995898696,0.0,1.649201348804062,1.228125856867411,2.0257473220970517,1.9685660675004388
2021-02-12,0.0011024627104073742,0.0,0.0,0.0011024627104073742,0.0011024627104073742,0.0,1.649201348804062,1.228125856867411,2.0279806329803716,1.9707363381828316
2021-02-16,-0.004720542236214503,0.0,0.0,-0.004720542236214503,-0.004720542236214503,0.0,1.649201348804062,1.228125856867411,2.0184074647481625,1.9614333940619968
2021-02-17,-0.006046777139565508,0.0,0.0,-0.006046777139565508,-0.006046777139565508,0.0,1.649201348804062,1.228125856867411,2.006202604631995,1.9495730434540024
2021-02-18,-0.003546289001807589,0.0,0.0,-0.003546289001807589,-0.003546289001807589,0.0,1.649201348804062,1.228125856867411,1.999088030399791,1.942659294011781
2021-02-19,0.005246237829955704,0.0,0.0,0.005246237829955704,0.005246237829955704,0.0,1.649201348804062,1.228125856867411,2.0095757216502865,1.9528509466907409
2021-02-22,-0.005118189927068717,0.0,0.0,-0.005118189927068717,-0.005118189927068717,0.0,1.649201348804062,1.228125856867411,1.9992903314340542,1.9428558846463218
2021-02-23,-0.0016659459553391557,0.0,0.0,-0.0016659459553391557,-0.0016659459553391557,0.0,1.649201348804062,1.228125856867411,1.9959596217928528,1.9396191917434882
2021-02-24,0.004532130608332449,0.0,0.0,0.004532130608332449,0.004532130608332449,0.0,1.649201348804062,1.228125856867411,2.0050055714877755,1.9484097992508977
2021-02-25,-0.022396279625254797,0.0,0.0,-0.022396279625254797,-0.022396279625254797,0.0,1.649201348804062,1.228125856867411,1.9601009060585415,1.904772668562288
2021-02-26,-0.010990235085515805,0.0,0.0,-0.010990235085515805,-0.010990235085515805,0.0,1.649201348804062,1.228125856867411,1.9385589363096256,1.8838387691503233
2021-03-01,0.016260896447134746,0.0,0.0,0.016260896447134746,0.016260896447134746,0.0,1.649201348804062,1.228125856867411,1.970081642429624,1.9144716762985745
2021-03-02,-0.004637313890370389,0.0,0.0,-0.004637313890370389,-0.004637313890370389,0.0,1.649201348804062,1.228125856867411,1.9609457554640213,1.9055936702013545
2021-03-03,-0.011439661045716323,0.0,0.0,-0.011439661045716323,-0.011439661045716323,0.0,1.649201348804062,1.228125856867411,1.9385132006924766,1.8837943245233884
2021-03-04,-0.017938854025970122,0.0,0.0,-0.017938854025970122,-0.017938854025970122,0.0,1.649201348804062,1.228125856867411,1.903738495357838,1.8500012131208121
2021-03-05,0.006959328706922153,0.0,0.0,0.006959328706922153,0.006959328706922153,0.0,1.649201348804062,1.228125856867411,1.9169872373190544,1.8628759796711245
2021-03-08,-0.01280275106962367,0.0,0.0,-0.01280275106962367,-0.01280275106962367,0.0,1.649201348804062,1.228125856867411,1.8924445269160128,1.8390260422298137
2021-03-09,0.020503557084601044,0.0,0.0,0.020503557084601044,0.020503557084601044,0.0,1.649201348804062,1.228125856867411,1.931246371303076,1.8767326176667407
2021-03-10,0.004531951077046131,0.0,0.0,0.004531951077046131,0.004531951077046131,0.0,1.649201348804062,1.228125856867411,1.9399986853755444,1.885237878074703
2021-03-11,0.013893021113830482,0.0,0.0,0.013893021113830482,0.013893021113830482,0.0,1.649201348804062,1.228125856867411,1.96695112807227,1.9114295277193876
2021-03-12,-0.004507793263353423,0.0,0.0,-0.004507793263353423,-0.004507793263353423,0.0,1.649201348804062,1.228125856867411,1.9580845190278005,1.9028131985709593
2021-03-15,0.0025905650531368152,0.0,0.0,0.0025905650531368152,0.0025905650531368152,0.0,1.649201348804062,1.228125856867411,1.963157064353882,1.9077425599458246
2021-03-16,-0.001059472427869244,0.0,0.0,-0.001059472427869244,-0.001059472427869244,0.0,1.649201348804062,1.228125856867411,1.9610771535726226,1.9057213593040894
2021-03-17,0.00657215194327467,0.0,0.0,0.00657215194327467,0.00657215194327467,0.0,1.649201348804062,1.228125856867411,1.9739656505983865,1.9182460496389797
2021-03-18,-0.01689225367864659,0.0,0.0,-0.01689225367864659,-0.01689225367864659,0.0,1.649201348804062,1.228125856867411,1.940620922075544,1.8858425507504164
2021-03-19,0.0035082276116252782,0.0,0.0,0.0035082276116252782,0.0035082276116252782,0.0,1.649201348804062,1.228125856867411,1.9474290619780668,1.8924585156581366
2021-03-22,0.0031229045166806576,0.0,0.0,0.0031229045166806576,0.0031229045166806576,0.0,1.649201348804062,1.228125856867411,1.9535106969916334,1.8983684829043164
2021-03-23,-0.014017585747377416,0.0,0.0,-0.014017585747377416,-0.014017585747377416,0.0,1.649201348804062,1.228125856867411,1.926127193288134,1.8717579399150863
2021-03-24,-0.01025498030076278,0.0,0.0,-0.01025498030076278,-0.01025498030076278,0.0,1.649201348804062,1.228125856867411,1.9063747968642009,1.8525630991134607
2021-03-25,0.002307170162395602,0.0,0.0,0.002307170162395602,0.002307170162395602,0.0,1.649201348804062,1.228125856867411,1.9107731279138689,1.8568372774196904
2021-03-26,0.011556038845680969,0.0,0.0,0.011556038845680969,0.011556038845680969,0.0,1.649201348804062,1.228125856867411,1.932854096405325,1.878294961127661
2021-03-29,-0.00855157184512077,0.0,0.0,-0.00855157184512077,-0.00855157184512077,0.0,1.649201348804062,1.228125856867411,1.9163251557337788,1.8622325868212495
2021-03-30,-0.0038974377717919057,0.0,0.0,-0.0038974377717919057,-0.0038974377717919057,0.0,1.649201348804062,1.228125856867411,1.9088563976887871,1.8549746511975107
2021-03-31,0.006505216672117651,2.2857650517601007e-05,6.857295155280303e-05,0.00648235902160005,0.006436643720564848,0.15000000000000002,1.6002786562453188,1.117469767669701,1.9212302901792842,1.8669144621379479
2021-04-01,0.011484116765708612,2.2857650517601007e-05,6.857295155280303e-05,0.011461259115191011,0.011415543814155809,0.15000000000000002,1.5513559636865764,1.0068136784719914,1.9432500083549826,1.8882263059777649
2021-04-05,0.008671332405526791,2.2857650517601003e-05,6.857295155280303e-05,0.00864847475500919,0.008602759453973988,0.15000000000000002,1.5024332711278334,0.8961575892742818,1.9600561569949122,1.9044702626827574
2021-04-06,0.0010938849374426576,2.2857650517601e-05,6.8572951552803e-05,0.0010710272869250566,0.0010253119858898547,0.15000000000000002,1.4535105785690907,0.7855015000765719,1.9621554306229592,1.9064229388698568
2021-04-07,-0.0027485265252072785,2.2857650517601e-05,6.857295155280302e-05,-0.0027713841757248795,-0.0028170994767600815,0.15000000000000002,1.404587886010348,0.6748454108788626,1.956717544112218,1.901052355806283
2021-04-08,0.006260939290881263,2.2857650517601003e-05,6.857295155280302e-05,0.006238081640363662,0.00619236633932846,0.14999999999999997,1.3556651934516053,0.5641893216811528,1.968923707899522,1.9128243684236788
2021-04-09,0.0005653737582908135,2.2857650517601003e-05,6.857295155280302e-05,0.0005425161077732125,0.0004968008067380104,0.15000000000000002,1.364319707227828,0.4535332324834431,1.9699918807260342,1.91377466111306
2021-04-12,-0.001962686773568247,2.2857650517601003e-05,6.857295155280302e-05,-0.001985544424085848,-0.00203125972512105,0.15000000000000002,1.38377597156503,0.3428771432857335,1.9660803743317643,1.9098872877209838
2021-04-13,0.0032065044349738735,2.2857650517600997e-05,6.8572951552803e-05,0.0031836467844562726,0.0031379314834210706,0.15000000000000002,1.4032322359022324,0.23222105408802374,1.9723396797934885,1.915880383170909
2021-04-14,0.0033925001111080834,2.2857650517601003e-05,6.857295155280302e-05,0.0033696424605904824,0.0033239271595552804,0.15,1.4226885002394352,0.1215649648903141,1.978985759325228,1.92224863001099
2021-04-15,0.002425157009824907,2.2857650517601007e-05,6.857295155280303e-05,0.0024022993593073062,0.0023565840582721043,0.15000000000000005,1.4421447645766374,0.010908875692604403,1.9837398755469333,1.9267785704885094
2021-04-16,0.004080123995221418,1.729741076929288e-05,5.1892232307878626e-05,0.004062826584452125,0.00402823176291354,0.11351173706134016,1.4568681936542403,-0.07282955698237309,1.9917994666499435,1.9345400811262523
2021-04-19,-0.0021645157553029184,0.0,0.0,-0.0021645157553029184,-0.0021645157553029184,0.0,1.4568681936542403,-0.07282955698237309,1.9874881853229756,1.9303527386413895
2021-04-20,-0.008893032137110788,0.0,0.0,-0.008893032137110788,-0.008893032137110788,0.0,1.4568681936542403,-0.07282955698237309,1.9698133890187703,1.9131860497006918
2021-04-21,0.005221319997768664,0.0,0.0,0.005221319997768664,0.005221319997768664,0.0,1.4568681936542403,-0.07282955698237309,1.9800984150587264,1.9231754062814461
2021-04-22,-0.003745701599538469,0.0,0.0,-0.003745701599538469,-0.003745701599538469,0.0,1.4568681936542403,-0.07282955698237309,1.9726815572581973,1.9159717650859447
2021-04-23,0.009666170200776446,0.0,0.0,0.009666170200776446,0.009666170200776446,0.0,1.4568681936542403,-0.07282955698237309,1.991749832942588,1.9344918742671477
2021-04-26,0.0038885403326219844,0.0,0.0,0.0038885403326219844,0.0038885403326219844,0.0,1.4568681936542403,-0.07282955698237309,1.9994948325004787,1.9420142239433653
2021-04-27,0.003934193114489636,0.0,0.0,0.003934193114489636,0.003934193114489636,0.0,1.4568681936542403,-0.07282955698237309,2.0073612313029594,1.9496544829314442
2021-04-28,0.0011248793942095874,0.0,0.0,0.0011248793942095874,0.0011248793942095874,0.0,1.4568681936542403,-0.07282955698237309,2.009619270588787,1.951847609085122
2021-04-29,0.0031215306300654876,0.0,0.0,0.0031215306300654876,0.0031215306300654876,0.0,1.4568681936542403,-0.07282955698237309,2.0158923586967004,1.9579403611821016
2021-04-30,-0.008587800893120875,2.780117052064814e-05,8.340351156194439e-05,-0.008615602063641524,-0.00867120440468282,0.15000000000000002,1.555920760876518,0.06207736450363652,1.998524232331034,1.9409626600981131
2021-05-03,0.004125605035512016,2.7420774572135335e-05,8.226232371640602e-05,0.004098184260939881,0.00404334271179561,0.14794759029176338,1.6536180184281775,0.19513839082053816,2.0067145528850796,1.9488106373236882
2021-05-04,-0.006418233416943501,0.0,0.0,-0.006418233416943501,-0.006418233416943501,0.0,1.6536180184281775,0.19513839082053816,1.9938349904834858,1.9363027157679225
2021-05-05,0.0015498690606547938,0.0,0.0,0.0015498690606547938,0.0015498690606547938,0.0,1.6536180184281775,0.19513839082053816,1.996925173647287,1.939303731439153
2021-05-06,0.006045929294168742,0.0,0.0,0.006045929294168742,0.006045929294168742,0.0,1.6536180184281775,0.19513839082053816,2.008998442052904,1.9510286246793518
2021-05-07,0.010120437344529812,0.0,0.0,0.010120437344529812,0.010120437344529812,0.0,1.6536180184281775,0.19513839082053816,2.0293303849109585,1.9707738876328034
2021-05-10,-0.007724180657352127,0.0,0.0,-0.007724180657352127,-0.007724180657352127,0.0,1.6536180184281775,0.19513839082053816,2.0136554704044523,1.9555512740899355
2021-05-11,-0.0004176917657238603,0.0,0.0,-0.0004176917657238603,-0.0004176917657238603,0.0,1.6536180184281775,0.19513839082053816,2.0128143830954595,1.9547344564252973
2021-05-12,-0.011415606142205405,0.0,0.0,-0.011415606142205405,-0.011415606142205405,0.0,1.6536180184281775,0.19513839082053816,1.9898368868606755,1.932419977758148
2021-05-13,-0.0009204707765549428,0.0,0.0,-0.0009204707765549428,-0.0009204707765549428,0.0,1.6536180184281775,0.19513839082053816,1.988005300156209,1.9306412416405907
2021-05-14,0.01129209168897599,0.0,0.0,0.01129209168897599,0.01129209168897599,0.0,1.6536180184281775,0.19513839082053816,2.0104540382837435,1.9524422195597149
2021-05-17,0.001978624997565671,0.0,0.0,0.001978624997565671,0.001978624997565671,0.0,1.6536180184281775,0.19513839082053816,2.014431972900349,1.9563053705416384
2021-05-18,-0.00020858572673305759,0.0,0.0,-0.00020858572673305759,-0.00020858572673305759,0.0,1.6536180184281775,0.19513839082053816,2.014011791143327,1.9558973131642121
2021-05-19,-0.006464771136588599,0.0,0.0,-0.006464771136588599,-0.006464771136588599,0.0,1.6536180184281775,0.19513839082053816,2.0009916658471942,1.9432528846679369
2021-05-20,0.003339550529743086,0.0,0.0,0.003339550529743086,0.003339550529743086,0.0,1.6536180184281775,0.19513839082053816,2.007674078624886,1.9497424758683546
2021-05-21,-0.0011014084860020627,0.0,0.0,-0.0011014084860020627,-0.0011014084860020627,0.0,1.6536180184281775,0.19513839082053816,2.005462809357562,1.9475950129599144
2021-05-24,0.007835586964442153,0.0,0.0,0.007835586964442153,0.007835586964442153,0.0,1.6536180184281775,0.19513839082053816,2.0211767876042375,1.9628555630554758
2021-05-25,-0.0024847936028136583,0.0,0.0,-0.0024847936028136583,-0.0024847936028136583,0.0,1.6536180184281775,0.19513839082053816,2.016154580452243,1.9579782721091485
2021-05-26,0.00272048335292603,0.0,0.0,0.00272048335292603,0.00272048335292603,0.0,1.6536180184281775,0.19513839082053816,2.0216394954252888,1.9633049194038121
2021-05-27,0.006249363767934494,0.0,0.0,0.006249363767934494,0.006249363767934494,0.0,1.6536180184281775,0.19513839082053816,2.034273456039825,1.9755743260325416
2021-05-28,0.0007493233401942086,0.0,0.0,0.0007493233401942086,0.0007493233401942086,0.0,1.6536180184281775,0.19513839082053816,2.0357977846207733,1.9770546699853264
2021-06-01,0.00630509177298344,0.0,0.0,0.00630509177298344,0.00630509177298344,0.0,1.6536180184281775,0.19513839082053816,2.0486336764840436,1.9895201811197893
2021-06-02,0.0014517084922839954,0.0,0.0,0.0014517084922839954,0.0014517084922839954,0.0,1.6536180184281775,0.19513839082053816,2.0516076953897744,1.9924083844622915
2021-06-03,-0.005456621748786419,0.0,0.0,-0.005456621748786419,-0.005456621748786419,0.0,1.6536180184281775,0.19513839082053816,2.040412848219133,1.9815365655391701
2021-06-04,0.004039908833432392,0.0,0.0,0.004039908833432392,0.004039908833432392,0.0,1.6536180184281775,0.19513839082053816,2.0486559301085023,1.989541792614061
2021-06-07,0.0025997023038151724,0.0,0.0,0.0025997023038151724,0.0025997023038151724,0.0,1.6536180184281775,0.19513839082053816,2.0539818256497298,1.9947140089958564
2021-06-08,0.0004848324415133901,0.0,0.0,0.0004848324415133901,0.0004848324415133901,0.0,1.6536180184281775,0.19513839082053816,2.0549776626730836,1.995681111058959
2021-06-09,-0.0041632757321480455,0.0,0.0,-0.0041632757321480455,-0.0041632757321480455,0.0,1.6536180184281775,0.19513839082053816,2.0464222240399703,1.987372540320181
2021-06-10,0.0007335385655596472,0.0,0.0,0.0007335385655596472,0.0007335385655596472,0.0,1.6536180184281775,0.19513839082053816,2.0479233536627217,1.98883035472264
2021-06-11,0.00010223229828353118,0.0,0.0,0.00010223229828353118,0.00010223229828353118,0.0,1.6536180184281775,0.19513839082053816,2.0481327175738753,1.9890336774206994
2021-06-14,0.003267114844390927,0.0,0.0,0.003267114844390927,0.003267114844390927,0.0,1.6536180184281775,0.19513839082053816,2.054824202378744,1.9955320788741941
2021-06-15,-0.002228483864256226,0.0,0.0,-0.002228483864256226,-0.002228483864256226,0.0,1.6536180184281775,0.19513839082053816,2.0502450597998596,1.9910850678358174
2021-06-16,-0.005251544414697904,0.0,0.0,-0.005251544414697904,-0.005251544414697904,0.0,1.6536180184281775,0.19513839082053816,2.0394781068073056,1.980628796168636
2021-06-17,-0.01201119075618348,0.0,0.0,-0.01201119075618348,-0.01201119075618348,0.0,1.6536180184281775,0.19513839082053816,2.014981546223383,1.9568390858806644
2021-06-18,-0.011650221036882047,0.0,0.0,-0.011650221036882047,-0.011650221036882047,0.0,1.6536180184281775,0.19513839082053816,1.9915065658246422,1.9340414779965445
2021-06-21,0.014321864617926307,0.0,0.0,0.014321864617926307,0.014321864617926307,0.0,1.6536180184281775,0.19513839082053816,2.0200286532460945,1.9617405582098653
2021-06-22,0.002449190271762032,0.0,0.0,0.002449190271762032,0.002449190271762032,0.0,1.6536180184281775,0.19513839082053816,2.0249760877723055,1.9665452341007539
2021-06-23,0.0018366793172922581,0.0,0.0,0.0018366793172922581,0.0018366793172922581,0.0,1.6536180184281775,0.19513839082053816,2.0286953194707285,1.9701571470587467
2021-06-24,0.005343101219679256,0.0,0.0,0.005343101219679256,0.005343101219679256,0.0,1.6536180184281775,0.19513839082053816,2.03953484390655,1.980683896114156
2021-06-25,0.0025602539954831896,0.0,0.0,0.0025602539954831896,0.0025602539954831896,0.0,1.6536180184281775,0.19513839082053816,2.044756571139589,1.9857549499729714
2021-06-28,-0.0029260808891513924,0.0,0.0,-0.0029260808891513924,-0.0029260808891513924,0.0,1.6536180184281775,0.19513839082053816,2.038773448013811,1.9799444703633178
2021-06-29,-0.000444014972416862,0.0,0.0,-0.000444014972416862,-0.000444014972416862,0.0,1.6536180184281775,0.19513839082053816,2.0378682020775267,1.9790653453739224
2021-06-30,-0.0010967596907786458,1.971238566793254e-05,5.9137157003797604e-05,-0.0011164720764465783,-0.0011558968477824434,0.15000000000000002,1.6597370332290302,0.19577976614597628,2.035592979134429,1.9767777499796493
2021-07-01,0.0024740008281052012,1.9712385667932537e-05,5.9137157003797604e-05,0.002454288442437269,0.0024148636711014038,0.15000000000000005,1.6658560480298832,0.19642114147141426,2.040588911456625,1.9815513987539168
2021-07-02,0.002588251038682639,1.971238566793253e-05,5.9137157003797577e-05,0.0025685386530147065,0.0025291138816788414,0.14999999999999997,1.671975062830736,0.19706251679685233,2.0458302429506148,1.9865629679037653
2021-07-06,-0.01347247721933984,1.971238566793253e-05,5.9137157003797577e-05,-0.013492189605007773,-0.013531614376343638,0.14999999999999997,1.678094077631588,0.1977038921222904,2.018227513413066,1.9596815638877667
2021-07-07,-0.0037181611887462255,1.9712385667932544e-05,5.9137157003797604e-05,-0.003737873574414158,-0.003777298345750023,0.15000000000000005,1.684213092432441,0.19834526744772843,2.0106836341235237,1.9522792619582967
2021-07-08,-0.00637657890165711,1.9712385667932537e-05,5.913715700379758e-05,-0.006396291287325042,-0.006435716058660908,0.15,1.690332107233294,0.1989866427731664,1.9978227159130124,1.939714946961121
2021-07-09,0.014302654499983209,1.971238566793253e-05,5.9137157003797577e-05,0.014282942114315276,0.014243517342979411,0.15,1.696451122034147,0.19962801809860453,2.0263575021190623,1.967343310448598
2021-07-12,0.0026317849280030866,1.1432698469953792e-05,3.429809540986137e-05,0.002620352229533133,0.0025974868325932252,0.08699630777226627,1.6999999999999997,0.19999999999999996,2.0316672725175713,1.9724534587926787
2021-07-13,-0.0018461428462326016,0.0,0.0,-0.0018461428462326016,-0.0018461428462326016,0.0,1.6999999999999997,0.19999999999999996,2.027916524516488,1.968812027950202
2021-07-14,-0.0031582787090495192,0.0,0.0,-0.0031582787090495192,-0.0031582787090495192,0.0,1.6999999999999997,0.19999999999999996,2.021511798933378,1.9625939708402063
2021-07-15,-0.005573831204737076,0.0,0.0,-0.005573831204737076,-0.005573831204737076,0.0,1.6999999999999997,0.19999999999999996,2.010244233387739,1.9516548033233083
2021-07-16,-0.0057325645504400224,0.0,0.0,-0.0057325645504400224,-0.0057325645504400224,0.0,1.6999999999999997,0.19999999999999996,1.9987203785576941,1.9404668161830811
2021-07-19,-0.021947266324917586,0.0,0.0,-0.021947266324917586,-0.021947266324917586,0.0,1.6999999999999997,0.19999999999999996,1.9548539301004482,1.897878874173646
2021-07-20,0.012852207883218645,0.0,0.0,0.012852207883218645,0.012852207883218645,0.0,1.6999999999999997,0.19999999999999996,1.9799781191914263,1.9222708080016948
2021-07-21,0.014200841535731173,0.0,0.0,0.014200841535731173,0.014200841535731173,0.0,1.6999999999999997,0.19999999999999996,2.0080954747062787,1.9495686711348887
2021-07-22,0.001313547909393958,0.0,0.0,0.001313547909393958,0.001313547909393958,0.0,1.6999999999999997,0.19999999999999996,2.0107332043189428,1.9521295229870779
2021-07-23,0.0050102694199012695,0.0,0.0,0.0050102694199012695,0.0050102694199012695,0.0,1.6999999999999997,0.19999999999999996,2.020807519404122,1.9619102178397865
2021-07-26,0.000653618628987165,0.0,0.0,0.000653618628987165,0.000653618628987165,0.0,1.6999999999999997,0.19999999999999996,2.022128356844402,1.9631925589065669
2021-07-27,-0.009713160794705413,0.0,0.0,-0.009713160794705413,-0.009713160794705413,0.0,1.6999999999999997,0.19999999999999996,2.0024870989668386,1.9441237539109382
2021-07-28,0.008708693426360575,0.0,0.0,0.008708693426360575,0.008708693426360575,0.0,1.6999999999999997,0.19999999999999996,2.0199261452019828,1.9610545316666537
2021-07-29,0.007999190071745077,0.0,0.0,0.007999190071745077,0.007999190071745077,0.0,1.6999999999999997,0.19999999999999996,2.036083918368341,1.9767413796065123
2021-07-30,-0.006042871511246303,0.0,0.0,-0.006042871511246303,-0.006042871511246303,0.0,1.6999999999999997,0.19999999999999996,2.023780124863526,1.9647961854385865
2021-08-02,-0.002501815821883391,0.0,0.0,-0.002501815821883391,-0.002501815821883391,0.0,1.6999999999999997,0.19999999999999996,2.0187169997271295,1.9598806272550802
2021-08-03,0.002439839141376428,0.0,0.0,0.002439839141376428,0.002439839141376428,0.0,1.6999999999999997,0.19999999999999996,2.023642344478426,1.9646624207218826
2021-08-04,-0.005028574359645325,0.0,0.0,-0.005028574359645325,-0.005028574359645325,0.0,1.6999999999999997,0.19999999999999996,2.013466308471889,1.9547829696476817
2021-08-05,0.00886839551190487,0.0,0.0,0.00886839551190487,0.00886839551190487,0.0,1.6999999999999997,0.19999999999999996,2.0313225240453128,1.9721187581624533
2021-08-06,-0.0038118223962120145,0.0,0.0,-0.0038118223962120145,-0.0038118223962120145,0.0,1.6999999999999997,0.19999999999999996,2.023579483354227,1.9646013917121
2021-08-09,-0.003789919041637376,0.0,0.0,-0.003789919041637376,-0.003789919041637376,0.0,1.6999999999999997,0.19999999999999996,2.0159102809379963,1.9571557114884228
2021-08-10,0.005247906835677838,0.0,0.0,0.005247906835677838,0.005247906835677838,0.0,1.6999999999999997,0.19999999999999996,2.026489590281444,1.9674266823252289
2021-08-11,0.00430797109071407,0.0,0.0,0.00430797109071407,0.00430797109071407,0.0,1.6999999999999997,0.19999999999999996,2.0352196488520096,1.9759022995957856
2021-08-12,-0.0018723604109271634,0.0,0.0,-0.0018723604109271634,-0.0018723604109271634,0.0,1.6999999999999997,0.19999999999999996,2.0314089841539578,1.9722026983541625
2021-08-13,-0.0017439695777111673,0.0,0.0,-0.0017439695777111673,-0.0017439695777111673,0.0,1.6999999999999997,0.19999999999999996,2.0278662686857043,1.968763236847153
2021-08-16,-0.0043783093133577256,0.0,0.0,-0.0043783093133577256,-0.0043783093133577256,0.0,1.6999999999999997,0.19999999999999996,2.0189876429152736,1.960143382431469
2021-08-17,-0.011049887506007059,0.0,0.0,-0.011049887506007059,-0.011049887506007059,0.0,1.6999999999999997,0.19999999999999996,1.9966780565850413,1.938484018559957
2021-08-18,-0.006846217722237597,0.0,0.0,-0.006846217722237597,-0.006846217722237597,0.0,1.6999999999999997,0.19999999999999996,1.983008363888446,1.9252127349178174
2021-08-19,-0.008731579471534329,0.0,0.0,-0.008731579471534329,-0.008731579471534329,0.0,1.6999999999999997,0.19999999999999996,1.9656935687664367,1.9084025869232726
2021-08-20,-0.0006412498646219326,0.0,0.0,-0.0006412498646219326,-0.0006412498646219326,0.0,1.6999999999999997,0.19999999999999996,1.9644330680315771,1.907178824022764
2021-08-23,0.01957424641566553,0.0,0.0,0.01957424641566553,0.01957424641566553,0.0,1.6999999999999997,0.19999999999999996,2.0028853649723093,1.944510412282925
2021-08-24,0.010707652485060426,0.0,0.0,0.010707652485060426,0.010707652485060426,0.0,1.6999999999999997,0.19999999999999996,2.0243315654278464,1.9653315540312322
2021-08-25,0.004319349565812289,0.0,0.0,0.004319349565812289,0.004319349565812289,0.0,1.6999999999999997,0.19999999999999996,2.0330753610960373,1.973820508025814
2021-08-26,-0.007827388243010127,0.0,0.0,-0.007827388243010127,-0.007827388243010127,0.0,1.6999999999999997,0.19999999999999996,2.017161690917441,1.9583706485874806
2021-08-27,0.01257589014448019,0.0,0.0,0.01257589014448019,0.01257589014448019,0.0,1.6999999999999997,0.19999999999999996,2.0425292947460725,1.982998902726291
2021-08-30,0.0032361555266476596,0.0,0.0,0.0032361555266476596,0.0032361555266476596,0.0,1.6999999999999997,0.19999999999999996,2.0491392372116044,1.989416195584685
2021-08-31,0.0008709932931836965,2.3243442318658e-05,6.973032695597401e-05,0.0008477498508650385,0.0008012629662277225,0.15000000000000002,1.6569422667548979,0.2480128844185422,2.050876394694352,1.9910102411066206
2021-09-01,0.0032588567962577412,2.3243442318658e-05,6.973032695597401e-05,0.0032356133539390834,0.003189126469301767,0.15000000000000002,1.6138845335097955,0.29602576883708437,2.0575122377443034,1.9973598245671846
2021-09-02,0.004223577715363781,2.3243442318657996e-05,6.9730326955974e-05,0.004200334273045123,0.004153847388407807,0.15,1.570826800264693,0.34403865325562644,2.066154476913711,2.0056565524581735
2021-09-03,0.0009219471220840985,2.3243442318658e-05,6.973032695597401e-05,0.0008987036797654405,0.0008522167951281244,0.15000000000000002,1.5277690670195907,0.3920515376741686,2.068011337545077,2.0073658066574374
2021-09-07,-0.0016497442041847371,2.3243442318658e-05,6.9730326955974e-05,-0.0016729876465033952,-0.0017194745311407112,0.15,1.4847113337744888,0.4400644220927107,2.0645515801245353,2.003914192278207
2021-09-08,-0.0022823066464207503,2.3243442318658e-05,6.973032695597401e-05,-0.002305550088739408,-0.0023520369733767243,0.15000000000000002,1.452824164189842,0.488077306511253,2.059791653045772,1.9992009120064944
2021-09-09,-0.003926854548993596,2.3243442318657993e-05,6.973032695597398e-05,-0.003950097991312254,-0.00399658487594957,0.15,1.494961524888149,0.5360901909297952,2.051655274174554,1.9912109358775847
2021-09-10,-0.0014949997913518383,2.324344231865799e-05,6.973032695597398e-05,-0.0015182432336704964,-0.0015647301183078124,0.14999999999999997,1.537098885586456,0.5841030753483372,2.048540362436714,1.9880952281543132
2021-09-13,0.004566051733392416,2.3243442318657993e-05,6.973032695597398e-05,0.004542808291073758,0.004496321406436442,0.15,1.5792362462847633,0.6321159597668793,2.0578464885797905,1.9970343432866975
2021-09-14,-0.0029164461748720774,2.3243442318657986e-05,6.973032695597396e-05,-0.0029396896171907353,-0.0029861765018280514,0.14999999999999994,1.6213736069830702,0.6801288441854216,2.05179705862354,1.9910708462574311
2021-09-15,0.005466747158506383,2.3243442318657993e-05,6.973032695597398e-05,0.005443503716187724,0.0053970168315504085,0.14999999999999997,1.663510967681377,0.7281417286039638,2.06296602353702,2.0018166891274918
2021-09-16,0.00047732151020715306,8.053998244578943e-06,2.4161994733736826e-05,0.0004692675119625741,0.00045315951547341625,0.051975938852958745,1.6781118269019124,0.7447784935685792,2.063934106470149,2.002723831408403
2021-09-17,-0.007761597456582272,0.0,0.0,-0.007761597456582272,-0.007761597456582272,0.0,1.6781118269019124,0.7447784935685792,2.047914680758817,1.987179495212307
2021-09-20,-0.014494445863716954,0.0,0.0,-0.014494445863716954,-0.014494445863716954,0.0,1.6781118269019124,0.7447784935685792,2.018231292285047,1.9583764295974637
2021-09-21,0.0018659247023248568,0.0,0.0,0.0018659247023248568,0.0018659247023248568,0.0,1.6781118269019124,0.7447784935685792,2.021997159908327,1.9620306125539007
2021-09-22,0.010730258481708483,0.0,0.0,0.010730258481708483,0.010730258481708483,0.0,1.6781118269019124,0.7447784935685792,2.0436937120834235,1.9830837081756287
2021-09-23,0.006124480549083065,0.0,0.0,0.006124480549083065,0.006124480549083065,0.0,1.6781118269019124,0.7447784935685792,2.0562102744713617,1.9952290657735536
2021-09-24,0.0002559815619862396,0.0,0.0,0.0002559815619862396,0.0002559815619862396,0.0,1.6781118269019124,0.7447784935685792,2.0567366263891933,1.9957398076263306
2021-09-27,0.00010936543826773812,0.0,0.0,0.00010936543826773812,0.00010936543826773812,0.0,1.6781118269019124,0.7447784935685792,2.0569615622917397,1.99595807258506
2021-09-28,-0.017637480291989707,0.0,0.0,-0.017637480291989707,-0.017637480291989707,0.0,1.6781118269019124,0.7447784935685792,2.020681943275439,1.9607544014162033
2021-09-29,0.004484144844694545,0.0,0.0,0.004484144844694545,0.004484144844694545,0.0,1.6781118269019124,0.7447784935685792,2.029742973794145,1.969546708157026
2021-09-30,-0.005388147010002994,2.4687089116744884e-05,7.406126735023465e-05,-0.005412834099119739,-0.005462208277353229,0.15000000000000002,1.5904538507027024,0.7334960873343755,2.0187563118131435,1.9587886338250968
2021-10-01,0.007069079230391707,2.468708911674489e-05,7.406126735023466e-05,0.007044392141274962,0.006995017963041472,0.15000000000000002,1.5027958745034926,0.722213681100172,2.0329772229112293,1.972490395504505
2021-10-04,-0.008610306172934176,2.4687089116744884e-05,7.406126735023465e-05,-0.00863499326205092,-0.00868436744028441,0.15000000000000002,1.4151378983042824,0.7109312748659684,2.0154224782894876,1.9553605641375118
2021-10-05,0.010389227943828181,2.468708911674489e-05,7.406126735023466e-05,0.010364540854711437,0.010315166676477947,0.15,1.3274799221050724,0.6996488686317648,2.036311406905223,1.9755304342692024
2021-10-06,-0.002442537056826549,2.4687089116744894e-05,7.406126735023469e-05,-0.002467224145943294,-0.0025165983241767836,0.15000000000000008,1.2398219459058624,0.688366462397561,2.0312873702334464,1.9705588176889601
2021-10-07,0.009553764371190798,1.6632099865135495e-05,4.9896299595406485e-05,0.009537132271325662,0.009503868071595391,0.10105747858617031,1.1807653188881377,0.6807653188881377,2.0506600265644357,1.9892867487195949
2021-10-08,0.000159024194969071,0.0,0.0,0.000159024194969071,0.000159024194969071,0.0,1.1807653188881377,0.6807653188881377,2.0509861311243154,1.9896030934433728
2021-10-11,-0.0002163859728872995,0.0,0.0,-0.0002163859728872995,-0.0002163859728872995,0.0,1.1807653188881377,0.6807653188881377,2.050542326494954,1.9891725712423385
2021-10-12,-7.862069144576572e-05,0.0,0.0,-7.862069144576572e-05,-7.862069144576572e-05,0.0,1.1807653188881377,0.6807653188881377,2.050381111439406,1.9890161811193823
2021-10-13,0.0053458611034300305,0.0,0.0,0.0053458611034300305,0.0053458611034300305,0.0,1.1807653188881377,0.6807653188881377,2.0613421640702576,1.9996491853561214
2021-10-14,0.013660155004546998,0.0,0.0,0.013660155004546998,0.013660155004546998,0.0,1.1807653188881377,0.6807653188881377,2.089500417548866,2.026964703182802
2021-10-15,0.007452268670838636,0.0,0.0,0.007452268670838636,0.007452268670838636,0.0,1.1807653188881377,0.6807653188881377,2.1050719360482697,2.0420701887372275
2021-10-18,0.0008056970112880845,0.0,0.0,0.0008056970112880845,0.0008056970112880845,0.0,1.1807653188881377,0.6807653188881377,2.1067679862156905,2.043715478585134
2021-10-19,0.005298076303518832,0.0,0.0,0.005298076303518832,0.005298076303518832,0.0,1.1807653188881377,0.6807653188881377,2.117929803760472,2.0545432391333605
2021-10-20,0.004086910903803643,0.0,0.0,0.004086910903803643,0.004086910903803643,0.0,1.1807653188881377,0.6807653188881377,2.1265855941689518,2.0629399742997108
2021-10-21,-0.002883654024347247,0.0,0.0,-0.002883654024347247,-0.002883654024347247,0.0,1.1807653188881377,0.6807653188881377,2.120453257062208,2.0569911691408347
2021-10-22,-0.0012238942674872083,0.0,0.0,-0.0012238942674872083,-0.0012238942674872083,0.0,1.1807653188881377,0.6807653188881377,2.1178580464764147,2.0544736294406514
2021-10-25,0.005352735783483611,0.0,0.0,0.005352735783483611,0.005352735783483611,0.0,1.1807653188881377,0.6807653188881377,2.129194381026128,2.065470683953182
2021-10-26,0.0018994521716760567,0.0,0.0,0.0018994521716760567,0.0018994521716760567,0.0,1.1807653188881377,0.6807653188881377,2.1332386839170883,2.06939394672935
2021-10-27,-0.007675484164811476,0.0,0.0,-0.007675484164811476,-0.007675484164811476,0.0,1.1807653188881377,0.6807653188881377,2.1168650441789194,2.053510346260472
2021-10-28,0.008511264731786086,0.0,0.0,0.008511264731786086,0.008511264731786086,0.0,1.1807653188881377,0.6807653188881377,2.13488224297139,2.0709883164469565
2021-10-29,-9.171198604505476e-05,0.0,0.0,-9.171198604505476e-05,-9.171198604505476e-05,0.0,1.1807653188881377,0.6807653188881377,2.1346864486809145,2.070798381995379
2021-11-01,0.007115699263181928,0.0,0.0,0.007115699263181928,0.007115699263181928,0.0,1.1807653188881377,0.6807653188881377,2.1498762354709178,2.0855335605163416
2021-11-02,0.0018965791632246255,0.0,0.0,0.0018965791632246255,0.0018965791632246255,0.0,1.1807653188881377,0.6807653188881377,2.153953645942624,2.0894889400114227
2021-11-03,0.0008677690391099436,0.0,0.0,0.0008677690391099436,0.0008677690391099436,0.0,1.1807653188881377,0.6807653188881377,2.1558227802282506,2.0913021338211273
2021-11-04,0.0012789506841611282,0.0,0.0,0.0012789506841611282,0.0012789506841611282,0.0,1.1807653188881377,0.6807653188881377,2.1585799712479536,2.093976806115965
2021-11-05,0.004700865836746892,0.0,0.0,0.004700865836746892,0.004700865836746892,0.0,1.1807653188881377,0.6807653188881377,2.168727166090679,2.103820310146776
2021-11-08,0.0013255286376276604,0.0,0.0,0.0013255286376276604,0.0013255286376276604,0.0,1.1807653188881377,0.6807653188881377,2.1716018760565334,2.1066089842162983
2021-11-09,-0.0020285728444797324,0.0,0.0,-0.0020285728444797324,-0.0020285728444797324,0.0,1.1807653188881377,0.6807653188881377,2.1671966234617437,2.10233557443698
2021-11-10,-0.008966101010720921,0.0,0.0,-0.008966101010720921,-0.008966101010720921,0.0,1.1807653188881377,0.6807653188881377,2.1477653196256923,2.083485821318146
2021-11-11,0.0039939005615074845,0.0,0.0,0.0039939005615074845,0.0039939005615074845,0.0,1.1807653188881377,0.6807653188881377,2.1563432807417318,2.0918070565098015
2021-11-12,0.004429854578835024,0.0,0.0,0.004429854578835024,0.004429854578835024,0.0,1.1807653188881377,0.6807653188881377,2.165895567897466,2.101073457577121
2021-11-15,-0.00020323848680819874,0.0,0.0,-0.00020323848680819874,-0.00020323848680819874,0.0,1.1807653188881377,0.6807653188881377,2.165455374559662,2.10064643858693
2021-11-16,0.0031737125030009378,0.0,0.0,0.0031737125030009378,0.0031737125030009378,0.0,1.1807653188881377,0.6807653188881377,2.1723279073565926,2.107313286453458
2021-11-17,-0.005284887702424966,0.0,0.0,-0.005284887702424966,-0.005284887702424966,0.0,1.1807653188881377,0.6807653188881377,2.1608473983133694,2.0961763723807234
2021-11-18,0.0036833507857984152,0.0,0.0,0.0036833507857984152,0.0036833507857984152,0.0,1.1807653188881377,0.6807653188881377,2.1688065572759374,2.103897325269104
2021-11-19,-0.006049375754986181,0.0,0.0,-0.006049375754986181,-0.006049375754986181,0.0,1.1807653188881377,0.6807653188881377,2.1556866314710974,2.0911700597986407
2021-11-22,-0.0009889270680581127,0.0,0.0,-0.0009889270680581127,-0.0009889270680581127,0.0,1.1807653188881377,0.6807653188881377,2.1535548146109846,2.0891020451225932
2021-11-23,0.0038350680144280183,0.0,0.0,0.0038350680144280183,0.0038350680144280183,0.0,1.1807653188881377,0.6807653188881377,2.161813843797817,2.0971138935547193
2021-11-24,-0.00031925213322370454,0.0,0.0,-0.00031925213322370454,-0.00031925213322370454,0.0,1.1807653188881377,0.6807653188881377,2.161123680116552,2.0964443854705888
2021-11-26,-0.03605223533841037,0.0,0.0,-0.03605223533841037,-0.03605223533841037,0.0,1.1807653188881377,0.6807653188881377,2.083210340605578,2.020862879111714
2021-11-29,0.009425798932851176,0.0,0.0,0.009425798932851176,0.009425798932851176,0.0,1.1807653188881377,0.6807653188881377,2.1028462624109627,2.039911126281084
2021-11-30,-0.018351637277870016,2.0194169098913647e-05,6.058250729674092e-05,-0.01837183144696893,-0.018412219785166755,0.14999999999999997,1.2726195643837563,0.6122825030904122,2.0642131253190596,2.0023518342817894
2021-12-01,-0.01122171760027895,2.019416909891364e-05,6.058250729674092e-05,-0.011241911769377864,-0.011282300107575692,0.14999999999999994,1.364473809879375,0.5437996872926868,2.041007423491031,1.9797606999664676
2021-12-02,0.012212481903464733,2.0194169098913654e-05,6.058250729674095e-05,0.01219228773436582,0.012151899396167992,0.15000000000000002,1.4563280553749935,0.4753168714949614,2.0658919732662104,2.003818552820947
2021-12-03,-0.00927843595956848,2.019416909891364e-05,6.058250729674091e-05,-0.009298630128667393,-0.009339018466865221,0.14999999999999997,1.5481823008706121,0.4068340556972358,2.0466820079210253,1.9851048543519052
2021-12-06,0.014070790984546996,2.019416909891366e-05,6.0582507296740975e-05,0.014050596815448083,0.014010208477250255,0.15000000000000008,1.6400365463662303,0.3383512398995103,2.0754391116237554,2.0129165872105768
2021-12-07,0.019725537978910697,2.0194169098913647e-05,6.058250729674092e-05,0.019705343809811784,0.019664955471613958,0.14999999999999997,1.7318907918618491,0.26986842410178474,2.1163363528746317,2.0525005022661458
2021-12-08,0.004391716927575206,2.019416909891365e-05,6.058250729674094e-05,0.004371522758476292,0.004331134420278465,0.14999999999999997,1.8237450373574675,0.20138560830405927,2.125587965405814,2.0613901578391496
2021-12-09,-0.010450658701343199,2.0194169098913637e-05,6.0582507296740894e-05,-0.010470852870442112,-0.01051124120863994,0.1499999999999999,1.9155992828530857,0.1329027925063338,2.103331246556867,2.0397223886649862
2021-12-10,0.006242984318012954,3.686410685873318e-06,1.1059232057619953e-05,0.00623929790732708,0.006231925085955334,0.027382240892037703,1.9323671167005354,0.12040137277874474,2.116454556801925,2.0524337857872923
2021-12-13,-0.00762183078332796,0.0,0.0,-0.00762183078332796,-0.00762183078332796,0.0,1.9323671167005354,0.12040137277874474,2.100323298309377,2.036790482778036
2021-12-14,-0.005332342819473507,0.0,0.0,-0.005332342819473507,-0.005332342819473507,0.0,1.9323671167005354,0.12040137277874474,2.0891236544510643,2.0259296176724226
2021-12-15,0.011652113628444174,0.0,0.0,0.011652113628444174,0.011652113628444174,0.0,1.9323671167005354,0.12040137277874474,2.1134663606565987,2.049535979780772
2021-12-16,-0.012227194210739737,0.0,0.0,-0.012227194210739737,-0.012227194210739737,0.0,1.9323671167005354,0.12040137277874474,2.087624597006985,2.024475905314094
2021-12-17,-0.002360843494940092,0.0,0.0,-0.002360843494940092,-0.002360843494940092,0.0,1.9323671167005354,0.12040137277874474,2.082696042057264,2.0196964345423702
2021-12-20,-0.008774026072151992,0.0,0.0,-0.008774026072151992,-0.008774026072151992,0.0,1.9323671167005354,0.12040137277874474,2.064422412683886,2.001975565367863
2021-12-21,0.01887628558594866,0.0,0.0,0.01887628558594866,0.01887628558594866,0.0,1.9323671167005354,0.12040137277874474,2.1033910397157403,2.0397654278758375
2021-12-22,0.006868796822407042,0.0,0.0,0.006868796822407042,0.006868796822407042,0.0,1.9323671167005354,0.12040137277874474,2.117838805405619,2.0537761621652866
2021-12-23,0.006348665416656838,0.0,0.0,0.006348665416656838,0.006348665416656838,0.0,1.9323671167005354,0.12040137277874474,2.1312842553875515,2.0668148998595797
2021-12-27,0.01233028918291733,0.0,0.0,0.01233028918291733,0.01233028918291733,0.0,1.9323671167005354,0.12040137277874474,2.1575636065874786,2.0922993252624105
2021-12-28,-0.0019342858341143895,0.0,0.0,-0.0019342858341143895,-0.0019342858341143895,0.0,1.9323671167005354,0.12040137277874474,2.1533902618670555,2.0882522203168286
2021-12-29,0.0017874254315600204,0.0,0.0,0.0017874254315600204,0.0017874254315600204,0.0,1.9323671167005354,0.12040137277874474,2.1572392863851904,2.0919848154429346
2021-12-30,-0.002324122849835493,0.0,0.0,-0.002324122849835493,-0.002324122849835493,0.0,1.9323671167005354,0.12040137277874474,2.15222559726714,2.0871227857318546
2021-12-31,-0.005085832699278142,1.9905668718838997e-05,5.9717006156516985e-05,-0.00510573836799698,-0.005145549705434659,0.1499999999999999,1.7823671167005357,0.13207656759919184,2.1412368964585875,2.076383391696526
2022-01-03,0.010525896402100618,1.9905668718839014e-05,5.971700615651706e-05,0.010505990733381779,0.010466179395944101,0.15000000000000005,1.6323671167005356,0.14375176241963888,2.1637327114507565,2.098115192768781
2022-01-04,0.0006567893664351339,1.990566871883901e-05,5.971700615651703e-05,0.0006368836977162949,0.0005970723602786169,0.15,1.4823671167005352,0.15542695724008596,2.1651107575408948,2.099367919359064
2022-01-05,-0.012469705004318259,9.321186379638566e-06,2.7963559138915703e-05,-0.012479026190697897,-0.012497668563457175,0.07024019020383523,1.4121269264967002,0.16089407660578614,2.13809228369178,2.07313071491016
2022-01-06,0.0012664950747881185,0.0,0.0,0.0012664950747881185,0.0012664950747881185,0.0,1.4121269264967002,0.16089407660578614,2.140800167038518,2.0757563247499853
2022-01-07,-0.005954006436116996,0.0,0.0,-0.005954006436116996,-0.005954006436116996,0.0,1.4121269264967002,0.16089407660578614,2.1280538290655304,2.063397258232613
2022-01-10,-9.756001693632469e-05,0.0,0.0,-9.756001693632469e-05,-9.756001693632469e-05,0.0,1.4121269264967002,0.16089407660578614,2.1278462160979257,2.063195953161154
2022-01-11,0.006478112522368234,0.0,0.0,0.006478112522368234,0.006478112522368234,0.0,1.4121269264967002,0.16089407660578614,2.1416306433161036,2.0765615687014267
2022-01-12,-0.0013451902911025494,0.0,0.0,-0.0013451902911025494,-0.0013451902911025494,0.0,1.4121269264967002,0.16089407660578614,2.138749742567587,2.073768198240333
2022-01-13,-0.01090006117744234,0.0,0.0,-0.01090006117744234,-0.01090006117744234,0.0,1.4121269264967002,0.16089407660578614,2.1154372395303613,2.051163998011679
2022-01-14,0.004950968335696564,0.0,0.0,0.004950968335696564,0.004950968335696564,0.0,1.4121269264967002,0.16089407660578614,2.1259107023194295,2.0613192460171557
2022-01-18,-0.004075763841447036,0.0,0.0,-0.004075763841447036,-0.004075763841447036,0.0,1.4121269264967002,0.16089407660578614,2.1172459923487708,2.0529177955685602
2022-01-19,-0.005578797430231653,0.0,0.0,-0.005578797430231653,-0.005578797430231653,0.0,1.4121269264967002,0.16089407660578614,2.105434305847487,2.0414649830461653
2022-01-20,-0.0043918090313186655,0.0,0.0,-0.0043918090313186655,-0.0043918090313186655,0.0,1.4121269264967002,0.16089407660578614,2.096187640448218,2.0324992586965025
2022-01-21,-0.012715728407921956,0.0,0.0,-0.012715728407921956,-0.012715728407921956,0.0,1.4121269264967002,0.16089407660578614,2.069533087720236,2.006654550133615
2022-01-24,0.003113458242938739,0.0,0.0,0.003113458242938739,0.003113458242938739,0.0,1.4121269264967002,0.16089407660578614,2.075976492571233,2.012902185283459
2022-01-25,-0.006047699216441226,0.0,0.0,-0.006047699216441226,-0.006047699216441226,0.0,1.4121269264967002,0.16089407660578614,2.0634216111637596,2.0007287583147475
2022-01-26,0.0035362183898517505,0.0,0.0,0.0035362183898517505,0.0035362183898517505,0.0,1.4121269264967002,0.16089407660578614,2.0707183206111743,2.0078037721430055
2022-01-27,0.002449280920564227,0.0,0.0,0.002449280920564227,0.002449280920564227,0.0,1.4121269264967002,0.16089407660578614,2.07579009148571,2.0127214476143522
2022-01-28,0.011889418403030991,0.0,0.0,0.011889418403030991,0.011889418403030991,0.0,1.4121269264967002,0.16089407660578614,2.1004700284002498,2.0366515350337933
2022-01-31,0.008277878078182789,1.8861748638646366e-05,5.6585245915939096e-05,0.008259016329544143,0.00822129283226685,0.14999999999999997,1.4050653773263126,0.022353055622311074,2.1178178446645255,2.053395443700592
2022-02-01,0.001122793522391283,1.8861748638646373e-05,5.6585245915939116e-05,0.0011039317737526367,0.0010662082764753438,0.15000000000000002,1.3980038281559248,-0.11618796536116402,2.120155771074271,2.055584790917542
2022-02-02,0.0011762405711751283,1.8861748638646373e-05,5.658524591593913e-05,0.001157378822536482,0.0011196553252591892,0.15000000000000005,1.3909422789855372,-0.25472898634463914,2.122609594464191,2.0578863373752148
2022-02-03,-0.007064564730961209,1.8861748638646373e-05,5.6585245915939116e-05,-0.007083426479599855,-0.007121149976877148,0.15000000000000005,1.3838807298151496,-0.39327000732811424,2.107574245456911,2.0432318201313993
2022-02-04,0.004137308624169915,1.8861748638646353e-05,5.6585245915939055e-05,0.004118446875531269,0.0040807233782539755,0.14999999999999994,1.376819180644762,-0.5318110283115893,2.116254178023063,2.051569683987002
2022-02-07,-0.00011683698817937188,1.886174863864637e-05,5.658524591593911e-05,-0.00013569873681801826,-0.000173422234095311,0.15000000000000002,1.369757631474374,-0.6703520492950645,2.1159670050043196,2.0512138961890027
2022-02-08,-0.0003774372154204594,1.3467222367606207e-06,4.040166710281862e-06,-0.00037878393765722004,-0.0003814773821307413,0.010709947385270126,1.369253439340552,-0.6802438295979619,2.115165510690211,2.0504314044816945
2022-02-09,-0.0016204446411380476,0.0,0.0,-0.0016204446411380476,-0.0016204446411380476,0.0,1.369253439340552,-0.6802438295979619,2.111738002073293,2.0471087939002808
2022-02-10,0.006044645359341488,0.0,0.0,0.006044645359341488,0.006044645359341488,0.0,1.369253439340552,-0.6802438295979619,2.1245027093876705,2.0594828405713974
2022-02-11,0.00140683213502106,0.0,0.0,0.00140683213502106,0.00140683213502106,0.0,1.369253439340552,-0.6802438295979619,2.1274915280701765,2.062380187213038
2022-02-14,0.00636068234233773,0.0,0.0,0.00636068234233773,0.00636068234233773,0.0,1.369253439340552,-0.6802438295979619,2.1410238258662453,2.075498332453031
2022-02-15,-0.006493257346162821,0.0,0.0,-0.006493257346162821,-0.006493257346162821,0.0,1.369253439340552,-0.6802438295979619,2.1271216071806296,2.0620215876588817
2022-02-16,-0.002766259977183813,0.0,0.0,-0.002766259977183813,-0.002766259977183813,0.0,1.369253439340552,-0.6802438295979619,2.1212374358120827,2.056317499868852
2022-02-17,0.0015531713088504306,0.0,0.0,0.0015531713088504306,0.0015531713088504306,0.0,1.369253439340552,-0.6802438295979619,2.1245320809366453,2.059511313211535
2022-02-18,0.0019237750455146883,0.0,0.0,0.0019237750455146883,0.0019237750455146883,0.0,1.369253439340552,-0.6802438295979619,2.128619202737347,2.0634733496818467
2022-02-22,0.004206146290631887,0.0,0.0,0.004206146290631887,0.004206146290631887,0.0,1.369253439340552,-0.6802438295979619,2.1375724865011088,2.072152620457429
2022-02-23,0.006314106755899491,0.0,0.0,0.006314106755899491,0.006314106755899491,0.0,1.369253439340552,-0.6802438295979619,2.15106934737935,2.0852364133175136
2022-02-24,0.0044787280206957355,0.0,0.0,0.0044787280206957355,0.0044787280206957355,0.0,1.369253439340552,-0.6802438295979619,2.160703401939917,2.094575620071614
2022-02-25,-0.007303037733881306,0.0,0.0,-0.007303037733881306,-0.007303037733881306,0.0,1.369253439340552,-0.6802438295979619,2.1449237034638244,2.079278855281763
2022-02-28,-0.0006391767741536137,2.5858079112671667e-05,7.757423733801502e-05,-0.0006650348532662853,-0.0007167510114916287,0.14999999999999997,1.4324975484150908,-0.63679429885645,2.143497254443424,2.077788530059067
2022-03-01,0.009133900250612899,2.5858079112671674e-05,7.757423733801502e-05,0.009108042171500227,0.009056326013274885,0.15,1.4957416574896298,-0.5933447681149381,2.1630203178313896,2.0966056603739247
2022-03-02,0.009866051975692808,2.585807911267168e-05,7.757423733801506e-05,0.009840193896580137,0.009788477738354794,0.15000000000000002,1.5589857665641687,-0.5498952373734262,2.184304857161093,2.1171282382066035
2022-03-03,0.005799804660607286,1.691127541280731e-05,5.073382623842193e-05,0.005782893385194479,0.005749070834368864,0.09810053178613715,1.60034763811452,-0.5214790902294231,2.196936459270818,2.1292997584134956
2022-03-04,0.013827597764130532,0.0,0.0,0.013827597764130532,0.013827597764130532,0.0,1.60034763811452,-0.5214790902294231,2.227314812942968,2.1587428589920976
2022-03-07,0.018386477688573048,0.0,0.0,0.018386477688573048,0.018386477688573048,0.0,1.60034763811452,-0.5214790902294231,2.268267287056572,2.1984345364043225
2022-03-08,0.009268314843519407,0.0,0.0,0.009268314843519407,0.009268314843519407,0.0,1.60034763811452,-0.5214790902294231,2.289290302422268,2.218810319850584
2022-03-09,-0.030059091295298192,0.0,0.0,-0.030059091295298192,-0.030059091295298192,0.0,1.60034763811452,-0.5214790902294231,2.2204763162203163,2.1521148978792457
2022-03-10,0.005402733707624363,0.0,0.0,0.005402733707624363,0.005402733707624363,0.0,1.60034763811452,-0.5214790902294231,2.2324729584609413,2.1637422015806984
2022-03-11,0.009138403177678493,0.0,0.0,0.009138403177678493,0.009138403177678493,0.0,1.60034763811452,-0.5214790902294231,2.252874196438622,2.1835153501913003
2022-03-14,-7.109472256549533e-05,0.0,0.0,-7.109472256549533e-05,-7.109472256549533e-05,0.0,1.60034763811452,-0.5214790902294231,2.2527140289726515,2.183360113773261
2022-03-15,-0.011985274241992874,0.0,0.0,-0.011985274241992874,-0.011985274241992874,0.0,1.60034763811452,-0.5214790902294231,2.2257146335466294,2.1571919440406595
2022-03-16,-0.01111296231117866,0.0,0.0,-0.01111296231117866,-0.01111296231117866,0.0,1.60034763811452,-0.5214790902294231,2.200980350708587,2.1332191512685577
2022-03-17,0.0076770539170739555,0.0,0.0,0.0076770539170739555,0.0076770539170739555,0.0,1.60034763811452,-0.5214790902294231,2.217877395531397,2.149595989709781
2022-03-18,-0.0036468102231691727,0.0,0.0,-0.0036468102231691727,-0.0036468102231691727,0.0,1.60034763811452,-0.5214790902294231,2.2097892175716374,2.141756821078824
2022-03-21,0.01709470254467672,0.0,0.0,0.01709470254467672,0.01709470254467672,0.0,1.60034763811452,-0.5214790902294231,2.2475649069324586,2.1783695168581994
2022-03-22,-0.0004457326258353843,0.0,0.0,-0.0004457326258353843,-0.0004457326258353843,0.0,1.60034763811452,-0.5214790902294231,2.246563093924756,2.1773985464934102
2022-03-23,0.007872024477776312,0.0,0.0,0.007872024477776312,0.007872024477776312,0.0,1.60034763811452,-0.5214790902294231,2.2642480935910005,2.194539081149281
2022-03-24,0.0001892341103410414,0.0,0.0,0.0001892341103410414,0.0001892341103410414,0.0,1.60034763811452,-0.5214790902294231,2.264676566564583,2.194954362799911
2022-03-25,0.0046427059288689995,0.0,0.0,0.0046427059288689995,0.0046427059288689995,0.0,1.60034763811452,-0.5214790902294231,2.275190793887143,2.205144890433679
2022-03-28,-0.010396185765659524,0.0,0.0,-0.010396185765659524,-0.010396185765659524,0.0,1.60034763811452,-0.5214790902294231,2.251537487741574,2.1822197945125357
2022-03-29,-0.009972346561066579,0.0,0.0,-0.009972346561066579,-0.009972346561066579,0.0,1.60034763811452,-0.5214790902294231,2.229084375618582,2.160457942449237
2022-03-30,0.0021287646911749133,0.0,0.0,0.0021287646911749133,0.0021287646911749133,0.0,1.60034763811452,-0.5214790902294231,2.2338295717310483,2.165057049033891
2022-03-31,0.0010203711235946002,2.597861898667725e-05,7.793585696003175e-05,0.000994392504607923,0.0009424352666345685,0.15000000000000005,1.52280502641599,-0.5074383060404734,2.236050875113749,2.1670974751511762
2022-04-01,0.0011478847676758286,2.5978618986677243e-05,7.793585696003174e-05,0.0011219061486891513,0.0010699489107157969,0.15000000000000002,1.44526241471746,-0.4933975218515237,2.238559514339321,2.169416158734129
2022-04-04,0.0050843222530561364,2.597861898667725e-05,7.793585696003175e-05,0.005058343634069459,0.0050063863960961045,0.15000000000000002,1.3677198030189297,-0.47935673766257403,2.249882917608165,2.1802770942786864
2022-04-05,0.009047483075536268,2.3040291535106534e-06,6.912087460531961e-06,0.009045179046382757,0.009040570988075737,0.013303415905358027,1.3608425922601748,-0.4781114683845542,2.270233511431329,2.199988044123188
2022-04-06,0.0032803815954137194,0.0,0.0,0.0032803815954137194,0.0032803815954137194,0.0,1.3608425922601748,-0.4781114683845542,2.27768074365952,2.2072048444132597
2022-04-07,0.0037886729022684135,0.0,0.0,0.0037886729022684135,0.0037886729022684135,0.0,1.3608425922601748,-0.4781114683845542,2.2863101309730416,2.215567221597044
2022-04-08,0.005758209677757331,0.0,0.0,0.005758209677757331,0.005758209677757331,0.0,1.3608425922601748,-0.4781114683845542,2.299475184095565,2.2283249222141657
2022-04-11,0.005878452859837383,0.0,0.0,0.005878452859837383,0.005878452859837383,0.0,1.3608425922601748,-0.4781114683845542,2.312992540567637,2.2414240252258026
2022-04-12,0.00583082666244195,0.0,0.0,0.00583082666244195,0.00583082666244195,0.0,1.3608425922601748,-0.4781114683845542,2.326479199143208,2.2544933801939275
2022-04-13,-0.00036556939483111084,0.0,0.0,-0.00036556939483111084,-0.00036556939483111084,0.0,1.3608425922601748,-0.4781114683845542,2.32562870955029,2.2536692064132793
2022-04-14,0.008320330599372788,0.0,0.0,0.008320330599372788,0.008320330599372788,0.0,1.3608425922601748,-0.4781114683845542,2.3449787092651415,2.272420479272264
2022-04-18,0.006374643380895533,0.0,0.0,0.006374643380895533,0.006374643380895533,0.0,1.3608425922601748,-0.4781114683845542,2.3599271122724996,2.2869063494390685
2022-04-19,-0.0014542054376812047,0.0,0.0,-0.0014542054376812047,-0.0014542054376812047,0.0,1.3608425922601748,-0.4781114683845542,2.356495293433302,2.2835807177902465
2022-04-20,-0.006652132176453509,0.0,0.0,-0.006652132176453509,-0.006652132176453509,0.0,1.3608425922601748,-0.4781114683845542,2.340819575268193,2.268390037019905
2022-04-21,0.005642346341527204,0.0,0.0,0.005642346341527204,0.005642346341527204,0.0,1.3608425922601748,-0.4781114683845542,2.3540272900348826,2.281189079246441
2022-04-22,0.001090613969011564,0.0,0.0,0.001090613969011564,0.001090613969011564,0.0,1.3608425922601748,-0.4781114683845542,2.356594625080829,2.2836769759222237
2022-04-25,-0.004747974567686384,0.0,0.0,-0.004747974567686384,-0.004747974567686384,0.0,1.3608425922601748,-0.4781114683845542,2.345405573734599,2.272834135719734
2022-04-26,0.0047502197303677315,0.0,0.0,0.0047502197303677315,0.0047502197303677315,0.0,1.3608425922601748,-0.4781114683845542,2.356546765566667,2.283630597275083
2022-04-27,0.004662900187805227,0.0,0.0,0.004662900187805227,0.004662900187805227,0.0,1.3608425922601748,-0.4781114683845542,2.3675351079223996,2.2942789388159945
2022-04-28,0.004237867106931592,0.0,0.0,0.004237867106931592,0.004237867106931592,0.0,1.3608425922601748,-0.4781114683845542,2.3775684070807697,2.304001788064929
2022-04-29,0.0009395895983796436,0.0,0.0,0.0009395895983796436,0.0009395895983796436,0.0,1.3608425922601748,-0.4781114683845542,2.379802345625499,2.306166604179643
2022-05-02,0.004338221832465659,0.0,0.0,0.004338221832465659,0.004338221832465659,0.0,1.3608425922601748,-0.4781114683845542,2.3901264561182445,2.316171266491198
2022-05-03,-0.004347885300744435,0.0,0.0,-0.004347885300744435,-0.004347885300744435,0.0,1.3608425922601748,-0.4781114683845542,2.3797344604327675,2.3061008194876145
2022-05-04,-0.0029967922452510294,0.0,0.0,-0.0029967922452510294,-0.0029967922452510294,0.0,1.3608425922601748,-0.4781114683845542,2.372602890655986,2.299189914435007
2022-05-05,0.013501073693967596,0.0,0.0,0.013501073693967596,0.013501073693967596,0.0,1.3608425922601748,-0.4781114683845542,2.404635577129253,2.330231446906221
2022-05-06,0.006365568108898269,0.0,0.0,0.006365568108898269,0.006365568108898269,0.0,1.3608425922601748,-0.4781114683845542,2.4199424486725496,2.345064693890999
2022-05-09,-0.006137199920957113,0.0,0.0,-0.006137199920957113,-0.006137199920957113,0.0,1.3608425922601748,-0.4781114683845542,2.405090778067836,2.330672563037012
2022-05-10,-0.003683945566599881,0.0,0.0,-0.003683945566599881,-0.003683945566599881,0.0,1.3608425922601748,-0.4781114683845542,2.3962305545587026,2.322086492181216
2022-05-11,0.002507631221460495,0.0,0.0,0.002507631221460495,0.002507631221460495,0.0,1.3608425922601748,-0.4781114683845542,2.4022394171111316,2.327909428767941
2022-05-12,-0.0006094754165549808,0.0,0.0,-0.0006094754165549808,-0.0006094754165549808,0.0,1.3608425922601748,-0.4781114683845542,2.400775311241723,2.3264906251991406
2022-05-13,-0.0011368246467617772,0.0,0.0,-0.0011368246467617772,-0.0011368246467617772,0.0,1.3608425922601748,-0.4781114683845542,2.398046050696566,2.323845813315954
2022-05-16,0.0021836206633160105,0.0,0.0,0.0021836206633160105,0.0021836206633160105,0.0,1.3608425922601748,-0.4781114683845542,2.4032824736044502,2.328920211052271
2022-05-17,-0.005626311025838739,0.0,0.0,-0.005626311025838739,-0.005626311025838739,0.0,1.3608425922601748,-0.4781114683845542,2.3897608589250043,2.3158169815905287
2022-05-18,-0.0019510472153990012,0.0,0.0,-0.0019510472153990012,-0.0019510472153990012,0.0,1.3608425922601748,-0.4781114683845542,2.3850983226557294,2.311298713317223
2022-05-19,-0.0028715675249475405,0.0,0.0,-0.0028715675249475405,-0.0028715675249475405,0.0,1.3608425922601748,-0.4781114683845542,2.3782493517685843,2.304661662991608
2022-05-20,-0.001734857472620356,0.0,0.0,-0.001734857472620356,-0.001734857472620356,0.0,1.3608425922601748,-0.4781114683845542,2.374123428108914,2.3006634034837052
2022-05-23,-0.000139088090013639,0.0,0.0,-0.000139088090013639,-0.000139088090013639,0.0,1.3608425922601748,-0.4781114683845542,2.3737932158158417,2.3003434086051504
2022-05-24,-0.003676595719787199,0.0,0.0,-0.003676595719787199,-0.003676595719787199,0.0,1.3608425922601748,-0.4781114683845542,2.3650657378389135,2.291885975875032
2022-05-25,-0.0002991199291092324,0.0,0.0,-0.0002991199291092324,-0.0002991199291092324,0.0,1.3608425922601748,-0.4781114683845542,2.3643582995430723,2.291200427104402
2022-05-26,-0.0021837762135169113,0.0,0.0,-0.0021837762135169113,-0.0021837762135169113,0.0,1.3608425922601748,-0.4781114683845542,2.359195070128299,2.2861969581112915
2022-05-27,-0.0020472027143726753,0.0,0.0,-0.0020472027143726753,-0.0020472027143726753,0.0,1.3608425922601748,-0.4781114683845542,2.354365319576998,2.2815166494930557
2022-05-31,0.004541365059594363,2.1169023083325873e-05,6.350706924997762e-05,0.004520196036511037,0.0044778579903443855,0.14999999999999997,1.3301302129017112,-0.5672493030418881,2.3650075123630487,2.291732957052092
2022-06-01,0.008133083861547308,2.1169023083325873e-05,6.350706924997762e-05,0.008111914838463982,0.00806957679229733,0.15,1.2994178335432474,-0.6563871376992217,2.3841922518956657,2.3102262721364624
2022-06-02,-0.0056584075704065985,2.1169023083325883e-05,6.350706924997763e-05,-0.005679576593489924,-0.005721914639656576,0.15000000000000002,1.2687054541847838,-0.7455249723565555,2.370651049387419,2.2970073546090055
2022-06-03,0.00872311898854284,1.3014289603903934e-05,3.904286881171181e-05,0.008710104698938936,0.008684076119731128,0.09221698294255383,1.2498241010952857,-0.8003251202107657,2.3912996682322327,2.3169547413240124
2022-06-06,0.003909657070238028,0.0,0.0,0.003909657070238028,0.003909657070238028,0.0,1.2498241010952857,-0.8003251202107657,2.4006488298871944,2.326013239809851
2022-06-07,-0.0037183707317628187,0.0,0.0,-0.0037183707317628187,-0.0037183707317628187,0.0,1.2498241010952857,-0.8003251202107657,2.391722327540901,2.3173642602572495
2022-06-08,0.007418098627798275,0.0,0.0,0.007418098627798275,0.007418098627798275,0.0,1.2498241010952857,-0.8003251202107657,2.4094643596569068,2.334554696896373
2022-06-09,0.010945647811467153,0.0,0.0,0.010945647811467153,0.010945647811467153,0.0,1.2498241010952857,-0.8003251202107657,2.4358375079519936,2.360107910405207
2022-06-10,0.012907961777908481,0.0,0.0,0.012907961777908481,0.012907961777908481,0.0,1.2498241010952857,-0.8003251202107657,2.4672792054018338,2.3905720931044567
2022-06-13,0.023460193486792482,0.0,0.0,0.023460193486792482,0.023460193486792482,0.0,1.2498241010952857,-0.8003251202107657,2.5251620529465,2.4466553769528137
2022-06-14,0.0027449305887062066,0.0,0.0,0.0027449305887062066,0.0027449305887062066,0.0,1.2498241010952857,-0.8003251202107657,2.532093447507073,2.453371276137034
2022-06-15,-0.013906920082362401,0.0,0.0,-0.013906920082362401,-0.013906920082362401,0.0,1.2498241010952857,-0.8003251202107657,2.4968798262915186,2.4192524378674327
2022-06-16,0.007080959477242511,0.0,0.0,0.007080959477242511,0.007080959477242511,0.0,1.2498241010952857,-0.8003251202107657,2.514560131161033,2.436383066345192
2022-06-17,-0.0003892372113006857,0.0,0.0,-0.0003892372113006857,-0.0003892372113006857,0.0,1.2498241010952857,-0.8003251202107657,2.513581370787932,2.4354347353947876
2022-06-21,-0.003987797805631583,0.0,0.0,-0.003987797805631583,-0.003987797805631583,0.0,1.2498241010952857,-0.8003251202107657,2.5035577165132277,2.425722714101221
2022-06-22,-0.005726554520059521,0.0,0.0,-0.005726554520059521,-0.005726554520059521,0.0,1.2498241010952857,-0.8003251202107657,2.489220956755499,2.411831680728374
2022-06-23,-0.007298046799910971,0.0,0.0,-0.007298046799910971,-0.007298046799910971,0.0,1.2498241010952857,-0.8003251202107657,2.471054505717778,2.3942300202489104
2022-06-24,-0.008364085943538544,0.0,0.0,-0.008364085943538544,-0.008364085943538544,0.0,1.2498241010952857,-0.8003251202107657,2.450386393460786,2.3742044745909485
2022-06-27,0.0020634564775032956,0.0,0.0,0.0020634564775032956,0.0020634564775032956,0.0,1.2498241010952857,-0.8003251202107657,2.4554426591367586,2.3791035421929605
2022-06-28,0.008289100134345416,0.0,0.0,0.008289100134345416,0.008289100134345416,0.0,1.2498241010952857,-0.8003251202107657,2.4757960692124867,2.398824169684174
2022-06-29,-0.0012505606275028851,0.0,0.0,-0.0012505606275028851,-0.0012505606275028851,0.0,1.2498241010952857,-0.8003251202107657,2.4726999361266033,2.395824294625265
2022-06-30,-0.004226878319312076,2.4592943729166836e-05,7.37788311875005e-05,-0.004251471263041243,-0.004300657150499577,0.14999999999999994,1.3998241010952857,-0.8996456248395315,2.462187323406037,2.385520675741244
2022-07-01,-0.003984997506338598,1.0572997077030893e-05,3.171899123109267e-05,-0.003995570503415629,-0.004016716497569691,0.0644879921257138,1.4643120932209996,-0.9423454909756763,2.452349480362752,2.3759387154877003
2022-07-05,-0.002592630136395143,0.0,0.0,-0.002592630136395143,-0.002592630136395143,0.0,1.4643120932209996,-0.9423454909756763,2.445991445194991,2.369778785171699
2022-07-06,0.005076014317844538,0.0,0.0,0.005076014317844538,0.005076014317844538,0.0,1.4643120932209996,-0.9423454909756763,2.458407332792126,2.3818078162153546
2022-07-07,-0.0009027132983442695,0.0,0.0,-0.0009027132983442695,-0.0009027132983442695,0.0,1.4643120932209996,-0.9423454909756763,2.4561880958000675,2.379657726625557
2022-07-08,0.004384163193027656,0.0,0.0,0.004384163193027656,0.004384163193027656,0.0,1.4643120932209996,-0.9423454909756763,2.466956425244827,2.3900905344426326
2022-07-11,0.009876458574803598,0.0,0.0,0.009876458574803598,0.009876458574803598,0.0,1.4643120932209996,-0.9423454909756763,2.4913212181846034,2.4136961645960855
2022-07-12,-0.004873546329072281,0.0,0.0,-0.004873546329072281,-0.004873546329072281,0.0,1.4643120932209996,-0.9423454909756763,2.47917964880718,2.401932904513622
2022-07-13,-0.000725306463674023,0.0,0.0,-0.000725306463674023,-0.000725306463674023,0.0,1.4643120932209996,-0.9423454909756763,2.477381483783291,2.4001907670526674
2022-07-14,0.007917118830323392,0.0,0.0,0.007917118830323392,0.007917118830323392,0.0,1.4643120932209996,-0.9423454909756763,2.496995207378446,2.4191933625708684
2022-07-15,-0.00901989169901643,0.0,0.0,-0.00901989169901643,-0.00901989169901643,0.0,1.4643120932209996,-0.9423454909756763,2.4744725810349295,2.3973725004414996
2022-07-18,0.002051416838423322,0.0,0.0,0.002051416838423322,0.002051416838423322,0.0,1.4643120932209996,-0.9423454909756763,2.4795487557538816,2.4022905107568784
2022-07-19,-0.011754274270182953,0.0,0.0,-0.011754274270182953,-0.011754274270182953,0.0,1.4643120932209996,-0.9423454909756763,2.4504034596124598,2.374053329216784
2022-07-20,-0.0005126151646574697,0.0,0.0,-0.0005126151646574697,-0.0005126151646574697,0.0,1.4643120932209996,-0.9423454909756763,2.4491473456395334,2.372836353478522
2022-07-21,-0.01298514476518257,0.0,0.0,-0.01298514476518257,-0.01298514476518257,0.0,1.4643120932209996,-0.9423454909756763,2.4173448128051414,2.3420247299245154
2022-07-22,-0.0034077391760748274,0.0,0.0,-0.0034077391760748274,-0.0034077391760748274,0.0,1.4643120932209996,-0.9423454909756763,2.409107132184464,2.3340437205010156
2022-07-25,0.00307408489499818,0.0,0.0,0.00307408489499818,0.00307408489499818,0.0,1.4643120932209996,-0.9423454909756763,2.4165129320299443,2.341218769046473
2022-07-26,0.008352043015297933,0.0,0.0,0.008352043015297933,0.008352043015297933,0.0,1.4643120932209996,-0.9423454909756763,2.436695751985282,2.3607727289137723
2022-07-27,-0.011624485790159386,0.0,0.0,-0.011624485790159386,-0.011624485790159386,0.0,1.4643120932209996,-0.9423454909756763,2.4083704168413873,2.333329959872718
2022-07-28,-0.008850186399588655,0.0,0.0,-0.008850186399588655,-0.008850186399588655,0.0,1.4643120932209996,-0.9423454909756763,2.387055889733086,2.3126795547961
2022-07-29,-0.005218974354265895,0.0,0.0,-0.005218974354265895,-0.005218974354265895,0.0,1.4643120932209996,-0.9423454909756763,2.3745979062623697,2.300609739509984
2022-08-01,-0.008724944798262003,0.0,0.0,-0.008724944798262003,-0.008724944798262003,0.0,1.4643120932209996,-0.9423454909756763,2.353879670612162,2.2805370465304153
2022-08-02,0.012403801640084349,0.0,0.0,0.012403801640084349,0.012403801640084349,0.0,1.4643120932209996,-0.9423454909756763,2.383076727131062,2.308824375688442
2022-08-03,-0.008338121106080842,0.0,0.0,-0.008338121106080842,-0.008338121106080842,0.0,1.4643120932209996,-0.9423454909756763,2.3632063447751603,2.28957311843128
2022-08-04,-0.006855123797845532,0.0,0.0,-0.006855123797845532,-0.006855123797845532,0.0,1.4643120932209996,-0.9423454909756763,2.3470062727218726,2.2738778112602143
2022-08-05,0.011400484609718374,0.0,0.0,0.011400484609718374,0.011400484609718374,0.0,1.4643120932209996,-0.9423454909756763,2.373763281612951,2.2998011202518667
2022-08-08,-0.0033815334018806502,0.0,0.0,-0.0033815334018806502,-0.0033815334018806502,0.0,1.4643120932209996,-0.9423454909756763,2.365736321788019,2.2920242659460524
2022-08-09,0.005006622231982718,0.0,0.0,0.005006622231982718,0.005006622231982718,0.0,1.4643120932209996,-0.9423454909756763,2.377580669851692,2.3034995655921815
2022-08-10,-0.013084428574656996,0.0,0.0,-0.013084428574656996,-0.013084428574656996,0.0,1.4643120932209996,-0.9423454909756763,2.346471385396532,2.2733595900544374
2022-08-11,0.006481915864195833,0.0,0.0,0.006481915864195833,0.006481915864195833,0.0,1.4643120932209996,-0.9423454909756763,2.3616810154944154,2.288095315646233
2022-08-12,-0.007246500022923074,0.0,0.0,-0.007246500022923074,-0.007246500022923074,0.0,1.4643120932209996,-0.9423454909756763,2.344567093961498,2.271514632888952
2022-08-15,0.000918889624426114,0.0,0.0,0.000918889624426114,0.000918889624426114,0.0,1.4643120932209996,-0.9423454909756763,2.3467214923379105,2.273601904116846
2022-08-16,-0.0005424272163032662,0.0,0.0,-0.0005424272163032662,-0.0005424272163032662,0.0,1.4643120932209996,-0.9423454909756763,2.3454485667313825,2.272368640565014
2022-08-17,0.00802228252246034,0.0,0.0,0.00802228252246034,0.00802228252246034,0.0,1.4643120932209996,-0.9423454909756763,2.364264417775601,2.2905982237948055
2022-08-18,0.004523183912555057,0.0,0.0,0.004523183912555057,0.004523183912555057,0.0,1.4643120932209996,-0.9423454909756763,2.37495842055511,2.3009590208308013
2022-08-19,0.013745515354589967,0.0,0.0,0.013745515354589967,0.013745515354589967,0.0,1.4643120932209996,-0.9423454909756763,2.4076034479913635,2.3325868883819134
2022-08-22,0.01364172941398566,0.0,0.0,0.01364172941398566,0.01364172941398566,0.0,1.4643120932209996,-0.9423454909756763,2.4404473227650407,2.36440740754783
2022-08-23,0.0006112829122606763,0.0,0.0,0.0006112829122606763,0.0006112829122606763,0.0,1.4643120932209996,-0.9423454909756763,2.4419391265117194,2.3658527293936866
2022-08-24,0.0022015845981095445,0.0,0.0,0.0022015845981095445,0.0022015845981095445,0.0,1.4643120932209996,-0.9423454909756763,2.447315262082169,2.3710613543241155
2022-08-25,-0.01292778246020831,0.0,0.0,-0.01292778246020831,-0.01292778246020831,0.0,1.4643120932209996,-0.9423454909756763,2.415676902762423,2.340408788935606
2022-08-26,0.013920809950276447,0.0,0.0,0.013920809950276447,0.013920809950276447,0.0,1.4643120932209996,-0.9423454909756763,2.4493050818270508,2.3729891748923353
2022-08-29,0.007553426944115381,0.0,0.0,0.007553426944115381,0.007553426944115381,0.0,1.4643120932209996,-0.9423454909756763,2.4678057288264816,2.390913375264061
2022-08-30,0.0011598072218591388,0.0,0.0,0.0011598072218591388,0.0011598072218591388,0.0,1.4643120932209996,-0.9423454909756763,2.4706679077329197,2.3936863738635314
2022-08-31,0.0012893916379558004,2.0630888238496167e-05,6.18926647154885e-05,0.0012687607497173042,0.001227498973240312,0.15000000000000002,1.4466085147711127,-0.9477300277290405,2.4738025941998374,2.3966246214297082
2022-09-01,0.009645239161644194,2.0630888238496153e-05,6.189266471548846e-05,0.009624608273405699,0.009583346496928706,0.14999999999999994,1.4289049363212256,-0.9531145644824043,2.497611975114746,2.4195923055999393
2022-09-02,0.00035478690687432444,2.063088823849616e-05,6.189266471548849e-05,0.0003341560186358283,0.000292894242158836,0.14999999999999997,1.4112013578713392,-0.9584991012357682,2.4984465671884473,2.420300990254621
2022-09-06,0.012492986944962797,5.6484070220737955e-06,1.694522106622139e-05,0.012487338537940722,0.012476041723896575,0.04106759939352124,1.4063544014205942,-0.9599733012244804,2.529645515291885,2.450496766393426
2022-09-07,-0.010676571535641126,0.0,0.0,-0.010676571535641126,-0.010676571535641126,0.0,1.4063544014205942,-0.9599733012244804,2.5026375739880575,2.4243338623691693
2022-09-08,0.0048595364127827665,0.0,0.0,0.0048595364127827665,0.0048595364127827665,0.0,1.4063544014205942,-0.9599733012244804,2.514799232406851,2.4361150010500947
2022-09-09,-0.007058276709328,0.0,0.0,-0.007058276709328,-0.007058276709328,0.0,1.4063544014205942,-0.9599733012244804,2.4970490835561177,2.418920227276938
2022-09-12,-0.0035341661935813186,0.0,0.0,-0.0035341661935813186,-0.0035341661935813186,0.0,1.4063544014205942,-0.9599733012244804,2.4882240971013005,2.410371361184726
2022-09-13,0.016902979060952943,0.0,0.0,0.016902979060952943,0.016902979060952943,0.0,1.4063544014205942,-0.9599733012244804,2.5302824969135624,2.4511138178319523
2022-09-14,-0.0023311897242677447,0.0,0.0,-0.0023311897242677447,-0.0023311897242677447,0.0,1.4063544014205942,-0.9599733012244804,2.524383928357263,2.4453998064868117
2022-09-15,0.00446675995080905,0.0,0.0,0.00446675995080905,0.00446675995080905,0.0,1.4063544014205942,-0.9599733012244804,2.535659745388915,2.456322820406143
2022-09-16,0.0007729721267725038,0.0,0.0,0.0007729721267725038,0.0007729721267725038,0.0,1.4063544014205942,-0.9599733012244804,2.5376197396950793,2.458221489480672
2022-09-19,-0.00027560685517524894,0.0,0.0,-0.00027560685517524894,-0.00027560685517524894,0.0,1.4063544014205942,-0.9599733012244804,2.5369203542989913,2.457543986786632
2022-09-20,0.007911790988358511,0.0,0.0,0.007911790988358511,0.007911790988358511,0.0,1.4063544014205942,-0.9599733012244804,2.5569919378963175,2.4769875611547856
2022-09-21,0.003188665844654947,0.0,0.0,0.003188665844654947,0.003188665844654947,0.0,1.4063544014205942,-0.9599733012244804,2.5651453307537455,2.484885846788675
2022-09-22,0.0063282310717494746,0.0,0.0,0.0063282310717494746,0.0063282310717494746,0.0,1.4063544014205942,-0.9599733012244804,2.5813781631393744,2.500610778614073
2022-09-23,0.012599068769812621,0.0,0.0,0.012599068769812621,0.012599068769812621,0.0,1.4063544014205942,-0.9599733012244804,2.61390112413766,2.5321161457803663
2022-09-26,0.0138670432316501,0.0,0.0,0.0138670432316501,0.0138670432316501,0.0,1.4063544014205942,-0.9599733012244804,2.650148204029336,2.567229109841462
2022-09-27,0.006549235500262366,0.0,0.0,0.006549235500262366,0.006549235500262366,0.0,1.4063544014205942,-0.9599733012244804,2.667504648728121,2.5840424978649423
2022-09-28,-0.0194463406056384,0.0,0.0,-0.0194463406056384,-0.0194463406056384,0.0,1.4063544014205942,-0.9599733012244804,2.61563144476183,2.5337923273120158
2022-09-29,0.004212538804391759,0.0,0.0,0.004212538804391759,0.004212538804391759,0.0,1.4063544014205942,-0.9599733012244804,2.6266498937208764,2.5444660258130876
2022-09-30,0.002629757608976653,2.3066618752955616e-05,6.919985625886684e-05,0.0026066909902236974,0.002560557752717786,0.15000000000000002,1.3636703148427913,-0.9769436508221888,2.6334967583333104,2.55098127802201
2022-10-03,-0.01361723501982464,2.3066618752955616e-05,6.919985625886686e-05,-0.013640301638577596,-0.013686434876083507,0.15,1.320986228264989,-0.9939140004198974,2.597575068185428,2.5160674388902535
2022-10-04,-0.01768654079652955,2.3066618752955616e-05,6.919985625886686e-05,-0.01770960741528251,-0.01775574065278842,0.15000000000000005,1.278302141687186,-1.0108843500176057,2.551573033496138,2.4713927979803927
2022-10-05,0.008029555734991575,6.1164149316547925e-06,1.834924479496438e-05,0.00802343932005992,0.00801120649019661,0.03977445717442488,1.2669838991963975,-1.0153842596396663,2.572045424901096,2.4911916360033985
2022-10-06,0.008432090869028427,0.0,0.0,0.008432090869028427,0.008432090869028427,0.0,1.2669838991963975,-1.0153842596396663,2.5937331456431307,2.512197590250343
2022-10-07,0.0141313750062073,0.0,0.0,0.0141313750062073,0.0141313750062073,0.0,1.2669838991963975,-1.0153842596396663,2.6303861613902435,2.547698396487861
2022-10-10,0.009106514141034581,0.0,0.0,0.009106514141034581,0.009106514141034581,0.0,1.2669838991963975,-1.0153842596396663,2.6543398101653253,2.5708990479625684
2022-10-11,0.0034259349618678526,0.0,0.0,0.0034259349618678526,0.0034259349618678526,0.0,1.2669838991963975,-1.0153842596396663,2.6634334057216487,2.5797067808944165
2022-10-12,-0.00023622409735123275,0.0,0.0,-0.00023622409735123275,-0.00023622409735123275,0.0,1.2669838991963975,-1.0153842596396663,2.6628042385695267,2.579097391988669
2022-10-13,-0.005207961169309986,0.0,0.0,-0.005207961169309986,-0.005207961169309986,0.0,1.2669838991963975,-1.0153842596396663,2.6489364574935825,2.5656655529193233
2022-10-14,0.013613053340167646,0.0,0.0,0.013613053340167646,0.013613053340167646,0.0,1.2669838991963975,-1.0153842596396663,2.6849965707841577,2.600592094944245
2022-10-17,-0.01280827585506656,0.0,0.0,-0.01280827585506656,-0.01280827585506656,0.0,1.2669838991963975,-1.0153842596396663,2.650606394035646,2.567282994005694
2022-10-18,-0.0038940835204602313,0.0,0.0,-0.0038940835204602313,-0.0038940835204602313,0.0,1.2669838991963975,-1.0153842596396663,2.6402847113574053,2.5572857796063784
2022-10-19,0.012678429411786105,0.0,0.0,0.012678429411786105,0.012678429411786105,0.0,1.2669838991963975,-1.0153842596396663,2.6737593746973682,2.5897081468488823
2022-10-20,0.004829745138133261,0.0,0.0,0.004829745138133261,0.004829745138133261,0.0,1.2669838991963975,-1.0153842596396663,2.686672951037851,2.6022157771803096
2022-10-21,-0.012716804962062145,0.0,0.0,-0.012716804962062145,-0.012716804962062145,0.0,1.2669838991963975,-1.0153842596396663,2.6525070551226544,2.5691239066727065
2022-10-24,0.005044571451462924,0.0,0.0,0.005044571451462924,0.005044571451462924,0.0,1.2669838991963975,-1.0153842596396663,2.66588781648773,2.5820840357875783
2022-10-25,-0.015743440822279898,0.0,0.0,-0.015743440822279898,-0.015743440822279898,0.0,1.2669838991963975,-1.0153842596396663,2.6239175694100187,2.541433148572003
2022-10-26,-0.00859779333863879,0.0,0.0,-0.00859779333863879,-0.00859779333863879,0.0,1.2669838991963975,-1.0153842596396663,2.601357668410608,2.519582431576615
2022-10-27,0.0029182999970300523,0.0,0.0,0.0029182999970300523,0.0029182999970300523,0.0,1.2669838991963975,-1.0153842596396663,2.6089492104866046,2.526935328979202
2022-10-28,-0.00039147577063410434,0.0,0.0,-0.00039147577063410434,-0.00039147577063410434,0.0,1.2669838991963975,-1.0153842596396663,2.607927870083884,2.525946095023947
2022-10-31,0.008025129969323018,1.9423454129919677e-05,5.827036238975904e-05,0.008005706515193098,0.007966859606933259,0.15000000000000002,1.1238840234503027,-0.9007013804956328,2.628806175224568,2.5460699529376845
2022-11-01,-0.004633524543515673,4.969293181844258e-06,1.4907879545532772e-05,-0.004638493836697517,-0.004648432423061206,0.038375974339622816,1.0872733757194002,-0.8713609323141291,2.6166124739829164,2.534234718817067
2022-11-02,0.008318216844075504,0.0,0.0,0.008318216844075504,0.008318216844075504,0.0,1.0872733757194002,-0.8713609323141291,2.638378023938419,2.5553150327419716
2022-11-03,0.005458908715393553,0.0,0.0,0.005458908715393553,0.005458908715393553,0.0,1.0872733757194002,-0.8713609323141291,2.6527806887277996,2.569264264244783
2022-11-04,-0.017116816561483256,0.0,0.0,-0.017116816561483256,-0.017116816561483256,0.0,1.0872733757194002,-0.8713609323141291,2.6073735283010007,2.525286639135731
2022-11-07,-0.0006910188167737143,0.0,0.0,-0.0006910188167737143,-0.0006910188167737143,0.0,1.0872733757194002,-0.8713609323141291,2.605571784130587,2.523541618550341
2022-11-08,-0.008856581602356512,0.0,0.0,-0.008856581602356512,-0.008856581602356512,0.0,1.0872733757194002,-0.8713609323141291,2.582495325003637,2.5011916662787073
2022-11-09,0.007846438915124371,0.0,0.0,0.007846438915124371,0.007846438915124371,0.0,1.0872733757194002,-0.8713609323141291,2.602758716819872,2.520817113903181
2022-11-10,-0.03616113865485117,0.0,0.0,-0.03616113865485117,-0.03616113865485117,0.0,1.0872733757194002,-0.8713609323141291,2.508639997975826,2.4296614967238064
2022-11-11,-0.011671077746524252,0.0,0.0,-0.011671077746524252,-0.011671077746524252,0.0,1.0872733757194002,-0.8713609323141291,2.47936146552141,2.4013047284978066
2022-11-14,0.004745205451721189,0.0,0.0,0.004745205451721189,0.004745205451721189,0.0,1.0872733757194002,-0.8713609323141291,2.4911265450643896,2.4126994127867185
2022-11-15,-0.008599263721052408,0.0,0.0,-0.008599263721052408,-0.008599263721052408,0.0,1.0872733757194002,-0.8713609323141291,2.469704690940867,2.3919519742565374
2022-11-16,7.47482041532936e-05,0.0,0.0,7.47482041532936e-05,7.47482041532936e-05,0.0,1.0872733757194002,-0.8713609323141291,2.4698892969313033,2.3921307683710338
2022-11-17,0.004566957200949701,0.0,0.0,0.004566957200949701,0.004566957200949701,0.0,1.0872733757194002,-0.8713609323141291,2.4811691756414724,2.403055527209259
2022-11-18,0.0028316398675971143,0.0,0.0,0.0028316398675971143,0.0028316398675971143,0.0,1.0872733757194002,-0.8713609323141291,2.488194953197472,2.4098601150441543
2022-11-21,0.006284454831978828,0.0,0.0,0.006284454831978828,0.006284454831978828,0.0,1.0872733757194002,-0.8713609323141291,2.5038319019939994,2.425004772088537
2022-11-22,-0.007449663438276712,0.0,0.0,-0.007449663438276712,-0.007449663438276712,0.0,1.0872733757194002,-0.8713609323141291,2.485179197018124,2.4069393027002626
2022-11-23,-0.00961277567069789,0.0,0.0,-0.00961277567069789,-0.00961277567069789,0.0,1.0872733757194002,-0.8713609323141291,2.461289726895704,2.383801935130419
2022-11-25,0.00019642018079117464,0.0,0.0,0.00019642018079117464,0.00019642018079117464,0.0,1.0872733757194002,-0.8713609323141291,2.46177317386884,2.3842701619374873
2022-11-28,0.005785846783382206,0.0,0.0,0.005785846783382206,0.005785846783382206,0.0,1.0872733757194002,-0.8713609323141291,2.4760166162682857,2.3980651837846474
2022-11-29,-0.0009511745143897268,0.0,0.0,-0.0009511745143897268,-0.0009511745143897268,0.0,1.0872733757194002,-0.8713609323141291,2.473661492365686,2.395784205297986
2022-11-30,-0.014776954875767117,2.5025985260820973e-05,7.50779557824629e-05,-0.014801980861027937,-0.01485203283154958,0.15000000000000002,0.9401686261887131,-0.7228085575487856,2.4370464022990275,2.3602019396235927
2022-12-01,-0.011096688157285055,2.5025985260820956e-05,7.507795578246287e-05,-0.011121714142545876,-0.011171766113067519,0.14999999999999997,0.7930638766580265,-0.5742561827834425,2.409942268860538,2.3338343155745096
2022-12-02,-0.0023239013019427466,6.400166233431234e-06,1.9200498700293696e-05,-0.002330301468176178,-0.0023431018006430404,0.0383611244476211,0.7554431859674744,-0.5362652752143557,2.4043263768531924,2.3283659041872844
2022-12-05,0.008112571406271123,0.0,0.0,0.008112571406271123,0.008112571406271123,0.0,0.7554431859674744,-0.5362652752143557,2.423831646269395,2.3472549388449306
2022-12-06,-0.001044235074749573,0.0,0.0,-0.001044235074749573,-0.001044235074749573,0.0,0.7554431859674744,-0.5362652752143557,2.421300596249073,2.3448038529084094
2022-12-07,-0.004199132478087782,0.0,0.0,-0.004199132478087782,-0.004199132478087782,0.0,0.7554431859674744,-0.5362652752143557,2.41113323427615,2.3349577108949164
2022-12-08,-0.0008229026502450627,0.0,0.0,-0.0008229026502450627,-0.0008229026502450627,0.0,0.7554431859674744,-0.5362652752143557,2.40914910634757,2.3330362680064107
2022-12-09,0.004224047086578254,0.0,0.0,0.004224047086578254,0.004224047086578254,0.0,0.7554431859674744,-0.5362652752143557,2.41932546561137,2.3428911230571643
2022-12-12,0.0009854909783890023,0.0,0.0,0.0009854909783890023,0.0009854909783890023,0.0,0.7554431859674744,-0.5362652752143557,2.421709689031517,2.345200021122285
2022-12-13,-0.007227356862808236,0.0,0.0,-0.007227356862808236,-0.007227356862808236,0.0,0.7554431859674744,-0.5362652752143557,2.4042071288907656,2.3282504236549686
2022-12-14,-0.0015597179818150884,0.0,0.0,-0.0015597179818150884,-0.0015597179818150884,0.0,0.7554431859674744,-0.5362652752143557,2.400457243799827,2.3246190096030253
2022-12-15,0.006352494439940851,0.0,0.0,0.006352494439940851,0.006352494439940851,0.0,0.7554431859674744,-0.5362652752143557,2.415706135094381,2.3393861389365096
2022-12-16,0.0006361938177539609,0.0,0.0,0.0006361938177539609,0.0006361938177539609,0.0,0.7554431859674744,-0.5362652752143557,2.4172429924030383,2.34087444193544
2022-12-19,0.003182282853080493,0.0,0.0,0.003182282853080493,0.003182282853080493,0.0,0.7554431859674744,-0.5362652752143557,2.4249353433294916,2.348323766533226
2022-12-20,-0.003451520165836005,0.0,0.0,-0.003451520165836005,-0.003451520165836005,0.0,0.7554431859674744,-0.5362652752143557,2.4165656300911413,2.3402184796971244
2022-12-21,-0.0007251964845535939,0.0,0.0,-0.0007251964845535939,-0.0007251964845535939,0.0,0.7554431859674744,-0.5362652752143557,2.414813145191506,2.338521361482561
2022-12-22,0.0024310826022888358,0.0,0.0,0.0024310826022888358,0.0024310826022888358,0.0,0.7554431859674744,-0.5362652752143557,2.4206837554165594,2.344206500079542
2022-12-23,0.00209283208947911,0.0,0.0,0.00209283208947911,0.00209283208947911,0.0,0.7554431859674744,-0.5362652752143557,2.425749840058376,2.349112530667274
2022-12-27,0.002189174487047089,0.0,0.0,0.002189174487047089,0.002189174487047089,0.0,0.7554431859674744,-0.5362652752143557,2.43106022972019,2.3542551478866134
2022-12-28,0.003877620201877659,0.0,0.0,0.003877620201877659,0.003877620201877659,0.0,0.7554431859674744,-0.5362652752143557,2.440486957978935,2.3633840552084333
2022-12-29,-0.006281259901606738,0.0,0.0,-0.006281259901606738,-0.006281259901606738,0.0,0.7554431859674744,-0.5362652752143557,2.4251576251093874,2.3485390257103558
2022-12-30,0.00036250626520895296,0.0,0.0,0.00036250626520895296,0.00036250626520895296,0.0,0.7554431859674744,-0.5362652752143557,2.426036759942609,2.349390385821264
2023-01-03,-0.0014402324393636957,0.0,0.0,-0.0014402324393636957,-0.0014402324393636957,0.0,0.7554431859674744,-0.5362652752143557,2.422542703101851,2.346006717574875
2023-01-04,-0.004345654161554273,0.0,0.0,-0.004345654161554273,-0.004345654161554273,0.0,0.7554431859674744,-0.5362652752143557,2.412015170322573,2.3358117837196115
2023-01-05,0.0033824369568531323,0.0,0.0,0.0033824369568531323,0.0033824369568531323,0.0,0.7554431859674744,-0.5362652752143557,2.4201736595751626,2.3437125198211177
2023-01-06,-0.010209176571539838,0.0,0.0,-0.010209176571539838,-0.010209176571539838,0.0,0.7554431859674744,-0.5362652752143557,2.39546567935077,2.3197851448733355
2023-01-09,-0.0033541085024531214,0.0,0.0,-0.0033541085024531214,-0.0033541085024531214,0.0,0.7554431859674744,-0.5362652752143557,2.387431027548325,2.3120043337950515
2023-01-10,0.0017108083334865444,0.0,0.0,0.0017108083334865444,0.0017108083334865444,0.0,0.7554431859674744,-0.5362652752143557,2.3915154644458787,2.315959730076365
2023-01-11,-0.002971304915664154,0.0,0.0,-0.002971304915664154,-0.002971304915664154,0.0,0.7554431859674744,-0.5362652752143557,2.384409542790484,2.309078307545909
2023-01-12,-0.00863892623980151,0.0,0.0,-0.00863892623980151,-0.00863892623980151,0.0,0.7554431859674744,-0.5362652752143557,2.363810804624838,2.2891303503650944
2023-01-13,-0.0006441333117589564,0.0,0.0,-0.0006441333117589564,-0.0006441333117589564,0.0,0.7554431859674744,-0.5362652752143557,2.362288195342883,2.2876558452514657
2023-01-17,0.0024252093837806234,0.0,0.0,0.0024252093837806234,0.0024252093837806234,0.0,0.7554431859674744,-0.5362652752143557,2.368017238841423,2.2932038896742304
2023-01-18,-0.002307474558911824,0.0,0.0,-0.002307474558911824,-0.002307474558911824,0.0,0.7554431859674744,-0.5362652752143557,2.362553099307732,2.2879123800404098
2023-01-19,-0.0010577178940985013,0.0,0.0,-0.0010577178940985013,-0.0010577178940985013,0.0,0.7554431859674744,-0.5362652752143557,2.3600541846188365,2.2854924141759114
2023-01-20,0.000989003722787397,0.0,0.0,0.000989003722787397,0.000989003722787397,0.0,0.7554431859674744,-0.5362652752143557,2.3623882869934043,2.2877527746819335
2023-01-23,0.0005246970719389227,0.0,0.0,0.0005246970719389227,0.0005246970719389227,0.0,0.7554431859674744,-0.5362652752143557,2.3636278252103726,2.2889531518641295
2023-01-24,-0.0028232778506807198,0.0,0.0,-0.0028232778506807198,-0.0028232778506807198,0.0,0.7554431859674744,-0.5362652752143557,2.3569546471242036,2.2824908011292258
2023-01-25,-0.0016031284871813318,0.0,0.0,-0.0016031284871813318,-0.0016031284871813318,0.0,0.7554431859674744,-0.5362652752143557,2.3531761459864042,2.278831675104206
2023-01-26,0.0009295345755594838,0.0,0.0,0.0009295345755594838,0.0009295345755594838,0.0,0.7554431859674744,-0.5362652752143557,2.3553635045764807,2.280949927938096
2023-01-27,0.0005234718770085148,0.0,0.0,0.0005234718770085148,0.0005234718770085148,0.0,0.7554431859674744,-0.5362652752143557,2.3565964711312586,2.282143941078236
2023-01-30,0.0041240204309233005,0.0,0.0,0.0041240204309233005,0.0041240204309233005,0.0,0.7554431859674744,-0.5362652752143557,2.3663151231256454,2.29155554931755
2023-01-31,-0.0027526698172894255,2.2711626998718946e-05,6.813488099615683e-05,-0.0027753814442881444,-0.0028208046982855822,0.15,0.6282983317386039,-0.41570574706235003,2.359747696041584,2.2850915186576524
2023-02-01,-0.005753336559749873,2.2711626998718946e-05,6.813488099615683e-05,-0.005776048186748592,-0.00582147144074603,0.15,0.5201406845913551,-0.29514621891034415,2.346117679640679,2.271788923642296
2023-02-02,-0.00016077352173460074,2.2711626998718946e-05,6.813488099615683e-05,-0.00018348514873331968,-0.00022890840273075757,0.15000000000000002,0.4532660900623006,-0.17458669075833833,2.3456872018892843,2.2712688920684436
2023-02-03,0.0036955234965739886,2.2711626998718936e-05,6.813488099615681e-05,0.0036728118695752696,0.003627388615577832,0.15,0.43256948806277556,-0.05402716260633251,2.354302469686694,2.279507666990449
2023-02-06,0.0018708339041834784,2.2711626998718942e-05,6.813488099615681e-05,0.0018481222771847595,0.0018026990231873217,0.15,0.41187288606325057,0.06653236554567328,2.358653508528153,2.2836169332350806
2023-02-07,5.8467449144402586e-05,2.2711626998718942e-05,6.813488099615683e-05,3.5755822145683644e-05,-9.667431851754241e-06,0.15000000000000002,0.3911762840637256,0.18709189369767912,2.358737844123507,2.283594856524003
2023-02-08,-0.00019170804992422433,2.2711626998718936e-05,6.813488099615681e-05,-0.00021441967692294327,-0.00025984293092038113,0.15,0.3704796820642007,0.307651421849685,2.358232084317024,2.283001480543449
2023-02-09,-0.0006519020181736973,1.0101735120732894e-05,3.0305205362198687e-05,-0.0006620037532944303,-0.0006822072235358961,0.06671738084618084,0.3612741948787065,0.3612741948787065,2.356670925826067,2.2814440004420793
2023-02-10,-0.0007592684917696725,0.0,0.0,-0.0007592684917696725,-0.0007592684917696725,0.0,0.3612741948787065,0.3612741948787065,2.3548815798466176,2.2797117718968067
2023-02-13,0.0006038541691989334,0.0,0.0,0.0006038541691989334,0.0006038541691989334,0.0,0.3612741948787065,0.3612741948787065,2.3563035849065774,2.2810883853548383
2023-02-14,0.00044644895693783253,0.0,0.0,0.00044644895693783253,0.00044644895693783253,0.0,0.3612741948787065,0.3612741948787065,2.357355554184288,2.282106774885163
2023-02-15,-0.002449541593565237,0.0,0.0,-0.002449541593565237,-0.002449541593565237,0.0,0.3612741948787065,0.3612741948787065,2.3515811137034914,2.2765166594191246
2023-02-16,-0.000681896545761492,0.0,0.0,-0.000681896545761492,-0.000681896545761492,0.0,0.3612741948787065,0.3612741948787065,2.349977578664979,2.2749643105726984
2023-02-17,0.0008949600929067651,0.0,0.0,0.0008949600929067651,0.0008949600929067651,0.0,0.3612741948787065,0.3612741948787065,2.3520807148171095,2.277000312843448
2023-02-21,-0.0021084291192568394,0.0,0.0,-0.0021084291192568394,-0.0021084291192568394,0.0,0.3612741948787065,0.3612741948787065,2.3471215193471466,2.2721994190792922
2023-02-22,-0.0017920501250530446,0.0,0.0,-0.0017920501250530446,-0.0017920501250530446,0.0,0.3612741948787065,0.3612741948787065,2.342915359934886,2.2681275238261858
2023-02-23,0.0003845618319600349,0.0,0.0,0.0003845618319600349,0.0003845618319600349,0.0,0.3612741948787065,0.3612741948787065,2.3438163557578298,2.268999759101867
2023-02-24,-0.003154902666798347,0.0,0.0,-0.003154902666798347,-0.003154902666798347,0.0,0.3612741948787065,0.3612741948787065,2.3364218432865638,2.261841285710912
2023-02-27,0.002349938789560714,0.0,0.0,0.002349938789560714,0.002349938789560714,0.0,0.3612741948787065,0.3612741948787065,2.3419122916048796,2.2671564742840338
2023-02-28,-0.00032284815108300975,1.8678315450308835e-05,5.603494635092651e-05,-0.0003415264665333186,-0.00037888309743393624,0.14999999999999997,0.424721969649376,0.21127419487870647,2.3411124665749967,2.2662974870166894
2023-03-01,0.002433791933929277,1.867831545030884e-05,5.603494635092652e-05,0.002415113618478968,0.0023777569875783507,0.15000000000000002,0.48816974442004535,0.06127419487870646,2.3467665191754126,2.2716861917023743
2023-03-02,-0.00010005617470950734,1.8678315450308835e-05,5.60349463509265e-05,-0.00011873449015981617,-0.00015609112106043383,0.14999999999999997,0.5516175191907149,-0.0887258051212935,2.346487877049234,2.271331601658014
2023-03-03,-0.0014598846214720746,1.8678315450308835e-05,5.6034946350926496e-05,-0.0014785629369223835,-0.001515919567823001,0.14999999999999997,0.6150652939613843,-0.23872580512129346,2.343018447042291,2.2678884456380457
2023-03-06,0.0009528233550297263,1.8678315450308832e-05,5.603494635092651e-05,0.0009341450395794175,0.0008967884086787998,0.14999999999999997,0.6785130687320537,-0.38872580512129346,2.345207166102239,2.2699222617082704
2023-03-07,-0.0009800302898505817,1.867831545030884e-05,5.6034946350926496e-05,-0.0009987086053008906,-0.001036065236201508,0.14999999999999997,0.7419608435027232,-0.5387258051212933,2.3428649875242393,2.267570474164035
2023-03-08,-0.0005293927626612568,1.867831545030884e-05,5.60349463509265e-05,-0.0005480710781115656,-0.0005854277090121833,0.15,0.8054086182733928,-0.6887258051212934,2.341580930984657,2.266242975576321
2023-03-09,0.0010473860342796095,1.8678315450308835e-05,5.60349463509265e-05,0.0010287077188293006,0.000991351087928683,0.14999999999999997,0.8688563930440623,-0.8387258051212935,2.3439897333626245,2.2684896180156695
2023-03-10,-0.010779742688071251,6.5023010608169264e-06,1.9506903182450778e-05,-0.010786244989132068,-0.010799249591253703,0.05221804727076778,0.8909438523920612,-0.8909438523920612,2.3187068858465647,2.2439916324355504
2023-03-13,-0.006661630130451862,0.0,0.0,-0.006661630130451862,-0.006661630130451862,0.0,0.8909438523920612,-0.8909438523920612,2.303260518192123,2.229042990164436
2023-03-14,0.004789404471278631,0.0,0.0,0.004789404471278631,0.004789404471278631,0.0,0.8909438523920612,-0.8909438523920612,2.3142917644164718,2.239718778628202
2023-03-15,-0.007558735445035688,0.0,0.0,-0.007558735445035688,-0.007558735445035688,0.0,0.8909438523920612,-0.8909438523920612,2.2967986452266227,2.2227893369092726
2023-03-16,0.001020865554479387,0.0,0.0,0.001020865554479387,0.001020865554479387,0.0,0.8909438523920612,-0.8909438523920612,2.2991433678491098,2.2250585059781876
2023-03-17,-0.006224221561157707,0.0,0.0,-0.006224221561157707,-0.006224221561157707,0.0,0.8909438523920612,-0.8909438523920612,2.2848329901267506,2.2112092488504405
2023-03-20,0.002435999691735585,0.0,0.0,0.002435999691735585,0.002435999691735585,0.0,0.8909438523920612,-0.8909438523920612,2.2903988425863666,2.216595753899003
2023-03-21,0.00271684131633974,0.0,0.0,0.00271684131633974,0.00271684131633974,0.0,0.8909438523920612,-0.8909438523920612,2.2966214927928017,2.222617892824819
2023-03-22,-0.0065070736021752874,0.0,0.0,-0.0065070736021752874,-0.0065070736021752874,0.0,0.8909438523920612,-0.8909438523920612,2.2816772077028613,2.208155154606696
2023-03-23,-0.0046070376030830675,0.0,0.0,-0.0046070376030830675,-0.0046070376030830675,0.0,0.8909438523920612,-0.8909438523920612,2.2711654350088764,2.197982100775981
2023-03-24,-0.0010906537314602075,0.0,0.0,-0.0010906537314602075,-0.0010906537314602075,0.0,0.8909438523920612,-0.8909438523920612,2.2686883799524202,2.195584863396087
2023-03-27,0.01014073839055191,0.0,0.0,0.01014073839055191,0.01014073839055191,0.0,0.8909438523920612,-0.8909438523920612,2.2916945553032027,2.217849715110042
2023-03-28,-0.0011217771485322547,0.0,0.0,-0.0011217771485322547,-0.0011217771485322547,0.0,0.8909438523920612,-0.8909438523920612,2.289123784719648,2.2153617819807527
2023-03-29,-0.0008416029248288039,0.0,0.0,-0.0008416029248288039,-0.0008416029248288039,0.0,0.8909438523920612,-0.8909438523920612,2.287197251447133,2.213497327025484
2023-03-30,-0.0032327657732093397,0.0,0.0,-0.0032327657732093397,-0.0032327657732093397,0.0,0.8909438523920612,-0.8909438523920612,2.279803278456076,2.2063416086275858
2023-03-31,-0.005981858130134845,1.7570379410209857e-05,5.2711138230629556e-05,-0.005999428509545055,-0.006034569268365475,0.15000000000000002,0.8318390814687909,-0.7901697001165265,2.2661257616711525,2.193027287360646
2023-04-03,-0.002318585450522493,1.757037941020985e-05,5.271113823062954e-05,-0.002336155829932703,-0.002371296588753123,0.15,0.7727343105455209,-0.6893955478409921,2.260831738761664,2.187826969235085
2023-04-04,-0.0011586492376824441,1.7570379410209846e-05,5.2711138230629536e-05,-0.001176219617092654,-0.0012113603759130738,0.14999999999999997,0.7136295396222508,-0.5886213955654576,2.2581725041195866,2.1851767223351994
2023-04-05,-0.001439291675062742,1.7570379410209846e-05,5.2711138230629536e-05,-0.0014568620544729517,-0.0014920028132933715,0.14999999999999997,0.6545247686989808,-0.487847243289923,2.2548826582858807,2.181916432517932
2023-04-06,-0.00131500553088235,1.757037941020985e-05,5.2711138230629556e-05,-0.0013325759102925598,-0.0013677166691129796,0.15000000000000002,0.5964679426643296,-0.3870730910143885,2.2518778559749126,2.1789321890425657
2023-04-10,0.002022473653406366,1.7570379410209846e-05,5.2711138230629556e-05,0.0020049032739961558,0.001969762515175736,0.15000000000000002,0.5747306313014232,-0.2862989387388539,2.2563926532609964,2.1832241679916518
2023-04-11,-0.0008038548095586188,1.7570379410209846e-05,5.271113823062954e-05,-0.0008214251889688286,-0.0008565659477892483,0.14999999999999997,0.6304392648583995,-0.18552478646331938,2.2545391954994036,2.1813540925129598
2023-04-12,0.0005506158909742197,1.7570379410209846e-05,5.2711138230629556e-05,0.0005330455115640099,0.0004979047527435902,0.15000000000000002,0.6861478984153757,-0.08475063418778489,2.2557409674982094,2.1824401990830387
2023-04-13,0.0022687099048341085,1.7570379410209843e-05,5.271113823062954e-05,0.0022511395254238985,0.002215998766603479,0.14999999999999997,0.741856531972352,0.016023518087749655,2.2608189551492623,2.1872764838723926
2023-04-14,-0.0019071709999770481,1.757037941020985e-05,5.271113823062954e-05,-0.001924741379387258,-0.0019598821382076775,0.15,0.7975651655293283,0.11679767036328423,2.2564674633549835,2.1829896797603294
2023-04-17,-0.0015947500293516325,1.757037941020985e-05,5.271113823062955e-05,-0.0016123204087618423,-0.001647461167582262,0.15,0.8532737990863046,0.2175718226388188,2.2528293148121095,2.1793932890336913
2023-04-18,0.001061540670997119,1.7556643265045047e-05,5.266992979513514e-05,0.0010439840277320738,0.0010088707412019837,0.14988273322239568,0.9089388808303344,0.3182671918469989,2.25518123263398,2.181592015156569
2023-04-19,0.0003946054139015717,0.0,0.0,0.0003946054139015717,0.0003946054139015717,0.0,0.9089388808303344,0.3182671918469989,2.256071139357706,2.182452883176674
2023-04-20,0.0027777062006506606,0.0,0.0,0.0027777062006506606,0.0027777062006506606,0.0,0.9089388808303344,0.3182671918469989,2.2623378421506093,2.188515096082902
2023-04-21,-0.002389905056434033,0.0,0.0,-0.002389905056434033,-0.002389905056434033,0.0,0.9089388808303344,0.3182671918469989,2.2569310695022917,2.1832847527886914
2023-04-24,-0.00027554171712658893,0.0,0.0,-0.00027554171712658893,-0.00027554171712658893,0.0,0.9089388808303344,0.3182671918469989,2.2563091908399646,2.1826831667589315
2023-04-25,0.005846119100545468,0.0,0.0,0.005846119100545468,0.005846119100545468,0.0,0.9089388808303344,0.3182671918469989,2.2694998430972704,2.19544339251056
2023-04-26,0.0026935849386628178,0.0,0.0,0.0026935849386628178,0.0026935849386628178,0.0,0.9089388808303344,0.3182671918469989,2.275612933692935,2.2013570057663134
2023-04-27,0.00044614917880009394,0.0,0.0,0.00044614917880009394,0.00044614917880009394,0.0,0.9089388808303344,0.3182671918469989,2.276628196534569,2.202339139386682
2023-04-28,-0.0015583400490460342,0.0,0.0,-0.0015583400490460342,-0.0015583400490460342,0.0,0.9089388808303344,0.3182671918469989,2.273080435639122,2.1989071461041942
2023-05-01,-0.0006349641707357189,0.0,0.0,-0.0006349641707357189,-0.0006349641707357189,0.0,0.9089388808303344,0.3182671918469989,2.271637111005291,2.1975109188516435
2023-05-02,0.011040132071978102,0.0,0.0,0.011040132071978102,0.011040132071978102,0.0,0.9089388808303344,0.3182671918469989,2.296716284730396,2.2217717296253796
2023-05-03,0.0033100122159792503,0.0,0.0,0.0033100122159792503,0.0033100122159792503,0.0,0.9089388808303344,0.3182671918469989,2.304318443689492,2.2291258211915568
2023-05-04,0.0028252543080967986,0.0,0.0,0.0028252543080967986,0.0028252543080967986,0.0,0.9089388808303344,0.3182671918469989,2.310828729299753,2.235423668521168
2023-05-05,-0.008942594999942216,0.0,0.0,-0.008942594999942216,-0.008942594999942216,0.0,0.9089388808303344,0.3182671918469989,2.290163923859394,2.215433180000298
2023-05-08,-0.0001664666008926779,0.0,0.0,-0.0001664666008926779,-0.0001664666008926779,0.0,0.9089388808303344,0.3182671918469989,2.289782688055502,2.2150643843693185
2023-05-09,0.0009912242860463621,0.0,0.0,0.0009912242860463621,0.0009912242860463621,0.0,0.9089388808303344,0.3182671918469989,2.292052376265671,2.2172600099822617
2023-05-10,0.0011781871899559807,0.0,0.0,0.0011781871899559807,0.0011781871899559807,0.0,0.9089388808303344,0.3182671918469989,2.2947528430140953,2.2198723573228243
2023-05-11,0.002046243715826723,0.0,0.0,0.002046243715826723,0.002046243715826723,0.0,0.9089388808303344,0.3182671918469989,2.2994484665984882,2.2244147571839332
2023-05-12,0.00019827004988980817,0.0,0.0,0.00019827004988980817,0.00019827004988980817,0.0,0.9089388808303344,0.3182671918469989,2.2999043783606794,2.2248557920088157
2023-05-15,-0.0023171036950770533,0.0,0.0,-0.0023171036950770533,-0.0023171036950770533,0.0,0.9089388808303344,0.3182671918469989,2.294575261427256,2.2197005704321384
2023-05-16,0.00046547878921772705,0.0,0.0,0.00046547878921772705,0.00046547878921772705,0.0,0.9089388808303344,0.3182671918469989,2.2956433375417142,2.220733793966089
2023-05-17,-0.004819922274165268,0.0,0.0,-0.004819922274165268,-0.004819922274165268,0.0,0.9089388808303344,0.3182671918469989,2.284578515085558,2.21003002968756
2023-05-18,-0.001145231180994522,0.0,0.0,-0.001145231180994522,-0.001145231180994522,0.0,0.9089388808303344,0.3182671918469989,2.281962144534652,2.2074990343866276
2023-05-19,0.0031330824382649752,0.0,0.0,0.0031330824382649752,0.0031330824382649752,0.0,0.9089388808303344,0.3182671918469989,2.289111720054479,2.214415310843751
2023-05-22,-0.0022349473256335437,0.0,0.0,-0.0022349473256335437,-0.0022349473256335437,0.0,0.9089388808303344,0.3182671918469989,2.2839956759376667,2.209466209266939
2023-05-23,-0.0010543479470812266,0.0,0.0,-0.0010543479470812266,-0.0010543479470812266,0.0,0.9089388808303344,0.3182671918469989,2.2815875497855993,2.207136663105053
2023-05-24,-0.0013993138450356783,0.0,0.0,-0.0013993138450356783,-0.0013993138450356783,0.0,0.9089388808303344,0.3182671918469989,2.278394892738523,2.204048186214484
2023-05-25,0.0032850273164587215,0.0,0.0,0.0032850273164587215,0.0032850273164587215,0.0,0.9089388808303344,0.3182671918469989,2.285879482198849,2.21128854471299
2023-05-26,-0.0002017668021743516,0.0,0.0,-0.0002017668021743516,-0.0002017668021743516,0.0,0.9089388808303344,0.3182671918469989,2.2854182676055697,2.2108423800946384
2023-05-30,0.006515787250956263,0.0,0.0,0.006515787250956263,0.006515787250956263,0.0,0.9089388808303344,0.3182671918469989,2.3003095668167366,2.2252477586887327
2023-05-31,0.003094022657564693,2.4090014502126986e-05,7.227004350638094e-05,0.003069932643062566,0.003021752614058312,0.15,1.0149602273035299,0.3862104610516875,2.3073713622450565,2.231971906920478
2023-06-01,0.0007703070151821167,2.4090014502126986e-05,7.227004350638094e-05,0.0007462170006799897,0.0006980369716757357,0.14999999999999997,1.1209815737767252,0.45415373025637595,2.309093161982446,2.2335299058312503
2023-06-02,-0.006569044260050409,2.4090014502126986e-05,7.227004350638094e-05,-0.006593134274552536,-0.00664131430355679,0.15,1.2270029202499204,0.5220969994610646,2.2938690007130447,2.2186963317202313
2023-06-05,0.002111585510828522,2.4090014502126986e-05,7.227004350638094e-05,0.002087495496326395,0.002039315467322141,0.14999999999999997,1.3330242667231158,0.5900402686657531,2.2986574419211956,2.2232209534667993
2023-06-06,-5.0053389881959064e-05,2.409001450212699e-05,7.227004350638095e-05,-7.414340438408606e-05,-0.00012232343338834,0.15,1.4390456131963114,0.6579835378704415,2.298487011632939,2.2229490014465902
2023-06-07,-0.00940576793701924,2.4090014502126986e-05,7.227004350638094e-05,-0.009429857951521368,-0.00947803798052562,0.14999999999999997,1.5450669596695068,0.7259268070751301,2.2768126056098232,2.201879806382108
2023-06-08,0.007389957181199304,1.7864334180123485e-05,5.359300254037044e-05,0.007372092847019181,0.007336364178658934,0.11123489057185612,1.623688778824352,0.776311221175648,2.2935974795336422,2.2180335985193627
2023-06-09,0.0019793951144889944,0.0,0.0,0.0019793951144889944,0.0019793951144889944,0.0,1.623688778824352,0.776311221175648,2.2981374151792355,2.2224239633880445
2023-06-12,0.00974899499726969,0.0,0.0,0.00974899499726969,0.00974899499726969,0.0,1.623688778824352,0.776311221175648,2.3205419453428564,2.244090363488927
2023-06-13,0.0020096268487615207,0.0,0.0,0.0020096268487615207,0.0020096268487615207,0.0,1.623688778824352,0.776311221175648,2.3252053687398946,2.2486001477344413
2023-06-14,0.0017699509672848917,0.0,0.0,0.0017699509672848917,0.0017699509672848917,0.0,1.623688778824352,0.776311221175648,2.3293208682314317,2.2525800597409606
2023-06-15,0.007366530648811681,0.0,0.0,0.007366530648811681,0.007366530648811681,0.0,1.623688778824352,0.776311221175648,2.3464798817981753,2.2691737597899446
2023-06-16,-0.0028659172198582123,0.0,0.0,-0.0028659172198582123,-0.0028659172198582123,0.0,1.623688778824352,0.776311221175648,2.339755064698879,2.2626704956369124
2023-06-20,-0.006009891960365188,0.0,0.0,-0.006009891960365188,-0.006009891960365188,0.0,1.623688778824352,0.776311221175648,2.3256933895463217,2.2490720904162287
2023-06-21,-0.0065297283405460135,0.0,0.0,-0.0065297283405460135,-0.0065297283405460135,0.0,1.623688778824352,0.776311221175648,2.3105072435091807,2.234386260647507
2023-06-22,0.005047144994443989,0.0,0.0,0.005047144994443989,0.005047144994443989,0.0,1.623688778824352,0.776311221175648,2.322168708577885,2.2456635320785883
2023-06-23,-0.003743682823487296,0.0,0.0,-0.003743682823487296,-0.003743682823487296,0.0,1.623688778824352,0.776311221175648,2.3134752454703422,2.237256480086214
2023-06-26,-0.004144197925266771,0.0,0.0,-0.004144197925266771,-0.004144197925266771,0.0,1.623688778824352,0.776311221175648,2.303887746157908,2.227984846423151
2023-06-27,0.010980730292866087,0.0,0.0,0.010980730292866087,0.010980730292866087,0.0,1.623688778824352,0.776311221175648,2.3291861161235072,2.2524497471183165
2023-06-28,0.0016377145100779536,0.0,0.0,0.0016377145100779536,0.0016377145100779536,0.0,1.623688778824352,0.776311221175648,2.333000658022555,2.2561386167523936
2023-06-29,-0.000190573914034105,0.0,0.0,-0.000190573914034105,-0.000190573914034105,0.0,1.623688778824352,0.776311221175648,2.3325560489557113,2.2557086555855954
2023-06-30,0.008551031640995715,1.981296819584145e-05,5.943890458752435e-05,0.008531218672799873,0.00849159273640819,0.15,1.5202121568238438,0.7261907739462304,2.3524555946759147,2.274863214820819
2023-07-03,0.0014168864586988341,1.981296819584145e-05,5.943890458752435e-05,0.0013970734905029926,0.0013574475541113097,0.15,1.416735534823336,0.6760703267168129,2.3557421480248215,2.2779512223277156
2023-07-05,-0.004558186154405516,1.981296819584145e-05,5.943890458752435e-05,-0.004577999122601357,-0.00461762505899304,0.15,1.313258912822828,0.6259498794873953,2.344957562538089,2.2674324976803315
2023-07-06,-0.009212287865355002,1.9812968195841448e-05,5.943890458752435e-05,-0.009232100833550845,-0.009271726769942527,0.15,1.20978229082232,0.5758294322579778,2.32330867787034,2.246409483092551
2023-07-07,-0.0020421950847727267,1.9812968195841455e-05,5.9438904587524355e-05,-0.002062008052968568,-0.002101633989360251,0.15000000000000002,1.1063056688218118,0.5257089850285601,2.3185179966670395,2.2416883525688625
2023-07-10,0.0016473492727548389,1.981296819584145e-05,5.943890458752434e-05,0.0016275363045589973,0.0015879103681673144,0.15,1.002829046821304,0.4755885377991427,2.3222914688793885,2.2452479527461064
2023-07-11,0.0036574425224614165,1.0115330441323991e-05,3.034599132397197e-05,0.0036473271920200927,0.0036270965311374446,0.07658113368985597,0.9500000000000001,0.44999999999999996,2.3307616257016286,2.253391683807055
2023-07-12,0.005492318032131906,0.0,0.0,0.005492318032131906,0.005492318032131906,0.0,0.9500000000000001,0.44999999999999996,2.343562909807071,2.265768027585485
2023-07-13,0.007998613141330213,0.0,0.0,0.007998613141330213,0.007998613141330213,0.0,0.9500000000000001,0.44999999999999996,2.3623081628949882,2.2838910295061363
2023-07-14,-0.000885549288611843,0.0,0.0,-0.000885549288611843,-0.000885549288611843,0.0,0.9500000000000001,0.44999999999999996,2.3602162225818546,2.2818685314296903
2023-07-17,0.0029933980279333774,0.0,0.0,0.0029933980279333774,0.0029933980279333774,0.0,0.9500000000000001,0.44999999999999996,2.3672812891680275,2.288699072191675
2023-07-18,0.00647287684198675,0.0,0.0,0.00647287684198675,0.00647287684198675,0.0,0.9500000000000001,0.44999999999999996,2.382604409403152,2.3035135394143413
2023-07-19,0.0024749759901520414,0.0,0.0,0.0024749759901520414,0.0024749759901520414,0.0,0.9500000000000001,0.44999999999999996,2.388501298110455,2.3092146801173823
2023-07-20,-0.006974265755375315,0.0,0.0,-0.006974265755375315,-0.006974265755375315,0.0,0.9500000000000001,0.44999999999999996,2.371843255300374,2.2931096032520295
2023-07-21,0.002393761150639447,0.0,0.0,0.002393761150639447,0.002393761150639447,0.0,0.9500000000000001,0.44999999999999996,2.377520881540318,2.2985987599344524
2023-07-24,0.0006182752188210274,0.0,0.0,0.0006182752188210274,0.0006182752188210274,0.0,0.9500000000000001,0.44999999999999996,2.3789908437836043,2.300019926585733
2023-07-25,0.0009691524043962804,0.0,0.0,0.0009691524043962804,0.0009691524043962804,0.0,0.9500000000000001,0.44999999999999996,2.3812964484798935,2.3022489964277426
2023-07-26,-0.00048195503356890824,0.0,0.0,-0.00048195503356890824,-0.00048195503356890824,0.0,0.9500000000000001,0.44999999999999996,2.3801487706701288,2.3011394159353853
2023-07-27,-0.0057598531293717795,0.0,0.0,-0.0057598531293717795,-0.0057598531293717795,0.0,0.9500000000000001,0.44999999999999996,2.366439463325014,2.287885190869389
2023-07-28,0.011798879636143936,0.0,0.0,0.011798879636143936,0.011798879636143936,0.0,0.9500000000000001,0.44999999999999996,2.394360797719007,2.314879672857773
2023-07-31,0.004451833243225461,1.942671545387042e-05,5.828014636161126e-05,0.004432406527771591,0.00439355309686385,0.15000000000000002,1.0902131912923563,0.4582038797298578,2.4049735781486574,2.3250502196133245
2023-08-01,-0.0019081298613124321,1.942671545387041e-05,5.828014636161124e-05,-0.0019275565767663024,-0.0019664100076740433,0.14999999999999997,1.2304263825847126,0.46640775945971563,2.4003378555111476,2.320478217593132
2023-08-02,-0.011726624829794103,1.942671545387042e-05,5.828014636161126e-05,-0.011746051545247974,-0.011784904976155714,0.15000000000000002,1.3706395738770687,0.4746116391895735,2.372143363334304,2.2931316022995576
2023-08-03,-0.0003152350439481733,1.942671545387041e-05,5.828014636161124e-05,-0.00033466175940204373,-0.0003735151903097845,0.14999999999999997,1.510852765169425,0.4828155189194312,2.3713494976627767,2.2922750828127194
2023-08-04,-0.0050784378338264114,1.942671545387041e-05,5.828014636161123e-05,-0.0050978645492802815,-0.005136717980188023,0.14999999999999997,1.6510659564617811,0.49101939864928906,2.359260679124688,2.2805003121792984
2023-08-07,0.007232189966116601,1.9426715453870424e-05,5.828014636161126e-05,0.007212763250662731,0.00717390981975499,0.15000000000000002,1.7912791477541372,0.49922327837914693,2.3762774678498118,2.296860415762796
2023-08-08,-0.008374930458235107,1.4332436260512507e-05,4.299730878153751e-05,-0.00838926289449562,-0.008417927767016645,0.1106654104334737,1.8947241501711758,0.5052758498288241,2.3563422514617534,2.277525610691985
2023-08-09,-0.00601115555467467,0.0,0.0,-0.00601115555467467,-0.00601115555467467,0.0,1.8947241501711758,0.5052758498288241,2.3421779116481645,2.2638350499663598
2023-08-10,0.007037943746681791,0.0,0.0,0.007037943746681791,0.007037943746681791,0.0,1.8947241501711758,0.5052758498288241,2.358662028035065,2.2797677936997895
2023-08-11,-0.001078125542611898,0.0,0.0,-0.001078125542611898,-0.001078125542611898,0.0,1.8947241501711758,0.5052758498288241,2.3561190942562518,2.277309917810178
2023-08-14,0.002268529980873995,0.0,0.0,0.002268529980873995,0.002268529980873995,0.0,1.8947241501711758,0.5052758498288241,2.361464021060082,2.282476063634472
2023-08-15,-0.007321717762661704,0.0,0.0,-0.007321717762661704,-0.007321717762661704,0.0,1.8947241501711758,0.5052758498288241,2.3441740479911997,2.2657644180965093
2023-08-16,-0.004648437622170931,0.0,0.0,-0.004648437622170931,-0.004648437622170931,0.0,1.8947241501711758,0.5052758498288241,2.3332773011536005,2.2552321535324533
2023-08-17,-0.007042667218880881,0.0,0.0,-0.007042667218880881,-0.007042667218880881,0.0,1.8947241501711758,0.5052758498288241,2.3168448055922073,2.239349303973804
2023-08-18,-0.00131272362816488,0.0,0.0,-0.00131272362816488,-0.00131272362816488,0.0,1.8947241501711758,0.5052758498288241,2.3138034286731153,2.2364096572307632
2023-08-21,0.011480222348855,0.0,0.0,0.011480222348855,0.011480222348855,0.0,1.8947241501711758,0.5052758498288241,2.340366406505826,2.262084137358899
2023-08-22,-0.004464530994136739,0.0,0.0,-0.004464530994136739,-0.004464530994136739,0.0,1.8947241501711758,0.5052758498288241,2.3299177681463443,2.2519849926163156
2023-08-23,0.002051580763260552,0.0,0.0,0.002051580763260552,0.002051580763260552,0.0,1.8947241501711758,0.5052758498288241,2.3346977826194526,2.2566051217063188
2023-08-24,-0.008484107037877537,0.0,0.0,-0.008484107037877537,-0.008484107037877537,0.0,1.8947241501711758,0.5052758498288241,2.314889956730614,2.23745984231154
2023-08-25,0.004429837420130971,0.0,0.0,0.004429837420130971,0.004429837420130971,0.0,1.8947241501711758,0.5052758498288241,2.3251445428844244,2.247371425647052
2023-08-28,0.00633086802772098,0.0,0.0,0.00633086802772098,0.00633086802772098,0.0,1.8947241501711758,0.5052758498288241,2.339864726130801,2.261599237552095
2023-08-29,0.01016036315399792,0.0,0.0,0.01016036315399792,0.01016036315399792,0.0,1.8947241501711758,0.5052758498288241,2.36363860147952,2.284577907114429
2023-08-30,0.004728945461013677,0.0,0.0,0.004728945461013677,0.004728945461013677,0.0,1.8947241501711758,0.5052758498288241,2.3748161195154633,2.2953815514386102
2023-08-31,-0.005556102742453497,2.2311740153399423e-05,6.693522046019827e-05,-0.005578414482606897,-0.005623037962913696,0.15000000000000002,1.8426262897758174,0.42241981677321727,2.36156841088083,2.282474533835499
2023-09-01,0.006183462856891787,2.231174015339942e-05,6.693522046019826e-05,0.006161151116738388,0.006116527636431589,0.14999999999999997,1.790528429380459,0.33956378371761053,2.376118390732782,2.296435352401155
2023-09-05,0.0012174545786381333,2.231174015339942e-05,6.693522046019826e-05,0.0011951428384847339,0.001150519358177935,0.15,1.7384305689851007,0.2567077506620039,2.378958191610858,2.299077445728897
2023-09-06,-0.004595829548034269,1.0927171914304409e-05,3.278151574291323e-05,-0.004606756719948574,-0.004628611063777183,0.07346248100222391,1.7129156484547636,0.21612901896688969,2.367998909975178,2.2884359104271157
2023-09-07,-0.0051398268249273574,0.0,0.0,-0.0051398268249273574,-0.0051398268249273574,0.0,1.7129156484547636,0.21612901896688969,2.355827805656289,2.2766737461475755
2023-09-08,0.0007337534470390302,0.0,0.0,0.0007337534470390302,0.0007337534470390302,0.0,1.7129156484547636,0.21612901896688969,2.35755640242932,2.2783442633565945
2023-09-11,0.006176739271048129,0.0,0.0,0.006176739271048129,0.006176739271048129,0.0,1.7129156484547636,0.21612901896688969,2.372118413643916,2.292417001841036
2023-09-12,-0.006452994353057595,0.0,0.0,-0.006452994353057595,-0.006452994353057595,0.0,1.7129156484547636,0.21612901896688969,2.356811146915888,2.277624047873303
2023-09-13,0.001154273267811567,0.0,0.0,0.001154273267811567,0.001154273267811567,0.0,1.7129156484547636,0.21612901896688969,2.359531551020053,2.280253048425888
2023-09-14,0.004514108353218368,0.0,0.0,0.004514108353218368,0.004514108353218368,0.0,1.7129156484547636,0.21612901896688969,2.370182732104195,2.2905463577592386
2023-09-15,-0.0021428207607375824,0.0,0.0,-0.0021428207607375824,-0.0021428207607375824,0.0,1.7129156484547636,0.21612901896688969,2.3651038553391004,2.2856381274704005
2023-09-18,0.0006693988410078565,0.0,0.0,0.0006693988410078565,0.0006693988410078565,0.0,1.7129156484547636,0.21612901896688969,2.3666870531187274,2.2871681309838925
2023-09-19,0.0013772695142241337,0.0,0.0,0.0013772695142241337,0.0013772695142241337,0.0,1.7129156484547636,0.21612901896688969,2.369946619046697,2.290318177924602
2023-09-20,-0.005967374431033639,0.0,0.0,-0.005967374431033639,-0.005967374431033639,0.0,1.7129156484547636,0.21612901896688969,2.355804260189283,2.276650991790723
2023-09-21,-0.002810076579678243,0.0,0.0,-0.002810076579678243,-0.002810076579678243,0.0,1.7129156484547636,0.21612901896688969,2.3491842698114187,2.2702534281585907
2023-09-22,-0.0018660807727644087,0.0,0.0,-0.0018660807727644087,-0.0018660807727644087,0.0,1.7129156484547636,0.21612901896688969,2.344800502213843,2.2660169518870013
2023-09-25,0.008661391377698757,0.0,0.0,0.008661391377698757,0.008661391377698757,0.0,1.7129156484547636,0.21612901896688969,2.365109737066142,2.2856438115757944
2023-09-26,-0.008312257744762833,0.0,0.0,-0.008312257744762833,-0.008312257744762833,0.0,1.7129156484547636,0.21612901896688969,2.3454503353369995,2.266644951101254
2023-09-27,-0.00042580870064282367,0.0,0.0,-0.00042580870064282367,-0.00042580870064282367,0.0,1.7129156484547636,0.21612901896688969,2.3444516221772873,2.2656797939598072
2023-09-28,0.0016638194759805566,0.0,0.0,0.0016638194759805566,0.0016638194759805566,0.0,1.7129156484547636,0.21612901896688969,2.3483523664467603,2.2694494761273334
2023-09-29,-0.0023965623017273823,0.0,0.0,-0.0023965623017273823,-0.0023965623017273823,0.0,1.7129156484547636,0.21612901896688969,2.3427243936941617,2.2640105990671717
2023-10-02,0.004282663592985332,0.0,0.0,0.004282663592985332,0.004282663592985332,0.0,1.7129156484547636,0.21612901896688969,2.3527574941634346,2.2737065948339295
2023-10-03,-0.002776582196573724,0.0,0.0,-0.002776582196573724,-0.002776582196573724,0.0,1.7129156484547636,0.21612901896688969,2.346224869592285,2.2673934615824813
2023-10-04,0.0017293404481264819,0.0,0.0,0.0017293404481264819,0.0017293404481264819,0.0,1.7129156484547636,0.21612901896688969,2.3502822911596715,2.2713145568074133
2023-10-05,-0.0007878063759468499,0.0,0.0,-0.0007878063759468499,-0.0007878063759468499,0.0,1.7129156484547636,0.21612901896688969,2.348430723785421,2.2695252007177795
2023-10-06,0.014930347547399582,0.0,0.0,0.014930347547399582,0.014930347547399582,0.0,1.7129156484547636,0.21612901896688969,2.3834936106825286,2.303410000732078
2023-10-09,-0.003840152243290004,0.0,0.0,-0.003840152243290004,-0.003840152243290004,0.0,1.7129156484547636,0.21612901896688969,2.3743406323465988,2.29456455565055
2023-10-10,0.004254236865886113,0.0,0.0,0.004254236865886113,0.004254236865886113,0.0,1.7129156484547636,0.21612901896688969,2.3844416397968993,2.3043261767743544
2023-10-11,-0.001153820731305045,0.0,0.0,-0.001153820731305045,-0.001153820731305045,0.0,1.7129156484547636,0.21612901896688969,2.3816904216003145,2.301667397459903
2023-10-12,0.005139203230405748,0.0,0.0,0.005139203230405748,0.005139203230405748,0.0,1.7129156484547636,0.21612901896688969,2.3939304127088294,2.313496133984249
2023-10-13,-0.003448861023319332,0.0,0.0,-0.003448861023319332,-0.003448861023319332,0.0,1.7129156484547636,0.21612901896688969,2.385674079415899,2.3055172073401504
2023-10-16,0.010656584263579596,0.0,0.0,0.010656584263579596,0.010656584263579596,0.0,1.7129156484547636,0.21612901896688969,2.411097216268632,2.330086145731303
2023-10-17,0.0059177187785017064,0.0,0.0,0.0059177187785017064,0.0059177187785017064,0.0,1.7129156484547636,0.21612901896688969,2.4253654115421384,2.3438749402714243
2023-10-18,-0.0008318454600601596,0.0,0.0,-0.0008318454600601596,-0.0008318454600601596,0.0,1.7129156484547636,0.21612901896688969,2.42334788233556,2.3419251985434104
2023-10-19,0.0058540391538622946,0.0,0.0,0.0058540391538622946,0.0058540391538622946,0.0,1.7129156484547636,0.21612901896688969,2.437534255722182,2.3556349203511004
2023-10-20,-0.008614738936859052,0.0,0.0,-0.008614738936859052,-0.008614738936859052,0.0,1.7129156484547636,0.21612901896688969,2.4165355344594843,2.335341740481727
2023-10-23,-0.003226189626918733,0.0,0.0,-0.003226189626918733,-0.003226189626918733,0.0,1.7129156484547636,0.21612901896688969,2.4087393325851303,2.3278074851832744
2023-10-24,-0.0007294177389078876,0.0,0.0,-0.0007294177389078876,-0.0007294177389078876,0.0,1.7129156484547636,0.21612901896688969,2.4069823553875374,2.326109541110819
2023-10-25,-0.0010823746190028,0.0,0.0,-0.0010823746190028,-0.0010823746190028,0.0,1.7129156484547636,0.21612901896688969,2.4043770987776782,2.3235918191825005
2023-10-26,-0.012391766334567608,0.0,0.0,-0.012391766334567608,-0.012391766334567608,0.0,1.7129156484547636,0.21612901896688969,2.3745826195894395,2.294798412302278
2023-10-27,0.002123379289839702,0.0,0.0,0.002123379289839702,0.002123379289839702,0.0,1.7129156484547636,0.21612901896688969,2.379624759145889,2.2996711397253176
2023-10-30,0.0065075031166532465,0.0,0.0,0.0065075031166532465,0.0065075031166532465,0.0,1.7129156484547636,0.21612901896688969,2.3951101746824963,2.3146362568343575
2023-10-31,0.006613355701197622,1.94088461513396e-05,5.8226538454018794e-05,0.006593946855046283,0.006555129162743603,0.15000000000000002,1.7256324113091501,0.18041387285458116,2.410903403886333,2.3298089964626763
2023-11-01,-0.004199390488197197,1.940884615133959e-05,5.8226538454018767e-05,-0.004218799334348536,-0.004257617026651216,0.14999999999999997,1.7383491741635362,0.14469872674227266,2.4007322862108387,2.319889562010492
2023-11-02,-0.00015192679985041933,1.9408846151339592e-05,5.8226538454018767e-05,-0.00017133564600175892,-0.0002101533383044381,0.14999999999999997,1.7510659370179225,0.10898358062996423,2.4003209551937035,2.3194020294745377
2023-11-03,-0.0014588225263626286,1.94088461513396e-05,5.8226538454018794e-05,-0.0014782313725139682,-0.0015170490648166474,0.15000000000000002,1.763782699872309,0.07326843451765572,2.3967727254536335,2.3158833827947896
2023-11-06,0.0052767467615639704,1.940884615133959e-05,5.8226538454018767e-05,0.005257337915412631,0.0052185202231099515,0.14999999999999994,1.7764994627266948,0.03755328840534719,2.409373369577788,2.3279688670622685
2023-11-07,-0.0021549208720833394,1.9408846151339592e-05,5.822653845401878e-05,-0.002174329718234679,-0.0022131474105373584,0.14999999999999997,1.789216225581081,0.0018381422930387747,2.4041345974579915,2.322816728792318
2023-11-08,-0.00418594283296791,1.9408846151339606e-05,5.8226538454018794e-05,-0.004205351679119249,-0.004244169371421929,0.15000000000000005,1.8019329884354673,-0.03387700381926967,2.3940243659917426,2.3129583011765513
2023-11-09,0.01071182790827571,1.9408846151339585e-05,5.822653845401875e-05,0.01069241906212437,0.010653601369821691,0.1499999999999999,1.8146497512898534,-0.06959214993157811,2.419622277757863,2.3375996369023064
2023-11-10,-0.001889523873948002,1.9408846151339602e-05,5.822653845401879e-05,-0.0019089327200993416,-0.0019477504124020208,0.15000000000000002,1.8273665141442397,-0.10530729604388664,2.41500338162157,2.3330465762454993
2023-11-13,0.0010679489104596833,2.643006136176127e-07,7.929018408528379e-07,0.0010676846098460657,0.0010671560086188306,0.002042630032383745,1.8275396850890469,-0.10579364824428639,2.4175818435648533,2.3355363009177275
2023-11-14,-0.02257960297636573,0.0,0.0,-0.02257960297636573,-0.02257960297636573,0.0,1.8275396850890469,-0.10579364824428639,2.3629938053742885,2.2828008185061153
2023-11-15,0.006882093700323952,0.0,0.0,0.006882093700323952,0.006882093700323952,0.0,1.8275396850890469,-0.10579364824428639,2.3792561501561593,2.2985112676382506
2023-11-16,0.0013274326066044085,0.0,0.0,0.0013274326066044085,0.0013274326066044085,0.0,1.8275396850890469,-0.10579364824428639,2.3824144523493405,2.301562386441561
2023-11-17,-0.007933864143297895,0.0,0.0,-0.007933864143297895,-0.007933864143297895,0.0,1.8275396850890469,-0.10579364824428639,2.3635126997513716,2.283302103150209
2023-11-20,-0.004749613027588296,0.0,0.0,-0.004749613027588296,-0.004749613027588296,0.0,1.8275396850890469,-0.10579364824428639,2.352286929041762,2.2724573017351672
2023-11-21,0.004984952348426729,0.0,0.0,0.004984952348426729,0.004984952348426729,0.0,1.8275396850890469,-0.10579364824428639,2.364012967292862,2.2837853930981513
2023-11-22,0.0002999674974354873,0.0,0.0,0.0002999674974354873,0.0002999674974354873,0.0,1.8275396850890469,-0.10579364824428639,2.364722094346566,2.2844704544871988
2023-11-24,0.0017212924556270666,0.0,0.0,0.0017212924556270666,0.0017212924556270666,0.0,1.8275396850890469,-0.10579364824428639,2.3687924726472196,2.2884026962456105
2023-11-27,-0.005231844056254224,0.0,0.0,-0.005231844056254224,-0.005231844056254224,0.0,1.8275396850890469,-0.10579364824428639,2.3563993198287005,2.276430130200942
2023-11-28,0.0004093419834005068,0.0,0.0,0.0004093419834005068,0.0004093419834005068,0.0,1.8275396850890469,-0.10579364824428639,2.357363892999963,2.2773619686255113
2023-11-29,-0.004586019816792899,0.0,0.0,-0.004586019816792899,-0.004586019816792899,0.0,1.8275396850890469,-0.10579364824428639,2.3465529754712735,2.2669179415073843
2023-11-30,0.004704528008193437,2.271006754396282e-05,6.813020263188847e-05,0.004681817940649474,0.0046363978055615485,0.15000000000000005,1.829338984393627,-0.00101901420117248,2.357539109290519,2.277428274876777
2023-12-01,-0.010645529786975813,2.271006754396281e-05,6.813020263188843e-05,-0.010668239854519776,-0.010713659989607702,0.14999999999999994,1.831138283698207,0.10375561984194145,2.3323883166061967,2.2530286826890285
2023-12-04,-0.00649534540438012,2.271006754396282e-05,6.813020263188847e-05,-0.006518055471924083,-0.006563475607012008,0.15000000000000005,1.8329375830027872,0.2085302538850555,2.31718568017649,2.238240983888301
2023-12-05,-0.0034667289943335457,2.2710067543962818e-05,6.813020263188845e-05,-0.0034894390618775083,-0.003534859196965434,0.15,1.8347368823073675,0.31330488792816946,2.3091000019504593,2.2303291171613786
2023-12-06,-0.0030714647976689256,2.2710067543962815e-05,6.813020263188845e-05,-0.003094174865212888,-0.003139595000300814,0.14999999999999997,1.8365361816119474,0.4180795219712834,2.301955242763161,2.2233267870161133
2023-12-07,-0.0020964454672583047,2.271006754396281e-05,6.813020263188845e-05,-0.0021191555348022673,-0.002164575669890193,0.14999999999999997,1.8383354809165273,0.5228541560143972,2.2970770415695925,2.218514227946723
2023-12-08,0.0014411899591572287,2.2710067543962815e-05,6.813020263188847e-05,0.001418479891613266,0.0013730597565253402,0.15000000000000002,1.8401347802211077,0.6276287900575114,2.3003353991625453,2.2215603805523956
2023-12-11,0.002647184665951636,2.271006754396281e-05,6.813020263188843e-05,0.0026244745984076736,0.002579054463319748,0.14999999999999997,1.8419340795256876,0.7324034241006252,2.306372570985465,2.2272899057673934
2023-12-12,0.0008867281414008005,2.271006754396282e-05,6.813020263188847e-05,0.0008640180738568377,0.000818597938768912,0.15000000000000002,1.843733378830268,0.837178058143739,2.3083653185718442,2.2291131606932955
2023-12-13,0.005110942339053147,2.271006754396281e-05,6.813020263188844e-05,0.005088232271509184,0.005042812136421259,0.14999999999999997,1.8455326781348478,0.9419526921868532,2.320110817480234,2.2403541595934957
2023-12-14,0.00015224815396197656,2.2710067543962818e-05,6.813020263188845e-05,0.00012953808641801376,8.41179513300881e-05,0.15,1.847331977439428,1.0467273262299668,2.320411360195808,2.2405426135956543
2023-12-15,-0.0055319235958546315,1.2659156952202884e-06,3.7977470856608645e-06,-0.005533189511549852,-0.005535721342940292,0.008361373382771924,1.8474322748615144,1.0525677251384855,2.3075720843950913,2.2281395940298054
2023-12-18,0.007043800649811724,0.0,0.0,0.007043800649811724,0.007043800649811724,0.0,1.8474322748615144,1.0525677251384855,2.3238261621426406,2.243834165150104
2023-12-19,0.008746720636831495,0.0,0.0,0.008746720636831495,0.008746720636831495,0.0,1.8474322748615144,1.0525677251384855,2.3441520203914625,2.26346035574805
2023-12-20,-0.013075100905687805,0.0,0.0,-0.013075100905687805,-0.013075100905687805,0.0,1.8474322748615144,1.0525677251384855,2.3135019961865724,2.2338653832006203
2023-12-21,0.01108192047638316,0.0,0.0,0.01108192047638316,0.01108192047638316,0.0,1.8474322748615144,1.0525677251384855,2.339140041330266,2.2586209017321948
2023-12-22,0.0029529875304108184,0.0,0.0,0.0029529875304108184,0.0029529875304108184,0.0,1.8474322748615144,1.0525677251384855,2.3460474927041988,2.265290581090935
2023-12-26,0.005898033143111243,0.0,0.0,0.005898033143111243,0.005898033143111243,0.0,1.8474322748615144,1.0525677251384855,2.359884558571481,2.2786513400169874
2023-12-27,0.001365472311304065,0.0,0.0,0.001365472311304065,0.001365472311304065,0.0,1.8474322748615144,1.0525677251384855,2.3631069155940847,2.2817627753288967
2023-12-28,-0.0016472847445783406,0.0,0.0,-0.0016472847445783406,-0.0016472847445783406,0.0,1.8474322748615144,1.0525677251384855,2.359214205622219,2.2780040623183506
2023-12-29,-0.0015945480553467993,0.0,0.0,-0.0015945480553467993,-0.0015945480553467993,0.0,1.8474322748615144,1.0525677251384855,2.3554523251984976,2.274371675370709
2024-01-02,-0.008190143988876459,0.0,0.0,-0.008190143988876459,-0.008190143988876459,0.0,1.8474322748615144,1.0525677251384855,2.336160831496188,2.255744243865201
2024-01-03,-0.006659066320493525,0.0,0.0,-0.006659066320493525,-0.006659066320493525,0.0,1.8474322748615144,1.0525677251384855,2.3206041815839153,2.240723093343231
2024-01-04,0.0038136739080766877,0.0,0.0,0.0038136739080766877,0.0038136739080766877,0.0,1.8474322748615144,1.0525677251384855,2.3294542092021957,2.249268480539539
2024-01-05,0.0019038493962051128,0.0,0.0,0.0019038493962051128,0.0019038493962051128,0.0,1.8474322748615144,1.0525677251384855,2.333889139191873,2.2535507489781175
2024-01-08,0.005696664274042775,0.0,0.0,0.005696664274042775,0.005696664274042775,0.0,1.8474322748615144,1.0525677251384855,2.3471845220706835,2.2663884710195634
2024-01-09,-0.0017699412873745822,0.0,0.0,-0.0017699412873745822,-0.0017699412873745822,0.0,1.8474322748615144,1.0525677251384855,2.343030143275984,2.262377096491476
2024-01-10,0.0065922830478467075,0.0,0.0,0.0065922830478467075,0.0065922830478467075,0.0,1.8474322748615144,1.0525677251384855,2.358476061170096,2.2772913266725134
2024-01-11,0.0004942459246306405,0.0,0.0,0.0004942459246306405,0.0004942459246306405,0.0,1.8474322748615144,1.0525677251384855,2.359641728351668,2.278416868629918
2024-01-12,0.0031325766919707617,0.0,0.0,0.0031325766919707617,0.0031325766919707617,0.0,1.8474322748615144,1.0525677251384855,2.3670334870313043,2.2855541842071814
2024-01-16,-0.004044479562366543,0.0,0.0,-0.004044479562366543,-0.004044479562366543,0.0,1.8474322748615144,1.0525677251384855,2.3574600684695692,2.276310307020474
2024-01-17,-0.006900616185402938,0.0,0.0,-0.006900616185402938,-0.006900616185402938,0.0,1.8474322748615144,1.0525677251384855,2.341192141364647,2.260602363272849
2024-01-18,0.010518832537717392,0.0,0.0,0.010518832537717392,0.010518832537717392,0.0,1.8474322748615144,1.0525677251384855,2.365818749438282,2.2843812609664846
2024-01-19,0.0092340815574057,0.0,0.0,0.0092340815574057,0.0092340815574057,0.0,1.8474322748615144,1.0525677251384855,2.3876649127206346,2.3054754238384585
2024-01-22,-0.0018426536729277082,0.0,0.0,-0.0018426536729277082,-0.0018426536729277082,0.0,1.8474322748615144,1.0525677251384855,2.3832652731994894,2.301227231080878
2024-01-23,0.0036395618742970206,0.0,0.0,0.0036395618742970206,0.0036395618742970206,0.0,1.8474322748615144,1.0525677251384855,2.3919393146241625,2.309602689975214
2024-01-24,0.001978268286073255,0.0,0.0,0.001978268286073255,0.001978268286073255,0.0,1.8474322748615144,1.0525677251384855,2.396671212312495,2.314171703730221
2024-01-25,0.00188006143696509,0.0,0.0,0.00188006143696509,0.00188006143696509,0.0,1.8474322748615144,1.0525677251384855,2.4011771014358483,2.31852248870892
2024-01-26,1.5135979486538098e-05,0.0,0.0,1.5135979486538098e-05,1.5135979486538098e-05,0.0,1.8474322748615144,1.0525677251384855,2.401213445603199,2.318557581817748
2024-01-29,0.003822150677474341,0.0,0.0,0.003822150677474341,0.003822150677474341,0.0,1.8474322748615144,1.0525677251384855,2.4103912452010716,2.3274194582498557
2024-01-30,-0.0034251561951662594,0.0,0.0,-0.0034251561951662594,-0.0034251561951662594,0.0,1.8474322748615144,1.0525677251384855,2.4021352786947965,2.3194476830736805
2024-01-31,-0.011891366535002484,2.6636302157470452e-05,7.990890647241136e-05,-0.011918002837159955,-0.011971275441474895,0.15,1.828948495846002,1.0180240468080601,2.37350662362807,2.2916809359875145
2024-02-01,0.008129485539726217,2.6636302157470452e-05,7.990890647241133e-05,0.008102849237568746,0.008049576633253806,0.14999999999999997,1.81046471683049,0.9834803684776349,2.392738789963699,2.3101279973007127
2024-02-02,0.0072130934880081455,2.6636302157470452e-05,7.990890647241134e-05,0.007186457185850675,0.007133184581535734,0.15,1.7919809378149776,0.9489366901472093,2.409934104834697,2.326606566712432
2024-02-05,-0.0014509207546074135,2.663630215747045e-05,7.990890647241133e-05,-0.001477557056764884,-0.0015308296610798248,0.14999999999999997,1.773497158799465,0.9143930118167841,2.4063732896917602,2.3230449283704453
2024-02-06,0.0017210328321974589,2.6636302157470452e-05,7.990890647241133e-05,0.0016943965300399884,0.0016411239257250476,0.14999999999999997,1.755013379783953,0.8798493334863587,2.410450640243795,2.3268573329829283
2024-02-07,0.0038557725709847,2.6636302157470445e-05,7.990890647241131e-05,0.0038291362688272295,0.0037758636645122885,0.1499999999999999,1.7365296007684403,0.8453056551559335,2.41968058421457,2.3356432290390425
2024-02-08,0.0025650530301270405,2.6636302157470455e-05,7.990890647241136e-05,0.00253841672796957,0.002485144123654629,0.15,1.7180458217529282,0.8107619768255081,2.4258227418858835,2.3414476390846426
2024-02-09,0.004172279850820916,2.6636302157470455e-05,7.990890647241136e-05,0.004145643548663446,0.004092370944348505,0.15000000000000002,1.6995620427374158,0.7762182984950827,2.435879338285984,2.351029711370546
2024-02-12,0.001221151782859452,2.6636302157470462e-05,7.990890647241136e-05,0.0011945154807019814,0.0011412428763870406,0.15000000000000002,1.6810782637219033,0.7416746201646575,2.4387890338646887,2.353712807280822
2024-02-13,-0.008318248783261702,1.1429035456151428e-05,3.428710636845429e-05,-0.008329677818717855,-0.008352535889630157,0.06436161101821351,1.6731472917542836,0.7268527082457166,2.4184747069447736,2.3340533365841267
2024-02-14,0.010343226497403431,0.0,0.0,0.010343226497403431,0.010343226497403431,0.0,1.6731472917542836,0.7268527082457166,2.443489538616945,2.3581949789014365
2024-02-15,0.004473817253449423,0.0,0.0,0.004473817253449423,0.004473817253449423,0.0,1.6731472917542836,0.7268527082457166,2.454421264273433,2.3687451122850436
2024-02-16,-0.004004688260660114,0.0,0.0,-0.004004688260660114,-0.004004688260660114,0.0,1.6731472917542836,0.7268527082457166,2.4445920722496823,2.3592590265413795
2024-02-20,-0.002518893555286011,0.0,0.0,-0.002518893555286011,-0.002518893555286011,0.0,1.6731472917542836,0.7268527082457166,2.4384344050335893,2.3533163041841743
2024-02-21,-0.002006229273449009,0.0,0.0,-0.002006229273449009,-0.002006229273449009,0.0,1.6731472917542836,0.7268527082457166,2.4335423465488257,2.348595012125035
2024-02-22,0.012898975141215411,0.0,0.0,0.012898975141215411,0.012898975141215411,0.0,1.6731472917542836,0.7268527082457166,2.464932548782054,2.3788894808032186
2024-02-23,0.0035288388245099836,0.0,0.0,0.0035288388245099836,0.0035288388245099836,0.0,1.6731472917542836,0.7268527082457166,2.473630898459995,2.3872841983622957
2024-02-26,-0.00297667158948504,0.0,0.0,-0.00297667158948504,-0.00297667158948504,0.0,1.6731472917542836,0.7268527082457166,2.466267711641677,2.380178037313004
2024-02-27,0.001010204670793572,0.0,0.0,0.001010204670793572,0.001010204670793572,0.0,1.6731472917542836,0.7268527082457166,2.468759146803405,2.382582504283618
2024-02-28,-0.0017356389501070467,0.0,0.0,-0.0017356389501070467,-0.0017356389501070467,0.0,1.6731472917542836,0.7268527082457166,2.4644742722697797,2.3784472012873397
2024-02-29,0.003501390661280375,2.6191050804148195e-05,7.857315241244458e-05,0.003475199610476227,0.0034228175088679307,0.14999999999999994,1.7298286252951312,0.8003341618898421,2.4730388123008002,2.386588192011824
2024-03-01,0.008444767825534723,2.61910508041482e-05,7.857315241244461e-05,0.008418576774730575,0.008366194673122279,0.15,1.786509958835979,0.8738156155339674,2.4938582794090434,2.40655485343077
2024-03-04,0.00026312464152129534,2.6191050804148205e-05,7.857315241244461e-05,0.00023693359071714714,0.00018455148910885073,0.14999999999999997,1.8431912923768263,0.9472970691780929,2.4944491582059234,2.4069989867125927
2024-03-05,-0.005204611451699377,2.2035675081885055e-05,6.610702524565517e-05,-0.005226647126781263,-0.005270718476945033,0.1262015520873736,1.8908797741584071,1.009120225841593,2.4814115526802847,2.3943123726793387
2024-03-06,0.0050097484969077516,0.0,0.0,0.0050097484969077516,0.0050097484969077516,0.0,1.8908797741584071,1.009120225841593,2.4938428004765343,2.406307275489497
2024-03-07,0.005170862852413348,0.0,0.0,0.005170862852413348,0.005170862852413348,0.0,1.8908797741584071,1.009120225841593,2.506738119573277,2.4187499603918177
2024-03-08,-0.0025787514198591733,0.0,0.0,-0.0025787514198591733,-0.0025787514198591733,0.0,1.8908797741584071,1.009120225841593,2.500273865088212,2.412512605497173
2024-03-11,-0.0035162938107101316,0.0,0.0,-0.0035162938107101316,-0.0035162938107101316,0.0,1.8908797741584071,1.009120225841593,2.491482167571322,2.4040295023542027
2024-03-12,0.005370416539512947,0.0,0.0,0.005370416539512947,0.005370416539512947,0.0,1.8908797741584071,1.009120225841593,2.5048624646119486,2.4169401421551227
2024-03-13,-0.0025290959605067448,0.0,0.0,-0.0025290959605067448,-0.0025290959605067448,0.0,1.8908797741584071,1.009120225841593,2.4985274270710733,2.4108274686048117
2024-03-14,-0.004113309243928135,0.0,0.0,-0.004113309243928135,-0.004113309243928135,0.0,1.8908797741584071,1.009120225841593,2.488250211109094,2.4009109896926835
2024-03-15,-0.0034913174690739644,0.0,0.0,-0.0034913174690739644,-0.0034913174690739644,0.0,1.8908797741584071,1.009120225841593,2.479562939679622,2.3925286472126777
2024-03-18,0.0012077008925889666,0.0,0.0,0.0012077008925889666,0.0012077008925889666,0.0,1.8908797741584071,1.009120225841593,2.482557510055104,2.395418106195461
2024-03-19,0.00500731534011683,0.0,0.0,0.00500731534011683,0.00500731534011683,0.0,1.8908797741584071,1.009120225841593,2.494988458357925,2.4074127200246074
2024-03-20,0.011715850618449916,0.0,0.0,0.011715850618449916,0.011715850618449916,0.0,1.8908797741584071,1.009120225841593,2.524219370430803,2.4356176078293714
2024-03-21,0.004986625519952403,0.0,0.0,0.004986625519952403,0.004986625519952403,0.0,1.8908797741584071,1.009120225841593,2.5368067071613516,2.447763120749419
2024-03-22,-0.002542794856013849,0.0,0.0,-0.002542794856013849,-0.002542794856013849,0.0,1.8908797741584071,1.009120225841593,2.53035612811568,2.441538961277237
2024-03-25,-0.0024298375256230033,0.0,0.0,-0.0024298375256230033,-0.0024298375256230033,0.0,1.8908797741584071,1.009120225841593,2.5242077738423947,2.435606418288855
2024-03-26,0.0018519275574510096,0.0,0.0,0.0018519275574510096,0.0018519275574510096,0.0,1.8908797741584071,1.009120225841593,2.5288824237795056,2.440116984933989
2024-03-27,0.00737829448274189,0.0,0.0,0.00737829448274189,0.00737829448274189,0.0,1.8908797741584071,1.009120225841593,2.5475412630143808,2.4581208866211726
2024-03-28,0.0017865886157781734,0.0,0.0,0.0017865886157781734,0.0017865886157781734,0.0,1.8908797741584071,1.009120225841593,2.5520926712331073,2.4625125374134167
2024-04-01,0.0011879405572936842,0.0,0.0,0.0011879405572936842,0.0011879405572936842,0.0,1.8908797741584071,1.009120225841593,2.555124405623237,2.465437855929454
2024-04-02,-0.0033928207181501864,0.0,0.0,-0.0033928207181501864,-0.0033928207181501864,0.0,1.8908797741584071,1.009120225841593,2.5464553266023873,2.4570730672925447
2024-04-03,0.0012918041538316407,0.0,0.0,0.0012918041538316407,0.0012918041538316407,0.0,1.8908797741584071,1.009120225841593,2.549744848170839,2.4602471244871413
2024-04-04,-0.009441523661404255,0.0,0.0,-0.009441523661404255,-0.009441523661404255,0.0,1.8908797741584071,1.009120225841593,2.52567137185629,2.437018643048394
2024-04-05,0.008340086117207365,0.0,0.0,0.008340086117207365,0.008340086117207365,0.0,1.8908797741584071,1.009120225841593,2.546735688601337,2.457343588400658
2024-04-08,0.0037740344572741056,0.0,0.0,0.0037740344572741056,0.0037740344572741056,0.0,1.8908797741584071,1.009120225841593,2.556347156843688,2.4666176877766435
2024-04-09,0.004471364548863524,0.0,0.0,0.004471364548863524,0.004471364548863524,0.0,1.8908797741584071,1.009120225841593,2.5677775168953865,2.4776468346613676
2024-04-10,-0.009335035152687035,0.0,0.0,-0.009335035152687035,-0.009335035152687035,0.0,1.8908797741584071,1.009120225841593,2.5438072235108886,2.45451791436386
2024-04-11,0.011570404343783234,0.0,0.0,0.011570404343783234,0.011570404343783234,0.0,1.8908797741584071,1.009120225841593,2.5732401016595463,2.4829176791021093
2024-04-12,-0.01326985123752222,0.0,0.0,-0.01326985123752222,-0.01326985123752222,0.0,1.8908797741584071,1.009120225841593,2.5390935883120975,2.4499697308654103
2024-04-15,-0.0009957281234495392,0.0,0.0,-0.0009957281234495392,-0.0009957281234495392,0.0,1.8908797741584071,1.009120225841593,2.536565341418145,2.4475302271027877
2024-04-16,-0.0023511578141044015,0.0,0.0,-0.0023511578141044015,-0.0023511578141044015,0.0,1.8908797741584071,1.009120225841593,2.530601475994683,2.4417756972840783
2024-04-17,-0.0038969522624806565,0.0,0.0,-0.0038969522624806565,-0.0038969522624806565,0.0,1.8908797741584071,1.009120225841593,2.5207398428473686,2.4322602139560767
2024-04-18,0.0006414699653699104,0.0,0.0,0.0006414699653699104,0.0006414699653699104,0.0,1.8908797741584071,1.009120225841593,2.522356821747066,2.4338204358312936
2024-04-19,-0.004885130677847323,0.0,0.0,-0.004885130677847323,-0.004885130677847323,0.0,1.8908797741584071,1.009120225841593,2.510034779056672,2.4219309049558424
2024-04-22,0.0017987945525796474,0.0,0.0,0.0017987945525796474,0.0017987945525796474,0.0,1.8908797741584071,1.009120225841593,2.514549815944025,2.426287461074401
2024-04-23,0.006399995592666939,0.0,0.0,0.006399995592666939,0.006399995592666939,0.0,1.8908797741584071,1.009120225841593,2.5306429236836085,2.4418156901318206
2024-04-24,0.0007986471439313924,0.0,0.0,0.0007986471439313924,0.0007986471439313924,0.0,1.8908797741584071,1.009120225841593,2.532664014426919,2.4437658392587513
2024-04-25,-0.0020830900280774923,0.0,0.0,-0.0020830900280774923,-0.0020830900280774923,0.0,1.8908797741584071,1.009120225841593,2.5273882472739952,2.438675255008035
2024-04-26,0.013052046726495688,0.0,0.0,0.013052046726495688,0.013052046726495688,0.0,1.8908797741584071,1.009120225841593,2.5603758367734115,2.470504958387149
2024-04-29,-9.138651728301129e-05,0.0,0.0,-9.138651728301129e-05,-9.138651728301129e-05,0.0,1.8908797741584071,1.009120225841593,2.560141852942753,2.4702791875430714
2024-04-30,-0.009845115607676477,3.6836128571431175e-05,0.0001105083857142935,-0.009881951736247908,-0.009955623993390771,0.15000000000000002,1.761268633430651,1.1387313665693488,2.5348426547140246,2.4456860167931938
2024-05-01,0.0016529075988679764,1.741284927958394e-05,5.223854783875182e-05,0.0016354947495883924,0.0016006690510292246,0.07090667486602574,1.7,1.2,2.5389883765668424,2.4496007507088096
2024-05-02,0.0018682071051180074,0.0,0.0,0.0018682071051180074,0.0018682071051180074,0.0,1.7,1.2,2.5437317326917563,2.454177112235986
2024-05-03,0.007738830777533963,0.0,0.0,0.007738830777533963,0.007738830777533963,0.0,1.7,1.2,2.5634172421145007,2.473169573605677
2024-05-06,0.010140993277269254,0.0,0.0,0.010140993277269254,0.010140993277269254,0.0,1.7,1.2,2.58941283913362,2.498249969625159
2024-05-07,0.0006136618875584298,0.0,0.0,0.0006136618875584298,0.0006136618875584298,0.0,1.7,1.2,2.591001863104151,2.4997830504171126
2024-05-08,0.00032192814009912975,0.0,0.0,0.00032192814009912975,0.00032192814009912975,0.0,1.7,1.2,2.5918359795149337,2.5005878009251847
2024-05-09,0.006944358926444325,0.0,0.0,0.006944358926444325,0.006944358926444325,0.0,1.7,1.2,2.609834618835158,2.5179527801418975
2024-05-10,0.003061161941976318,0.0,0.0,0.003061161941976318,0.003061161941976318,0.0,1.7,1.2,2.6178237452451882,2.525660641364161
2024-05-13,-0.0005767435041586527,0.0,0.0,-0.0005767435041586527,-0.0005767435041586527,0.0,1.7,1.2,2.6163139324050855,2.524203982995545
2024-05-14,0.006972459052156189,0.0,0.0,0.006972459052156189,0.006972459052156189,0.0,1.7,1.2,2.634556074166366,2.5418038919062713
2024-05-15,0.008156267987421292,0.0,0.0,0.008156267987421292,0.008156267987421292,0.0,1.7,1.2,2.656044219535155,2.562535525620129
2024-05-16,-0.0016052765091149872,0.0,0.0,-0.0016052765091149872,-0.0016052765091149872,0.0,1.7,1.2,2.6517805341423646,2.5584219475370786
2024-05-17,0.005641700588117492,0.0,0.0,0.005641700588117492,0.005641700588117492,0.0,1.7,1.2,2.666741085941394,2.5728557981431512
2024-05-20,0.0032936616537430044,0.0,0.0,0.0032936616537430044,0.0032936616537430044,0.0,1.7,1.2,2.67552442879662,2.5813299146261053
2024-05-21,-0.0010279556447662915,0.0,0.0,-0.0010279556447662915,-0.0010279556447662915,0.0,1.7,1.2,2.672774108357328,2.5786764219693614
2024-05-22,-0.0063431625796396725,0.0,0.0,-0.0063431625796396725,-0.0063431625796396725,0.0,1.7,1.2,2.655820267649366,2.5623194581845263
2024-05-23,-0.00967001816853205,0.0,0.0,-0.00967001816853205,-0.00967001816853205,0.0,1.7,1.2,2.630138437408841,2.537541782470299
2024-05-24,0.004754857583436066,0.0,0.0,0.004754857583436066,0.004754857583436066,0.0,1.7,1.2,2.6426443711034406,2.549607432257963
2024-05-28,0.0026771633494514064,0.0,0.0,0.0026771633494514064,0.0026771633494514064,0.0,1.7,1.2,2.6497191617593927,2.556433147831093
2024-05-29,-0.00833878909373605,0.0,0.0,-0.00833878909373605,-0.00833878909373605,0.0,1.7,1.2,2.62762371251185,2.5351155909790934
2024-05-30,-0.002019406195867512,0.0,0.0,-0.002019406195867512,-0.002019406195867512,0.0,1.7,1.2,2.622317472906395,2.52999616284743
2024-05-31,0.0013431373896774697,2.7825827240687727e-05,8.347748172206316e-05,0.0013153115624367818,0.0012596599079554064,0.15000000000000002,1.792178160910759,1.2131985960813607,2.625766637398889,2.53318309758105
2024-06-03,-8.056989667565599e-05,2.7825827240687733e-05,8.347748172206317e-05,-0.00010839572391634372,-0.00016404737839771915,0.15000000000000002,1.8843563218215178,1.2263971921627213,2.6254820155233927,2.5327675355348904
2024-06-04,-0.009768230025366257,2.7825827240687727e-05,8.347748172206316e-05,-0.009796055852606945,-0.00985170750708832,0.15000000000000002,1.9765344827322768,1.239595788244082,2.5997626470593107,2.5078154505913517
2024-06-05,0.014708792709197123,7.083537175765422e-06,2.1250611527296264e-05,0.014701709172021358,0.014687542097669827,0.03818504898970812,1.9999999999999998,1.242955715163829,2.637983601412661,2.5446490955950987
2024-06-06,0.004216354573221108,0.0,0.0,0.004216354573221108,0.004216354573221108,0.0,1.9999999999999998,1.242955715163829,2.6491062756345594,2.5553782384465538
2024-06-07,-0.010934759925717696,0.0,0.0,-0.010934759925717696,-0.010934759925717696,0.0,1.9999999999999998,1.242955715163829,2.6201389344927835,2.5274357908897374
2024-06-10,0.009640266654320053,0.0,0.0,0.009640266654320053,0.009640266654320053,0.0,1.9999999999999998,1.242955715163829,2.64539777249266,2.551800945865587
2024-06-11,-0.0016889619201778962,0.0,0.0,-0.0016889619201778962,-0.0016889619201778962,0.0,1.9999999999999998,1.242955715163829,2.6409297963911964,2.547491051240146
2024-06-12,0.007118199075258153,0.0,0.0,0.007118199075258153,0.007118199075258153,0.0,1.9999999999999998,1.242955715163829,2.6597284604256903,2.565624599685312
2024-06-13,-0.004578212214306109,0.0,0.0,-0.004578212214306109,-0.004578212214306109,0.0,1.9999999999999998,1.242955715163829,2.647551659101432,2.5538786258057087
2024-06-14,-6.113126807211428e-05,0.0,0.0,-6.113126807211428e-05,-6.113126807211428e-05,0.0,1.9999999999999998,1.242955715163829,2.647389810911225,2.5537225039668106
2024-06-17,0.006013749918152157,0.0,0.0,0.006013749918152157,0.006013749918152157,0.0,1.9999999999999998,1.242955715163829,2.663310551169909,2.569079952466024
2024-06-18,0.0043387792105729186,0.0,0.0,0.0043387792105729186,0.0043387792105729186,0.0,1.9999999999999998,1.242955715163829,2.6748660676206244,2.5802266231540836
2024-06-20,0.004856058695585147,0.0,0.0,0.004856058695585147,0.004856058695585147,0.0,1.9999999999999998,1.242955715163829,2.6878553742478193,2.5927563550840316
2024-06-21,-0.00568144915395179,0.0,0.0,-0.00568144915395179,-0.00568144915395179,0.0,1.9999999999999998,1.242955715163829,2.6725844606058544,2.578025741684036
2024-06-24,0.0013151220054872011,0.0,0.0,0.0013151220054872011,0.0013151220054872011,0.0,1.9999999999999998,1.242955715163829,2.6760992352415203,2.5814161600676373
2024-06-25,-0.0017260333182846437,0.0,0.0,-0.0017260333182846437,-0.0017260333182846437,0.0,1.9999999999999998,1.242955715163829,2.671480198798457,2.576960549767002
2024-06-26,0.0016578355862102898,0.0,0.0,0.0016578355862102898,0.0016578355862102898,0.0,1.9999999999999998,1.242955715163829,2.675909073739881,2.5812327266706654
2024-06-27,0.005288558050787703,0.0,0.0,0.005288558050787703,0.005288558050787703,0.0,1.9999999999999998,1.242955715163829,2.6900607742149845,2.5948837257882564
2024-06-28,0.0014577085256289824,0.0,0.0,0.0014577085256289824,0.0014577085256289824,0.0,1.9999999999999998,1.242955715163829,2.6939820987400176,2.598666309918354
2024-07-01,0.007453674968377048,0.0,0.0,0.007453674968377048,0.007453674968377048,0.0,1.9999999999999998,1.242955715163829,2.714062165674652,2.618035923943757
2024-07-02,0.002497403966186852,0.0,0.0,0.002497403966186852,0.002497403966186852,0.0,1.9999999999999998,1.242955715163829,2.720840275291686,2.624574217243834
2024-07-03,0.006710451898558282,0.0,0.0,0.006710451898558282,0.006710451898558282,0.0,1.9999999999999998,1.242955715163829,2.739098343082691,2.642186296282845
2024-07-05,0.004512991818151095,0.0,0.0,0.004512991818151095,0.004512991818151095,0.0,1.9999999999999998,1.242955715163829,2.7514598714941343,2.65411046142
2024-07-08,-0.005252937211732862,0.0,0.0,-0.005252937211732862,-0.005252937211732862,0.0,1.9999999999999998,1.242955715163829,2.737006625548573,2.6401685858131576
2024-07-09,0.00012583319400640534,0.0,0.0,0.00012583319400640534,0.00012583319400640534,0.0,1.9999999999999998,1.242955715163829,2.737351031834282,2.6405008066590256
2024-07-10,0.00767650532045212,0.0,0.0,0.00767650532045212,0.00767650532045212,0.0,1.9999999999999998,1.242955715163829,2.758364321594103,2.660770625150002
2024-07-11,0.0005966573420406905,0.0,0.0,0.0005966573420406905,0.0005966573420406905,0.0,1.9999999999999998,1.242955715163829,2.760010119918605,2.6623581934789837
2024-07-12,0.0014406270604694848,0.0,0.0,0.0014406270604694848,0.0014406270604694848,0.0,1.9999999999999998,1.242955715163829,2.7639862651845295,2.666193658737172
2024-07-15,0.0018838716450411048,0.0,0.0,0.0018838716450411048,0.0018838716450411048,0.0,1.9999999999999998,1.242955715163829,2.769193260536794,2.6712164253710555
2024-07-16,0.009884661914038185,0.0,0.0,0.009884661914038185,0.009884661914038185,0.0,1.9999999999999998,1.242955715163829,2.7965657996918334,2.697620496635074
2024-07-17,-0.015777669101883756,0.0,0.0,-0.015777669101883756,-0.015777669101883756,0.0,1.9999999999999998,1.242955715163829,2.7524425098826506,2.6550583330767066
2024-07-18,-0.006119855281347883,0.0,0.0,-0.006119855281347883,-0.006119855281347883,0.0,1.9999999999999998,1.242955715163829,2.735597960051939,2.6388097603147407
2024-07-19,-0.010728404308667568,0.0,0.0,-0.010728404308667568,-0.010728404308667568,0.0,1.9999999999999998,1.242955715163829,2.7062493591105357,2.610499542312426
2024-07-22,0.008243310836808083,0.0,0.0,0.008243310836808083,0.008243310836808083,0.0,1.9999999999999998,1.242955715163829,2.7285578137795965,2.6320187014790526
2024-07-23,-0.004023568925079167,0.0,0.0,-0.004023568925079167,-0.004023568925079167,0.0,1.9999999999999998,1.242955715163829,2.717579273349791,2.6214285928215544
2024-07-24,-0.01625709354133087,0.0,0.0,-0.01625709354133087,-0.01625709354133087,0.0,1.9999999999999998,1.242955715163829,2.6733993328969614,2.578811782976135
2024-07-25,-0.006266757934273372,0.0,0.0,-0.006266757934273372,-0.006266757934273372,0.0,1.9999999999999998,1.242955715163829,2.6566457864160484,2.562650993774172
2024-07-26,0.007093317503957175,0.0,0.0,0.007093317503957175,0.007093317503957175,0.0,1.9999999999999998,1.242955715163829,2.675490218474647,2.5808286909248435
2024-07-29,-0.0031783680211212406,0.0,0.0,-0.0031783680211212406,-0.0031783680211212406,0.0,1.9999999999999998,1.242955715163829,2.6669865259234244,2.5726258675456157
2024-07-30,-0.002018106872047752,0.0,0.0,-0.002018106872047752,-0.002018106872047752,0.0,1.9999999999999998,1.242955715163829,2.6616042620877995,2.567434033603114
2024-07-31,0.013792256144693845,2.228868695725708e-05,6.686606087177123e-05,0.013769967457736587,0.013725390083822073,0.15000000000000013,1.989287577397085,1.2873146326974967,2.6982544661621213,2.602673067228798
2024-08-01,-0.018199274825737556,2.228868695725705e-05,6.686606087177114e-05,-0.018221563512694813,-0.018266140886609328,0.14999999999999988,1.97857515479417,1.331673550231164,2.649088051033536,2.555132274301013
2024-08-02,-0.024880578795924438,2.2288686957257057e-05,6.686606087177117e-05,-0.024902867482881695,-0.02494744485679621,0.14999999999999994,1.9678627321912547,1.3760324677648312,2.5831181623481623,2.4913882527860682
2024-08-05,-0.029063940273549065,2.228868695725707e-05,6.68660608717712e-05,-0.029086228960506322,-0.029130806334420837,0.15000000000000002,1.9571503095883396,1.4203913852984986,2.507984996046061,2.418812104090306
2024-08-06,0.003551404326468753,1.4877214797203407e-05,4.463164439161023e-05,0.0035365271116715494,0.0035067726820771426,0.10012174444640945,1.9500000000000002,1.45,2.5168545529802437,2.427294328300008
2024-08-07,0.0005210154606291385,0.0,0.0,0.0005210154606291385,0.0005210154606291385,0.0,1.9500000000000002,1.45,2.5181658731145014,2.4285589861725496
2024-08-08,0.020478611877035643,0.0,0.0,0.020478611877035643,0.020478611877035643,0.0,1.9500000000000002,1.45,2.56973441467201,2.4782925030708647
2024-08-09,0.0028970927303728555,0.0,0.0,0.0028970927303728555,0.0028970927303728555,0.0,1.9500000000000002,1.45,2.5771791735637453,2.485472346265249
2024-08-12,0.005505511655403724,0.0,0.0,0.005505511655403724,0.005505511655403724,0.0,1.9500000000000002,1.45,2.591367863541864,2.499156143236796
2024-08-13,0.011307509069503572,0.0,0.0,0.011307509069503572,0.011307509069503572,0.0,1.9500000000000002,1.45,2.620669779161284,2.5274153739925516
2024-08-14,-0.0011237883624986436,0.0,0.0,-0.0011237883624986436,-0.0011237883624986436,0.0,1.9500000000000002,1.45,2.6177247009615106,2.5245750940080587
2024-08-15,0.014986905240272982,0.0,0.0,0.014986905240272982,0.014986905240272982,0.0,1.9500000000000002,1.45,2.6569562929999426,2.5624106617139106
2024-08-16,0.006244864347363057,0.0,0.0,0.006244864347363057,0.006244864347363057,0.0,1.9500000000000002,1.45,2.6735486246266,2.578412568698551
2024-08-19,0.004650582866445911,0.0,0.0,0.004650582866445911,0.004650582866445911,0.0,1.9500000000000002,1.45,2.6859821840528983,2.590403690013169
2024-08-20,-0.004585562167334209,0.0,0.0,-0.004585562167334209,-0.004585562167334209,0.0,1.9500000000000002,1.45,2.673665445767572,2.5785252328541217
2024-08-21,0.003800208571217597,0.0,0.0,0.003800208571217597,0.003800208571217597,0.0,1.9500000000000002,1.45,2.683825932111146,2.588324166545115
2024-08-22,-0.008125922954478178,0.0,0.0,-0.008125922954478178,-0.008125922954478178,0.0,1.9500000000000002,1.45,2.6620173693635802,2.5672916437865556
2024-08-23,0.011047244656861748,0.0,0.0,0.011047244656861748,0.011047244656861748,0.0,1.9500000000000002,1.45,2.691425326523755,2.595653142680982
2024-08-26,-0.0019398074905346186,0.0,0.0,-0.0019398074905346186,-0.0019398074905346186,0.0,1.9500000000000002,1.45,2.68620447951515,2.59061807527198
2024-08-27,-0.0006860427626772211,0.0,0.0,-0.0006860427626772211,-0.0006860427626772211,0.0,1.9500000000000002,1.45,2.6843616283729075,2.5888408004905785
2024-08-28,-0.0037883008283373714,0.0,0.0,-0.0037883008283373714,-0.0037883008283373714,0.0,1.9500000000000002,1.45,2.6741924589925854,2.5790334927416465
2024-08-29,0.003533318097180699,0.0,0.0,0.003533318097180699,0.003533318097180699,0.0,1.9500000000000002,1.45,2.683641231603288,2.5881460384547856
2024-08-30,0.004230861473109627,0.0,0.0,0.004230861473109627,0.004230861473109627,0.0,1.9500000000000002,1.45,2.694995345897727,2.5990961258156653
2024-09-03,-0.01588015203171092,0.0,0.0,-0.01588015203171092,-0.01588015203171092,0.0,1.9500000000000002,1.45,2.6521984100801177,2.5578220841926815
2024-09-04,-0.0038864199077763926,0.0,0.0,-0.0038864199077763926,-0.0038864199077763926,0.0,1.9500000000000002,1.45,2.6418908533798096,2.547881313524125
2024-09-05,0.001305444054314422,0.0,0.0,0.001305444054314422,0.001305444054314422,0.0,1.9500000000000002,1.45,2.6453396940865015,2.551207430035964
2024-09-06,-0.016409529059531844,0.0,0.0,-0.016409529059531844,-0.016409529059531844,0.0,1.9500000000000002,1.45,2.601930915504056,2.5093433175758952
2024-09-09,0.009747795498591755,0.0,0.0,0.009747795498591755,0.009747795498591755,0.0,1.9500000000000002,1.45,2.6272940059698535,2.533803883071383
2024-09-10,0.0020365999372011843,0.0,0.0,0.0020365999372011843,0.0020365999372011843,0.0,1.9500000000000002,1.45,2.632644752777421,2.538964227900526
2024-09-11,0.00646032878385271,0.0,0.0,0.00646032878385271,0.00646032878385271,0.0,1.9500000000000002,1.45,2.6496525034514478,2.5553667715832042
2024-09-12,0.008737762792785209,0.0,0.0,0.008737762792785209,0.008737762792785209,0.0,1.9500000000000002,1.45,2.672804538509916,2.5776949602818635
2024-09-13,0.006876962099178383,0.0,0.0,0.006876962099178383,0.006876962099178383,0.0,1.9500000000000002,1.45,2.691185314019761,2.595421670826965
2024-09-16,0.0012016932591295392,0.0,0.0,0.0012016932591295392,0.0012016932591295392,0.0,1.9500000000000002,1.45,2.6944192932706863,2.5985405715533965
2024-09-17,0.002193306175003371,0.0,0.0,0.002193306175003371,0.002193306175003371,0.0,1.9500000000000002,1.45,2.7003289797446652,2.6042399666349816
2024-09-18,-0.0043354883572038205,0.0,0.0,-0.0043354883572038205,-0.0043354883572038205,0.0,1.9500000000000002,1.45,2.6886217348923624,2.592949314580271
2024-09-19,0.017651897640345998,0.0,0.0,0.017651897640345998,0.017651897640345998,0.0,1.9500000000000002,1.45,2.7360810105502917,2.638719790467847
2024-09-20,0.0023289460717506308,0.0,0.0,0.0023289460717506308,0.0023289460717506308,0.0,1.9500000000000002,1.45,2.7424531956718043,2.644865226558308
2024-09-23,0.0017989675923182839,0.0,0.0,0.0017989675923182839,0.0017989675923182839,0.0,1.9500000000000002,1.45,2.7473867800942675,2.649623253386936
2024-09-24,0.009237257834717516,0.0,0.0,0.009237257834717516,0.009237257834717516,0.0,1.9500000000000002,1.45,2.7727651001536926,2.6740985065433343
2024-09-25,-0.0015289417497579634,0.0,0.0,-0.0015289417497579634,-0.0015289417497579634,0.0,1.9500000000000002,1.45,2.7685257038297957,2.6700099656937146
2024-09-26,0.010169166131257946,0.0,0.0,0.010169166131257946,0.010169166131257946,0.0,1.9500000000000002,1.45,2.796679301650699,2.6971617406069686
2024-09-27,-0.006264237446495539,0.0,0.0,-0.006264237446495539,-0.006264237446495539,0.0,1.9500000000000002,1.45,2.7791602384434597,2.6802660790322035
2024-09-30,-0.0007848334399340785,2.4797742374565128e-05,7.439322712369538e-05,-0.0008096311823086437,-0.0008592266670577739,0.14999999999999997,1.8925706989696727,1.4495101805654567,2.7769101436537835,2.677963122942289
2024-10-01,-0.0008061525348437951,2.4797742374565128e-05,7.439322712369536e-05,-0.0008309502772183603,-0.0008805457619674905,0.14999999999999997,1.8351413979393454,1.4490203611309138,2.774602669400104,2.6756050538636766
2024-10-02,0.005460197617162049,2.479774237456512e-05,7.439322712369536e-05,0.005435399874787483,0.005385804390038353,0.15,1.777712096909018,1.4485305416963705,2.7896837444019464,2.6900153393087844
2024-10-03,-0.005742827886469305,2.4797742374565125e-05,7.439322712369536e-05,-0.00576762562884387,-0.0058172211135930005,0.14999999999999994,1.720282795878691,1.4480407222618272,2.7735938929413644,2.6743669252810687
2024-10-04,0.0036164429920290527,2.4797742374565128e-05,7.439322712369537e-05,0.0035916452496544877,0.003542049764905357,0.14999999999999997,1.6628534948483635,1.4475509028272842,2.783555658271418,2.6838396660200314
2024-10-07,-0.00641367091818495,2.4797742374565125e-05,7.439322712369537e-05,-0.006438468660559515,-0.006488064145308645,0.15000000000000002,1.6054241938180367,1.447061083392741,2.7656338224007144,2.66642674211117
2024-10-08,0.0005178177822289617,2.4797742374565128e-05,7.439322712369537e-05,0.0004930200398543965,0.0004434245551052663,0.15000000000000002,1.6235442017648132,1.4465712639581976,2.766997335298057,2.6676091012030114
2024-10-09,-0.000939759121817181,2.4797742374565128e-05,7.439322712369537e-05,-0.0009645568641917461,-0.0010141523489408763,0.15000000000000002,1.6483362305883584,1.4460814445236547,2.764328409025095,2.6649037391669705
2024-10-10,-0.0013817245749373867,2.4797742374565125e-05,7.439322712369537e-05,-0.0014065223173119518,-0.001456117802061082,0.14999999999999997,1.6731282594119028,1.4455916250891114,2.7604403194254217,2.6610233253915903
2024-10-11,0.0054683450370935326,2.4797742374565125e-05,7.439322712369537e-05,0.005443547294718967,0.005393951809969837,0.15000000000000002,1.6979202882354478,1.4451018056545686,2.775466906858463,2.6753767569739586
2024-10-14,0.0025918552557551906,1.3509723529531673e-05,4.052917058859501e-05,0.002578345532225659,0.0025513260851665956,0.08171947666930661,1.7114268990423176,1.4448349537355463,2.782623019557602,2.682202515481675
2024-10-15,0.0003285165906223731,0.0,0.0,0.0003285165906223731,0.0003285165906223731,0.0,1.7114268990423176,1.4448349537355463,2.7835371573849743,2.6830836635074196
2024-10-16,0.004467992843100529,0.0,0.0,0.004467992843100529,0.004467992843100529,0.0,1.7114268990423176,1.4448349537355463,2.795973981482675,2.6950716621134108
2024-10-17,-0.004308640279419723,0.0,0.0,-0.004308640279419723,-0.004308640279419723,0.0,1.7114268990423176,1.4448349537355463,2.7839271353658495,2.6834595677941064
2024-10-18,0.007446633595992208,0.0,0.0,0.007446633595992208,0.007446633595992208,0.0,1.7114268990423176,1.4448349537355463,2.804658020700859,2.703442307965129
2024-10-21,-0.010941196946654621,0.0,0.0,-0.010941196946654621,-0.010941196946654621,0.0,1.7114268990423176,1.4448349537355463,2.7739717049283565,2.6738634132397636
2024-10-22,-0.0022079411493756544,0.0,0.0,-0.0022079411493756544,-0.0022079411493756544,0.0,1.7114268990423176,1.4448349537355463,2.767846938653842,2.6679596801818617
2024-10-23,-0.009356172053741217,0.0,0.0,-0.009356172053741217,-0.009356172053741217,0.0,1.7114268990423176,1.4448349537355463,2.741950486477376,2.642997790381636
2024-10-24,0.006249388120113102,0.0,0.0,0.006249388120113102,0.006249388120113102,0.0,1.7114268990423176,1.4448349537355463,2.759085999273506,2.659514909374332
2024-10-25,-0.003333751598576838,0.0,0.0,-0.003333751598576838,-0.003333751598576838,0.0,1.7114268990423176,1.4448349537355463,2.7498878919128167,2.6506487472937663
2024-10-28,0.005047512074099667,0.0,0.0,0.005047512074099667,0.005047512074099667,0.0,1.7114268990423176,1.4448349537355463,2.7637679842496667,2.6640279288499285
2024-10-29,0.002376021785848461,0.0,0.0,0.002376021785848461,0.002376021785848461,0.0,1.7114268990423176,1.4448349537355463,2.770334757191274,2.6703577172469846
2024-10-30,-0.002577743595562253,0.0,0.0,-0.002577743595562253,-0.002577743595562253,0.0,1.7114268990423176,1.4448349537355463,2.763193544513361,2.663474219743491
2024-10-31,-0.00888864504242801,2.5579962493334586e-05,7.673988748000374e-05,-0.008914225004921344,-0.008965384929908013,0.15000000000000002,1.7464717090663155,1.528248086734548,2.7385618155254225,2.639595148112604
2024-11-01,-0.0027526267797671946,2.5579962493334576e-05,7.673988748000372e-05,-0.002778206742260529,-0.0028293666672471983,0.15,1.7815165190903142,1.6116612197335498,2.730953524625433,2.6321267655855065
2024-11-04,0.004433306681099068,2.5579962493334586e-05,7.673988748000374e-05,0.004407726718605734,0.004356566793619065,0.15000000000000005,1.8165613291143123,1.6950743527325516,2.742990821443195,2.643593801649052
2024-11-05,0.0095140242121385,2.5579962493334576e-05,7.673988748000372e-05,0.009488444249645166,0.009437284324658497,0.15000000000000002,1.8516061391383112,1.7784874857315538,2.7690175369297476,2.6685421479941187
2024-11-06,-0.006777991601023184,2.5579962493334586e-05,7.673988748000372e-05,-0.006803571563516519,-0.006854731488503188,0.15000000000000002,1.8866509491623096,1.8619006187305556,2.750178327956614,2.6502500081038654
2024-11-07,0.015168498546305843,1.3089404081036623e-05,3.926821224310987e-05,0.015155409142224806,0.015129230334062733,0.07675580496519896,1.9045835665172726,1.9045835665172726,2.791858405730876,2.6903462509193203
2024-11-08,-0.002670396463289295,0.0,0.0,-0.002670396463289295,-0.002670396463289295,0.0,1.9045835665172726,1.9045835665172726,2.784403036918208,2.683161959805842
2024-11-11,-0.006382461278136275,0.0,0.0,-0.006382461278136275,-0.006382461278136275,0.0,1.9045835665172726,1.9045835665172726,2.766631692352352,2.666036782494413
2024-11-12,-0.012993585152123866,0.0,0.0,-0.012993585152123866,-0.012993585152123866,0.0,1.9045835665172726,1.9045835665172726,2.7306832278732074,2.6313954065423775
2024-11-13,-0.0063551558852662105,0.0,0.0,-0.0063551558852662105,-0.0063551558852662105,0.0,1.9045835665172726,1.9045835665172726,2.7133293102867913,2.614672478538027
2024-11-14,-0.0034724412719349617,0.0,0.0,-0.0034724412719349617,-0.0034724412719349617,0.0,1.9045835665172726,1.9045835665172726,2.7039074336054005,2.6055931819109595
2024-11-15,-0.007412560892399162,0.0,0.0,-0.007412560892399162,-0.007412560892399162,0.0,1.9045835665172726,1.9045835665172726,2.6838645551063895,2.5862790637892243
2024-11-18,0.009430471245712066,0.0,0.0,0.009430471245712066,0.009430471245712066,0.0,1.9045835665172726,1.9045835665172726,2.7091746626207063,2.6106688941336755
2024-11-19,0.0051817628156911695,0.0,0.0,0.0051817628156911695,0.0051817628156911695,0.0,1.9045835665172726,1.9045835665172726,2.7232129631486868,2.624196761133379
2024-11-20,-0.00013066729282884548,0.0,0.0,-0.00013066729282884548,-0.00013066729282884548,0.0,1.9045835665172726,1.9045835665172726,2.7228571282829956,2.6238538644467515
2024-11-21,0.0033722850766942374,0.0,0.0,0.0033722850766942374,0.0033722850766942374,0.0,1.9045835665172726,1.9045835665172726,2.732039378742675,2.6327022476772517
2024-11-22,0.005775025273532907,0.0,0.0,0.005775025273532907,0.005775025273532907,0.0,1.9045835665172726,1.9045835665172726,2.747816975203201,2.6479061696952746
2024-11-25,0.0039975359613407665,0.0,0.0,0.0039975359613407665,0.0039975359613407665,0.0,1.9045835665172726,1.9045835665172726,2.758801472376758,2.658491269830887
2024-11-26,-0.0012261274713598724,0.0,0.0,-0.0012261274713598724,-0.0012261274713598724,0.0,1.9045835665172726,1.9045835665172726,2.7554188301034492,2.655231620652577
2024-11-27,0.0021297498850947868,0.0,0.0,0.0021297498850947868,0.0021297498850947868,0.0,1.9045835665172726,1.9045835665172726,2.76128718304025,2.660886599891562
2024-11-29,0.008844268132851664,0.0,0.0,0.008844268132851664,0.008844268132851664,0.0,1.9045835665172726,1.9045835665172726,2.7857087472788646,2.684420194452115
2024-12-02,0.0010106935066203856,0.0,0.0,0.0010106935066203856,0.0010106935066203856,0.0,1.9045835665172726,1.9045835665172726,2.7885242450210748,2.687133320511688
2024-12-03,-0.0008633331682203377,0.0,0.0,-0.0008633331682203377,-0.0008633331682203377,0.0,1.9045835665172726,1.9045835665172726,2.7861168195499615,2.6848134291886603
2024-12-04,0.007038360326140546,0.0,0.0,0.007038360326140546,0.007038360326140546,0.0,1.9045835665172726,1.9045835665172726,2.805726513636675,2.703710113511751
2024-12-05,-0.0012315954586766087,0.0,0.0,-0.0012315954586766087,-0.0012315954586766087,0.0,1.9045835665172726,1.9045835665172726,2.8022709936041914,2.700380236414372
2024-12-06,0.00309550705155998,0.0,0.0,0.00309550705155998,0.00309550705155998,0.0,1.9045835665172726,1.9045835665172726,2.810945443225275,2.708739282478086
2024-12-09,0.00023958458204740776,0.0,0.0,0.00023958458204740776,0.00023958458204740776,0.0,1.9045835665172726,1.9045835665172726,2.811618902414448,2.7093882546469534
2024-12-10,-0.002889989902669572,0.0,0.0,-0.002889989902669572,-0.002889989902669572,0.0,1.9045835665172726,1.9045835665172726,2.8034933521763152,2.701558149948612
2024-12-11,0.004998423796020595,0.0,0.0,0.004998423796020595,0.004998423796020595,0.0,1.9045835665172726,1.9045835665172726,2.817506400059819,2.7150616824916485
2024-12-12,-0.010845978322751455,0.0,0.0,-0.010845978322751455,-0.010845978322751455,0.0,1.9045835665172726,1.9045835665172726,2.7869477867205568,2.6856141823384108
2024-12-13,-0.0047382935042189055,0.0,0.0,-0.0047382935042189055,-0.0047382935042189055,0.0,1.9045835665172726,1.9045835665172726,2.7737424101261414,2.6728889541033984
2024-12-16,0.0030880441972759476,0.0,0.0,0.0030880441972759476,0.0030880441972759476,0.0,1.9045835665172726,1.9045835665172726,2.78230784928047,2.681142953328081
2024-12-17,-0.003273281086730866,0.0,0.0,-0.003273281086730866,-0.003273281086730866,0.0,1.9045835665172726,1.9045835665172726,2.7732005736199574,2.6723668188081304
2024-12-18,-0.027933394884271216,0.0,0.0,-0.027933394884271216,-0.027933394884271216,0.0,1.9045835665172726,1.9045835665172726,2.6957356669037438,2.597718541182739
2024-12-19,-0.003662782336584794,0.0,0.0,-0.003662782336584794,-0.003662782336584794,0.0,1.9045835665172726,1.9045835665172726,2.6858617739189072,2.588203663594676
2024-12-20,0.008434063326853007,0.0,0.0,0.008434063326853007,0.008434063326853007,0.0,1.9045835665172726,1.9045835665172726,2.7085145022073127,2.610032737196226
2024-12-23,-7.20940486533141e-05,0.0,0.0,-7.20940486533141e-05,-7.20940486533141e-05,0.0,1.9045835665172726,1.9045835665172726,2.7083192344310123,2.609844569369084
2024-12-24,0.006746235673124273,0.0,0.0,0.006746235673124273,0.006746235673124273,0.0,1.9045835665172726,1.9045835665172726,2.7265901942645394,2.6274511959042717
2024-12-26,0.002820926254515799,0.0,0.0,0.002820926254515799,0.002820926254515799,0.0,1.9045835665172726,1.9045835665172726,2.7342817041288456,2.634863041965257
2024-12-27,-0.009204993560976477,0.0,0.0,-0.009204993560976477,-0.009204993560976477,0.0,1.9045835665172726,1.9045835665172726,2.709112658648444,2.610609144629912
2024-12-30,-0.0039418320613112245,0.0,0.0,-0.0039418320613112245,-0.0039418320613112245,0.0,1.9045835665172726,1.9045835665172726,2.6984337915128793,2.600318561804057
2024-12-31,-0.0017578309727721143,2.325502076744356e-05,6.976506230233067e-05,-0.0017810859935395579,-0.001827596035074445,0.14999999999999997,1.8247541608187108,1.7805480371921147,2.693627648882322,2.5955662299105735
2025-01-02,0.00244722393462825,2.325502076744356e-05,6.976506230233067e-05,0.0024239689138608063,0.0023774588723259192,0.15,1.7449247551201488,1.6565125078669567,2.7001569185687284,2.6017370818725842
2025-01-03,0.004917626358792643,2.3255020767443558e-05,6.976506230233067e-05,0.0048943713380252,0.004847861296490312,0.14999999999999997,1.665095349421587,1.5324769785417984,2.7133724891991418,2.6143499423754384
2025-01-06,0.00288143868486422,2.3255020767443554e-05,6.976506230233066e-05,0.0028581836640967765,0.0028116736225618894,0.14999999999999994,1.585265943723025,1.4084414492166404,2.7211278061223805,2.6217006411485615
2025-01-07,-0.0060587299828233476,2.325502076744356e-05,6.976506230233069e-05,-0.0060819850035907915,-0.006128495045125679,0.15000000000000002,1.5054365380244628,1.2844059198914821,2.70457794761269,2.6056335617594795
2025-01-08,0.0015851514311691205,2.3255020767443554e-05,6.976506230233066e-05,0.001561896410401677,0.0015153863688667898,0.14999999999999994,1.4256071323259007,1.160370390566324,2.708802218200718,2.6095821033412316
2025-01-10,-0.009287744467612456,2.3255020767443558e-05,6.976506230233069e-05,-0.0093109994883799,-0.009357509529914787,0.15000000000000002,1.3715609567476552,1.036334861241166,2.6835805621329287,2.585162913940121
2025-01-13,-0.002519049626931376,2.3255020767443554e-05,6.976506230233065e-05,-0.0025423046476988195,-0.0025888146892337066,0.14999999999999994,1.4564162870555277,0.912299331916008,2.676758082797344,2.578470406214451
2025-01-14,0.001994044850391664,2.325502076744356e-05,6.976506230233069e-05,0.0019707898296242206,0.0019242797880893335,0.15000000000000002,1.55618835112058,0.78826380259085,2.6820334104032852,2.583432104701316
2025-01-15,0.008460588577206935,2.3255020767443558e-05,6.976506230233066e-05,0.008437333556439492,0.008390823514904604,0.15,1.6559604151856326,0.6642282732656919,2.7046626208963724,2.6051092275546033
2025-01-16,-0.0013126147377030997,2.3255020767443558e-05,6.976506230233067e-05,-0.0013358697584705433,-0.0013823798000054304,0.15000000000000002,1.7557324792506854,0.5401927439405338,2.7010495438942512,2.601507977181624
2025-01-17,0.006914911163308228,2.3255020767443568e-05,6.976506230233066e-05,0.006891656142540784,0.006845146101005898,0.15000000000000002,1.8555045433157378,0.4161572146153758,2.7196642485747367,2.6193156793683645
2025-01-21,0.0019659120418841973,2.3255020767443558e-05,6.976506230233067e-05,0.0019426570211167537,0.0018961469795818666,0.15000000000000002,1.9552766073807906,0.29212168529021776,2.7249476234223104,2.6242822868823703
2025-01-22,0.007154262780000991,1.0424194727214709e-05,3.127258418164413e-05,0.007143838585273776,0.007122990195819347,0.06723834928890918,1.9999999999999998,0.23652205699021975,2.7444142093973647,2.642975023882896
2025-01-23,0.003362375079936473,0.0,0.0,0.003362375079936473,0.003362375079936473,0.0,1.9999999999999998,0.23652205699021975,2.753641959344066,2.6518616972400944
2025-01-24,-0.0048577887015961736,0.0,0.0,-0.0048577887015961736,-0.0048577887015961736,0.0,1.9999999999999998,0.23652205699021975,2.7402653485457233,2.638979513449046
2025-01-27,-0.015316251620563048,0.0,0.0,-0.015316251620563048,-0.015316251620563048,0.0,1.9999999999999998,0.23652205699021975,2.698294754960287,2.5985602391995495
2025-01-28,0.009619598362433838,0.0,0.0,0.009619598362433838,0.009619598362433838,0.0,1.9999999999999998,0.23652205699021975,2.724251266766467,2.623557345021239
2025-01-29,-0.0014055326288288583,0.0,0.0,-0.0014055326288288583,-0.0014055326288288583,0.0,1.9999999999999998,0.23652205699021975,2.7204222427218983,2.6198698495692083
2025-01-30,0.0037740801197025803,0.0,0.0,0.0037740801197025803,0.0037740801197025803,0.0,1.9999999999999998,0.23652205699021975,2.7306893342253518,2.6297574482846757
2025-01-31,0.0021255743254405294,2.610757013922711e-05,7.83227104176813e-05,0.0020994667553013023,0.002047251615022848,0.15,1.943711029667584,0.34804277682291895,2.736422325701614,2.6351412234677953
2025-02-03,-0.004010416349779733,2.6107570139227102e-05,7.83227104176813e-05,-0.004036523919918961,-0.004088739060197414,0.14999999999999997,1.8874220593351676,0.45956349665561824,2.7253766915289193,2.624366818618266
2025-02-04,0.0032340140643797987,2.610757013922711e-05,7.832271041768132e-05,0.0032079064942405716,0.0031556913539621174,0.15000000000000002,1.8843980789738635,0.5710842164883175,2.7341194451169266,2.6326485102974044
2025-02-05,-0.001350969719012351,2.6107570139227106e-05,7.83227104176813e-05,-0.001377077289151578,-0.0014292924294300323,0.15,1.913983241734052,0.6826049363210169,2.7303543513232285,2.628885685712286
2025-02-06,8.085697550244008e-05,2.6107570139227116e-05,7.832271041768135e-05,5.474940536321297e-05,2.534265084758736e-06,0.15000000000000005,1.9435684044942412,0.7941256561537162,2.7305038366003944,2.628892348005491
2025-02-07,-0.002835742566197016,2.61075701392271e-05,7.832271041768129e-05,-0.002861850136336243,-0.0029140652766146973,0.1499999999999999,1.9731535672544296,0.9056463759864157,2.722689543823353,2.62123158409821
2025-02-10,0.01346597528945135,2.3690764575957012e-05,7.107229372787106e-05,0.013442284524875394,0.01339490299572348,0.13611434030217084,1.9999999999999998,1.0068435040534227,2.75928871134433,2.6563427268965323
2025-02-11,-0.0007279920370937316,0.0,0.0,-0.0007279920370937316,-0.0007279920370937316,0.0,1.9999999999999998,1.0068435040534227,2.7572799711344285,2.6544089305435596
2025-02-12,0.0001436268951216024,0.0,0.0,0.0001436268951216024,0.0001436268951216024,0.0,1.9999999999999998,1.0068435040534227,2.7576759906956636,2.6547901750566365
2025-02-13,0.003823808790226435,0.0,0.0,0.003823808790226435,0.003823808790226435,0.0,1.9999999999999998,1.0068435040534227,2.768220816389482,2.664941585064225
2025-02-14,-0.0039072505518851905,0.0,0.0,-0.0039072505518851905,-0.0039072505518851905,0.0,1.9999999999999998,1.0068435040534227,2.757404684076904,2.654528990585241
2025-02-18,0.011372997397846186,0.0,0.0,0.011372997397846186,0.011372997397846186,0.0,1.9999999999999998,1.0068435040534227,2.78876464037372,2.6847189418876742
2025-02-19,0.0006217412551410674,0.0,0.0,0.0006217412551410674,0.0006217412551410674,0.0,1.9999999999999998,1.0068435040534227,2.7904985304015186,2.686388142412304
2025-02-20,-0.006499429894231955,0.0,0.0,-0.006499429894231955,-0.006499429894231955,0.0,1.9999999999999998,1.0068435040534227,2.7723618808332167,2.6689281510119995
2025-02-21,-0.013132770379322044,0.0,0.0,-0.013132770379322044,-0.013132770379322044,0.0,1.9999999999999998,1.0068435040534227,2.7359530888438486,2.6338777304458505
2025-02-24,-0.003791888034725724,0.0,0.0,-0.003791888034725724,-0.003791888034725724,0.0,1.9999999999999998,1.0068435040534227,2.725578661062691,2.6238903609948423
2025-02-25,-0.011678834314540278,0.0,0.0,-0.011678834314540278,-0.011678834314540278,0.0,1.9999999999999998,1.0068435040534227,2.693747079468893,2.5932463802092642
2025-02-26,0.0008967516829610906,0.0,0.0,0.0008967516829610906,0.0008967516829610906,0.0,1.9999999999999998,1.0068435040534227,2.696162701695878,2.595571878265049
2025-02-27,-0.00980386558480782,0.0,0.0,-0.00980386558480782,-0.00980386558480782,0.0,1.9999999999999998,1.0068435040534227,2.6697298849736795,2.5701252404548316
2025-02-28,0.004130060711923225,2.7369847632189263e-05,8.21095428965678e-05,0.004102690864291035,0.004047951169026657,0.14999999999999997,1.9893795532713054,1.1009739032069323,2.6806829613828853,2.5805289819264754
2025-03-03,-0.012425383938548137,2.736984763218927e-05,8.210954289656783e-05,-0.012452753786180326,-0.012507493481444705,0.15000000000000002,1.9787591065426111,1.1951043023604422,2.6473010764859755,2.548253032506351
2025-03-04,-0.004026418180435797,2.736984763218927e-05,8.21095428965678e-05,-0.004053788028067986,-0.004108527723332364,0.15000000000000002,1.9681386598139168,1.2892347015139516,2.6365694790754253,2.5377834642762327
2025-03-05,0.005151697622570563,2.7369847632189256e-05,8.21095428965678e-05,0.005124327774938374,0.005069588079673996,0.14999999999999994,1.9575182130852224,1.3833651006674612,2.6500801252876065,2.5506489810755215
2025-03-06,-0.013366185823026821,1.9375112164812916e-05,5.812533649443874e-05,-0.013385560935191634,-0.01342431115952126,0.10618498370096585,1.9500000000000002,1.45,2.614607316287429,2.516408275494848
2025-03-07,0.005097852556208487,0.0,0.0,0.005097852556208487,0.005097852556208487,0.0,1.9500000000000002,1.45,2.6279361988782464,2.5292365538545436
2025-03-10,-0.022671772126093965,0.0,0.0,-0.022671772126093965,-0.022671772126093965,0.0,1.9500000000000002,1.45,2.5683562282153654,2.471894279052566
2025-03-11,-0.00031626398660716554,0.0,0.0,-0.00031626398660716554,-0.00031626398660716554,0.0,1.9500000000000002,1.45,2.5675439496356027,2.4711125079134018
2025-03-12,0.007338679266984033,0.0,0.0,0.007338679266984033,0.007338679266984033,0.0,1.9500000000000002,1.45,2.5863863311858637,2.489247210041611
2025-03-13,-0.0017746066477647951,0.0,0.0,-0.0017746066477647951,-0.0017746066477647951,0.0,1.9500000000000002,1.45,2.5817965128088534,2.4848297753947413
2025-03-14,0.014435654370659034,0.0,0.0,0.014435654370659034,0.014435654370659034,0.0,1.9500000000000002,1.45,2.6190664349231345,2.520699919202262
2025-03-17,0.008537605403010072,0.0,0.0,0.008537605403010072,0.008537605403010072,0.0,1.9500000000000002,1.45,2.6414269906687764,2.54222066045181
2025-03-18,-0.004202077414405403,0.0,0.0,-0.004202077414405403,-0.004202077414405403,0.0,1.9500000000000002,1.45,2.6303275099694865,2.531538052432091
2025-03-19,0.009925079968771755,0.0,0.0,0.009925079968771755,0.009925079968771755,0.0,1.9500000000000002,1.45,2.656433720849994,2.5566637700464683
2025-03-20,-0.002272986939176738,0.0,0.0,-0.002272986939176738,-0.002272986939176738,0.0,1.9500000000000002,1.45,2.6503956816977134,2.5508525066892864
2025-03-21,-0.0030372383394316497,0.0,0.0,-0.0030372383394316497,-0.0030372383394316497,0.0,1.9500000000000002,1.45,2.6423457983185967,2.543104959657734
2025-03-24,0.007935251464045733,0.0,0.0,0.007935251464045733,0.007935251464045733,0.0,1.9500000000000002,1.45,2.6633134766832196,2.5632851370120804
2025-03-25,0.0032902525382865226,0.0,0.0,0.0032902525382865226,0.0032902525382865226,0.0,1.9500000000000002,1.45,2.6720764506101293,2.5717189924404864
2025-03-26,-0.00709753676280152,0.0,0.0,-0.00709753676280152,-0.00709753676280152,0.0,1.9500000000000002,1.45,2.6531112897689075,2.5534661223480453
2025-03-27,0.0021914890151528144,0.0,0.0,0.0021914890151528144,0.0021914890151528144,0.0,1.9500000000000002,1.45,2.658925554016414,2.559062015305736
2025-03-28,-0.012538137142565119,0.0,0.0,-0.012538137142565119,-0.012538137142565119,0.0,1.9500000000000002,1.45,2.6255875807682854,2.5269761448015036
2025-03-31,0.007041119094160772,2.7071564072021844e-05,8.121469221606551e-05,0.0070140475300887505,0.006959904401944707,0.15000000000000002,1.871009200423658,1.4893578677964212,2.644003576854205,2.5445636571953165
2025-04-01,0.002859609426757838,2.7071564072021844e-05,8.121469221606551e-05,0.0028325378626858164,0.002778394734541773,0.15000000000000002,1.7920184008473155,1.5287157355928418,2.6514928170947214,2.551633459462174
2025-04-02,0.002463064991054051,2.7071564072021838e-05,8.121469221606551e-05,0.002435993426982029,0.0023818502988379856,0.15,1.7130276012709735,1.5680736033892626,2.657951836168854,2.5577110683801187
2025-04-03,-0.03489780224657002,2.707156407202184e-05,8.121469221606551e-05,-0.03492487381064204,-0.034979016938786085,0.15000000000000002,1.6340368016946314,1.6074314711856839,2.5651232036958924,2.46824484959473
2025-04-04,-0.0497276519822334,6.08581343177887e-06,1.8257440295336606e-05,-0.04973373779566518,-0.04974590942252874,0.033720697198662185,1.6162793028013378,1.6162793028013378,2.4375500388697042,2.3454597648741675
2025-04-07,-0.023759099012872324,0.0,0.0,-0.023759099012872324,-0.023759099012872324,0.0,1.6162793028013378,1.6162793028013378,2.3796360461473682,2.2897337540898137
2025-04-08,-0.011706778941259944,0.0,0.0,-0.011706778941259944,-0.011706778941259944,0.0,1.6162793028013378,1.6162793028013378,2.351778172994467,2.262928347196343
2025-04-09,0.06733471731491457,0.0,0.0,0.06733471731491457,0.06733471731491457,0.0,1.6162793028013378,1.6162793028013378,2.5101344914604358,2.4153019877587156
2025-04-10,-0.016584938526838806,0.0,0.0,-0.016584938526838806,-0.016584938526838806,0.0,1.6162793028013378,1.6162793028013378,2.4685040652254666,2.375244352767986
2025-04-11,0.02187785915746309,0.0,0.0,0.02187785915746309,0.02187785915746309,0.0,1.6162793028013378,1.6162793028013378,2.5225096494940944,2.4272096141824036
2025-04-14,0.004513602963532499,0.0,0.0,0.004513602963532499,0.004513602963532499,0.0,1.6162793028013378,1.6162793028013378,2.53389525652359,2.4381650746900916
2025-04-15,0.003773782859083792,0.0,0.0,0.003773782859083792,0.003773782859083792,0.0,1.6162793028013378,1.6162793028013378,2.5434576270093725,2.447366180256574
2025-04-16,0.0030321516755508534,0.0,0.0,0.0030321516755508534,0.0030321516755508534,0.0,1.6162793028013378,1.6162793028013378,2.5511697763148016,2.4547869657207255
2025-04-17,0.006576704863182544,0.0,0.0,0.006576704863182544,0.006576704863182544,0.0,1.6162793028013378,1.6162793028013378,2.5679480669894956,2.4709313750962583
2025-04-21,-0.0010876437154479762,0.0,0.0,-0.0010876437154479762,-0.0010876437154479762,0.0,1.6162793028013378,1.6162793028013378,2.5651550544128376,2.4682438821148316
2025-04-22,0.011067834353704313,0.0,0.0,0.011067834353704313,0.011067834353704313,0.0,1.6162793028013378,1.6162793028013378,2.5935457656466463,2.4955619965466225
2025-04-23,-7.261728131224311e-05,0.0,0.0,-7.261728131224311e-05,-7.261728131224311e-05,0.0,1.6162793028013378,1.6162793028013378,2.593357429404186,2.495380775619087
2025-04-24,0.013775506152546906,0.0,0.0,0.013775506152546906,0.013775506152546906,0.0,1.6162793028013378,1.6162793028013378,2.6290822406286964,2.529755908846575
2025-04-25,-5.144122951861825e-05,0.0,0.0,-5.144122951861825e-05,-5.144122951861825e-05,0.0,1.6162793028013378,1.6162793028013378,2.628946997405733,2.529625775092242
2025-04-28,0.003134797146374493,0.0,0.0,0.003134797146374493,0.003134797146374493,0.0,1.6162793028013378,1.6162793028013378,2.63718821295117,2.5375556387533966
2025-04-29,-0.0027134112851076447,0.0,0.0,-0.0027134112851076447,-0.0027134112851076447,0.0,1.6162793028013378,1.6162793028013378,2.6300324366931958,2.5306702066466147
2025-04-30,-0.004893922449588634,2.7213917732362223e-05,8.164175319708666e-05,-0.004921136367320996,-0.0049755642027857205,0.15000000000000002,1.5633597739585507,1.545019718243863,2.617089688421751,2.518078694557367
2025-05-01,-0.0037464086919398987,2.7213917732362223e-05,8.164175319708668e-05,-0.003773622609672261,-0.0038280504451369854,0.15000000000000002,1.510440245115764,1.4737601336863884,2.6072137796019828,2.508439362289777
2025-05-02,0.012079721729557492,2.721391773236223e-05,8.164175319708668e-05,0.01205250781182513,0.011998079976360406,0.15000000000000002,1.4575207162729775,1.4025005491289142,2.638637244047734,2.5385358183743802
2025-05-05,0.00768894872438245,2.7213917732362223e-05,8.164175319708668e-05,0.007661734806650088,0.007607306971185363,0.15000000000000002,1.4046011874301905,1.3312409645714398,2.658853782862578,2.5578472396021033
2025-05-06,0.008011656819664219,2.7213917732362234e-05,8.16417531970867e-05,0.007984442901931857,0.007930015066467132,0.15000000000000008,1.3516816585874034,1.259981380013965,2.6800832490764295,2.5781310067498695
2025-05-07,-0.00753530067438995,2.721391773236224e-05,8.164175319708672e-05,-0.007562514592122312,-0.007616942427587037,0.15000000000000008,1.298762129744617,1.1887217954564908,2.6598150803971863,2.558493531300679
2025-05-08,-0.006679735348999603,2.721391773236222e-05,8.164175319708666e-05,-0.006706949266731965,-0.006761377102196689,0.15,1.24584260090183,1.117462210899016,2.641975835594074,2.541194591722024
2025-05-09,0.004760877943150546,2.721391773236222e-05,8.164175319708666e-05,0.0047336640254181835,0.004679236189953459,0.14999999999999997,1.1929230720590434,1.0462026263415416,2.6544820615630496,2.5530854414213238
2025-05-12,-0.009229141844156236,2.721391773236222e-05,8.164175319708665e-05,-0.009256355761888598,-0.009310783597353323,0.14999999999999997,1.1874036180425527,0.9749430417840669,2.6299112312376707,2.5293142153706962
2025-05-13,0.003081656976013928,2.7213917732362207e-05,8.164175319708664e-05,0.0030544430582815658,0.0030000152228168413,0.1499999999999999,1.195306319736021,0.9036834572265927,2.6379441453418213,2.5369021965200953
2025-05-14,-0.004689982072751049,2.7213917732362237e-05,8.164175319708669e-05,-0.004717195990483411,-0.004771623825948135,0.15000000000000008,1.2567770276587966,0.8324238726691182,2.6255004457962956,2.52479705355508
2025-05-15,0.00737243502142289,2.721391773236222e-05,8.164175319708666e-05,0.007345221103690527,0.007290793268225803,0.14999999999999997,1.3361457849733547,0.7611642881116437,2.6447853270785076,2.5432048269167757
2025-05-16,-0.004181691874454023,2.7213917732362227e-05,8.164175319708668e-05,-0.004208905792186385,-0.004263333627651109,0.15000000000000002,1.4155145422879118,0.6899047035541692,2.6336536747962773,2.532362296256177
2025-05-19,0.007907752249863906,2.7213917732362217e-05,8.164175319708664e-05,0.007880538332131544,0.00782611049666682,0.14999999999999994,1.4948832996024701,0.6186451189966946,2.6544082835340688,2.5521808434042708
2025-05-20,0.004485487791108182,5.722310344782142e-06,1.7166931034346425e-05,0.0044797654807634,0.0044683208600738355,0.03154071972138704,1.5115722844630914,0.6036612617700964,2.666299410134497,2.563584806305535
2025-05-21,0.006009018302766722,0.0,0.0,0.006009018302766722,0.006009018302766722,0.0,1.5115722844630914,0.6036612617700964,2.6823212520906514,2.57898943432732
2025-05-22,-0.0023599200399232827,0.0,0.0,-0.0023599200399232827,-0.0023599200399232827,0.0,1.5115722844630914,0.6036612617700964,2.6759911884143306,2.5729032254785005
2025-05-23,0.010320286196805598,0.0,0.0,0.010320286196805598,0.010320286196805598,0.0,1.5115722844630914,0.6036612617700964,2.7036081833388965,2.5994563231221233
2025-05-27,-0.008049944502256861,0.0,0.0,-0.008049944502256861,-0.008049944502256861,0.0,1.5115722844630914,0.6036612617700964,2.681844287507171,2.5785308439849497
2025-05-28,-0.0025732447711786393,0.0,0.0,-0.0025732447711786393,-0.0025732447711786393,0.0,1.5115722844630914,0.6036612617700964,2.6749432457172277,2.5718956529733425
2025-05-29,0.005640253848391959,0.0,0.0,0.005640253848391959,0.005640253848391959,0.0,1.5115722844630914,0.6036612617700964,2.6900306046531144,2.586401797327688
2025-05-30,0.0012764014712273394,0.0,0.0,0.0012764014712273394,0.0012764014712273394,0.0,1.5115722844630914,0.6036612617700964,2.6934641636745402,2.589703084386982
2025-06-02,0.006893957770200828,0.0,0.0,0.006893957770200828,0.006893957770200828,0.0,1.5115722844630914,0.6036612617700964,2.712032791874462,2.6075563880881045
2025-06-03,-0.009457360162443529,0.0,0.0,-0.009457360162443529,-0.009457360162443529,0.0,1.5115722844630914,0.6036612617700964,2.6863841209893478,2.582895788182075
2025-06-04,0.006801220035432501,0.0,0.0,0.006801220035432501,0.006801220035432501,0.0,1.5115722844630914,0.6036612617700964,2.7046548104958883,2.6004626307660934
2025-06-05,-0.00221454537821753,0.0,0.0,-0.00221454537821753,-0.00221454537821753,0.0,1.5115722844630914,0.6036612617700964,2.698665229685631,2.5947037882659028
2025-06-06,-0.010049036509464118,0.0,0.0,-0.010049036509464118,-0.010049036509464118,0.0,1.5115722844630914,0.6036612617700964,2.671546244265699,2.568629515166374
2025-06-09,0.001809609850322053,0.0,0.0,0.001809609850322053,0.001809609850322053,0.0,1.5115722844630914,0.6036612617700964,2.6763807006649127,2.573277732438847
2025-06-10,-0.0009677492191287915,0.0,0.0,-0.0009677492191287915,-0.0009677492191287915,0.0,1.5115722844630914,0.6036612617700964,2.673790635331753,2.570787444922678
2025-06-11,0.0029694680484535566,0.0,0.0,0.0029694680484535566,0.0029694680484535566,0.0,1.5115722844630914,0.6036612617700964,2.681730371191625,2.5784213160997416
2025-06-12,0.00851594366702369,0.0,0.0,0.00851594366702369,0.00851594366702369,0.0,1.5115722844630914,0.6036612617700964,2.7045678359628393,2.6003790067775
2025-06-13,-0.0011024575762444968,0.0,0.0,-0.0011024575762444968,-0.0011024575762444968,0.0,1.5115722844630914,0.6036612617700964,2.701586164661615,2.597512199240371
2025-06-16,-0.006181321433204213,0.0,0.0,-0.006181321433204213,-0.006181321433204213,0.0,1.5115722844630914,0.6036612617700964,2.684886792198344,2.5814561414101966
2025-06-17,-0.0031179685500020825,0.0,0.0,-0.0031179685500020825,-0.0031179685500020825,0.0,1.5115722844630914,0.6036612617700964,2.6765153996199533,2.5734072423480696
2025-06-18,-0.0019179267093707873,0.0,0.0,-0.0019179267093707873,-0.0019179267093707873,0.0,1.5115722844630914,0.6036612617700964,2.6713820392469803,2.568471635863882
2025-06-20,-0.001120165214119412,0.0,0.0,-0.001120165214119412,-0.001120165214119412,0.0,1.5115722844630914,0.6036612617700964,2.6683896500129927,2.5655945232839352
2025-06-23,0.005597598294104325,0.0,0.0,0.005597598294104325,0.005597598294104325,0.0,1.5115722844630914,0.6036612617700964,2.683326223365911,2.579955690810833
2025-06-24,0.002212113436267974,0.0,0.0,0.002212113436267974,0.002212113436267974,0.0,1.5115722844630914,0.6036612617700964,2.689262045358509,2.585662845459452
2025-06-25,0.001785094451451647,0.0,0.0,0.001785094451451647,0.001785094451451647,0.0,1.5115722844630914,0.6036612617700964,2.6940626321141785,2.5902784978582063
2025-06-26,0.0018988918212935186,0.0,0.0,0.0018988918212935186,0.0018988918212935186,0.0,1.5115722844630914,0.6036612617700964,2.6991783656123522,2.5951971565126617
2025-06-27,-0.003907901126786929,0.0,0.0,-0.003907901126786929,-0.003907901126786929,0.0,1.5115722844630914,0.6036612617700964,2.6886302434359766,2.5850553826204914
2025-06-30,0.005764732052640791,2.670426349070599e-05,8.011279047211796e-05,0.005738027789150085,0.005684619262168673,0.15000000000000005,1.4447909230381137,0.668945744163042,2.704057678487562,2.5997504382423084
2025-07-01,0.0005244237656699268,2.6704263490705986e-05,8.011279047211793e-05,0.0004977195021792207,0.00044431097519780885,0.15,1.3780095616131358,0.7342302265559881,2.7054035407291623,2.6009055358947943
2025-07-02,0.0002857464318816308,2.6704263490705976e-05,8.011279047211793e-05,0.0002590421683909248,0.00020563364140951287,0.14999999999999997,1.3279620977528872,0.799514708948934,2.7061043543287258,2.601440369571103
2025-07-03,-0.00466259551713373,2.6704263490705983e-05,8.011279047211792e-05,-0.004689299780624436,-0.004742708307605848,0.14999999999999997,1.3595890999087996,0.86479919134188,2.693414619773625,2.589102496718597
2025-07-07,-0.004696724331095129,2.6704263490705973e-05,8.01127904721179e-05,-0.0047234285945858346,-0.004776837121567247,0.14999999999999997,1.4125173140674228,0.9300836737348261,2.6806924681415105,2.576734775800729
2025-07-08,-0.0006603531403905243,1.4647126804530176e-05,4.394138041359053e-05,-0.0006750002671950545,-0.0007042945208041148,0.08227409160504214,1.441548119001942,0.965891816966726,2.678883000009247,2.5749199956165674
2025-07-09,0.0024381316138593198,0.0,0.0,0.0024381316138593198,0.0024381316138593198,0.0,1.441548119001942,0.965891816966726,2.6854144693414,2.5811979894610384
2025-07-10,-0.00031052075818220756,0.0,0.0,-0.00031052075818220756,-0.00031052075818220756,0.0,1.441548119001942,0.965891816966726,2.684580592404347,2.5803964739043326
2025-07-11,-0.0011044387488203355,0.0,0.0,-0.0011044387488203355,-0.0011044387488203355,0.0,1.441548119001942,0.965891816966726,2.6816156375737643,2.577546584051233
2025-07-14,-0.0015119951015216482,0.0,0.0,-0.0015119951015216482,-0.0015119951015216482,0.0,1.441548119001942,0.965891816966726,2.6775610478655887,2.573649346242204
2025-07-15,-0.004605406680534488,0.0,0.0,-0.004605406680534488,-0.004605406680534488,0.0,1.441548119001942,0.965891816966726,2.6652297903282096,2.561796644349667
2025-07-16,0.004871403499662037,0.0,0.0,0.004871403499662037,0.004871403499662037,0.0,1.441548119001942,0.965891816966726,2.6782132000562178,2.5742761894883746
2025-07-17,-0.00021074170707937852,0.0,0.0,-0.00021074170707937852,-0.00021074170707937852,0.0,1.441548119001942,0.965891816966726,2.6776487888345155,2.573733682129708
2025-07-18,0.0007342490664278321,0.0,0.0,0.0007342490664278321,0.0007342490664278321,0.0,1.441548119001942,0.965891816966726,2.679614849957939,2.575623443683046
2025-07-21,0.0075542526070356865,0.0,0.0,0.0075542526070356865,0.0075542526070356865,0.0,1.441548119001942,0.965891816966726,2.6998573374240857,2.5950803537972313
2025-07-22,0.004628485379036325,0.0,0.0,0.004628485379036325,0.004628485379036325,0.0,1.441548119001942,0.965891816966726,2.712353587635837,2.6070916452722064
2025-07-23,0.003463350848289435,0.0,0.0,0.003463350848289435,0.003463350848289435,0.0,1.441548119001942,0.965891816966726,2.7217474197344367,2.6161209183334284
2025-07-24,-0.0038355502871121215,0.0,0.0,-0.0038355502871121215,-0.0038355502871121215,0.0,1.441548119001942,0.965891816966726,2.7113080206372278,2.6060866549939945
2025-07-25,-0.0033359455841323305,0.0,0.0,-0.0033359455841323305,-0.0033359455841323305,0.0,1.441548119001942,0.965891816966726,2.7022632446185604,2.597392891725401
2025-07-28,-0.00827284573874372,0.0,0.0,-0.00827284573874372,-0.00827284573874372,0.0,1.441548119001942,0.965891816966726,2.679907837650354,2.5759050610092475
2025-07-29,-0.00017035621350035084,0.0,0.0,-0.00017035621350035084,-0.00017035621350035084,0.0,1.441548119001942,0.965891816966726,2.679451298698602,2.5754662395767176
2025-07-30,-0.009462361904781209,0.0,0.0,-0.009462361904781209,-0.009462361904781209,0.0,1.441548119001942,0.965891816966726,2.6540973608040797,2.5510962459442967
2025-07-31,-0.0035841517262926413,2.0447696127630735e-05,6.134308838289219e-05,-0.003604599422420272,-0.0036454948146755336,0.15,1.5576954892216577,1.0939375755579337,2.644530402990278,2.5417962378079686
2025-08-01,0.007954900443690802,2.0447696127630735e-05,6.134308838289219e-05,0.007934452747563171,0.00789355735530791,0.15,1.673842859441374,1.2219833341491413,2.6655133045122983,2.5618600521966113
2025-08-04,0.008297245188683777,2.0447696127630738e-05,6.134308838289222e-05,0.008276797492556146,0.008235902100300885,0.15000000000000008,1.7899902296610903,1.350029092740349,2.687575218347461,2.582959280781174
2025-08-05,-0.0024210432004373116,2.0447696127630724e-05,6.134308838289216e-05,-0.0024414908965649422,-0.002482386288820204,0.14999999999999997,1.9061375998808066,1.4780748513315571,2.681013527918032,2.576547378077982
2025-08-06,0.006817207021313334,4.8733610010032205e-06,1.4620083003009658e-05,0.006812333660312331,0.006802586938310325,0.03574995175924421,1.9338193524295926,1.5085923826156338,2.699277486618021,2.5940745656180333
2025-08-07,0.0043627391446929495,0.0,0.0,0.0043627391446929495,0.0043627391446929495,0.0,1.9338193524295926,1.5085923826156338,2.711053730171278,2.6053918362697077
2025-08-08,0.0012915093890661464,0.0,0.0,0.0012915093890661464,0.0012915093890661464,0.0,1.9338193524295926,1.5085923826156338,2.714555081518057,2.6087567242884466
2025-08-11,-0.0063503083219296945,0.0,0.0,-0.0063503083219296945,-0.0063503083219296945,0.0,1.9338193524295926,1.5085923826156338,2.6973168197935564,2.5921903147523078
2025-08-12,0.010590398696272882,0.0,0.0,0.010590398696272882,0.010590398696272882,0.0,1.9338193524295926,1.5085923826156338,2.725882480325333,2.6196426436821523
2025-08-13,0.006943151309356642,0.0,0.0,0.006943151309356642,0.006943151309356642,0.0,1.9338193524295926,1.5085923826156338,2.7448086948377566,2.6378312189336808
2025-08-14,-0.0062384928182019584,0.0,0.0,-0.0062384928182019584,-0.0062384928182019584,0.0,1.9338193524295926,1.5085923826156338,2.7276852255076727,2.621375127818734
2025-08-15,0.0013722968495650514,0.0,0.0,0.0013722968495650514,0.0013722968495650514,0.0,1.9338193524295926,1.5085923826156338,2.731428419349242,2.6249724326481676
2025-08-18,-0.0015483496438858102,0.0,0.0,-0.0015483496438858102,-0.0015483496438858102,0.0,1.9338193524295926,1.5085923826156338,2.727199213128843,2.620908057516867
2025-08-19,-0.005959765902631987,0.0,0.0,-0.005959765902631987,-0.005959765902631987,0.0,1.9338193524295926,1.5085923826156338,2.710945744248753,2.605288059041744
2025-08-20,0.0030070095086051282,0.0,0.0,0.0030070095086051282,0.0030070095086051282,0.0,1.9338193524295926,1.5085923826156338,2.7190975838790217,2.6131221850079385
2025-08-21,-0.006320837674289873,0.0,0.0,-0.006320837674289873,-0.006320837674289873,0.0,1.9338193524295926,1.5085923826156338,2.7019106094307683,2.5966050638534175
2025-08-22,0.021392505811033465,0.0,0.0,0.021392505811033465,0.021392505811033465,0.0,1.9338193524295926,1.5085923826156338,2.7597112478439088,2.6521529527708605
2025-08-25,-0.00927516534476925,0.0,0.0,-0.00927516534476925,-0.00927516534476925,0.0,1.9338193524295926,1.5085923826156338,2.734114469716337,2.627553795614293
2025-08-26,0.003844002909223397,0.0,0.0,0.003844002909223397,0.003844002909223397,0.0,1.9338193524295926,1.5085923826156338,2.7446244136920765,2.6376541200487753
2025-08-27,0.0005631883066472505,0.0,0.0,0.0005631883066472505,0.0005631883066472505,0.0,1.9338193524295926,1.5085923826156338,2.7461701540680066,2.6391396160061666
2025-08-28,0.007174641714503419,0.0,0.0,0.007174641714503419,0.007174641714503419,0.0,1.9338193524295926,1.5085923826156338,2.7658729410105067,2.658074497185563
2025-08-29,-0.0016321324481080178,0.0,0.0,-0.0016321324481080178,-0.0016321324481080178,0.0,1.9338193524295926,1.5085923826156338,2.7613586700361394,2.653736167549218
2025-09-02,-0.002370084945560171,0.0,0.0,-0.002370084945560171,-0.002370084945560171,0.0,1.9338193524295926,1.5085923826156338,2.754814015422995,2.647446587409021
2025-09-03,0.004848298878526221,0.0,0.0,0.004848298878526221,0.004848298878526221,0.0,1.9338193524295926,1.5085923826156338,2.768170177124518,2.6602821997297137
2025-09-04,0.0020655384115365687,0.0,0.0,0.0020655384115365687,0.0020655384115365687,0.0,1.9338193524295926,1.5085923826156338,2.7738879389550393,2.6657771147987828
2025-09-05,0.008875471161799403,0.0,0.0,0.008875471161799403,0.008875471161799403,0.0,1.9338193524295926,1.5085923826156338,2.798507501363298,2.689437142704964
2025-09-08,0.008958717866643545,0.0,0.0,0.008958717866643545,0.008958717866643545,0.0,1.9338193524295926,1.5085923826156338,2.823578540515697,2.71353105128653
2025-09-09,-0.0019923409200448237,0.0,0.0,-0.0019923409200448237,-0.0019923409200448237,0.0,1.9338193524295926,1.5085923826156338,2.817953009448467,2.7081247723352395
2025-09-10,0.0030418583469403403,0.0,0.0,0.0030418583469403403,0.0030418583469403403,0.0,1.9338193524295926,1.5085923826156338,2.8265248233315434,2.716362504278523
2025-09-11,0.0073997593079123585,0.0,0.0,0.0073997593079123585,0.0073997593079123585,0.0,1.9338193524295926,1.5085923826156338,2.847440426702036,2.7364629330032217
2025-09-12,-0.0011078709535317925,0.0,0.0,-0.0011078709535317925,-0.0011078709535317925,0.0,1.9338193524295926,1.5085923826156338,2.8442858301613807,2.7334312852043308
2025-09-15,0.008937501321053835,0.0,0.0,0.008937501321053835,0.008937501321053835,0.0,1.9338193524295926,1.5085923826156338,2.8697066385259027,2.757861330926854
2025-09-16,0.0061417856312649295,0.0,0.0,0.0061417856312649295,0.0061417856312649295,0.0,1.9338193524295926,1.5085923826156338,2.8873317615243463,2.7747995240221615
2025-09-17,-0.005162182184293995,0.0,0.0,-0.005162182184293995,-0.005162182184293995,0.0,1.9338193524295926,1.5085923826156338,2.8724268289448593,2.7604755033542667
2025-09-18,-0.001847417396454145,0.0,0.0,-0.001847417396454145,-0.001847417396454145,0.0,1.9338193524295926,1.5085923826156338,2.8671202576510253,2.7553757528868847
2025-09-19,0.00016656426344055216,0.0,0.0,0.00016656426344055216,0.00016656426344055216,0.0,1.9338193524295926,1.5085923826156338,2.867597817424936,2.7558347000196664
2025-09-22,0.007705419618918619,0.0,0.0,0.007705419618918619,0.007705419618918619,0.0,1.9338193524295926,1.5085923826156338,2.8896938619064905,2.7770695627836943
2025-09-23,0.0012031327647278464,0.0,0.0,0.0012031327647278464,0.0012031327647278464,0.0,1.9338193524295926,1.5085923826156338,2.8931705472717835,2.780410746164608
2025-09-24,-0.008628264015508416,0.0,0.0,-0.008628264015508416,-0.008628264015508416,0.0,1.9338193524295926,1.5085923826156338,2.8682075079480294,2.7564206281751433
2025-09-25,-0.006617573440350347,0.0,0.0,-0.006617573440350347,-0.006617573440350347,0.0,1.9338193524295926,1.5085923826156338,2.849226934122019,2.738179812235698
2025-09-26,0.005756471861715064,0.0,0.0,0.005756471861715064,0.005756471861715064,0.0,1.9338193524295926,1.5085923826156338,2.8656284287959335,2.753942067277149
2025-09-29,0.0075011585627086375,0.0,0.0,0.0075011585627086375,0.0075011585627086375,0.0,1.9338193524295926,1.5085923826156338,2.887123962022138,2.7745998233963087
2025-09-30,0.004649249634629583,2.559396523404512e-05,7.678189570213535e-05,0.004623655669395537,0.004572467738927447,0.15000000000000005,1.93396507589598,1.5906512449192534,2.9004730290973892,2.787286591577222
2025-10-01,0.0051654293871645374,2.55939652340451e-05,7.67818957021353e-05,0.005139835421930492,0.005088647491462402,0.14999999999999994,1.9341107993623674,1.6727101072228727,2.915380983112698,2.801470110499438
2025-10-02,3.0806281690609535e-05,2.5593965234045124e-05,7.678189570213537e-05,5.212316456564411e-06,-4.5975614011525834e-05,0.15000000000000005,1.934256522828755,1.7547689695264923,2.915396179000974,2.801341311190973
2025-10-03,0.00407503720310224,2.55939652340451e-05,7.678189570213529e-05,0.0040494432378681946,0.0039982553074001045,0.14999999999999997,1.9344022462951422,1.8368278318301117,2.927201910343736,2.812541788956281
2025-10-06,0.007174955557573643,2.5593965234045117e-05,7.678189570213537e-05,0.007149361592339597,0.007098173661871507,0.15000000000000002,1.9345479697615298,1.9188866941337313,2.948129535254571,2.832505699005564
2025-10-07,-0.0033588162310981364,4.893404765444974e-06,1.468021429633492e-05,-0.0033637096358635813,-0.0033734964453944714,0.02867905414829451,1.934575831169418,1.934575831169418,2.938212883529061,2.8229502510984092
2025-10-08,0.00933268235320879,0.0,0.0,0.00933268235320879,0.00933268235320879,0.0,1.934575831169418,1.934575831169418,2.9656342910571434,2.8492959490908216
2025-10-09,-0.01251046720999345,0.0,0.0,-0.01251046720999345,-0.01251046720999345,0.0,1.934575831169418,1.934575831169418,2.9285328205020407,2.8136499255481535
2025-10-10,-0.019787830898650896,0.0,0.0,-0.019787830898650896,-0.019787830898650896,0.0,1.934575831169418,1.934575831169418,2.870583508268797,2.757973896613405
2025-10-13,0.02265480043919816,0.0,0.0,0.02265480043919816,0.02265480043919816,0.0,1.934575831169418,1.934575831169418,2.93561600479268,2.8204552448577
2025-10-14,0.0003636048024793293,0.0,0.0,0.0003636048024793293,0.0003636048024793293,0.0,1.934575831169418,1.934575831169418,2.936683408870258,2.821480775929908
2025-10-15,0.011542404971714848,0.0,0.0,0.011542404971714848,0.011542404971714848,0.0,1.934575831169418,1.934575831169418,2.970579798049154,2.854047449665599
2025-10-16,0.0055696264554944514,0.0,0.0,0.0055696264554944514,0.0055696264554944514,0.0,1.934575831169418,1.934575831169418,2.9871248178805265,2.869943427846493
2025-10-17,-0.004522249788093833,0.0,0.0,-0.004522249788093833,-0.004522249788093833,0.0,1.934575831169418,1.934575831169418,2.9736162933058568,2.856964826788073
2025-10-20,0.019998914270058288,0.0,0.0,0.019998914270058288,0.019998914270058288,0.0,1.934575831169418,1.934575831169418,3.033085390627729,2.9141010214315797
2025-10-21,-0.022126528548291214,0.0,0.0,-0.022126528548291214,-0.022126528548291214,0.0,1.934575831169418,1.934575831169418,2.9659737401425996,2.849622081988269
2025-10-22,-0.00029127438701272775,0.0,0.0,-0.00029127438701272775,-0.00029127438701272775,0.0,1.934575831169418,1.934575831169418,2.9651098279595436,2.8487920600631202
2025-10-23,0.009734484991805927,0.0,0.0,0.009734484991805927,0.009734484991805927,0.0,1.934575831169418,1.934575831169418,2.993973645078872,2.8765235836165806
2025-10-24,0.005376127500840339,0.0,0.0,0.005376127500840339,0.005376127500840339,0.0,1.934575831169418,1.934575831169418,3.010069629128972,2.891988141161278
2025-10-27,0.00016541259917619996,0.0,0.0,0.00016541259917619996,0.00016541259917619996,0.0,1.934575831169418,1.934575831169418,3.0105675325700276,2.892466512436494
2025-10-28,-0.0028972796912205613,0.0,0.0,-0.0028972796912205613,-0.0028972796912205613,0.0,1.934575831169418,1.934575831169418,3.0018450763988644,2.884086227952476
2025-10-29,-0.0032169873043882973,0.0,0.0,-0.0032169873043882973,-0.0032169873043882973,0.0,1.934575831169418,1.934575831169418,2.9921881788983486,2.8748081591723915
2025-10-30,-0.003009181209377139,0.0,0.0,-0.003009181209377139,-0.003009181209377139,0.0,1.934575831169418,1.934575831169418,2.9831841424554875,2.866157340479246
2025-10-31,0.0008565250559826464,2.2048657429222244e-05,6.614597228766672e-05,0.0008344763985534241,0.0007903790836949797,0.14999999999999986,1.9478351328293728,1.863390666453534,2.9856735392149054,2.8684226912917397
2025-11-03,0.0033217047205537963,2.204865742922227e-05,6.61459722876668e-05,0.003299656063124574,0.0032555587482661296,0.15,1.961094434489328,1.7922055017376504,2.995525235011087,2.8777610098780997
2025-11-04,-0.016311707246079842,2.204865742922227e-05,6.614597228766681e-05,-0.016333755903509065,-0.01637785321836751,0.15,1.9743537361492836,1.7210203370217667,2.946597057019614,2.830629462460775
2025-11-05,0.00489043932859929,2.2048657429222274e-05,6.614597228766681e-05,0.004868390671170068,0.004824293356311623,0.15000000000000005,1.987613037809238,1.6498351723058826,2.9609422426437058,2.8442852493707047
2025-11-06,-0.004233722067542094,2.0598059606538684e-05,6.179417881961604e-05,-0.004254320127148633,-0.00429551624636171,0.14013138672497333,1.9999999999999998,1.583333333333333,2.948345446465502,2.832067575872746
2025-11-07,0.0028030900882339716,0.0,0.0,0.0028030900882339716,0.0028030900882339716,0.0,1.9999999999999998,1.583333333333333,2.956609924363179,2.8400061164238832
2025-11-10,0.017309543624720706,0.0,0.0,0.017309543624720706,0.017309543624720706,0.0,1.9999999999999998,1.583333333333333,3.007787492830226,2.8891653261905965
2025-11-11,0.0054078903010790335,0.0,0.0,0.0054078903010790335,0.0054078903010790335,0.0,1.9999999999999998,1.583333333333333,3.024053277640409,2.9047896153363166
2025-11-12,0.002832383200216409,0.0,0.0,0.002832383200216409,0.002832383200216409,0.0,1.9999999999999998,1.583333333333333,3.0326185553405574,2.913017092642958
2025-11-13,-0.014597137417718615,0.0,0.0,-0.014597137417718615,-0.014597137417718615,0.0,1.9999999999999998,1.583333333333333,2.988351005552728,2.8704953818414856
2025-11-14,-0.00493851690361069,0.0,0.0,-0.00493851690361069,-0.00493851690361069,0.0,1.9999999999999998,1.583333333333333,2.9735929835978836,2.856319391876525
2025-11-17,-0.008685840473954144,0.0,0.0,-0.008685840473954144,-0.008685840473954144,0.0,1.9999999999999998,1.583333333333333,2.947764829307883,2.831509857296024
2025-11-18,-0.0004900228967052634,0.0,0.0,-0.0004900228967052634,-0.0004900228967052634,0.0,1.9999999999999998,1.583333333333333,2.9463203570474197,2.830122352633702
2025-11-19,-0.0009858096090021842,0.0,0.0,-0.0009858096090021842,-0.0009858096090021842,0.0,1.9999999999999998,1.583333333333333,2.9434158461282434,2.8273323908238237
2025-11-20,-0.0096281045255004,0.0,0.0,-0.0096281045255004,-0.0096281045255004,0.0,1.9999999999999998,1.583333333333333,2.9150763306997063,2.800110539036639
2025-11-21,0.0049536074377787955,0.0,0.0,0.0049536074377787955,0.0049536074377787955,0.0,1.9999999999999998,1.583333333333333,2.929516474493153,2.8139811874294134
2025-11-24,0.014431787118950712,0.0,0.0,0.014431787118950712,0.014431787118950712,0.0,1.9999999999999998,1.583333333333333,2.9717946326144977,2.854591964883127
2025-11-25,0.00573025886169809,0.0,0.0,0.00573025886169809,0.00573025886169809,0.0,1.9999999999999998,1.583333333333333,2.988823785143184,2.8709495157864304
2025-11-26,0.010830137048237464,0.0,0.0,0.010830137048237464,0.010830137048237464,0.0,1.9999999999999998,1.583333333333333,3.0211931563493164,2.9020422925009686
2025-11-28,0.006660958767798762,0.0,0.0,0.006660958767798762,0.006660958767798762,0.0,1.9999999999999998,1.583333333333333,3.041317199393315,2.921372676553726
2025-12-01,-0.005940517275134678,0.0,0.0,-0.005940517275134678,-0.005940517275134678,0.0,1.9999999999999998,1.583333333333333,3.023250202031155,2.904018211701552
2025-12-02,0.0005187433772921757,0.0,0.0,0.0005187433772921757,0.0005187433772921757,0.0,1.9999999999999998,1.583333333333333,3.024818493051356,2.905524651916408
2025-12-03,0.004983682993418776,0.0,0.0,0.004983682993418776,0.004983682993418776,0.0,1.9999999999999998,1.583333333333333,3.0398932295333543,2.920004865711123
2025-12-04,-0.0002770146710672994,0.0,0.0,-0.0002770146710672994,-0.0002770146710672994,0.0,1.9999999999999998,1.583333333333333,3.039051134510295,2.9191959815237327
2025-12-05,0.0008089298946089765,0.0,0.0,0.0008089298946089765,0.0008089298946089765,0.0,1.9999999999999998,1.583333333333333,3.041509513824246,2.92155740642141
2025-12-08,-0.00455597089738368,0.0,0.0,-0.00455597089738368,-0.00455597089738368,0.0,1.9999999999999998,1.583333333333333,3.027652484995147,2.908246875902718
2025-12-09,0.0014171486814197074,0.0,0.0,0.0014171486814197074,0.0014171486814197074,0.0,1.9999999999999998,1.583333333333333,3.0319431187220545,2.912368294128146
2025-12-10,0.008986595738789644,0.0,0.0,0.008986595738789644,0.008986595738789644,0.0,1.9999999999999998,1.583333333333333,3.0591899658330144,2.938540570629944
2025-12-11,0.003698693256604942,0.0,0.0,0.003698693256604942,0.003698693256604942,0.0,1.9999999999999998,1.583333333333333,3.0705049711303145,2.949409330822793
2025-12-12,-0.009742279081785845,0.0,0.0,-0.009742279081785845,-0.009742279081785845,0.0,1.9999999999999998,1.583333333333333,3.040591254779552,2.920675361995494
2025-12-15,-0.0022802526457498455,0.0,0.0,-0.0022802526457498455,-0.0022802526457498455,0.0,1.9999999999999998,1.583333333333333,3.0336579385261975,2.9140154842739276
2025-12-16,-0.003007446343928552,0.0,0.0,-0.003007446343928552,-0.003007446343928552,0.0,1.9999999999999998,1.583333333333333,3.024534375050247,2.905251739059597
2025-12-17,-0.0011747645377463366,0.0,0.0,-0.0011747645377463366,-0.0011747645377463366,0.0,1.9999999999999998,1.583333333333333,3.0209812593232432,2.901838752343324
2025-12-18,0.0047268944233173115,0.0,0.0,0.0047268944233173115,0.0047268944233173115,0.0,1.9999999999999998,1.583333333333333,3.035261118790885,2.9155554377591417
2025-12-19,0.008629832623771132,0.0,0.0,0.008629832623771132,0.008629832623771132,0.0,1.9999999999999998,1.583333333333333,3.0614549142154903,2.9407161931923285
2025-12-22,0.010026693508719032,0.0,0.0,0.010026693508719032,0.010026693508719032,0.0,1.9999999999999998,1.583333333333333,3.0921511843310907,2.9702018531575947
2025-12-23,0.0067789190659937465,0.0,0.0,0.0067789190659937465,0.0067789190659937465,0.0,1.9999999999999998,1.583333333333333,3.1131126269494875,2.9903366111298144
2025-12-24,0.001549443184874735,0.0,0.0,0.001549443184874735,0.001549443184874735,0.0,1.9999999999999998,1.583333333333333,3.117936218093062,2.9949699678124113
2025-12-26,0.004121331065175948,0.0,0.0,0.004121331065175948,0.004121331065175948,0.0,1.9999999999999998,1.583333333333333,3.1307862654879264,3.0073132305800256
2025-12-29,-0.01139146021324847,0.0,0.0,-0.01139146021324847,-0.01139146021324847,0.0,1.9999999999999998,1.583333333333333,3.095122038308436,2.9730555415650977
2025-12-30,-0.0008267924336564861,0.0,0.0,-0.0008267924336564861,-0.0008267924336564861,0.0,1.9999999999999998,1.583333333333333,3.0925630148259193,2.9705974417384913
2025-12-31,-0.009511988075158032,1.598567889999423e-05,4.795703669998269e-05,-0.009527973754058026,-0.009559945111858014,0.11904682843005865,1.9208567729667338,1.5191614257686288,3.0630971555878874,2.9421986932460458
2026-01-02,0.006347809514326724,0.0,0.0,0.006347809514326724,0.006347809514326724,0.0,1.9208567729667338,1.5191614257686288,3.0825411128554356,2.960875210104073
2026-01-05,0.015678776040268773,0.0,0.0,0.015678776040268773,0.015678776040268773,0.0,1.9208567729667338,1.5191614257686288,3.130871584598817,3.0072981094064786
2026-01-06,0.005348795100123992,0.0,0.0,0.005348795100123992,0.005348795100123992,0.0,1.9208567729667338,1.5191614257686288,3.147617975189637,3.0233835307986845
2026-01-07,-0.004264706658669469,0.0,0.0,-0.004264706658669469,-0.004264706658669469,0.0,1.9208567729667338,1.5191614257686288,3.1341943078518977,3.0104896869231754
2026-01-08,0.0024028306597412247,0.0,0.0,0.0024028306597412247,0.0024028306597412247,0.0,1.9208567729667338,1.5191614257686288,3.1417252460283907,3.0177233838437494
2026-01-09,0.007777179211812303,0.0,0.0,0.007777179211812303,0.007777179211812303,0.0,1.9208567729667338,1.5191614257686288,3.166159006301028,3.0411927594115786
2026-01-12,0.00953469731922855,0.0,0.0,0.00953469731922855,0.00953469731922855,0.0,1.9208567729667338,1.5191614257686288,3.196347374090658,3.0701896118619976
2026-01-13,0.0007320983892740277,0.0,0.0,0.0007320983892740277,0.0007320983892740277,0.0,1.9208567729667338,1.5191614257686288,3.1986874148547897,3.0724372927316077
2026-01-14,0.002747476089326222,0.0,0.0,0.002747476089326222,0.002747476089326222,0.0,1.9208567729667338,1.5191614257686288,3.207475732044332,3.080878740729342
2026-01-15,-0.0019379262819254005,0.0,0.0,-0.0019379262819254005,-0.0019379262819254005,0.0,1.9208567729667338,1.5191614257686288,3.2012598805245656,3.074908224846258
2026-01-16,-0.003963036826491108,0.0,0.0,-0.003963036826491108,-0.003963036826491108,0.0,1.9208567729667338,1.5191614257686288,3.188573169726878,3.0627222503131115
2026-01-20,0.0007065636183228316,0.0,0.0,0.0007065636183228316,0.0007065636183228316,0.0,1.9208567729667338,1.5191614257686288,3.190826099522967,3.0648862584282104
2026-01-21,0.014617340597892098,0.0,0.0,0.014617340597892098,0.014617340597892098,0.0,1.9208567729667338,1.5191614257686288,3.2374674914083377,3.1096867447614542
2026-01-22,0.008819215728940273,0.0,0.0,0.008819215728940273,0.008819215728940273,0.0,1.9208567729667338,1.5191614257686288,3.2660194156304985,3.137111743012931
2026-01-23,0.005120511837060156,0.0,0.0,0.005120511837060156,0.005120511837060156,0.0,1.9208567729667338,1.5191614257686288,3.2827431067083026,3.153175360827209
2026-01-26,0.005284446337856364,0.0,0.0,0.005284446337856364,0.005284446337856364,0.0,1.9208567729667338,1.5191614257686288,3.3000905864966703,3.169838146815351
2026-01-27,0.012608222627922286,0.0,0.0,0.012608222627922286,0.012608222627922286,0.0,1.9208567729667338,1.5191614257686288,3.341698863303531,3.2098041718648793
2026-01-28,0.008901320388577376,0.0,0.0,0.008901320388577376,0.008901320388577376,0.0,1.9208567729667338,1.5191614257686288,3.37144439552794,3.2383756671832407
2026-01-29,0.0031502782372012463,0.0,0.0,0.0031502782372012463,0.0031502782372012463,0.0,1.9208567729667338,1.5191614257686288,3.3820653834351058,3.24857745157145
2026-01-30,-0.034241271087207724,0.0,0.0,-0.034241271087207724,-0.034241271087207724,0.0,1.9208567729667338,1.5191614257686288,3.266259165806243,3.1373420304044015
2026-02-02,-0.012603426745217758,0.0,0.0,-0.012603426745217758,-0.012603426745217758,0.0,1.9208567729667338,1.5191614257686288,3.225093107679108,3.0978007699495067
2026-02-03,0.01698504506320062,0.0,0.0,0.01698504506320062,0.01698504506320062,0.0,1.9208567729667338,1.5191614257686288,3.279871459446055,3.150417055623916
2026-02-04,-0.003231153561502246,0.0,0.0,-0.003231153561502246,-0.003231153561502246,0.0,1.9208567729667338,1.5191614257686288,3.2692736910985962,3.1402375743344195
2026-02-05,-0.012667210762781558,0.0,0.0,-0.012667210762781558,-0.012667210762781558,0.0,1.9208567729667338,1.5191614257686288,3.2278611122122336,3.1004595231351195
2026-02-06,0.022824475921499155,0.0,0.0,0.022824475921499155,0.022824475921499155,0.0,1.9208567729667338,1.5191614257686288,3.3015353504458647,3.1712258868664995
2026-02-09,0.01158049536684141,0.0,0.0,0.01158049536684141,0.01158049536684141,0.0,1.9208567729667338,1.5191614257686288,3.339768765275166,3.207950253556565
2026-02-10,-0.0029538203231029405,0.0,0.0,-0.0029538203231029405,-0.0029538203231029405,0.0,1.9208567729667338,1.5191614257686288,3.329903688421832,3.198474544902106
2026-02-11,0.0031710816504360623,0.0,0.0,0.0031710816504360623,0.0031710816504360623,0.0,1.9208567729667338,1.5191614257686288,3.3404630849059056,3.208617168840832
2026-02-12,-0.016858481403107885,0.0,0.0,-0.016858481403107885,-0.016858481403107885,0.0,1.9208567729667338,1.5191614257686288,3.284147950111251,3.154524755970236
2026-02-13,0.009846632832000369,0.0,0.0,0.009846632832000369,0.009846632832000369,0.0,1.9208567729667338,1.5191614257686288,3.3164857491419633,3.185586203001731
2026-02-17,-0.008401266169879124,0.0,0.0,-0.008401266169879124,-0.008401266169879124,0.0,1.9208567729667338,1.5191614257686288,3.2886230696148107,3.1588232454032186
2026-02-18,0.011840169333579492,0.0,0.0,0.011840169333579492,0.011840169333579492,0.0,1.9208567729667338,1.5191614257686288,3.327560923633366,3.1962242475236398
2026-02-19,0.0018106080879441073,0.0,0.0,0.0018106080879441073,0.0018106080879441073,0.0,1.9208567729667338,1.5191614257686288,3.333585832354823,3.202011356997089
2026-02-20,0.0104591203132888,0.0,0.0,0.0104591203132888,0.0104591203132888,0.0,1.9208567729667338,1.5191614257686288,3.3684522076500976,3.235501579024439
2026-02-23,0.0017820331144747224,0.0,0.0,0.0017820331144747224,0.0017820331144747224,0.0,1.9208567729667338,1.5191614257686288,3.3744549010286553,3.2412673499801956
2026-02-24,0.0036781021234377474,0.0,0.0,0.0036781021234377474,0.0036781021234377474,0.0,1.9208567729667338,1.5191614257686288,3.386866490765574,3.2531890623027873
2026-02-25,0.006321019978031271,0.0,0.0,0.006321019978031271,0.006321019978031271,0.0,1.9208567729667338,1.5191614257686288,3.408274941516628,3.2737525353579158
2026-02-26,-0.00015507619758172656,0.0,0.0,-0.00015507619758172656,-0.00015507619758172656,0.0,1.9208567729667338,1.5191614257686288,3.4077463991983845,3.273244854262909
2026-02-27,0.004767388503218263,0.0,0.0,0.004767388503218263,0.004767388503218263,0.0,1.9208567729667338,1.5191614257686288,3.4239924502038064,3.28884968414934
2026-03-02,0.0009161342153171646,0.0,0.0,0.0009161342153171646,0.0009161342153171646,0.0,1.9208567729667338,1.5191614257686288,3.427129286840426,3.2918627118740247
2026-03-03,-0.022928785797593897,0.0,0.0,-0.022928785797593897,-0.022928785797593897,0.0,1.9208567729667338,1.5191614257686288,3.348549373521801,3.2163842968783785
2026-03-04,0.00810630072803845,0.0,0.0,0.00810630072803845,0.00810630072803845,0.0,1.9208567729667338,1.5191614257686288,3.375693721746253,3.242457275245815
2026-03-05,-0.009171943580848345,0.0,0.0,-0.009171943580848345,-0.009171943580848345,0.0,1.9208567729667338,1.5191614257686288,3.3447320493841723,3.212717640053949
2026-03-06,0.0033007780464896345,0.0,0.0,0.0033007780464896345,0.0033007780464896345,0.0,1.9208567729667338,1.5191614257686288,3.3557722675041695,3.2233221079098087
2026-03-09,0.005834526984340921,0.0,0.0,0.005834526984340921,0.005834526984340921,0.0,1.9208567729667338,1.5191614257686288,3.3753516113522255,3.242128667727631
2026-03-10,0.0038654833898024987,0.0,0.0,0.0038654833898024987,0.0038654833898024987,0.0,1.9208567729667338,1.5191614257686288,3.38839897694065,3.2546610622403347
2026-03-11,0.00026572330133176796,0.0,0.0,0.00026572330133176796,0.00026572330133176796,0.0,1.9208567729667338,1.5191614257686288,3.3892993535030316,3.2555259015225086
2026-03-12,-0.011854610735650794,0.0,0.0,-0.011854610735650794,-0.011854610735650794,0.0,1.9208567729667338,1.5191614257686288,3.3491205290006603,3.2169329092201306
2026-03-13,-0.00911111027631881,0.0,0.0,-0.00911111027631881,-0.00911111027631881,0.0,1.9208567729667338,1.5191614257686288,3.318606322532252,3.187623078732707
2026-03-16,0.009173962994603626,0.0,0.0,0.009173962994603626,0.009173962994603626,0.0,1.9208567729667338,1.5191614257686288,3.349051094128821,3.2168662148977454
2026-03-17,0.006521145663359628,0.0,0.0,0.006521145663359628,0.006521145663359628,0.0,1.9208567729667338,1.5191614257686288,3.370890744147669,3.2378438680646338
2026-03-18,-0.014115047497424756,0.0,0.0,-0.014115047497424756,-0.014115047497424756,0.0,1.9208567729667338,1.5191614257686288,3.323310461185395,3.192141548077656
2026-03-19,-0.01096643525712897,0.0,0.0,-0.01096643525712897,-0.01096643525712897,0.0,1.9208567729667338,1.5191614257686288,3.286865592173466,3.1571351344590712
2026-03-20,-0.022428815323765415,0.0,0.0,-0.022428815323765415,-0.022428815323765415,0.0,1.9208567729667338,1.5191614257686288,3.2131450908125685,3.0863243335761177
2026-03-23,0.0003183856007653392,0.0,0.0,0.0003183856007653392,0.0003183856007653392,0.0,1.9208567729667338,1.5191614257686288,3.214168109942653,3.0873069748032202
2026-03-24,-0.0008680529481033212,0.0,0.0,-0.0008680529481033212,-0.0008680529481033212,0.0,1.9208567729667338,1.5191614257686288,3.211378041839118,3.0846270288820423
2026-03-25,0.014526951509573699,0.0,0.0,0.014526951509573699,0.014526951509573699,0.0,1.9208567729667338,1.5191614257686288,3.258029574931824,3.129437256155732
2026-03-26,-0.021868081903052422,0.0,0.0,-0.021868081903052422,-0.021868081903052422,0.0,1.9208567729667338,1.5191614257686288,3.1867827173446477,3.061002465927655
2026-03-27,0.0038636681042065165,0.0,0.0,0.0038636681042065165,0.0038636681042065165,0.0,1.9208567729667338,1.5191614257686288,3.199095388084689,3.072829163522157
2026-03-30,0.00018111657683241738,0.0,0.0,0.00018111657683241738,0.00018111657683241738,0.0,1.9208567729667338,1.5191614257686288,3.1996747972903394,3.073385703821445
2026-03-31,0.02482346413455884,2.0252383431714986e-05,6.075715029514496e-05,0.024803211751127124,0.024762706984263694,0.15000000000000005,1.810359043767938,1.4169047350117367,3.279037008822277,3.149491053454801
2026-04-01,0.006769116139116638,2.0252383431714976e-05,6.075715029514493e-05,0.0067488637556849225,0.006708358988821493,0.14999999999999997,1.6998613145691426,1.3146480442548447,3.301166782844667,3.1706189700734573
2026-04-02,0.001621797925520324,2.0252383431714993e-05,6.075715029514498e-05,0.0016015455420886088,0.0015610407752251788,0.15000000000000008,1.5893635853703472,1.212391353497953,3.306453751789423,3.175568435568444
2026-04-06,0.00260747773376758,2.0252383431714983e-05,6.075715029514494e-05,0.002587225350335865,0.002546720583472435,0.15000000000000002,1.4788658561715513,1.1101346627410607,3.3150082927557656,3.1836557210675314
2026-04-07,0.001589468376938059,2.025238343171498e-05,6.075715029514494e-05,0.0015692159935063441,0.0015287112266429142,0.15,1.3683681269727557,1.0078779719841686,3.320210256787364,3.188522611310093
2026-04-08,0.010044805665466738,2.0252383431714976e-05,6.075715029514493e-05,0.010024553282035022,0.009984048515171593,0.14999999999999997,1.2578703977739603,0.9056212812272767,3.3534938814140887,3.220356975753135
2026-04-09,0.002448707862495709,2.0252383431714983e-05,6.075715029514494e-05,0.002428455479063994,0.002387950712200564,0.14999999999999997,1.1473726685751646,0.8033645904703846,3.361637692004416,3.228047029486925
2026-04-10,-0.0009649422973469122,2.025238343171497e-05,6.0757150295144915e-05,-0.000985194680778627,-0.001025699447642057,0.14999999999999994,1.036874939376369,0.7011078997134925,3.358325824431548,3.2247360234318174
2026-04-13,0.004994733551203742,8.377336213382006e-06,2.5132008640146022e-05,0.00498635621499036,0.004969601542563596,0.062047039364239984,0.9911678930213236,0.658809733602494,3.3750716332781647,3.2407616765482246
2026-04-14,0.0035630366992017164,0.0,0.0,0.0035630366992017164,0.0035630366992017164,0.0,0.9911678930213236,0.658809733602494,3.3870971373699694,3.252308629335132
2026-04-15,-0.0005979935611709008,0.0,0.0,-0.0005979935611709008,-0.0005979935611709008,0.0,0.9911678930213236,0.658809733602494,3.385071675090762,3.2503637697158494
2026-04-16,0.0020429826318347473,0.0,0.0,0.0020429826318347473,0.0020429826318347473,0.0,0.9911678930213236,0.658809733602494,3.391987317730488,3.2570042064445235
2026-04-17,0.0005360680444251671,0.0,0.0,0.0005360680444251671,0.0005360680444251671,0.0,0.9911678930213236,0.658809733602494,3.3938056537386183,3.2587501823201563
2026-04-20,0.0009500283546732474,0.0,0.0,0.0009500283546732474,0.0009500283546732474,0.0,0.9911678930213236,0.658809733602494,3.3970298653399205,3.261846087394157
2026-04-21,-0.0014916952995383762,0.0,0.0,-0.0014916952995383762,-0.0014916952995383762,0.0,0.9911678930213236,0.658809733602494,3.391962531857401,3.2569804069177732
2026-04-22,0.005164429468914643,0.0,0.0,0.005164429468914643,0.005164429468914643,0.0,0.9911678930213236,0.658809733602494,3.4094800831143797,3.273800852510937
2026-04-23,-0.0006483437813441828,0.0,0.0,-0.0006483437813441828,-0.0006483437813441828,0.0,0.9911678930213236,0.658809733602494,3.407269567904876,3.2716783040868522
2026-04-24,0.0028321115642234,0.0,0.0,0.0028321115642234,0.0028321115642234,0.0,0.9911678930213236,0.658809733602494,3.4169193354505656,3.280944062046275
2026-04-27,0.00013348641012048056,0.0,0.0,0.00013348641012048056,0.00013348641012048056,0.0,0.9911678930213236,0.658809733602494,3.4173754477463265,3.281382023490924
2026-04-28,-0.0014187837671709258,0.0,0.0,-0.0014187837671709258,-0.0014187837671709258,0.0,0.9911678930213236,0.658809733602494,3.4125269309347352,3.2767264519421087
2026-04-29,0.0023640946387097905,0.0,0.0,0.0023640946387097905,0.0023640946387097905,0.0,0.9911678930213236,0.658809733602494,3.4205944675566107,3.2844729433796633
2026-04-30,0.0016428281509474974,1.59456281309464e-05,4.78368843928392e-05,0.001626882522816551,0.0015949912665546582,0.15000000000000002,1.124765256764486,0.7885446872792733,3.4261593729135216,3.2897116490395892
2026-05-01,9.33566001072248e-05,1.59456281309464e-05,4.7836884392839216e-05,7.74109719762784e-05,4.551971571438558e-05,0.15000000000000002,1.2583626205076481,0.9182796409560524,3.4264245952407246,3.289861395778636
2026-05-04,-0.0008444843481925073,1.371507579564459e-05,4.1145227386933765e-05,-0.0008581994239881519,-0.0008856295755794411,0.12901726745740852,1.373271732572023,1.029866635736663,3.42348403962675,3.286947797226977
2026-05-05,0.007703481484084106,0.0,0.0,0.007703481484084106,0.007703481484084106,0.0,1.373271732572023,1.029866635736663,3.4498567855370723,3.312268738722066
2026-05-06,0.005725353367152859,0.0,0.0,0.005725353367152859,0.005725353367152859,0.0,1.373271732572023,1.029866635736663,3.469608434700342,3.3312326476982235
2026-05-07,-0.004613546308267621,0.0,0.0,-0.004613546308267621,-0.004613546308267621,0.0,1.373271732572023,1.029866635736663,3.453601235515296,3.3158638516144547
2026-05-08,0.0070857054366760715,0.0,0.0,0.0070857054366760715,0.0070857054366760715,0.0,1.373271732572023,1.029866635736663,3.4780724365658977,3.339359086135117
2026-05-11,0.0043966209271508495,0.0,0.0,0.0043966209271508495,0.0043966209271508495,0.0,1.373271732572023,1.029866635736663,3.49336420262665,3.35404098217649
2026-05-12,-0.0018958516820656818,0.0,0.0,-0.0018958516820656818,-0.0018958516820656818,0.0,1.373271732572023,1.029866635736663,3.486741302227032,3.3476822179387136
2026-05-13,0.003212977629061452,0.0,0.0,0.003212977629061452,0.003212977629061452,0.0,1.373271732572023,1.029866635736663,3.4979441240294125,3.3584382460141575
2026-05-14,0.001364681001703031,0.0,0.0,0.001364681001703031,0.001364681001703031,0.0,1.373271732572023,1.029866635736663,3.502717701920494,3.363021442883886
2026-05-15,-0.010805786112064992,0.0,0.0,-0.010805786112064992,-0.010805786112064992,0.0,1.373271732572023,1.029866635736663,3.4648680836225974,3.3266813524817946
2026-05-18,0.0007816601467386982,0.0,0.0,0.0007816601467386982,0.0007816601467386982,0.0,1.373271732572023,1.029866635736663,3.467576432917272,3.3292816867159285
2026-05-19,-0.00359933954461002,0.0,0.0,-0.00359933954461002,-0.00359933954461002,0.0,1.373271732572023,1.029866635736663,3.4550954479383154,3.317298471485786
2026-05-20,0.006061025356980842,0.0,0.0,0.006061025356980842,0.006061025356980842,0.0,1.373271732572023,1.029866635736663,3.4760368690590586,3.337404701638135
2026-05-21,0.0017204888455317384,0.0,0.0,0.0017204888455317384,0.0017204888455317384,0.0,1.373271732572023,1.029866635736663,3.482017351718932,3.343146669200329
2026-05-22,0.0004478497186178404,0.0,0.0,0.0004478497186178404,0.0004478497186178404,0.0,1.373271732572023,1.029866635736663,3.483576772210122,3.344643896495428
2026-05-26,0.007064329464134125,0.0,0.0,0.007064329464134125,0.007064329464134125,0.0,1.373271732572023,1.029866635736663,3.5081859062426193,3.3682715629204774
2026-05-27,-0.003653515615963309,0.0,0.0,-0.003653515615963309,-0.003653515615963309,0.0,1.373271732572023,1.029866635736663,3.4953686942504594,3.3559655301665425
2026-05-28,0.003580040366712119,0.0,0.0,0.003580040366712119,0.003580040366712119,0.0,1.373271732572023,1.029866635736663,3.507882255272418,3.367980022233833
2026-05-29,-0.00037211084390205364,0.0,0.0,-0.00037211084390205364,-0.00037211084390205364,0.0,1.373271732572023,1.029866635736663,3.506576934246099,3.3667267603455144
2026-06-01,0.0047441840327373495,0.0,0.0,0.0047441840327373495,0.0047441840327373495,0.0,1.373271732572023,1.029866635736663,3.5232127805471145,3.3826991316845354
2026-06-02,0.004005941161457289,0.0,0.0,0.004005941161457289,0.004005941161457289,0.0,1.373271732572023,1.029866635736663,3.5373265636452804,3.3962500253729764
2026-06-03,-0.003446685689755203,0.0,0.0,-0.003446685689755203,-0.003446685689755203,0.0,1.373271732572023,1.029866635736663,3.525134510798373,3.3845442190116923
2026-06-04,-0.0006186721987115338,0.0,0.0,-0.0006186721987115338,-0.0006186721987115338,0.0,1.373271732572023,1.029866635736663,3.5229536080798236,3.38245029559808
2026-06-05,-0.02410665911490563,0.0,0.0,-0.02410665911490563,-0.02410665911490563,0.0,1.373271732572023,1.029866635736663,3.4380269663722167,3.3009107193489857
